lexeme,phonetic,gloss_en,part_of_speech,example_sentence,semantic_domain,notes
e,,,,,,Freq: 45342. Example: GEN 1:1. 
na,,,,,,Freq: 33975. Example: GEN 1:1. 
ai,,,,,,Freq: 23244. Example: GEN 1:1. 
bona,,,,,,Freq: 22162. Example: GEN 1:1. 
ese,,,,,,Freq: 19445. Example: GEN 1:1. 
ena,,,,,,Freq: 12950. Example: GEN 1:24. 
taudia,,,,,,Freq: 11800. Example: GEN 3:20. 
bena,,,,,,Freq: 11432. Example: GEN 1:2. 
ia,,,,,,Freq: 8939. Example: GEN 1:26. 
ta,,,,,,Freq: 8141. Example: GEN 1:6. 
a,,,,,,Freq: 7880. Example: GEN 1:29. 
vada,,,,,,Freq: 7739. Example: GEN 1:2. 
baine,,,,,,Freq: 7666. Example: GEN 1:6. 
amo,,,,,,Freq: 7632. Example: GEN 2:6. 
ba,,,,,,Freq: 7567. Example: GEN 1:22. 
be,,,,,,Freq: 7083. Example: GEN 2:3. 
iehova,,,,,,Freq: 6936. Example: GEN 2:4. 
bae,,,,,,Freq: 6503. Example: GEN 1:14. 
tauna,,,,,,Freq: 5957. Example: GEN 2:5. 
eto,,,,,,Freq: 5581. Example: GEN 1:3. 
edia,,,,,,Freq: 5567. Example: GEN 1:10. 
kara,,,,,,Freq: 4928. Example: GEN 1:16. 
iboudiai,,,,,,Freq: 4768. Example: GEN 1:21. 
badina,,,,,,Freq: 4534. Example: GEN 2:3. 
idia,,,,,,Freq: 4122. Example: GEN 2:25. 
dirava,,,,,,Freq: 4105. Example: GEN 1:1. 
lau,,,,,,Freq: 4070. Example: GEN 1:26. 
mai,,,,,,Freq: 3905. Example: GEN 1:11. 
o,,,,,,Freq: 3662. Example: GEN 3:11. 
danu,,,,,,Freq: 3639. Example: GEN 1:2. 
baina,,,,,,Freq: 3460. Example: GEN 3:15. 
henia,,,,,,Freq: 3249. Example: GEN 3:2. 
ida,,,,,,Freq: 3240. Example: GEN 2:25. 
hereva,,,,,,Freq: 3077. Example: GEN 2:23. 
egu,,,,,,Freq: 2997. Example: GEN 4:13. 
ela,,,,,,Freq: 2915. Example: GEN 2:10. 
una,,,,,,Freq: 2870. Example: GEN 1:8. 
emu,,,,,,Freq: 2839. Example: GEN 2:16. 
oi,,,,,,Freq: 2810. Example: GEN 2:17. 
israel,,,,,,Freq: 2708. Example: GEN 32:28. 
hanua,,,,,,Freq: 2624. Example: GEN 4:17. 
natuna,,,,,,Freq: 2564. Example: GEN 4:17. 
mase,,,,,,Freq: 2386. Example: GEN 2:17. 
negana,,,,,,Freq: 2372. Example: GEN 1:1. 
tano,,,,,,Freq: 2344. Example: GEN 1:9. 
raka,,,,,,Freq: 2187. Example: GEN 4:16. 
ḡaudia,,,,,,Freq: 2116. Example: GEN 1:20. 
dainai,,,,,,Freq: 2082. Example: GEN 2:23. 
henidia,,,,,,Freq: 2065. Example: GEN 1:30. 
dina,,,,,,Freq: 2041. Example: GEN 1:5. 
asi,,,,,,Freq: 2002. Example: GEN 1:2. 
ma,,,,,,Freq: 1988. Example: GEN 1:6. 
pavapavana,,,,,,Freq: 1948. Example: GEN 14:2. 
emui,,,,,,Freq: 1941. Example: GEN 9:5. 
dika,,,,,,Freq: 1925. Example: GEN 2:9. 
ina,,,,,,Freq: 1886. Example: GEN 2:23. 
unu,,,,,,Freq: 1876. Example: GEN 1:7. 
taunimanima,,,,,,Freq: 1854. Example: GEN 1:26. 
taunabunai,,,,,,Freq: 1791. Example: GEN 2:20. 
tau,,,,,,Freq: 1760. Example: GEN 2:15. 
abia,,,,,,Freq: 1690. Example: GEN 2:15. 
mauri,,,,,,Freq: 1635. Example: GEN 1:20. 
eiava,,,,,,Freq: 1634. Example: GEN 8:8. 
ḡauna,,,,,,Freq: 1617. Example: GEN 3:6. 
umui,,,,,,Freq: 1599. Example: GEN 3:1. 
itaia,,,,,,Freq: 1593. Example: GEN 1:4. 
hari,,,,,,Freq: 1573. Example: GEN 2:15. 
basio,,,,,,Freq: 1561. Example: GEN 2:17. 
heḡereḡerena,,,,,,Freq: 1544. Example: GEN 2:16. 
kau,,,,,,Freq: 1544. Example: GEN 6:13. 
ḡau,,,,,,Freq: 1535. Example: GEN 1:6. 
bema,,,,,,Freq: 1532. Example: GEN 4:15. 
lou,,,,,,Freq: 1526. Example: GEN 3:19. 
kamonai,,,,,,Freq: 1521. Example: GEN 3:8. 
lasi,,,,,,Freq: 1506. Example: GEN 2:21. 
toma,,,,,,Freq: 1494. Example: GEN 1:7. 
se,,,,,,Freq: 1464. Example: GEN 2:5. 
ini,,,,,,Freq: 1425. Example: GEN 6:15. 
basine,,,,,,Freq: 1395. Example: GEN 4:12. 
heto,,,,,,Freq: 1383. Example: GEN 2:23. 
lao,,,,,,Freq: 1357. Example: GEN 8:9. 
to,,,,,,Freq: 1341. Example: GEN 2:25. 
tuari,,,,,,Freq: 1324. Example: GEN 14:2. 
hesiai,,,,,,Freq: 1311. Example: GEN 9:25. 
ruma,,,,,,Freq: 1280. Example: GEN 7:1. 
iesu,,,,,,Freq: 1254. Example: MAT 1:1. 
kahana,,,,,,Freq: 1251. Example: GEN 2:8. 
bese,,,,,,Freq: 1234. Example: GEN 1:24. 
diba,,,,,,Freq: 1233. Example: GEN 2:19. 
idoinai,,,,,,Freq: 1231. Example: GEN 1:26. 
gwau,,,,,,Freq: 1212. Example: GEN 3:13. 
dae,,,,,,Freq: 1192. Example: GEN 1:22. 
iuda,,,,,,Freq: 1172. Example: GEN 29:35. 
lalonai,,,,,,Freq: 1163. Example: GEN 3:8. 
diho,,,,,,Freq: 1130. Example: GEN 2:2. 
do,,,,,,Freq: 1119. Example: GEN 2:5. 
namo,,,,,,Freq: 1114. Example: GEN 1:4. 
david,,,,,,Freq: 1110. Example: RUT 4:17. 
asie,,,,,,Freq: 1099. Example: GEN 2:25. 
tanobada,,,,,,Freq: 1079. Example: GEN 1:1. 
noho,,,,,,Freq: 1077. Example: GEN 2:8. 
totona,,,,,,Freq: 1073. Example: GEN 1:17. 
ladana,,,,,,Freq: 1072. Example: GEN 1:5. 
oho,,,,,,Freq: 1065. Example: GEN 4:14. 
gabuna,,,,,,Freq: 1009. Example: GEN 2:21. 
nega,,,,,,Freq: 1003. Example: GEN 4:3. 
isi,,,,,,Freq: 1002. Example: GEN 12:5. 
dubu,,,,,,Freq: 1001. Example: GEN 31:54. 
tore,,,,,,Freq: 995. Example: GEN 12:5. 
tanona,,,,,,Freq: 977. Example: GEN 2:11. 
haida,,,,,,Freq: 972. Example: GEN 10:21. 
hahelaḡa,,,,,,Freq: 969. Example: GEN 14:18. 
vairanai,,,,,,Freq: 962. Example: GEN 2:19. 
dia,,,,,,Freq: 961. Example: GEN 2:18. 
dahaka,,,,,,Freq: 920. Example: GEN 3:13. 
karaia,,,,,,Freq: 885. Example: GEN 1:7. 
haere,,,,,,Freq: 872. Example: GEN 3:2. 
tamona,,,,,,Freq: 867. Example: GEN 1:9. 
karadia,,,,,,Freq: 865. Example: GEN 1:1. 
mose,,,,,,Freq: 856. Example: EXO 2:10. 
herevadia,,,,,,Freq: 849. Example: GEN 2:4. 
ierusalem,,,,,,Freq: 845. Example: JOS 10:1. 
mo,,,,,,Freq: 842. Example: GEN 2:17. 
gabu,,,,,,Freq: 839. Example: GEN 1:9. 
tao,,,,,,Freq: 837. Example: GEN 8:1. 
basie,,,,,,Freq: 828. Example: GEN 8:22. 
tomamu,,,,,,Freq: 820. Example: GEN 12:12. 
diravana,,,,,,Freq: 816. Example: GEN 14:19. 
ura,,,,,,Freq: 795. Example: GEN 2:16. 
hebou,,,,,,Freq: 790. Example: GEN 3:7. 
taravatu,,,,,,Freq: 782. Example: GEN 9:9. 
hamaoroa,,,,,,Freq: 780. Example: GEN 3:4. 
lohia,,,,,,Freq: 760. Example: GEN 10:8. 
helaḡa,,,,,,Freq: 754. Example: EXO 13:12. 
vareai,,,,,,Freq: 748. Example: GEN 6:19. 
imana,,,,,,Freq: 747. Example: GEN 3:22. 
aigupto,,,,,,Freq: 745. Example: GEN 12:9. 
guba,,,,,,Freq: 741. Example: GEN 1:1. 
mamoe,,,,,,Freq: 730. Example: GEN 4:2. 
vara,,,,,,Freq: 712. Example: GEN 1:3. 
badana,,,,,,Freq: 700. Example: GEN 1:16. 
gini,,,,,,Freq: 696. Example: GEN 6:1. 
hahine,,,,,,Freq: 693. Example: GEN 1:27. 
hahemaoro,,,,,,Freq: 688. Example: GEN 15:14. 
dala,,,,,,Freq: 683. Example: GEN 18:5. 
maoromaoro,,,,,,Freq: 679. Example: GEN 6:9. 
enai,,,,,,Freq: 672. Example: GEN 4:15. 
orea,,,,,,Freq: 667. Example: GEN 14:15. 
abi,,,,,,Freq: 666. Example: GEN 11:3. 
tomu,,,,,,Freq: 665. Example: GEN 4:24. 
bada,,,,,,Freq: 665. Example: GEN 6:5. 
henigu,,,,,,Freq: 652. Example: GEN 3:12. 
unuseni,,,,,,Freq: 648. Example: GEN 2:8. 
lalodiai,,,,,,Freq: 647. Example: GEN 6:3. 
idau-idau,,,,,,Freq: 643. Example: GEN 1:11. 
ita,,,,,,Freq: 641. Example: GEN 13:8. 
helaḡana,,,,,,Freq: 638. Example: GEN 12:6. 
ema,,,,,,Freq: 634. Example: GEN 14:7. 
pavapava,,,,,,Freq: 631. Example: GEN 14:11. 
dabua,,,,,,Freq: 627. Example: GEN 4:20. 
lohiabada,,,,,,Freq: 610. Example: NUM 25:3. 
heni,,,,,,Freq: 607. Example: GEN 9:26. 
harihari,,,,,,Freq: 593. Example: GEN 4:11. 
peroveta,,,,,,Freq: 591. Example: GEN 20:7. 
anina,,,,,,Freq: 590. Example: GEN 1:2. 
abidia,,,,,,Freq: 589. Example: GEN 8:20. 
aniani,,,,,,Freq: 588. Example: GEN 1:29. 
badu,,,,,,Freq: 588. Example: GEN 4:5. 
momokani,,,,,,Freq: 584. Example: GEN 3:1. 
hahinena,,,,,,Freq: 576. Example: GEN 3:12. 
ranu,,,,,,Freq: 574. Example: GEN 1:6. 
keriso,,,,,,Freq: 573. Example: MAT 1:1. 
daika,,,,,,Freq: 570. Example: GEN 3:11. 
gwauraia,,,,,,Freq: 568. Example: GEN 15:6. 
ani,,,,,,Freq: 567. Example: GEN 2:2. 
lalona,,,,,,Freq: 561. Example: GEN 3:23. 
laḡani,,,,,,Freq: 559. Example: GEN 1:14. 
boromakau,,,,,,Freq: 559. Example: GEN 1:24. 
ede,,,,,,Freq: 549. Example: GEN 2:19. 
heniamu,,,,,,Freq: 547. Example: GEN 22:2. 
lalodia,,,,,,Freq: 546. Example: GEN 8:1. 
ḡaukara,,,,,,Freq: 545. Example: GEN 2:2. 
garina,,,,,,Freq: 544. Example: GEN 3:3. 
gabudia,,,,,,Freq: 543. Example: GEN 8:2. 
boma,,,,,,Freq: 538. Example: GEN 4:7. 
baita,,,,,,Freq: 533. Example: GEN 5:29. 
herea,,,,,,Freq: 529. Example: GEN 4:13. 
latanai,,,,,,Freq: 527. Example: GEN 8:20. 
baia,,,,,,Freq: 524. Example: GEN 3:2. 
daidiai,,,,,,Freq: 524. Example: GEN 6:13. 
henimu,,,,,,Freq: 521. Example: GEN 4:12. 
emai,,,,,,Freq: 515. Example: GEN 23:6. 
gold,,,,,,Freq: 512. Example: GEN 2:11. 
dekena,,,,,,Freq: 512. Example: GEN 2:22. 
tamana,,,,,,Freq: 510. Example: GEN 2:24. 
nohova,,,,,,Freq: 508. Example: GEN 4:8. 
gwaurai,,,,,,Freq: 508. Example: GEN 27:37. 
mamaruanedia,,,,,,Freq: 507. Example: GEN 5:4. 
ore,,,,,,Freq: 503. Example: GEN 5:22. 
taumui,,,,,,Freq: 502. Example: GEN 18:5. 
vine,,,,,,Freq: 499. Example: GEN 9:20. 
heau,,,,,,Freq: 494. Example: GEN 4:12. 
lahi,,,,,,Freq: 493. Example: GEN 3:24. 
ḡaubada,,,,,,Freq: 493. Example: GEN 15:2. 
gari,,,,,,Freq: 492. Example: GEN 3:10. 
iduhu,,,,,,Freq: 487. Example: GEN 10:20. 
murinai,,,,,,Freq: 482. Example: GEN 5:4. 
dinana,,,,,,Freq: 480. Example: GEN 2:4. 
rua,,,,,,Freq: 478. Example: GEN 1:16. 
lauma,,,,,,Freq: 473. Example: GEN 41:38. 
natudia,,,,,,Freq: 472. Example: GEN 6:1. 
bogaragidiai,,,,,,Freq: 472. Example: GEN 23:10. 
hahediba,,,,,,Freq: 472. Example: DEU 32:2. 
sibona,,,,,,Freq: 471. Example: GEN 2:18. 
boubouna,,,,,,Freq: 470. Example: EXO 29:14. 
ororo,,,,,,Freq: 468. Example: GEN 7:19. 
davana,,,,,,Freq: 466. Example: GEN 3:14. 
hutuma,,,,,,Freq: 465. Example: GEN 1:22. 
dare,,,,,,Freq: 462. Example: GEN 3:24. 
mia,,,,,,Freq: 460. Example: GEN 8:22. 
ediai,,,,,,Freq: 460. Example: GEN 9:17. 
hanaihanai,,,,,,Freq: 459. Example: GEN 6:3. 
hamaorodia,,,,,,Freq: 459. Example: GEN 9:22. 
dobi,,,,,,Freq: 458. Example: GEN 2:7. 
vairadiai,,,,,,Freq: 458. Example: GEN 18:8. 
eda,,,,,,Freq: 456. Example: GEN 5:29. 
binai,,,,,,Freq: 447. Example: GEN 5:1. 
latadiai,,,,,,Freq: 446. Example: GEN 19:24. 
goada,,,,,,Freq: 446. Example: GEN 32:28. 
saulo,,,,,,Freq: 445. Example: 1SA 9:2. 
hedinarai,,,,,,Freq: 444. Example: GEN 1:9. 
kerere,,,,,,Freq: 441. Example: GEN 16:5. 
patana,,,,,,Freq: 439. Example: GEN 8:20. 
garana,,,,,,Freq: 437. Example: GEN 3:15. 
momo,,,,,,Freq: 435. Example: GEN 1:20. 
dalana,,,,,,Freq: 435. Example: GEN 3:24. 
aonega,,,,,,Freq: 434. Example: GEN 3:1. 
henimui,,,,,,Freq: 431. Example: GEN 1:29. 
lalokau,,,,,,Freq: 425. Example: GEN 22:2. 
raruosi,,,,,,Freq: 420. Example: GEN 2:24. 
hanai,,,,,,Freq: 419. Example: GEN 12:6. 
aladia,,,,,,Freq: 418. Example: GEN 8:20. 
iena,,,,,,Freq: 417. Example: GEN 10:25. 
heḡereḡeredia,,,,,,Freq: 415. Example: GEN 18:21. 
imadia,,,,,,Freq: 414. Example: GEN 19:10. 
bainela,,,,,,Freq: 413. Example: GEN 3:16. 
vaitani,,,,,,Freq: 411. Example: GEN 2:17. 
basileia,,,,,,Freq: 411. Example: GEN 10:10. 
ahu,,,,,,Freq: 403. Example: GEN 1:2. 
moale,,,,,,Freq: 402. Example: GEN 2:8. 
nohomu,,,,,,Freq: 399. Example: GEN 4:20. 
au,,,,,,Freq: 395. Example: GEN 2:9. 
haheḡani,,,,,,Freq: 395. Example: GEN 26:5. 
ihaboulaina,,,,,,Freq: 393. Example: GEN 8:20. 
abidadama,,,,,,Freq: 393. Example: GEN 15:6. 
iakob,,,,,,Freq: 393. Example: GEN 25:18. 
anidia,,,,,,Freq: 391. Example: GEN 2:1. 
davaria,,,,,,Freq: 391. Example: GEN 8:9. 
iduhuna,,,,,,Freq: 390. Example: GEN 49:16. 
oreana,,,,,,Freq: 388. Example: GEN 14:14. 
asina,,,,,,Freq: 385. Example: GEN 18:15. 
boubou,,,,,,Freq: 384. Example: GEN 4:3. 
basina,,,,,,Freq: 382. Example: GEN 8:21. 
toi,,,,,,Freq: 381. Example: GEN 6:16. 
negadia,,,,,,Freq: 377. Example: GEN 4:12. 
hahinedia,,,,,,Freq: 375. Example: GEN 5:4. 
idau,,,,,,Freq: 374. Example: GEN 15:13. 
levi,,,,,,Freq: 371. Example: GEN 29:34. 
siaidia,,,,,,Freq: 368. Example: GEN 25:6. 
oiemu,,,,,,Freq: 365. Example: GEN 3:18. 
siahu,,,,,,Freq: 365. Example: GEN 17:1. 
havara,,,,,,Freq: 364. Example: GEN 4:7. 
ranuna,,,,,,Freq: 364. Example: GEN 9:21. 
hisi,,,,,,Freq: 363. Example: GEN 18:24. 
atoa,,,,,,Freq: 359. Example: GEN 2:8. 
tari,,,,,,Freq: 358. Example: GEN 6:13. 
guna,,,,,,Freq: 358. Example: GEN 11:28. 
aaron,,,,,,Freq: 357. Example: EXO 4:14. 
inai,,,,,,Freq: 355. Example: GEN 16:12. 
tai,,,,,,Freq: 354. Example: GEN 4:10. 
siaia,,,,,,Freq: 352. Example: GEN 8:1. 
silver,,,,,,Freq: 351. Example: GEN 13:2. 
nadi,,,,,,Freq: 349. Example: GEN 2:12. 
hua,,,,,,Freq: 347. Example: GEN 7:11. 
baoto,,,,,,Freq: 341. Example: GEN 12:13. 
eme,,,,,,Freq: 338. Example: GEN 2:6. 
haginia,,,,,,Freq: 337. Example: GEN 28:18. 
adavana,,,,,,Freq: 336. Example: GEN 2:24. 
laloa,,,,,,Freq: 334. Example: GEN 4:14. 
dibana,,,,,,Freq: 330. Example: GEN 3:5. 
namona,,,,,,Freq: 330. Example: GEN 3:6. 
hakaudia,,,,,,Freq: 329. Example: GEN 2:19. 
hamata,,,,,,Freq: 329. Example: GEN 14:22. 
bini,,,,,,Freq: 325. Example: GEN 2:4. 
alaia,,,,,,Freq: 325. Example: GEN 4:8. 
flaoa,,,,,,Freq: 325. Example: GEN 14:18. 
herevana,,,,,,Freq: 325. Example: GEN 17:20. 
halaoa,,,,,,Freq: 323. Example: GEN 2:7. 
kohu,,,,,,Freq: 322. Example: GEN 12:5. 
solomon,,,,,,Freq: 320. Example: 2SA 5:14. 
baela,,,,,,Freq: 319. Example: GEN 1:14. 
dibadia,,,,,,Freq: 317. Example: GEN 19:5. 
heheto,,,,,,Freq: 317. Example: GEN 22:17. 
atai,,,,,,Freq: 315. Example: GEN 1:7. 
taruha,,,,,,Freq: 313. Example: GEN 12:8. 
korikori,,,,,,Freq: 312. Example: GEN 15:7. 
auri,,,,,,Freq: 311. Example: GEN 4:22. 
hidi,,,,,,Freq: 311. Example: GEN 13:11. 
daba,,,,,,Freq: 307. Example: GEN 1:5. 
koikoi,,,,,,Freq: 306. Example: GEN 27:12. 
kiubit,,,,,,Freq: 306. Example: EXO 25:10. 
lohiadia,,,,,,Freq: 303. Example: GEN 1:18. 
hisihisi,,,,,,Freq: 303. Example: GEN 3:16. 
babulono,,,,,,Freq: 303. Example: 2KI 17:24. 
audia,,,,,,Freq: 302. Example: GEN 1:11. 
besena,,,,,,Freq: 302. Example: GEN 5:1. 
havaraia,,,,,,Freq: 300. Example: GEN 4:18. 
filistia,,,,,,Freq: 300. Example: GEN 10:14. 
bavabia,,,,,,Freq: 300. Example: GEN 12:19. 
dinadia,,,,,,Freq: 298. Example: GEN 3:14. 
helaoreana,,,,,,Freq: 297. Example: GEN 7:3. 
bama,,,,,,Freq: 296. Example: GEN 13:9. 
asio,,,,,,Freq: 295. Example: GEN 21:17. 
hebogahisi,,,,,,Freq: 295. Example: GEN 24:27. 
hanamoa,,,,,,Freq: 294. Example: GEN 2:3. 
lalogu,,,,,,Freq: 294. Example: GEN 18:27. 
nege,,,,,,Freq: 292. Example: GEN 24:54. 
dibura,,,,,,Freq: 289. Example: GEN 1:2. 
davara,,,,,,Freq: 288. Example: GEN 1:10. 
itadia,,,,,,Freq: 288. Example: GEN 1:31. 
ḡaḡaena,,,,,,Freq: 288. Example: GEN 9:22. 
nato,,,,,,Freq: 287. Example: GEN 3:11. 
dikadia,,,,,,Freq: 283. Example: GEN 12:17. 
sabaota,,,,,,Freq: 283. Example: 1SA 1:3. 
farao,,,,,,Freq: 281. Example: GEN 12:15. 
biaguna,,,,,,Freq: 281. Example: GEN 16:4. 
baola,,,,,,Freq: 279. Example: GEN 4:12. 
daḡedaḡe,,,,,,Freq: 279. Example: GEN 6:11. 
king,,,,,,Freq: 279. Example: 1SA 18:6. 
ima,,,,,,Freq: 277. Example: GEN 5:6. 
tatau,,,,,,Freq: 276. Example: GEN 18:2. 
bunai,,,,,,Freq: 275. Example: GEN 2:24. 
hakaua,,,,,,Freq: 275. Example: GEN 12:15. 
sinavaina,,,,,,Freq: 274. Example: GEN 15:18. 
ḡole-oho,,,,,,Freq: 273. Example: EXO 29:18. 
lauegu,,,,,,Freq: 271. Example: GEN 9:12. 
rakatania,,,,,,Freq: 271. Example: GEN 12:5. 
aneru,,,,,,Freq: 271. Example: GEN 16:7. 
henidiamu,,,,,,Freq: 269. Example: GEN 9:10. 
helai,,,,,,Freq: 269. Example: GEN 19:1. 
iosef,,,,,,Freq: 269. Example: GEN 30:24. 
badadia,,,,,,Freq: 268. Example: GEN 1:16. 
uda,,,,,,Freq: 267. Example: GEN 2:5. 
roho,,,,,,Freq: 261. Example: GEN 1:20. 
hitu,,,,,,Freq: 261. Example: GEN 4:24. 
ania,,,,,,Freq: 260. Example: GEN 2:17. 
nanadaia,,,,,,Freq: 260. Example: GEN 3:1. 
torea,,,,,,Freq: 260. Example: EXO 17:14. 
natugu,,,,,,Freq: 257. Example: GEN 4:25. 
maruanena,,,,,,Freq: 253. Example: GEN 15:9. 
dekenai,,,,,,Freq: 252. Example: GEN 8:11. 
heheni,,,,,,Freq: 251. Example: GEN 11:3. 
abraham,,,,,,Freq: 251. Example: GEN 17:5. 
tahua,,,,,,Freq: 250. Example: GEN 19:11. 
tamagu,,,,,,Freq: 249. Example: GEN 19:34. 
uit,,,,,,Freq: 249. Example: GEN 24:25. 
karamu,,,,,,Freq: 249. Example: GEN 31:12. 
mero,,,,,,Freq: 248. Example: GEN 4:25. 
lalo-hadai,,,,,,Freq: 248. Example: GEN 6:5. 
hanuaboi,,,,,,Freq: 246. Example: GEN 1:14. 
muramura,,,,,,Freq: 246. Example: GEN 37:25. 
lalomui,,,,,,Freq: 243. Example: GEN 23:8. 
atodia,,,,,,Freq: 242. Example: GEN 1:17. 
imamu,,,,,,Freq: 242. Example: GEN 4:11. 
hanuadia,,,,,,Freq: 242. Example: GEN 13:12. 
herohemaino,,,,,,Freq: 238. Example: GEN 21:21. 
herevamu,,,,,,Freq: 238. Example: GEN 42:15. 
ladadia,,,,,,Freq: 237. Example: GEN 1:10. 
maino,,,,,,Freq: 237. Example: GEN 34:21. 
daemu,,,,,,Freq: 234. Example: GEN 19:21. 
rumana,,,,,,Freq: 234. Example: GEN 23:3. 
uru,,,,,,Freq: 233. Example: GEN 6:9. 
bouboudia,,,,,,Freq: 233. Example: EXO 29:28. 
mani,,,,,,Freq: 231. Example: GEN 11:3. 
biagudia,,,,,,Freq: 230. Example: GEN 1:26. 
heḡereḡere,,,,,,Freq: 230. Example: GEN 3:5. 
davadia,,,,,,Freq: 229. Example: GEN 3:14. 
taḡa,,,,,,Freq: 227. Example: GEN 14:23. 
iosua,,,,,,Freq: 227. Example: EXO 17:9. 
namodia,,,,,,Freq: 226. Example: GEN 18:19. 
lalomu,,,,,,Freq: 225. Example: GEN 20:6. 
kwarana,,,,,,Freq: 224. Example: EXO 12:9. 
kavakava,,,,,,Freq: 222. Example: GEN 6:3. 
gwauhamata,,,,,,Freq: 222. Example: GEN 18:19. 
ḡuriḡuri,,,,,,Freq: 222. Example: GEN 20:7. 
lalo,,,,,,Freq: 221. Example: GEN 6:8. 
dehoro,,,,,,Freq: 221. Example: GEN 28:18. 
sibodia,,,,,,Freq: 219. Example: EXO 5:7. 
rei,,,,,,Freq: 217. Example: GEN 1:11. 
matana,,,,,,Freq: 217. Example: GEN 3:24. 
hahedua,,,,,,Freq: 217. Example: GEN 7:5. 
hairaina,,,,,,Freq: 217. Example: GEN 29:17. 
sivarai,,,,,,Freq: 217. Example: EXO 23:1. 
ororona,,,,,,Freq: 215. Example: GEN 8:4. 
tau-anina,,,,,,Freq: 215. Example: GEN 50:2. 
hahenamo,,,,,,Freq: 214. Example: GEN 12:2. 
gwauta,,,,,,Freq: 213. Example: GEN 5:14. 
toho,,,,,,Freq: 209. Example: GEN 3:3. 
imodaia,,,,,,Freq: 209. Example: GEN 9:26. 
hanuana,,,,,,Freq: 209. Example: GEN 10:11. 
vairamu,,,,,,Freq: 208. Example: GEN 3:19. 
sinana,,,,,,Freq: 207. Example: GEN 2:24. 
taina,,,,,,Freq: 207. Example: GEN 18:4. 
edena,,,,,,Freq: 207. Example: GEN 30:30. 
siahuna,,,,,,Freq: 205. Example: GEN 49:24. 
maimu,,,,,,Freq: 204. Example: GEN 24:13. 
maḡu,,,,,,Freq: 204. Example: GEN 49:22. 
pavapavadia,,,,,,Freq: 203. Example: GEN 17:6. 
moab,,,,,,Freq: 202. Example: GEN 19:37. 
imagu,,,,,,Freq: 202. Example: GEN 30:29. 
ikoukou,,,,,,Freq: 202. Example: EXO 27:14. 
karana,,,,,,Freq: 201. Example: GEN 18:14. 
paulo,,,,,,Freq: 201. Example: ACT 13:7. 
dibagu,,,,,,Freq: 200. Example: GEN 4:9. 
karoa,,,,,,Freq: 200. Example: GEN 14:20. 
natumu,,,,,,Freq: 197. Example: GEN 6:18. 
mahuta,,,,,,Freq: 197. Example: GEN 15:12. 
ruaosi,,,,,,Freq: 197. Example: GEN 19:25. 
ogoḡami,,,,,,Freq: 197. Example: GEN 30:30. 
boi,,,,,,Freq: 196. Example: GEN 1:5. 
vairagu,,,,,,Freq: 196. Example: GEN 6:13. 
rara,,,,,,Freq: 196. Example: GEN 9:4. 
laḡanidia,,,,,,Freq: 195. Example: GEN 5:3. 
taumu,,,,,,Freq: 194. Example: GEN 7:1. 
daure,,,,,,Freq: 194. Example: GEN 27:40. 
helaḡadia,,,,,,Freq: 193. Example: GEN 13:18. 
ahudia,,,,,,Freq: 193. Example: GEN 14:24. 
mailaia,,,,,,Freq: 193. Example: GEN 18:4. 
hoa,,,,,,Freq: 193. Example: GEN 18:14. 
badinadia,,,,,,Freq: 193. Example: EXO 5:14. 
auna,,,,,,Freq: 192. Example: GEN 2:9. 
aola,,,,,,Freq: 192. Example: GEN 27:9. 
boio,,,,,,Freq: 192. Example: GEN 27:45. 
uramu,,,,,,Freq: 192. Example: GEN 34:21. 
haboudia,,,,,,Freq: 191. Example: GEN 14:14. 
herahia,,,,,,Freq: 190. Example: GEN 24:53. 
hatoa,,,,,,Freq: 189. Example: GEN 1:5. 
toa,,,,,,Freq: 189. Example: GEN 1:14. 
kalagana,,,,,,Freq: 189. Example: GEN 13:18. 
beniamina,,,,,,Freq: 189. Example: GEN 35:18. 
sinavai,,,,,,Freq: 188. Example: GEN 2:10. 
ioridane,,,,,,Freq: 188. Example: GEN 13:10. 
efraim,,,,,,Freq: 187. Example: GEN 41:52. 
uduna,,,,,,Freq: 186. Example: GEN 2:7. 
diari,,,,,,Freq: 185. Example: GEN 1:3. 
aru,,,,,,Freq: 185. Example: GEN 2:10. 
habuadia,,,,,,Freq: 185. Example: GEN 6:13. 
kalaga,,,,,,Freq: 185. Example: GEN 9:21. 
aena,,,,,,Freq: 184. Example: GEN 3:15. 
matama,,,,,,Freq: 184. Example: GEN 4:26. 
tubu,,,,,,Freq: 184. Example: GEN 15:15. 
dikana,,,,,,Freq: 184. Example: GEN 19:7. 
petro,,,,,,Freq: 184. Example: MAT 4:18. 
gado,,,,,,Freq: 181. Example: GEN 1:2. 
isiaina,,,,,,Freq: 181. Example: GEN 9:26. 
dokona,,,,,,Freq: 180. Example: GEN 9:17. 
nani,,,,,,Freq: 180. Example: GEN 15:9. 
hahelaḡadia,,,,,,Freq: 180. Example: EXO 13:2. 
maraḡidia,,,,,,Freq: 179. Example: GEN 8:21. 
idoidiai,,,,,,Freq: 178. Example: GEN 1:22. 
hahemauri,,,,,,Freq: 178. Example: GEN 49:18. 
laomu,,,,,,Freq: 177. Example: GEN 10:19. 
moni,,,,,,Freq: 177. Example: GEN 23:16. 
kaivakuku,,,,,,Freq: 177. Example: EXO 32:1. 
lalo-parara,,,,,,Freq: 175. Example: GEN 3:6. 
lai,,,,,,Freq: 175. Example: GEN 8:1. 
dekediai,,,,,,Freq: 175. Example: GEN 24:4. 
uma,,,,,,Freq: 174. Example: GEN 4:8. 
besedia,,,,,,Freq: 174. Example: GEN 7:3. 
doniki,,,,,,Freq: 174. Example: GEN 12:16. 
luludia,,,,,,Freq: 173. Example: GEN 15:11. 
rohoroho,,,,,,Freq: 172. Example: GEN 1:22. 
adia,,,,,,Freq: 172. Example: GEN 1:30. 
badibadinai,,,,,,Freq: 172. Example: GEN 16:7. 
basinema,,,,,,Freq: 172. Example: GEN 24:8. 
heḡeḡe,,,,,,Freq: 171. Example: GEN 2:11. 
noia,,,,,,Freq: 171. Example: GEN 17:18. 
ikoukouna,,,,,,Freq: 170. Example: GEN 19:1. 
hemarai,,,,,,Freq: 170. Example: GEN 20:16. 
taomu,,,,,,Freq: 170. Example: GEN 39:8. 
siona,,,,,,Freq: 170. Example: 2SA 5:5. 
ruahui,,,,,,Freq: 169. Example: GEN 6:3. 
siri,,,,,,Freq: 169. Example: GEN 13:9. 
hamauridia,,,,,,Freq: 169. Example: GEN 20:17. 
hakala,,,,,,Freq: 168. Example: GEN 4:23. 
pata,,,,,,Freq: 168. Example: GEN 8:20. 
laolao,,,,,,Freq: 168. Example: GEN 12:9. 
hosi,,,,,,Freq: 168. Example: GEN 47:17. 
mirigini,,,,,,Freq: 167. Example: GEN 13:14. 
ariara,,,,,,Freq: 167. Example: GEN 19:11. 
buka,,,,,,Freq: 167. Example: EXO 17:14. 
vairana,,,,,,Freq: 166. Example: GEN 3:8. 
bou,,,,,,Freq: 166. Example: GEN 4:1. 
iharuana,,,,,,Freq: 165. Example: GEN 1:8. 
parara,,,,,,Freq: 165. Example: GEN 2:10. 
henimumu,,,,,,Freq: 164. Example: GEN 4:7. 
sinahu-ta,,,,,,Freq: 164. Example: GEN 5:3. 
helalo,,,,,,Freq: 164. Example: GEN 6:6. 
kanaan,,,,,,Freq: 164. Example: GEN 9:18. 
oibe,,,,,,Freq: 163. Example: GEN 6:7. 
benaini,,,,,,Freq: 162. Example: GEN 4:24. 
baeto,,,,,,Freq: 162. Example: GEN 12:12. 
kahi,,,,,,Freq: 162. Example: GEN 20:4. 
maua,,,,,,Freq: 162. Example: GEN 50:26. 
eha,,,,,,Freq: 161. Example: GEN 4:16. 
inua,,,,,,Freq: 161. Example: GEN 9:21. 
dekegu,,,,,,Freq: 161. Example: GEN 26:27. 
dibamui,,,,,,Freq: 161. Example: GEN 29:5. 
kariota,,,,,,Freq: 161. Example: GEN 41:43. 
gorere,,,,,,Freq: 161. Example: GEN 48:1. 
hekwarahi,,,,,,Freq: 160. Example: GEN 5:29. 
ladagu,,,,,,Freq: 159. Example: GEN 22:16. 
terono,,,,,,Freq: 158. Example: EXO 11:5. 
maurimu,,,,,,Freq: 157. Example: GEN 1:21. 
rarana,,,,,,Freq: 157. Example: GEN 4:10. 
ḡoevaḡoeva,,,,,,Freq: 157. Example: GEN 15:13. 
ahuna,,,,,,Freq: 157. Example: GEN 17:14. 
toana,,,,,,Freq: 156. Example: GEN 9:12. 
bainema,,,,,,Freq: 156. Example: GEN 24:43. 
henunai,,,,,,Freq: 155. Example: GEN 1:9. 
henigumu,,,,,,Freq: 155. Example: GEN 4:10. 
ladamu,,,,,,Freq: 154. Example: GEN 12:2. 
oredia,,,,,,Freq: 154. Example: GEN 14:10. 
daudau,,,,,,Freq: 154. Example: GEN 21:34. 
harihari-bada,,,,,,Freq: 154. Example: EXO 34:6. 
ieremia,,,,,,Freq: 154. Example: 2KI 24:18. 
heberu,,,,,,Freq: 153. Example: GEN 2:23. 
sekele,,,,,,Freq: 153. Example: GEN 23:16. 
isena,,,,,,Freq: 153. Example: GEN 36:37. 
manase,,,,,,Freq: 153. Example: GEN 41:51. 
miamu,,,,,,Freq: 152. Example: GEN 1:9. 
nadidia,,,,,,Freq: 152. Example: GEN 2:12. 
noinoi,,,,,,Freq: 152. Example: GEN 18:30. 
hamauria,,,,,,Freq: 152. Example: GEN 19:29. 
bavabi,,,,,,Freq: 151. Example: GEN 6:21. 
ioab,,,,,,Freq: 151. Example: 1SA 26:6. 
mairiveina,,,,,,Freq: 150. Example: GEN 2:8. 
asuria,,,,,,Freq: 150. Example: GEN 2:14. 
gunadia,,,,,,Freq: 150. Example: GEN 6:4. 
laḡanina,,,,,,Freq: 150. Example: GEN 7:11. 
madi,,,,,,Freq: 150. Example: GEN 24:14. 
lolo,,,,,,Freq: 150. Example: GEN 39:14. 
samuel,,,,,,Freq: 150. Example: 1SA 1:18. 
hani,,,,,,Freq: 149. Example: GEN 2:10. 
kava,,,,,,Freq: 149. Example: GEN 4:12. 
henimuimu,,,,,,Freq: 148. Example: GEN 9:3. 
tamadia,,,,,,Freq: 147. Example: GEN 9:23. 
ane,,,,,,Freq: 147. Example: EXO 15:1. 
badinaia,,,,,,Freq: 146. Example: GEN 2:24. 
dikadika,,,,,,Freq: 146. Example: GEN 4:5. 
moru,,,,,,Freq: 146. Example: EXO 21:33. 
tadikakana,,,,,,Freq: 145. Example: GEN 9:5. 
dounu,,,,,,Freq: 145. Example: GEN 12:6. 
haraḡa,,,,,,Freq: 145. Example: GEN 19:22. 
halaodia,,,,,,Freq: 145. Example: GEN 47:6. 
ireḡudia,,,,,,Freq: 144. Example: GEN 4:2. 
ekalesia,,,,,,Freq: 144. Example: MAT 16:18. 
gini-gunana,,,,,,Freq: 143. Example: GEN 1:5. 
havaradia,,,,,,Freq: 143. Example: GEN 1:22. 
roro,,,,,,Freq: 143. Example: GEN 3:22. 
haheauka,,,,,,Freq: 143. Example: GEN 4:13. 
vasi,,,,,,Freq: 143. Example: GEN 6:20. 
taitai,,,,,,Freq: 143. Example: GEN 33:4. 
gwaukau,,,,,,Freq: 143. Example: NUM 20:14. 
lata,,,,,,Freq: 142. Example: GEN 6:15. 
kerehai,,,,,,Freq: 142. Example: GEN 9:23. 
ienai,,,,,,Freq: 142. Example: GEN 17:1. 
harina,,,,,,Freq: 142. Example: GEN 21:6. 
leona,,,,,,Freq: 142. Example: GEN 49:9. 
samaria,,,,,,Freq: 142. Example: 1KI 13:32. 
laohaia,,,,,,Freq: 141. Example: GEN 2:22. 
rakatanidia,,,,,,Freq: 141. Example: GEN 2:24. 
imahui,,,,,,Freq: 141. Example: GEN 7:24. 
goru,,,,,,Freq: 141. Example: GEN 17:3. 
maduna,,,,,,Freq: 141. Example: GEN 24:32. 
bogadia,,,,,,Freq: 141. Example: GEN 33:13. 
tau-badadia,,,,,,Freq: 141. Example: EXO 3:16. 
ioane,,,,,,Freq: 141. Example: MAT 3:1. 
haginidia,,,,,,Freq: 140. Example: GEN 3:24. 
maḡuna,,,,,,Freq: 140. Example: EXO 27:9. 
hesekia,,,,,,Freq: 140. Example: 2KI 16:20. 
dabuadia,,,,,,Freq: 139. Example: GEN 3:21. 
huahuadia,,,,,,Freq: 138. Example: GEN 1:11. 
so,,,,,,Freq: 138. Example: GEN 12:18. 
kaha,,,,,,Freq: 137. Example: GEN 10:18. 
hamaorogu,,,,,,Freq: 137. Example: GEN 12:18. 
matamatana,,,,,,Freq: 137. Example: EXO 1:7. 
inoholaina,,,,,,Freq: 137. Example: DEU 19:1. 
isaak,,,,,,Freq: 136. Example: GEN 17:19. 
bogaragimui,,,,,,Freq: 136. Example: GEN 23:4. 
tahuamu,,,,,,Freq: 136. Example: GEN 37:15. 
iboumui,,,,,,Freq: 136. Example: GEN 49:1. 
dibamu,,,,,,Freq: 135. Example: GEN 16:2. 
bogaragidia,,,,,,Freq: 135. Example: EXO 7:5. 
kopina,,,,,,Freq: 134. Example: GEN 1:2. 
ato,,,,,,Freq: 134. Example: GEN 2:2. 
roha,,,,,,Freq: 134. Example: GEN 6:15. 
nihi,,,,,,Freq: 134. Example: GEN 20:3. 
iniseni,,,,,,Freq: 134. Example: GEN 22:5. 
sisivana,,,,,,Freq: 134. Example: GEN 23:16. 
honu,,,,,,Freq: 133. Example: GEN 1:22. 
gadona,,,,,,Freq: 133. Example: GEN 3:8. 
koua,,,,,,Freq: 133. Example: GEN 19:6. 
suria,,,,,,Freq: 133. Example: GEN 25:20. 
dadaraia,,,,,,Freq: 133. Example: GEN 25:34. 
bonadia,,,,,,Freq: 133. Example: GEN 37:25. 
hari-ahui,,,,,,Freq: 132. Example: GEN 5:13. 
tauratoi,,,,,,Freq: 132. Example: GEN 7:6. 
rarua,,,,,,Freq: 132. Example: GEN 10:25. 
dihomu,,,,,,Freq: 132. Example: GEN 27:39. 
toi-ahui,,,,,,Freq: 131. Example: GEN 5:3. 
kohudia,,,,,,Freq: 131. Example: GEN 14:20. 
boiridia,,,,,,Freq: 131. Example: GEN 20:8. 
heabi,,,,,,Freq: 131. Example: EXO 8:9. 
iduarana,,,,,,Freq: 130. Example: GEN 18:1. 
aria,,,,,,Freq: 130. Example: GEN 21:8. 
kwalimu,,,,,,Freq: 130. Example: GEN 30:8. 
daladia,,,,,,Freq: 130. Example: EXO 18:20. 
ihatoina,,,,,,Freq: 129. Example: GEN 1:13. 
namo-hereana,,,,,,Freq: 129. Example: GEN 2:12. 
utu,,,,,,Freq: 129. Example: GEN 8:11. 
inuinu,,,,,,Freq: 129. Example: GEN 24:54. 
kibi,,,,,,Freq: 128. Example: EXO 16:13. 
sibomu,,,,,,Freq: 127. Example: GEN 7:1. 
matadia,,,,,,Freq: 126. Example: GEN 3:7. 
laumagu,,,,,,Freq: 126. Example: GEN 6:3. 
guri,,,,,,Freq: 126. Example: GEN 24:16. 
bainala,,,,,,Freq: 125. Example: GEN 4:14. 
doko,,,,,,Freq: 125. Example: GEN 8:22. 
hahedinarai,,,,,,Freq: 125. Example: GEN 16:13. 
amono,,,,,,Freq: 125. Example: GEN 19:38. 
ohomu,,,,,,Freq: 125. Example: EXO 15:15. 
medu,,,,,,Freq: 124. Example: GEN 2:5. 
hadaia,,,,,,Freq: 124. Example: GEN 4:17. 
ḡaukaradia,,,,,,Freq: 124. Example: GEN 5:29. 
bunu,,,,,,Freq: 124. Example: GEN 9:19. 
tamamu,,,,,,Freq: 124. Example: GEN 12:1. 
dara,,,,,,Freq: 124. Example: GEN 19:30. 
herevalaia,,,,,,Freq: 124. Example: GEN 20:2. 
revareva,,,,,,Freq: 124. Example: GEN 30:37. 
tanodia,,,,,,Freq: 124. Example: GEN 47:20. 
karava,,,,,,Freq: 123. Example: GEN 2:4. 
hadareredia,,,,,,Freq: 123. Example: GEN 14:5. 
metauna,,,,,,Freq: 123. Example: GEN 24:22. 
oreadia,,,,,,Freq: 123. Example: GEN 32:2. 
lohiana,,,,,,Freq: 123. Example: GEN 34:2. 
laohaidia,,,,,,Freq: 122. Example: GEN 12:5. 
dekedia,,,,,,Freq: 121. Example: GEN 15:15. 
daha,,,,,,Freq: 121. Example: GEN 24:60. 
edom,,,,,,Freq: 121. Example: GEN 25:30. 
asia,,,,,,Freq: 121. Example: GEN 26:29. 
ana,,,,,,Freq: 121. Example: GEN 27:9. 
ere,,,,,,Freq: 120. Example: GEN 6:16. 
kamonaimu,,,,,,Freq: 120. Example: GEN 16:11. 
idibana,,,,,,Freq: 120. Example: GEN 35:18. 
eregabe,,,,,,Freq: 120. Example: GEN 41:12. 
haḡanidia,,,,,,Freq: 120. Example: GEN 49:29. 
laumana,,,,,,Freq: 119. Example: GEN 1:2. 
edeseni,,,,,,Freq: 119. Example: GEN 3:9. 
baineto,,,,,,Freq: 119. Example: GEN 24:14. 
bagunai,,,,,,Freq: 119. Example: GEN 44:32. 
kwaradia,,,,,,Freq: 119. Example: EXO 29:9. 
ihahituna,,,,,,Freq: 118. Example: GEN 2:2. 
laova,,,,,,Freq: 118. Example: GEN 7:17. 
gara,,,,,,Freq: 118. Example: GEN 23:4. 
idaudia,,,,,,Freq: 118. Example: GEN 35:2. 
basioma,,,,,,Freq: 117. Example: GEN 4:7. 
bonana,,,,,,Freq: 117. Example: GEN 8:21. 
ori,,,,,,Freq: 117. Example: EXO 13:21. 
hahelaḡaia,,,,,,Freq: 116. Example: GEN 2:3. 
iduara,,,,,,Freq: 116. Example: GEN 4:7. 
dekemu,,,,,,Freq: 116. Example: GEN 8:17. 
labora-labora,,,,,,Freq: 116. Example: EXO 25:3. 
ihadikana,,,,,,Freq: 116. Example: LEV 18:21. 
hahedoki,,,,,,Freq: 115. Example: GEN 3:21. 
taugu,,,,,,Freq: 115. Example: GEN 4:14. 
hamaorolaia,,,,,,Freq: 115. Example: GEN 24:66. 
gilead,,,,,,Freq: 115. Example: GEN 31:21. 
garimu,,,,,,Freq: 114. Example: GEN 22:12. 
seri,,,,,,Freq: 114. Example: GEN 26:20. 
lamepa,,,,,,Freq: 114. Example: EXO 25:6. 
miro,,,,,,Freq: 114. Example: LEV 5:3. 
sisiba,,,,,,Freq: 114. Example: LEV 19:17. 
merona,,,,,,Freq: 113. Example: GEN 15:3. 
negea,,,,,,Freq: 113. Example: GEN 21:8. 
hoho,,,,,,Freq: 113. Example: GEN 26:14. 
heitatao,,,,,,Freq: 113. Example: EXO 1:11. 
absalom,,,,,,Freq: 113. Example: 2SA 3:3. 
hanamodia,,,,,,Freq: 112. Example: GEN 1:22. 
hahealo,,,,,,Freq: 112. Example: EXO 18:19. 
elia,,,,,,Freq: 112. Example: 1KI 17:1. 
bamona,,,,,,Freq: 111. Example: GEN 2:18. 
adavadia,,,,,,Freq: 111. Example: GEN 6:2. 
kahadia,,,,,,Freq: 111. Example: GEN 10:19. 
adavaia,,,,,,Freq: 111. Example: GEN 12:19. 
tadina,,,,,,Freq: 110. Example: GEN 4:2. 
itaiamu,,,,,,Freq: 110. Example: GEN 13:15. 
hereaiamu,,,,,,Freq: 110. Example: GEN 38:26. 
lahara,,,,,,Freq: 109. Example: GEN 1:14. 
headava,,,,,,Freq: 109. Example: GEN 11:29. 
heaḡi,,,,,,Freq: 109. Example: GEN 49:3. 
ionatan,,,,,,Freq: 109. Example: JDG 18:30. 
duahidia,,,,,,Freq: 108. Example: GEN 15:5. 
esau,,,,,,Freq: 108. Example: GEN 25:18. 
aukana,,,,,,Freq: 108. Example: GEN 50:2. 
ieroboam,,,,,,Freq: 108. Example: 1KI 11:26. 
name,,,,,,Freq: 107. Example: GEN 4:1. 
sibogu,,,,,,Freq: 107. Example: GEN 22:16. 
varavaragu,,,,,,Freq: 107. Example: GEN 24:4. 
reḡedia,,,,,,Freq: 107. Example: GEN 31:27. 
bukana,,,,,,Freq: 107. Example: EXO 24:7. 
hanaihanaimu,,,,,,Freq: 107. Example: DEU 4:40. 
ududia,,,,,,Freq: 106. Example: GEN 7:22. 
koura,,,,,,Freq: 106. Example: GEN 14:17. 
gaudia,,,,,,Freq: 106. Example: GEN 24:53. 
henimai,,,,,,Freq: 106. Example: GEN 34:9. 
sivaraina,,,,,,Freq: 105. Example: GEN 6:9. 
iduhudia,,,,,,Freq: 105. Example: GEN 10:18. 
gwauraimu,,,,,,Freq: 105. Example: GEN 20:16. 
dauhai,,,,,,Freq: 105. Example: GEN 22:4. 
hamaoromui,,,,,,Freq: 105. Example: GEN 41:55. 
auka,,,,,,Freq: 105. Example: GEN 43:3. 
haroro,,,,,,Freq: 105. Example: EXO 4:14. 
haeroa,,,,,,Freq: 105. Example: EXO 21:13. 
itorena,,,,,,Freq: 105. Example: 1SA 22:8. 
gunana,,,,,,Freq: 104. Example: GEN 13:3. 
ahumu,,,,,,Freq: 104. Example: GEN 15:1. 
ibadinana,,,,,,Freq: 104. Example: NUM 9:6. 
kaumu,,,,,,Freq: 104. Example: DEU 32:11. 
bogaraginai,,,,,,Freq: 103. Example: GEN 2:9. 
murina,,,,,,Freq: 103. Example: GEN 6:14. 
utua,,,,,,Freq: 103. Example: GEN 7:6. 
hamaurigu,,,,,,Freq: 103. Example: GEN 19:19. 
heḡaeḡae,,,,,,Freq: 103. Example: GEN 31:18. 
farisea,,,,,,Freq: 103. Example: MAT 3:7. 
eno,,,,,,Freq: 102. Example: GEN 4:1. 
huaia,,,,,,Freq: 102. Example: GEN 4:5. 
hekure,,,,,,Freq: 102. Example: GEN 9:21. 
kone,,,,,,Freq: 102. Example: GEN 10:5. 
nanadaidia,,,,,,Freq: 102. Example: GEN 29:4. 
aoma,,,,,,Freq: 102. Example: GEN 31:44. 
ala-ala,,,,,,Freq: 102. Example: EXO 20:13. 
unuhetomana,,,,,,Freq: 101. Example: GEN 2:1. 
goadana,,,,,,Freq: 101. Example: GEN 10:9. 
doe,,,,,,Freq: 101. Example: GEN 12:10. 
boiria,,,,,,Freq: 101. Example: GEN 12:18. 
isiaidia,,,,,,Freq: 101. Example: GEN 15:13. 
ariana,,,,,,Freq: 101. Example: GEN 29:27. 
aita,,,,,,Freq: 100. Example: GEN 9:26. 
ikarana,,,,,,Freq: 100. Example: GEN 11:6. 
memerodia,,,,,,Freq: 100. Example: GEN 12:5. 
hahetoho,,,,,,Freq: 100. Example: GEN 23:16. 
hesiriu,,,,,,Freq: 100. Example: EXO 26:6. 
habadaia,,,,,,Freq: 99. Example: GEN 3:16. 
basita,,,,,,Freq: 99. Example: GEN 13:8. 
maoro,,,,,,Freq: 99. Example: GEN 20:16. 
ḡoeva,,,,,,Freq: 99. Example: GEN 21:20. 
guria,,,,,,Freq: 98. Example: GEN 23:4. 
hetoana,,,,,,Freq: 98. Example: GEN 23:9. 
iabina,,,,,,Freq: 98. Example: GEN 29:18. 
laulaudia,,,,,,Freq: 98. Example: GEN 31:19. 
igo,,,,,,Freq: 97. Example: GEN 23:7. 
lasimu,,,,,,Freq: 97. Example: LEV 11:3. 
ahaba,,,,,,Freq: 97. Example: 1KI 16:28. 
badinai,,,,,,Freq: 96. Example: GEN 4:7. 
roboana,,,,,,Freq: 96. Example: GEN 10:15. 
murimuri,,,,,,Freq: 96. Example: GEN 15:5. 
henida,,,,,,Freq: 96. Example: GEN 16:5. 
habuaia,,,,,,Freq: 96. Example: GEN 18:24. 
hoia,,,,,,Freq: 96. Example: GEN 23:18. 
sibomui,,,,,,Freq: 96. Example: EXO 5:11. 
gwauta-rua,,,,,,Freq: 95. Example: GEN 6:15. 
davaridia,,,,,,Freq: 95. Example: GEN 12:5. 
tama,,,,,,Freq: 95. Example: GEN 15:15. 
iabi-ohona,,,,,,Freq: 95. Example: GEN 20:16. 
rakamu,,,,,,Freq: 95. Example: GEN 24:40. 
bogana,,,,,,Freq: 95. Example: GEN 25:2. 
hekwakwanai,,,,,,Freq: 95. Example: GEN 48:17. 
hekokoroku,,,,,,Freq: 95. Example: EXO 10:3. 
vaira,,,,,,Freq: 95. Example: EXO 25:20. 
helaro,,,,,,Freq: 95. Example: 1CH 29:15. 
aposetolo,,,,,,Freq: 95. Example: MAT 10:2. 
toia,,,,,,Freq: 94. Example: GEN 3:22. 
lagatoi,,,,,,Freq: 94. Example: GEN 6:14. 
haḡania,,,,,,Freq: 94. Example: GEN 7:9. 
hedavari,,,,,,Freq: 94. Example: GEN 14:17. 
tamada,,,,,,Freq: 94. Example: GEN 19:31. 
hoihoi,,,,,,Freq: 94. Example: GEN 34:10. 
senemui,,,,,,Freq: 94. Example: EXO 3:15. 
talent,,,,,,Freq: 94. Example: EXO 25:39. 
heniava,,,,,,Freq: 93. Example: GEN 6:8. 
gunaguna,,,,,,Freq: 93. Example: GEN 13:4. 
siaigu,,,,,,Freq: 93. Example: GEN 45:5. 
baema,,,,,,Freq: 93. Example: EXO 11:8. 
isimu,,,,,,Freq: 93. Example: LEV 7:34. 
baal,,,,,,Freq: 93. Example: NUM 25:3. 
boromadia,,,,,,Freq: 92. Example: GEN 1:24. 
kaldea,,,,,,Freq: 92. Example: GEN 11:28. 
oto,,,,,,Freq: 92. Example: GEN 12:19. 
hegima,,,,,,Freq: 92. Example: GEN 31:49. 
hetore,,,,,,Freq: 92. Example: EXO 32:15. 
gerebu-rua,,,,,,Freq: 92. Example: NUM 25:9. 
heabidadama,,,,,,Freq: 92. Example: DEU 7:9. 
muridiai,,,,,,Freq: 91. Example: GEN 3:8. 
kourana,,,,,,Freq: 91. Example: GEN 13:10. 
natumui,,,,,,Freq: 91. Example: GEN 17:16. 
taumai,,,,,,Freq: 91. Example: GEN 29:4. 
kerukeru,,,,,,Freq: 91. Example: EXO 2:13. 
ikwaradia,,,,,,Freq: 91. Example: EXO 6:13. 
matamana,,,,,,Freq: 90. Example: GEN 1:1. 
aina,,,,,,Freq: 90. Example: GEN 1:26. 
dava,,,,,,Freq: 90. Example: GEN 4:24. 
gui,,,,,,Freq: 90. Example: GEN 6:18. 
mata,,,,,,Freq: 90. Example: GEN 15:1. 
kesi,,,,,,Freq: 90. Example: GEN 15:1. 
matona,,,,,,Freq: 90. Example: GEN 19:9. 
animu,,,,,,Freq: 90. Example: GEN 32:32. 
ikaradia,,,,,,Freq: 89. Example: GEN 2:4. 
ha,,,,,,Freq: 89. Example: GEN 16:13. 
doini,,,,,,Freq: 89. Example: GEN 35:20. 
karaiamu,,,,,,Freq: 89. Example: GEN 48:19. 
maraḡi,,,,,,Freq: 88. Example: GEN 8:3. 
badabada,,,,,,Freq: 88. Example: GEN 22:17. 
varavarana,,,,,,Freq: 88. Example: GEN 24:27. 
ruben,,,,,,Freq: 88. Example: GEN 29:32. 
galilea,,,,,,Freq: 88. Example: NUM 34:11. 
elisaia,,,,,,Freq: 88. Example: 1KI 19:16. 
abimu,,,,,,Freq: 87. Example: GEN 4:7. 
auta,,,,,,Freq: 87. Example: GEN 6:14. 
namonamo,,,,,,Freq: 87. Example: GEN 11:3. 
rumadia,,,,,,Freq: 87. Example: GEN 31:33. 
aukadia,,,,,,Freq: 87. Example: GEN 43:11. 
gerebu-ta,,,,,,Freq: 87. Example: LEV 26:8. 
hamaoromuimu,,,,,,Freq: 87. Example: DEU 4:26. 
taravatuna,,,,,,Freq: 86. Example: GEN 9:16. 
amoro,,,,,,Freq: 86. Example: GEN 10:16. 
haduadia,,,,,,Freq: 86. Example: GEN 12:20. 
gad,,,,,,Freq: 86. Example: GEN 30:11. 
udugu,,,,,,Freq: 86. Example: GEN 45:12. 
matamu,,,,,,Freq: 86. Example: GEN 46:4. 
raradia,,,,,,Freq: 86. Example: LEV 6:30. 
iehosafat,,,,,,Freq: 86. Example: 2SA 20:24. 
hadihoa,,,,,,Freq: 85. Example: GEN 2:5. 
mata-hanai,,,,,,Freq: 85. Example: GEN 16:14. 
veria,,,,,,Freq: 85. Example: GEN 19:10. 
nadina,,,,,,Freq: 85. Example: GEN 19:26. 
dau,,,,,,Freq: 85. Example: GEN 26:11. 
hehuni,,,,,,Freq: 85. Example: GEN 31:20. 
ororodia,,,,,,Freq: 85. Example: GEN 31:21. 
vabu,,,,,,Freq: 85. Example: GEN 38:8. 
daimui,,,,,,Freq: 85. Example: GEN 42:38. 
idauna,,,,,,Freq: 85. Example: GEN 43:11. 
lebulebu,,,,,,Freq: 85. Example: LEV 17:7. 
mailaidia,,,,,,Freq: 84. Example: GEN 4:4. 
moalelaia,,,,,,Freq: 84. Example: GEN 34:19. 
inaigu,,,,,,Freq: 84. Example: EXO 23:22. 
mauana,,,,,,Freq: 84. Example: EXO 25:22. 
dorina,,,,,,Freq: 83. Example: GEN 11:4. 
dekemui,,,,,,Freq: 83. Example: GEN 22:5. 
herea-daena,,,,,,Freq: 83. Example: GEN 23:6. 
patadia,,,,,,Freq: 83. Example: GEN 31:54. 
badamu,,,,,,Freq: 83. Example: GEN 44:20. 
hakaumui,,,,,,Freq: 83. Example: GEN 48:21. 
garidia,,,,,,Freq: 83. Example: EXO 1:12. 
heboumu,,,,,,Freq: 83. Example: NUM 16:45. 
daniel,,,,,,Freq: 83. Example: 1CH 3:1. 
erena,,,,,,Freq: 82. Example: GEN 3:17. 
readia,,,,,,Freq: 82. Example: GEN 3:22. 
kerubi,,,,,,Freq: 82. Example: GEN 3:24. 
rakaia,,,,,,Freq: 82. Example: GEN 12:6. 
aedia,,,,,,Freq: 82. Example: GEN 24:32. 
hetaha,,,,,,Freq: 82. Example: GEN 27:33. 
negedia,,,,,,Freq: 82. Example: GEN 35:2. 
reḡena,,,,,,Freq: 82. Example: EXO 19:13. 
daha-rua,,,,,,Freq: 82. Example: EXO 38:29. 
tatoiosi,,,,,,Freq: 81. Example: GEN 7:13. 
dabuana,,,,,,Freq: 81. Example: GEN 9:21. 
noholaia,,,,,,Freq: 81. Example: GEN 17:8. 
daha-ta,,,,,,Freq: 81. Example: GEN 20:16. 
lohiaia,,,,,,Freq: 80. Example: GEN 1:16. 
hereadia,,,,,,Freq: 80. Example: GEN 3:1. 
itamu,,,,,,Freq: 80. Example: GEN 7:1. 
seridia,,,,,,Freq: 80. Example: GEN 24:35. 
anedia,,,,,,Freq: 80. Example: GEN 31:27. 
gwauraidia,,,,,,Freq: 80. Example: GEN 41:34. 
heḡiḡi,,,,,,Freq: 80. Example: EXO 9:9. 
abiamu,,,,,,Freq: 80. Example: LEV 4:10. 
koikoidia,,,,,,Freq: 80. Example: LEV 17:7. 
gerebu,,,,,,Freq: 80. Example: NUM 10:36. 
huahua,,,,,,Freq: 79. Example: GEN 1:11. 
lababana,,,,,,Freq: 79. Example: GEN 6:15. 
bavabidia,,,,,,Freq: 79. Example: GEN 6:19. 
heberon,,,,,,Freq: 79. Example: GEN 13:18. 
memero,,,,,,Freq: 79. Example: GEN 14:24. 
unuheto,,,,,,Freq: 79. Example: GEN 19:18. 
vairamui,,,,,,Freq: 79. Example: GEN 40:7. 
eleasara,,,,,,Freq: 79. Example: EXO 6:23. 
au-tubua,,,,,,Freq: 79. Example: EXO 23:24. 
hane,,,,,,Freq: 78. Example: GEN 12:11. 
vahu,,,,,,Freq: 78. Example: GEN 47:19. 
daediai,,,,,,Freq: 78. Example: EXO 7:19. 
horoa,,,,,,Freq: 78. Example: EXO 29:7. 
huahuana,,,,,,Freq: 77. Example: GEN 2:17. 
dobu,,,,,,Freq: 77. Example: GEN 6:16. 
vamu,,,,,,Freq: 77. Example: GEN 9:3. 
kohoro,,,,,,Freq: 77. Example: GEN 11:4. 
dan,,,,,,Freq: 77. Example: GEN 14:14. 
murimurinai,,,,,,Freq: 77. Example: GEN 19:16. 
hahedika,,,,,,Freq: 77. Example: GEN 19:19. 
unukahana,,,,,,Freq: 77. Example: GEN 35:21. 
huina,,,,,,Freq: 77. Example: GEN 41:14. 
hahedinaraia,,,,,,Freq: 77. Example: GEN 43:6. 
hairai,,,,,,Freq: 77. Example: 1KI 3:13. 
simona,,,,,,Freq: 77. Example: MAT 4:18. 
nanamo,,,,,,Freq: 76. Example: GEN 1:31. 
ha-aukaia,,,,,,Freq: 76. Example: GEN 18:27. 
ame,,,,,,Freq: 76. Example: GEN 24:13. 
dagi,,,,,,Freq: 76. Example: GEN 40:21. 
taidia,,,,,,Freq: 76. Example: GEN 50:10. 
gorerena,,,,,,Freq: 76. Example: EXO 5:3. 
gwauraiamu,,,,,,Freq: 76. Example: 1SA 9:9. 
metau,,,,,,Freq: 75. Example: GEN 4:13. 
adorahi,,,,,,Freq: 75. Example: GEN 8:11. 
avabia,,,,,,Freq: 75. Example: GEN 16:2. 
matamata,,,,,,Freq: 75. Example: GEN 17:12. 
hamaorolaidia,,,,,,Freq: 75. Example: GEN 24:28. 
manu,,,,,,Freq: 74. Example: GEN 1:20. 
bavani,,,,,,Freq: 74. Example: GEN 2:16. 
betele,,,,,,Freq: 74. Example: GEN 12:8. 
bogaia,,,,,,Freq: 74. Example: GEN 18:24. 
gabua,,,,,,Freq: 74. Example: GEN 19:3. 
mimia,,,,,,Freq: 74. Example: GEN 24:25. 
masemu,,,,,,Freq: 74. Example: GEN 25:32. 
kekenina,,,,,,Freq: 74. Example: GEN 28:9. 
ḡaraḡara,,,,,,Freq: 74. Example: GEN 31:40. 
puse,,,,,,Freq: 74. Example: GEN 42:25. 
maraḡina,,,,,,Freq: 73. Example: GEN 1:16. 
imea,,,,,,Freq: 73. Example: GEN 2:8. 
senedia,,,,,,Freq: 73. Example: GEN 4:20. 
laohai,,,,,,Freq: 73. Example: GEN 14:18. 
diaḡau,,,,,,Freq: 73. Example: GEN 17:4. 
hebouva,,,,,,Freq: 73. Example: GEN 19:11. 
hane-ulato,,,,,,Freq: 73. Example: GEN 24:5. 
inaidia,,,,,,Freq: 73. Example: GEN 24:60. 
tamamui,,,,,,Freq: 73. Example: GEN 31:5. 
itotohi,,,,,,Freq: 73. Example: GEN 38:18. 
laḡa-ani,,,,,,Freq: 73. Example: GEN 49:15. 
hahehisi,,,,,,Freq: 73. Example: EXO 7:13. 
lagau-hanai,,,,,,Freq: 73. Example: EXO 12:21. 
henudiai,,,,,,Freq: 73. Example: EXO 26:19. 
lebanon,,,,,,Freq: 73. Example: DEU 1:7. 
haduaia,,,,,,Freq: 72. Example: GEN 2:16. 
hadikaia,,,,,,Freq: 72. Example: GEN 5:29. 
sida,,,,,,Freq: 72. Example: GEN 6:14. 
hadokoa,,,,,,Freq: 72. Example: GEN 8:2. 
sekem,,,,,,Freq: 72. Example: GEN 12:6. 
tomava,,,,,,Freq: 72. Example: GEN 26:8. 
iḡui,,,,,,Freq: 72. Example: GEN 37:7. 
hereadiamu,,,,,,Freq: 72. Example: GEN 48:22. 
imamui,,,,,,Freq: 72. Example: EXO 3:21. 
dubuna,,,,,,Freq: 72. Example: EXO 13:21. 
momokanimu,,,,,,Freq: 72. Example: DEU 8:19. 
daiutuna,,,,,,Freq: 72. Example: JDG 3:24. 
basileiana,,,,,,Freq: 72. Example: 1SA 15:28. 
daenai,,,,,,Freq: 71. Example: GEN 1:6. 
manudia,,,,,,Freq: 71. Example: GEN 1:21. 
loa,,,,,,Freq: 71. Example: GEN 4:12. 
bada-hereana,,,,,,Freq: 71. Example: GEN 7:11. 
orena,,,,,,Freq: 71. Example: GEN 24:20. 
inu,,,,,,Freq: 71. Example: GEN 24:22. 
efa,,,,,,Freq: 71. Example: GEN 25:4. 
peva,,,,,,Freq: 71. Example: GEN 27:3. 
varamu,,,,,,Freq: 71. Example: GEN 49:22. 
lepra,,,,,,Freq: 71. Example: EXO 4:6. 
mari,,,,,,Freq: 71. Example: EXO 28:30. 
gima,,,,,,Freq: 71. Example: LEV 8:35. 
hahebua-tari,,,,,,Freq: 71. Example: 1CH 21:12. 
havaraiamu,,,,,,Freq: 71. Example: NEH 13:18. 
mara,,,,,,Freq: 70. Example: GEN 3:16. 
ohena,,,,,,Freq: 70. Example: GEN 6:16. 
padadiai,,,,,,Freq: 70. Example: GEN 10:12. 
edeheto,,,,,,Freq: 70. Example: GEN 12:19. 
habou,,,,,,Freq: 70. Example: GEN 15:10. 
matagu,,,,,,Freq: 70. Example: GEN 31:40. 
ḡovaia,,,,,,Freq: 70. Example: GEN 38:14. 
ara,,,,,,Freq: 70. Example: EXO 3:3. 
udumu,,,,,,Freq: 70. Example: EXO 4:12. 
hadibadia,,,,,,Freq: 70. Example: EXO 6:3. 
helaimu,,,,,,Freq: 70. Example: EXO 11:5. 
laloma,,,,,,Freq: 70. Example: EXO 28:26. 
ḡuḡuru,,,,,,Freq: 69. Example: GEN 2:1. 
oma,,,,,,Freq: 69. Example: GEN 3:19. 
larebaia,,,,,,Freq: 69. Example: GEN 8:20. 
sinahu-rua,,,,,,Freq: 69. Example: GEN 11:19. 
gwaua,,,,,,Freq: 69. Example: EXO 10:17. 
kwara,,,,,,Freq: 69. Example: EXO 28:4. 
iehu,,,,,,Freq: 69. Example: 1KI 16:1. 
maria,,,,,,Freq: 69. Example: MAT 1:16. 
sivaraidia,,,,,,Freq: 68. Example: GEN 6:4. 
gurina,,,,,,Freq: 68. Example: GEN 16:7. 
huri,,,,,,Freq: 68. Example: GEN 18:4. 
padadia,,,,,,Freq: 68. Example: GEN 32:16. 
ireḡuna,,,,,,Freq: 68. Example: GEN 39:5. 
dadidadi,,,,,,Freq: 68. Example: GEN 49:5. 
kwabukwabudia,,,,,,Freq: 68. Example: LEV 26:39. 
balaam,,,,,,Freq: 68. Example: NUM 22:5. 
auridia,,,,,,Freq: 68. Example: 1SA 13:20. 
roboadia,,,,,,Freq: 67. Example: GEN 4:4. 
hitu-ahui,,,,,,Freq: 67. Example: GEN 5:12. 
sinahu,,,,,,Freq: 67. Example: GEN 7:6. 
daigu,,,,,,Freq: 67. Example: GEN 17:4. 
hanaia,,,,,,Freq: 67. Example: GEN 18:11. 
midian,,,,,,Freq: 67. Example: GEN 25:2. 
goadadia,,,,,,Freq: 67. Example: GEN 30:41. 
kehere,,,,,,Freq: 67. Example: GEN 40:11. 
uro,,,,,,Freq: 67. Example: LEV 2:7. 
abnere,,,,,,Freq: 67. Example: 1SA 14:50. 
sedekia,,,,,,Freq: 67. Example: 1KI 22:11. 
selah,,,,,,Freq: 67. Example: PSA 3:2. 
suke,,,,,,Freq: 66. Example: GEN 3:7. 
rogorogo,,,,,,Freq: 66. Example: GEN 3:16. 
hadarerea,,,,,,Freq: 66. Example: GEN 4:7. 
hamomokania,,,,,,Freq: 66. Example: GEN 6:18. 
noga,,,,,,Freq: 66. Example: GEN 9:24. 
inaimu,,,,,,Freq: 66. Example: GEN 14:20. 
abimelek,,,,,,Freq: 66. Example: GEN 20:2. 
henanadai,,,,,,Freq: 66. Example: GEN 25:22. 
heuduguirai,,,,,,Freq: 66. Example: GEN 27:13. 
lalo-hisihisi,,,,,,Freq: 66. Example: GEN 35:18. 
dabaia,,,,,,Freq: 66. Example: GEN 37:23. 
nau,,,,,,Freq: 66. Example: EXO 16:16. 
asa,,,,,,Freq: 66. Example: 1KI 15:8. 
haridia,,,,,,Freq: 65. Example: GEN 1:4. 
ihahanina,,,,,,Freq: 65. Example: GEN 1:19. 
laḡa,,,,,,Freq: 65. Example: GEN 2:2. 
miava,,,,,,Freq: 65. Example: GEN 2:5. 
ilao-henina,,,,,,Freq: 65. Example: GEN 3:24. 
karoho,,,,,,Freq: 65. Example: GEN 10:18. 
edeede,,,,,,Freq: 65. Example: GEN 14:4. 
loḡora,,,,,,Freq: 65. Example: GEN 14:16. 
hakaugu,,,,,,Freq: 65. Example: GEN 24:7. 
herevalai,,,,,,Freq: 65. Example: GEN 28:15. 
heimodai,,,,,,Freq: 65. Example: GEN 29:35. 
kekeni,,,,,,Freq: 65. Example: GEN 30:21. 
henao,,,,,,Freq: 65. Example: GEN 30:33. 
henega,,,,,,Freq: 65. Example: GEN 37:18. 
dauha,,,,,,Freq: 65. Example: EXO 8:28. 
io,,,,,,Freq: 65. Example: NUM 25:7. 
pilato,,,,,,Freq: 65. Example: MAT 27:2. 
bavania,,,,,,Freq: 64. Example: GEN 2:17. 
mailai,,,,,,Freq: 64. Example: GEN 4:3. 
tauratoi-ahui,,,,,,Freq: 64. Example: GEN 5:15. 
daiutu,,,,,,Freq: 64. Example: GEN 6:14. 
kakana,,,,,,Freq: 64. Example: GEN 10:21. 
abram,,,,,,Freq: 64. Example: GEN 11:9. 
damasko,,,,,,Freq: 64. Example: GEN 14:15. 
iseda,,,,,,Freq: 64. Example: GEN 34:23. 
dabu,,,,,,Freq: 64. Example: GEN 41:31. 
dai-hanai,,,,,,Freq: 64. Example: EXO 5:3. 
ubu-ubu,,,,,,Freq: 64. Example: EXO 13:2. 
latamui,,,,,,Freq: 64. Example: EXO 32:29. 
maḡudia,,,,,,Freq: 64. Example: LEV 25:31. 
morodekai,,,,,,Freq: 64. Example: EZR 2:2. 
iobu,,,,,,Freq: 64. Example: JOB 1:1. 
imeana,,,,,,Freq: 63. Example: GEN 2:10. 
hunia,,,,,,Freq: 63. Example: GEN 4:14. 
gaga,,,,,,Freq: 63. Example: GEN 13:10. 
vairadia,,,,,,Freq: 63. Example: EXO 14:19. 
hahegari,,,,,,Freq: 63. Example: EXO 23:27. 
haniosi,,,,,,Freq: 63. Example: EXO 25:12. 
kara-dika,,,,,,Freq: 63. Example: EXO 34:7. 
turo,,,,,,Freq: 63. Example: JOS 19:29. 
samson,,,,,,Freq: 63. Example: JDG 13:24. 
dabumu,,,,,,Freq: 63. Example: 1SA 2:8. 
ravana,,,,,,Freq: 62. Example: GEN 7:7. 
doridia,,,,,,Freq: 62. Example: GEN 7:20. 
olive,,,,,,Freq: 62. Example: GEN 8:11. 
basiema,,,,,,Freq: 62. Example: GEN 17:14. 
rata,,,,,,Freq: 62. Example: GEN 18:8. 
ieriko,,,,,,Freq: 62. Example: NUM 22:1. 
hisiu,,,,,,Freq: 61. Example: GEN 1:16. 
daua,,,,,,Freq: 61. Example: GEN 3:3. 
komu,,,,,,Freq: 61. Example: GEN 3:8. 
garamu,,,,,,Freq: 61. Example: GEN 3:15. 
latana,,,,,,Freq: 61. Example: GEN 6:15. 
hanamomu,,,,,,Freq: 61. Example: GEN 12:2. 
noimumu,,,,,,Freq: 61. Example: GEN 16:2. 
ḡahu,,,,,,Freq: 61. Example: GEN 18:27. 
gariva,,,,,,Freq: 61. Example: GEN 19:30. 
loulou,,,,,,Freq: 61. Example: GEN 24:20. 
basia,,,,,,Freq: 61. Example: GEN 24:50. 
nama,,,,,,Freq: 61. Example: GEN 30:30. 
hamiroa,,,,,,Freq: 61. Example: GEN 37:31. 
korikorina,,,,,,Freq: 61. Example: EXO 5:14. 
keto,,,,,,Freq: 61. Example: LEV 26:36. 
basan,,,,,,Freq: 61. Example: NUM 21:33. 
ava,,,,,,Freq: 60. Example: GEN 1:11. 
kekero,,,,,,Freq: 60. Example: GEN 9:21. 
taora,,,,,,Freq: 60. Example: GEN 11:2. 
hiti,,,,,,Freq: 60. Example: GEN 15:20. 
hituosi,,,,,,Freq: 60. Example: GEN 21:30. 
bavatoa,,,,,,Freq: 60. Example: GEN 24:2. 
kahudia,,,,,,Freq: 60. Example: GEN 24:59. 
kakakakana,,,,,,Freq: 60. Example: GEN 25:30. 
ihadikadia,,,,,,Freq: 60. Example: EXO 5:19. 
gohu,,,,,,Freq: 60. Example: EXO 7:19. 
tau-anidia,,,,,,Freq: 60. Example: LEV 11:25. 
nebukadnesara,,,,,,Freq: 60. Example: 2KI 24:1. 
kopidia,,,,,,Freq: 59. Example: GEN 3:21. 
noa,,,,,,Freq: 59. Example: GEN 5:29. 
dokodia,,,,,,Freq: 59. Example: GEN 6:13. 
kehoa,,,,,,Freq: 59. Example: GEN 8:6. 
heatolaia,,,,,,Freq: 59. Example: GEN 12:15. 
kamelo,,,,,,Freq: 59. Example: GEN 12:16. 
dadi,,,,,,Freq: 59. Example: GEN 14:11. 
ismael,,,,,,Freq: 59. Example: GEN 16:11. 
taurahani,,,,,,Freq: 59. Example: GEN 17:12. 
rani,,,,,,Freq: 59. Example: GEN 19:2. 
hahelao,,,,,,Freq: 59. Example: GEN 19:26. 
reana,,,,,,Freq: 59. Example: GEN 24:5. 
seia,,,,,,Freq: 59. Example: GEN 24:18. 
hitolo,,,,,,Freq: 59. Example: GEN 41:36. 
bali,,,,,,Freq: 59. Example: EXO 9:31. 
roho-mauri,,,,,,Freq: 59. Example: NUM 35:6. 
hedinaraimu,,,,,,Freq: 59. Example: DEU 26:3. 
sadok,,,,,,Freq: 59. Example: 2SA 8:17. 
i,,,,,,Freq: 58. Example: GEN 6:2. 
laurabada,,,,,,Freq: 58. Example: EXO 10:13. 
hahetohoa,,,,,,Freq: 58. Example: EXO 16:18. 
hahebade,,,,,,Freq: 58. Example: EXO 23:1. 
taubu,,,,,,Freq: 58. Example: LEV 5:2. 
iosia,,,,,,Freq: 58. Example: 1KI 13:2. 
toadia,,,,,,Freq: 57. Example: GEN 1:14. 
halaomu,,,,,,Freq: 57. Example: GEN 12:2. 
bogaragina,,,,,,Freq: 57. Example: GEN 15:14. 
bamodia,,,,,,Freq: 57. Example: GEN 18:16. 
raraia,,,,,,Freq: 57. Example: GEN 24:21. 
laban,,,,,,Freq: 57. Example: GEN 24:29. 
aonegana,,,,,,Freq: 57. Example: GEN 25:27. 
hanohodia,,,,,,Freq: 57. Example: LEV 23:43. 
amen,,,,,,Freq: 57. Example: NUM 5:22. 
gideon,,,,,,Freq: 57. Example: JDG 6:10. 
isaia,,,,,,Freq: 57. Example: 2KI 19:2. 
adavamu,,,,,,Freq: 56. Example: GEN 3:16. 
tubuna,,,,,,Freq: 56. Example: GEN 11:31. 
gogo,,,,,,Freq: 56. Example: GEN 31:46. 
heniva,,,,,,Freq: 56. Example: GEN 35:8. 
naria,,,,,,Freq: 56. Example: GEN 43:9. 
kohuna,,,,,,Freq: 56. Example: EXO 25:39. 
hegwau,,,,,,Freq: 56. Example: LEV 4:20. 
ha-oredia,,,,,,Freq: 56. Example: LEV 26:6. 
inaina,,,,,,Freq: 56. Example: NUM 24:8. 
bani,,,,,,Freq: 56. Example: NUM 35:20. 
aegu,,,,,,Freq: 56. Example: DEU 2:28. 
ḡuidia,,,,,,Freq: 56. Example: JDG 15:4. 
eseta,,,,,,Freq: 56. Example: EST 2:7. 
gabeamo,,,,,,Freq: 55. Example: GEN 10:18. 
heai,,,,,,Freq: 55. Example: GEN 13:7. 
kohua,,,,,,Freq: 55. Example: GEN 19:30. 
herahera,,,,,,Freq: 55. Example: GEN 24:53. 
tahoa,,,,,,Freq: 55. Example: GEN 37:22. 
boga,,,,,,Freq: 55. Example: GEN 49:5. 
noho-hedoa,,,,,,Freq: 55. Example: EXO 2:22. 
badidia,,,,,,Freq: 55. Example: EXO 27:10. 
moalelaiamu,,,,,,Freq: 55. Example: 1SA 2:1. 
satana,,,,,,Freq: 55. Example: 1CH 21:1. 
dika-rohorohodia,,,,,,Freq: 55. Example: PRO 26:25. 
gaigai,,,,,,Freq: 54. Example: GEN 3:1. 
ginimu,,,,,,Freq: 54. Example: GEN 3:3. 
laoa,,,,,,Freq: 54. Example: GEN 3:24. 
basinama,,,,,,Freq: 54. Example: GEN 4:7. 
kahira,,,,,,Freq: 54. Example: GEN 12:11. 
mikamika,,,,,,Freq: 54. Example: GEN 14:18. 
abigu,,,,,,Freq: 54. Example: GEN 24:7. 
namo-hereadia,,,,,,Freq: 54. Example: GEN 24:53. 
napatali,,,,,,Freq: 54. Example: GEN 30:8. 
hadai,,,,,,Freq: 54. Example: GEN 33:17. 
hata,,,,,,Freq: 54. Example: GEN 41:19. 
flaoana,,,,,,Freq: 54. Example: EXO 12:15. 
aradia,,,,,,Freq: 54. Example: EXO 15:7. 
duahia,,,,,,Freq: 54. Example: EXO 24:7. 
hairaidia,,,,,,Freq: 54. Example: EXO 28:40. 
bibinadia,,,,,,Freq: 54. Example: DEU 23:23. 
asaria,,,,,,Freq: 54. Example: 1KI 4:2. 
hahonua,,,,,,Freq: 53. Example: GEN 1:28. 
sidono,,,,,,Freq: 53. Example: GEN 10:15. 
hatubua,,,,,,Freq: 53. Example: GEN 19:3. 
patapata,,,,,,Freq: 53. Example: GEN 19:9. 
bamomu,,,,,,Freq: 53. Example: GEN 24:8. 
vaḡeḡe,,,,,,Freq: 53. Example: GEN 26:14. 
vanahana,,,,,,Freq: 53. Example: GEN 27:30. 
simeon,,,,,,Freq: 53. Example: GEN 29:33. 
bubua,,,,,,Freq: 53. Example: GEN 42:35. 
kahua,,,,,,Freq: 53. Example: GEN 42:38. 
piua,,,,,,Freq: 53. Example: GEN 45:16. 
uduguiraia,,,,,,Freq: 53. Example: EXO 21:17. 
tahudia,,,,,,Freq: 53. Example: LEV 16:8. 
diarina,,,,,,Freq: 53. Example: NUM 6:25. 
murigu,,,,,,Freq: 53. Example: JDG 3:28. 
rehoboam,,,,,,Freq: 53. Example: 1KI 11:43. 
hamana,,,,,,Freq: 53. Example: EST 3:1. 
ita-itana,,,,,,Freq: 52. Example: GEN 3:6. 
hahitu,,,,,,Freq: 52. Example: GEN 4:15. 
matauraia,,,,,,Freq: 52. Example: GEN 16:4. 
bogagu,,,,,,Freq: 52. Example: GEN 19:19. 
lahina,,,,,,Freq: 52. Example: GEN 22:3. 
dibamai,,,,,,Freq: 52. Example: GEN 29:5. 
sebulun,,,,,,Freq: 52. Example: GEN 30:20. 
rakatanigu,,,,,,Freq: 52. Example: GEN 44:28. 
taiana,,,,,,Freq: 52. Example: EXO 4:11. 
laloamu,,,,,,Freq: 52. Example: EXO 6:5. 
muramurana,,,,,,Freq: 52. Example: EXO 12:15. 
abimui,,,,,,Freq: 52. Example: EXO 19:4. 
nahuamui,,,,,,Freq: 52. Example: EXO 19:12. 
laulauna,,,,,,Freq: 52. Example: EXO 20:4. 
gwau-edeede,,,,,,Freq: 52. Example: LEV 26:13. 
vareaimu,,,,,,Freq: 52. Example: DEU 8:7. 
paka,,,,,,Freq: 52. Example: DEU 21:1. 
gibea,,,,,,Freq: 52. Example: JOS 15:57. 
hatorea,,,,,,Freq: 52. Example: 2SA 12:17. 
kaukauna,,,,,,Freq: 51. Example: GEN 1:9. 
igimana,,,,,,Freq: 51. Example: GEN 4:9. 
daradara,,,,,,Freq: 51. Example: GEN 11:9. 
idiba,,,,,,Freq: 51. Example: GEN 13:9. 
tataudia,,,,,,Freq: 51. Example: GEN 17:23. 
digarana,,,,,,Freq: 51. Example: GEN 18:7. 
monidia,,,,,,Freq: 51. Example: GEN 20:16. 
ene,,,,,,Freq: 51. Example: GEN 21:29. 
ihanamona,,,,,,Freq: 51. Example: GEN 24:49. 
huidia,,,,,,Freq: 51. Example: GEN 31:19. 
davari,,,,,,Freq: 51. Example: GEN 42:35. 
hadibalaidia,,,,,,Freq: 51. Example: EXO 18:20. 
heude-heude,,,,,,Freq: 51. Example: JDG 5:4. 
sekaria,,,,,,Freq: 51. Example: 2KI 14:29. 
dobimu,,,,,,Freq: 51. Example: JOB 14:18. 
koudia,,,,,,Freq: 50. Example: GEN 7:16. 
garadia,,,,,,Freq: 50. Example: GEN 10:1. 
hakarohodia,,,,,,Freq: 50. Example: GEN 11:8. 
badibadidiai,,,,,,Freq: 50. Example: GEN 18:8. 
maoromaorodia,,,,,,Freq: 50. Example: GEN 18:19. 
turana,,,,,,Freq: 50. Example: GEN 26:26. 
kahikahi,,,,,,Freq: 50. Example: GEN 27:41. 
matamaia,,,,,,Freq: 50. Example: GEN 44:12. 
latamu,,,,,,Freq: 50. Example: EXO 8:4. 
hosi-gui,,,,,,Freq: 50. Example: EXO 14:17. 
oremu,,,,,,Freq: 50. Example: EXO 15:7. 
hekei,,,,,,Freq: 50. Example: EXO 19:14. 
taravatudia,,,,,,Freq: 50. Example: EXO 21:1. 
hidiodia,,,,,,Freq: 50. Example: LEV 7:15. 
duanaidia,,,,,,Freq: 50. Example: NUM 1:50. 
raka-vareaina,,,,,,Freq: 50. Example: JOS 13:5. 
iudea,,,,,,Freq: 50. Example: 2SA 5:5. 
iehoiada,,,,,,Freq: 50. Example: 2SA 8:18. 
ha-orea,,,,,,Freq: 50. Example: 2SA 14:7. 
heuda-hanai,,,,,,Freq: 50. Example: JOB 24:15. 
taihuna,,,,,,Freq: 49. Example: GEN 4:22. 
amalek,,,,,,Freq: 49. Example: GEN 14:7. 
buruka,,,,,,Freq: 49. Example: GEN 18:11. 
gwau-hamata,,,,,,Freq: 49. Example: GEN 21:1. 
haḡuḡurua,,,,,,Freq: 49. Example: GEN 43:10. 
heuda,,,,,,Freq: 49. Example: GEN 43:21. 
hereaia,,,,,,Freq: 49. Example: GEN 48:19. 
bada-ranuna,,,,,,Freq: 49. Example: EXO 3:8. 
lalo-namo,,,,,,Freq: 49. Example: EXO 33:13. 
urava,,,,,,Freq: 49. Example: EXO 36:2. 
sisina,,,,,,Freq: 49. Example: LEV 13:3. 
imeadia,,,,,,Freq: 49. Example: NUM 16:14. 
louloumu,,,,,,Freq: 49. Example: NUM 29:11. 
herod,,,,,,Freq: 49. Example: MAT 2:1. 
ranudia,,,,,,Freq: 48. Example: GEN 1:7. 
aitala,,,,,,Freq: 48. Example: GEN 4:8. 
sinahu-toi,,,,,,Freq: 48. Example: GEN 5:22. 
haraḡa-haraḡa,,,,,,Freq: 48. Example: GEN 18:7. 
ḡuria,,,,,,Freq: 48. Example: GEN 20:17. 
rahela,,,,,,Freq: 48. Example: GEN 29:6. 
asere,,,,,,Freq: 48. Example: GEN 30:13. 
nala,,,,,,Freq: 48. Example: GEN 32:10. 
hoi,,,,,,Freq: 48. Example: GEN 41:57. 
manoka,,,,,,Freq: 48. Example: GEN 42:9. 
haloua,,,,,,Freq: 48. Example: GEN 42:28. 
diravadia,,,,,,Freq: 48. Example: EXO 12:12. 
dadaraidia,,,,,,Freq: 48. Example: EXO 16:28. 
taboro,,,,,,Freq: 48. Example: EXO 22:29. 
mata-kepulu,,,,,,Freq: 48. Example: LEV 19:14. 
kunu,,,,,,Freq: 48. Example: LEV 25:19. 
iesrele,,,,,,Freq: 48. Example: JOS 15:56. 
iese,,,,,,Freq: 48. Example: RUT 4:17. 
helene,,,,,,Freq: 48. Example: PSA 11:6. 
bapatiso,,,,,,Freq: 48. Example: MAT 3:1. 
gitara,,,,,,Freq: 47. Example: GEN 4:21. 
sodoma,,,,,,Freq: 47. Example: GEN 10:19. 
dogoa,,,,,,Freq: 47. Example: GEN 21:18. 
basiola,,,,,,Freq: 47. Example: GEN 24:8. 
hodu,,,,,,Freq: 47. Example: GEN 24:14. 
metaudia,,,,,,Freq: 47. Example: GEN 24:22. 
tubumu,,,,,,Freq: 47. Example: GEN 28:2. 
hahemaraia,,,,,,Freq: 47. Example: GEN 34:5. 
ruhaia,,,,,,Freq: 47. Example: GEN 43:14. 
taimu,,,,,,Freq: 47. Example: EXO 3:7. 
mea,,,,,,Freq: 47. Example: EXO 7:11. 
koro,,,,,,Freq: 47. Example: EXO 25:18. 
tataia,,,,,,Freq: 47. Example: LEV 4:2. 
inaimui,,,,,,Freq: 47. Example: LEV 26:7. 
basileiadia,,,,,,Freq: 47. Example: DEU 3:21. 
benaia,,,,,,Freq: 47. Example: DEU 19:12. 
gibeon,,,,,,Freq: 47. Example: JOS 9:3. 
tax,,,,,,Freq: 47. Example: 1SA 17:25. 
toretore,,,,,,Freq: 47. Example: 2SA 8:17. 
vanaḡi,,,,,,Freq: 47. Example: ISA 33:21. 
serina,,,,,,Freq: 46. Example: GEN 4:4. 
ulatodia,,,,,,Freq: 46. Example: GEN 6:2. 
muri,,,,,,Freq: 46. Example: GEN 9:23. 
gohuna,,,,,,Freq: 46. Example: GEN 14:3. 
biagugu,,,,,,Freq: 46. Example: GEN 16:8. 
siahu-idoinai,,,,,,Freq: 46. Example: GEN 28:3. 
taiadia,,,,,,Freq: 46. Example: GEN 35:4. 
betelehem,,,,,,Freq: 46. Example: GEN 35:19. 
baoma,,,,,,Freq: 46. Example: GEN 37:14. 
boiboi,,,,,,Freq: 46. Example: GEN 41:43. 
monina,,,,,,Freq: 46. Example: GEN 44:2. 
kohat,,,,,,Freq: 46. Example: GEN 46:11. 
aemu,,,,,,Freq: 46. Example: EXO 3:5. 
simei,,,,,,Freq: 46. Example: EXO 6:17. 
tahodia,,,,,,Freq: 46. Example: EXO 15:1. 
hanidia,,,,,,Freq: 46. Example: EXO 19:4. 
hodoa,,,,,,Freq: 46. Example: EXO 19:13. 
ihareha,,,,,,Freq: 46. Example: EXO 22:22. 
ḡovadia,,,,,,Freq: 46. Example: EXO 25:13. 
lababa,,,,,,Freq: 46. Example: EXO 25:17. 
doa,,,,,,Freq: 46. Example: EXO 27:2. 
dagina,,,,,,Freq: 46. Example: EXO 29:9. 
laumadia,,,,,,Freq: 46. Example: EXO 35:21. 
mirona,,,,,,Freq: 46. Example: LEV 5:2. 
gimaia,,,,,,Freq: 46. Example: NUM 1:50. 
matauraiamu,,,,,,Freq: 46. Example: NUM 15:30. 
harorolai,,,,,,Freq: 46. Example: DEU 1:1. 
hanaimu,,,,,,Freq: 46. Example: 2SA 5:24. 
daiutudia,,,,,,Freq: 46. Example: 1KI 6:5. 
hasatauroa,,,,,,Freq: 46. Example: MAT 20:19. 
oromana,,,,,,Freq: 45. Example: GEN 1:2. 
bamogu,,,,,,Freq: 45. Example: GEN 3:12. 
haḡerea,,,,,,Freq: 45. Example: GEN 4:4. 
adavagu,,,,,,Freq: 45. Example: GEN 4:23. 
iebusu,,,,,,Freq: 45. Example: GEN 10:16. 
tamamai,,,,,,Freq: 45. Example: GEN 20:12. 
maurina,,,,,,Freq: 45. Example: GEN 25:6. 
sinamu,,,,,,Freq: 45. Example: GEN 27:29. 
hamaoromu,,,,,,Freq: 45. Example: GEN 31:16. 
rigina,,,,,,Freq: 45. Example: GEN 40:10. 
kudoudia,,,,,,Freq: 45. Example: GEN 42:28. 
rerue,,,,,,Freq: 45. Example: GEN 45:19. 
digu,,,,,,Freq: 45. Example: EXO 2:5. 
kwadi,,,,,,Freq: 45. Example: EXO 10:4. 
hekaha,,,,,,Freq: 45. Example: EXO 18:4. 
ane-abi,,,,,,Freq: 45. Example: 1KI 10:12. 
koikoimu,,,,,,Freq: 45. Example: 1KI 14:6. 
sisigadia,,,,,,Freq: 45. Example: 1KI 14:19. 
dibada,,,,,,Freq: 45. Example: 2KI 7:13. 
boroma,,,,,,Freq: 44. Example: GEN 6:7. 
dihova,,,,,,Freq: 44. Example: GEN 7:12. 
daimu,,,,,,Freq: 44. Example: GEN 12:3. 
hanamoamu,,,,,,Freq: 44. Example: GEN 17:20. 
helaiva,,,,,,Freq: 44. Example: GEN 18:1. 
hado,,,,,,Freq: 44. Example: GEN 26:12. 
lolololo,,,,,,Freq: 44. Example: GEN 27:34. 
isakara,,,,,,Freq: 44. Example: GEN 30:18. 
gabedia,,,,,,Freq: 44. Example: GEN 30:33. 
matamatadia,,,,,,Freq: 44. Example: GEN 30:37. 
hururu-hururuna,,,,,,Freq: 44. Example: EXO 3:2. 
hetoa,,,,,,Freq: 44. Example: EXO 19:12. 
ḡiniḡini,,,,,,Freq: 44. Example: EXO 22:6. 
herevalaidia,,,,,,Freq: 44. Example: EXO 23:13. 
heato,,,,,,Freq: 44. Example: EXO 26:19. 
ḡiḡia,,,,,,Freq: 44. Example: EXO 32:20. 
balak,,,,,,Freq: 44. Example: NUM 22:2. 
doua,,,,,,Freq: 44. Example: JOS 6:24. 
duanaia,,,,,,Freq: 44. Example: JOS 7:14. 
mika,,,,,,Freq: 44. Example: JDG 17:1. 
ahasia,,,,,,Freq: 44. Example: 1KI 22:40. 
ahasa,,,,,,Freq: 44. Example: 2KI 15:38. 
tatoi,,,,,,Freq: 43. Example: GEN 6:10. 
ibouboudiai,,,,,,Freq: 43. Example: GEN 7:15. 
iduaradia,,,,,,Freq: 43. Example: GEN 8:2. 
pune,,,,,,Freq: 43. Example: GEN 8:8. 
keru,,,,,,Freq: 43. Example: GEN 8:22. 
gabeai,,,,,,Freq: 43. Example: GEN 11:6. 
laodia,,,,,,Freq: 43. Example: GEN 11:6. 
peritomedia,,,,,,Freq: 43. Example: GEN 17:10. 
itagu,,,,,,Freq: 43. Example: GEN 19:19. 
baiama,,,,,,Freq: 43. Example: GEN 24:5. 
guridia,,,,,,Freq: 43. Example: GEN 26:15. 
latagu,,,,,,Freq: 43. Example: GEN 27:13. 
hegogo,,,,,,Freq: 43. Example: GEN 29:3. 
hasinadoa,,,,,,Freq: 43. Example: GEN 42:9. 
hamaurimui,,,,,,Freq: 43. Example: GEN 45:7. 
kara-rea,,,,,,Freq: 43. Example: LEV 4:3. 
reaia,,,,,,Freq: 43. Example: LEV 26:44. 
tauda,,,,,,Freq: 43. Example: NUM 32:4. 
ikoukoudia,,,,,,Freq: 43. Example: DEU 3:5. 
sinagu,,,,,,Freq: 43. Example: JOS 2:13. 
idoa,,,,,,Freq: 43. Example: JOS 23:13. 
semaia,,,,,,Freq: 43. Example: 1KI 12:22. 
amasia,,,,,,Freq: 43. Example: 2KI 12:21. 
henu,,,,,,Freq: 42. Example: GEN 1:7. 
iha-imana,,,,,,Freq: 42. Example: GEN 1:23. 
gadodia,,,,,,Freq: 42. Example: GEN 2:23. 
ihavarana,,,,,,Freq: 42. Example: GEN 3:6. 
sinahu-tauratoi,,,,,,Freq: 42. Example: GEN 8:13. 
havahua,,,,,,Freq: 42. Example: GEN 14:7. 
hadikadia,,,,,,Freq: 42. Example: GEN 19:8. 
maoromaorona,,,,,,Freq: 42. Example: GEN 20:5. 
rigi,,,,,,Freq: 42. Example: GEN 30:38. 
mispa,,,,,,Freq: 42. Example: GEN 31:49. 
daidia,,,,,,Freq: 42. Example: GEN 33:5. 
kahira-kahira,,,,,,Freq: 42. Example: GEN 38:27. 
une,,,,,,Freq: 42. Example: GEN 41:31. 
dudui,,,,,,Freq: 42. Example: EXO 17:12. 
rea,,,,,,Freq: 42. Example: EXO 23:21. 
bebeka-bebekana,,,,,,Freq: 42. Example: LEV 1:3. 
varavarada,,,,,,Freq: 42. Example: DEU 2:8. 
seneda,,,,,,Freq: 42. Example: DEU 6:23. 
gilgal,,,,,,Freq: 42. Example: JOS 4:19. 
gata,,,,,,Freq: 42. Example: JOS 11:22. 
ioasa,,,,,,Freq: 42. Example: JDG 6:11. 
natan,,,,,,Freq: 42. Example: 2SA 5:14. 
honumu,,,,,,Freq: 42. Example: JOB 14:1. 
heatu,,,,,,Freq: 41. Example: GEN 4:8. 
verina,,,,,,Freq: 41. Example: GEN 6:2. 
bamoa,,,,,,Freq: 41. Example: GEN 13:5. 
muridia,,,,,,Freq: 41. Example: GEN 14:14. 
maorona,,,,,,Freq: 41. Example: GEN 15:6. 
tubua,,,,,,Freq: 41. Example: GEN 18:1. 
siahudia,,,,,,Freq: 41. Example: GEN 19:24. 
lailaia,,,,,,Freq: 41. Example: GEN 24:31. 
moalemu,,,,,,Freq: 41. Example: GEN 30:13. 
ege,,,,,,Freq: 41. Example: GEN 37:25. 
uhe,,,,,,Freq: 41. Example: GEN 47:19. 
hehunidia,,,,,,Freq: 41. Example: GEN 49:5. 
hamaurimu,,,,,,Freq: 41. Example: EXO 9:16. 
hedibaḡani,,,,,,Freq: 41. Example: EXO 17:7. 
habadelaia,,,,,,Freq: 41. Example: EXO 20:16. 
rimono,,,,,,Freq: 41. Example: EXO 28:33. 
ḡaukarana,,,,,,Freq: 41. Example: EXO 36:3. 
tata,,,,,,Freq: 41. Example: LEV 4:13. 
loumu,,,,,,Freq: 41. Example: LEV 11:4. 
kaleb,,,,,,Freq: 41. Example: NUM 13:6. 
daha-hani,,,,,,Freq: 41. Example: NUM 16:49. 
hehunina,,,,,,Freq: 41. Example: DEU 27:15. 
dadaraiamu,,,,,,Freq: 41. Example: DEU 27:15. 
harorolaia,,,,,,Freq: 41. Example: PSA 2:7. 
durua,,,,,,Freq: 40. Example: GEN 2:20. 
mia-hanaihanai,,,,,,Freq: 40. Example: GEN 9:16. 
varona,,,,,,Freq: 40. Example: GEN 14:23. 
amu,,,,,,Freq: 40. Example: GEN 19:28. 
doana,,,,,,Freq: 40. Example: GEN 22:13. 
hadibagu,,,,,,Freq: 40. Example: GEN 31:27. 
unuhetomadia,,,,,,Freq: 40. Example: GEN 41:19. 
hora,,,,,,Freq: 40. Example: EXO 9:18. 
tohoa,,,,,,Freq: 40. Example: EXO 10:28. 
karoaia,,,,,,Freq: 40. Example: LEV 5:11. 
iḡuidia,,,,,,Freq: 40. Example: LEV 10:6. 
hiriria,,,,,,Freq: 40. Example: LEV 25:9. 
gwarume,,,,,,Freq: 40. Example: NUM 11:5. 
goada-herea,,,,,,Freq: 40. Example: JDG 6:12. 
anivaga,,,,,,Freq: 40. Example: 1SA 7:6. 
badinaiamu,,,,,,Freq: 40. Example: 1KI 8:23. 
bania,,,,,,Freq: 40. Example: 2CH 34:8. 
adam,,,,,,Freq: 39. Example: GEN 2:3. 
hadoa,,,,,,Freq: 39. Example: GEN 9:20. 
hamat,,,,,,Freq: 39. Example: GEN 10:18. 
seiri,,,,,,Freq: 39. Example: GEN 14:6. 
ulato,,,,,,Freq: 39. Example: GEN 19:8. 
halahe,,,,,,Freq: 39. Example: GEN 19:16. 
butudia,,,,,,Freq: 39. Example: GEN 20:8. 
tadikakamu,,,,,,Freq: 39. Example: GEN 27:29. 
koia,,,,,,Freq: 39. Example: GEN 30:24. 
ihanamodia,,,,,,Freq: 39. Example: GEN 31:43. 
ihanamolaina,,,,,,Freq: 39. Example: GEN 31:54. 
peritome,,,,,,Freq: 39. Example: GEN 34:17. 
heautania,,,,,,Freq: 39. Example: GEN 35:1. 
bosea,,,,,,Freq: 39. Example: GEN 40:18. 
hereamu,,,,,,Freq: 39. Example: GEN 41:40. 
ubudia,,,,,,Freq: 39. Example: GEN 43:24. 
merari,,,,,,Freq: 39. Example: GEN 46:11. 
sinai,,,,,,Freq: 39. Example: EXO 16:1. 
utudia,,,,,,Freq: 39. Example: EXO 34:4. 
uraheni,,,,,,Freq: 39. Example: EXO 34:6. 
rohea,,,,,,Freq: 39. Example: EXO 35:31. 
hanina,,,,,,Freq: 39. Example: LEV 1:17. 
gida,,,,,,Freq: 39. Example: LEV 10:1. 
sihon,,,,,,Freq: 39. Example: NUM 21:20. 
kavamu,,,,,,Freq: 39. Example: JDG 12:4. 
eli,,,,,,Freq: 39. Example: 1SA 1:3. 
magu,,,,,,Freq: 39. Example: 2SA 11:21. 
parasa,,,,,,Freq: 39. Example: 1CH 29:7. 
filipo,,,,,,Freq: 39. Example: MAT 10:3. 
etiopia,,,,,,Freq: 38. Example: GEN 2:13. 
turiana,,,,,,Freq: 38. Example: GEN 2:21. 
hidiona,,,,,,Freq: 38. Example: GEN 2:23. 
harana,,,,,,Freq: 38. Example: GEN 6:15. 
raro,,,,,,Freq: 38. Example: GEN 11:3. 
senena,,,,,,Freq: 38. Example: GEN 11:9. 
sara,,,,,,Freq: 38. Example: GEN 17:15. 
ihataurahanina,,,,,,Freq: 38. Example: GEN 21:4. 
abi-hidi,,,,,,Freq: 38. Example: GEN 24:14. 
ḡavaia,,,,,,Freq: 38. Example: GEN 31:23. 
haheḡoeva,,,,,,Freq: 38. Example: GEN 35:2. 
kora,,,,,,Freq: 38. Example: GEN 36:5. 
gereson,,,,,,Freq: 38. Example: GEN 46:11. 
sisia,,,,,,Freq: 38. Example: EXO 11:7. 
tutuka-tutuka,,,,,,Freq: 38. Example: EXO 14:13. 
heloḡo-heloḡo,,,,,,Freq: 38. Example: EXO 32:17. 
igimadia,,,,,,Freq: 38. Example: NUM 14:9. 
hesebon,,,,,,Freq: 38. Example: NUM 21:25. 
puki,,,,,,Freq: 38. Example: JDG 6:21. 
hatai-hatai,,,,,,Freq: 38. Example: 1SA 10:5. 
havava,,,,,,Freq: 38. Example: 2SA 1:10. 
dibaka,,,,,,Freq: 38. Example: 2SA 11:16. 
hilkia,,,,,,Freq: 38. Example: 2KI 18:18. 
iehoiakim,,,,,,Freq: 38. Example: 2KI 23:34. 
abiabiraia,,,,,,Freq: 38. Example: PSA 78:22. 
biru,,,,,,Freq: 37. Example: GEN 2:15. 
matamui,,,,,,Freq: 37. Example: GEN 3:5. 
ona,,,,,,Freq: 37. Example: GEN 7:5. 
sela,,,,,,Freq: 37. Example: GEN 10:24. 
sinahu-hani,,,,,,Freq: 37. Example: GEN 11:13. 
varavara,,,,,,Freq: 37. Example: GEN 13:8. 
lalomai,,,,,,Freq: 37. Example: GEN 26:28. 
iutuna,,,,,,Freq: 37. Example: GEN 30:14. 
baitala,,,,,,Freq: 37. Example: GEN 34:16. 
heḡaeḡaelaia,,,,,,Freq: 37. Example: GEN 46:29. 
imodaimu,,,,,,Freq: 37. Example: GEN 47:25. 
hekara,,,,,,Freq: 37. Example: EXO 8:10. 
kahu,,,,,,Freq: 37. Example: EXO 9:9. 
duduia,,,,,,Freq: 37. Example: EXO 9:22. 
gageva-gageva,,,,,,Freq: 37. Example: EXO 18:21. 
hekou,,,,,,Freq: 37. Example: EXO 27:8. 
iahi,,,,,,Freq: 37. Example: LEV 4:12. 
tano-ḡaḡaena,,,,,,Freq: 37. Example: LEV 7:38. 
rama,,,,,,Freq: 37. Example: JOS 18:25. 
domaga-ta,,,,,,Freq: 37. Example: JDG 8:10. 
dibaia,,,,,,Freq: 37. Example: JDG 19:22. 
uria,,,,,,Freq: 37. Example: 2SA 11:3. 
laloda,,,,,,Freq: 37. Example: 1KI 8:58. 
hahemaraidia,,,,,,Freq: 37. Example: JOB 40:11. 
raumu,,,,,,Freq: 36. Example: GEN 1:24. 
ihatauratoina,,,,,,Freq: 36. Example: GEN 1:31. 
papa,,,,,,Freq: 36. Example: GEN 3:5. 
hahanea,,,,,,Freq: 36. Example: GEN 4:26. 
eredia,,,,,,Freq: 36. Example: GEN 11:1. 
lot,,,,,,Freq: 36. Example: GEN 11:27. 
karagu,,,,,,Freq: 36. Example: GEN 12:18. 
darere,,,,,,Freq: 36. Example: GEN 14:10. 
rebeka,,,,,,Freq: 36. Example: GEN 22:23. 
tadikakadia,,,,,,Freq: 36. Example: GEN 25:18. 
gaba,,,,,,Freq: 36. Example: GEN 31:27. 
kohorona,,,,,,Freq: 36. Example: GEN 31:49. 
ihadikagu,,,,,,Freq: 36. Example: GEN 31:52. 
hamaorolaimui,,,,,,Freq: 36. Example: GEN 37:6. 
babalau,,,,,,Freq: 36. Example: GEN 41:8. 
ḡuia,,,,,,Freq: 36. Example: GEN 42:24. 
senemai,,,,,,Freq: 36. Example: GEN 46:34. 
nariamu,,,,,,Freq: 36. Example: GEN 49:18. 
gwaudia,,,,,,Freq: 36. Example: EXO 2:19. 
ginigini,,,,,,Freq: 36. Example: EXO 3:2. 
haba,,,,,,Freq: 36. Example: EXO 14:22. 
ḡeḡea,,,,,,Freq: 36. Example: EXO 19:12. 
matauraidia,,,,,,Freq: 36. Example: EXO 20:12. 
ḡiḡidia,,,,,,Freq: 36. Example: EXO 23:24. 
kakakakadia,,,,,,Freq: 36. Example: EXO 25:4. 
isedia,,,,,,Freq: 36. Example: EXO 26:6. 
hairaimu,,,,,,Freq: 36. Example: EXO 33:18. 
rohe,,,,,,Freq: 36. Example: LEV 19:31. 
halaoamu,,,,,,Freq: 36. Example: LEV 27:11. 
moia,,,,,,Freq: 36. Example: DEU 1:36. 
momokanina,,,,,,Freq: 36. Example: DEU 25:13. 
rakava,,,,,,Freq: 36. Example: DEU 33:3. 
hekida,,,,,,Freq: 36. Example: JDG 5:27. 
nadi-gini,,,,,,Freq: 36. Example: 1SA 2:2. 
sene,,,,,,Freq: 36. Example: 1SA 14:4. 
ḡaunaia,,,,,,Freq: 36. Example: 1KI 8:36. 
hahemanau,,,,,,Freq: 36. Example: 2KI 22:19. 
gadobada,,,,,,Freq: 35. Example: GEN 1:2. 
aine,,,,,,Freq: 35. Example: GEN 1:3. 
abata,,,,,,Freq: 35. Example: GEN 7:11. 
ihagwautana,,,,,,Freq: 35. Example: GEN 8:5. 
ariarana,,,,,,Freq: 35. Example: GEN 10:11. 
hahisidia,,,,,,Freq: 35. Example: GEN 12:17. 
tamaka,,,,,,Freq: 35. Example: GEN 14:23. 
gabe,,,,,,Freq: 35. Example: GEN 34:23. 
hanamomui,,,,,,Freq: 35. Example: GEN 48:20. 
geda,,,,,,Freq: 35. Example: GEN 49:4. 
ha-aukadia,,,,,,Freq: 35. Example: GEN 49:24. 
hahidaosi,,,,,,Freq: 35. Example: EXO 9:19. 
masemase,,,,,,Freq: 35. Example: EXO 10:20. 
anianina,,,,,,Freq: 35. Example: EXO 16:32. 
ihenina,,,,,,Freq: 35. Example: EXO 21:10. 
lada,,,,,,Freq: 35. Example: EXO 28:10. 
varodia,,,,,,Freq: 35. Example: EXO 28:14. 
kopi,,,,,,Freq: 35. Example: LEV 11:32. 
ḡoeva-daena,,,,,,Freq: 35. Example: LEV 24:7. 
hebubu,,,,,,Freq: 35. Example: LEV 26:30. 
hagaridia,,,,,,Freq: 35. Example: LEV 26:36. 
gabena,,,,,,Freq: 35. Example: NUM 2:31. 
gwadaia,,,,,,Freq: 35. Example: NUM 11:8. 
hepapahuahu,,,,,,Freq: 35. Example: DEU 21:5. 
daha-ima,,,,,,Freq: 35. Example: JDG 8:10. 
oromadia,,,,,,Freq: 35. Example: JDG 8:18. 
boa,,,,,,Freq: 35. Example: RUT 2:1. 
ḡanaḡana,,,,,,Freq: 35. Example: 1SA 15:11. 
vasimu,,,,,,Freq: 35. Example: 1SA 17:45. 
moaledia,,,,,,Freq: 35. Example: 1SA 18:6. 
iona,,,,,,Freq: 35. Example: 1SA 18:10. 
balaheni,,,,,,Freq: 35. Example: 2SA 10:12. 
asaf,,,,,,Freq: 35. Example: 2KI 18:18. 
taona,,,,,,Freq: 35. Example: ISA 16:3. 
nasaret,,,,,,Freq: 35. Example: MAT 2:18. 
eufrate,,,,,,Freq: 34. Example: GEN 2:14. 
taurahani-ta,,,,,,Freq: 34. Example: GEN 5:27. 
hona,,,,,,Freq: 34. Example: GEN 6:3. 
utu-utu,,,,,,Freq: 34. Example: GEN 6:17. 
hetura,,,,,,Freq: 34. Example: GEN 14:13. 
ḡauka,,,,,,Freq: 34. Example: GEN 18:3. 
hereva-hereva,,,,,,Freq: 34. Example: GEN 18:33. 
vadivadi,,,,,,Freq: 34. Example: GEN 21:1. 
tabe,,,,,,Freq: 34. Example: GEN 21:28. 
bainato,,,,,,Freq: 34. Example: GEN 24:14. 
hisimu,,,,,,Freq: 34. Example: GEN 24:14. 
durugu,,,,,,Freq: 34. Example: GEN 27:20. 
isiaimu,,,,,,Freq: 34. Example: GEN 27:29. 
henidiava,,,,,,Freq: 34. Example: GEN 28:8. 
vaia,,,,,,Freq: 34. Example: GEN 31:35. 
sera,,,,,,Freq: 34. Example: GEN 36:13. 
doki,,,,,,Freq: 34. Example: GEN 38:14. 
varo,,,,,,Freq: 34. Example: GEN 38:28. 
heiri-heiri,,,,,,Freq: 34. Example: GEN 45:24. 
tubuana,,,,,,Freq: 34. Example: GEN 48:14. 
ala,,,,,,Freq: 34. Example: GEN 49:27. 
ḡoevaḡoevana,,,,,,Freq: 34. Example: EXO 27:20. 
iniheto,,,,,,Freq: 34. Example: EXO 33:7. 
hereana,,,,,,Freq: 34. Example: EXO 37:23. 
hiriri,,,,,,Freq: 34. Example: LEV 25:9. 
pararamu,,,,,,Freq: 34. Example: DEU 32:28. 
ihamauridia,,,,,,Freq: 34. Example: JDG 3:9. 
baitama,,,,,,Freq: 34. Example: JDG 11:9. 
habou-habou,,,,,,Freq: 34. Example: 1KI 7:51. 
nebukadresara,,,,,,Freq: 34. Example: JER 21:2. 
banaba,,,,,,Freq: 34. Example: ACT 4:36. 
rere,,,,,,Freq: 33. Example: GEN 1:5. 
nonoho,,,,,,Freq: 33. Example: GEN 3:7. 
sinahu-hitu,,,,,,Freq: 33. Example: GEN 5:26. 
sinahu-ima,,,,,,Freq: 33. Example: GEN 5:30. 
vanegai,,,,,,Freq: 33. Example: GEN 8:21. 
haria,,,,,,Freq: 33. Example: GEN 10:25. 
murimu,,,,,,Freq: 33. Example: GEN 17:7. 
gigini,,,,,,Freq: 33. Example: GEN 18:2. 
banava,,,,,,Freq: 33. Example: GEN 19:14. 
bere-sieba,,,,,,Freq: 33. Example: GEN 21:14. 
kakamu,,,,,,Freq: 33. Example: GEN 27:6. 
aiona,,,,,,Freq: 33. Example: GEN 27:16. 
tahu,,,,,,Freq: 33. Example: GEN 31:32. 
gwaumu,,,,,,Freq: 33. Example: GEN 31:42. 
ihadikamu,,,,,,Freq: 33. Example: GEN 31:52. 
iakobo,,,,,,Freq: 33. Example: GEN 34:13. 
kwakikwakina,,,,,,Freq: 33. Example: GEN 38:18. 
halaogu,,,,,,Freq: 33. Example: GEN 45:8. 
hida,,,,,,Freq: 33. Example: GEN 47:8. 
aneruna,,,,,,Freq: 33. Example: GEN 48:16. 
moalena,,,,,,Freq: 33. Example: EXO 2:21. 
korikoridia,,,,,,Freq: 33. Example: EXO 5:8. 
gubana,,,,,,Freq: 33. Example: EXO 14:21. 
kevaru,,,,,,Freq: 33. Example: EXO 19:16. 
kavakavadia,,,,,,Freq: 33. Example: EXO 19:24. 
bero,,,,,,Freq: 33. Example: EXO 21:25. 
habana,,,,,,Freq: 33. Example: EXO 26:15. 
hahedokilaia,,,,,,Freq: 33. Example: LEV 13:45. 
laumamui,,,,,,Freq: 33. Example: LEV 17:11. 
numera,,,,,,Freq: 33. Example: NUM 1:21. 
iditana,,,,,,Freq: 33. Example: NUM 5:18. 
lalo-dika,,,,,,Freq: 33. Example: NUM 10:5. 
doḡoro,,,,,,Freq: 33. Example: DEU 29:18. 
darana,,,,,,Freq: 33. Example: JDG 16:16. 
gedalia,,,,,,Freq: 33. Example: 2KI 25:22. 
turia,,,,,,Freq: 32. Example: GEN 2:21. 
ha-idaua,,,,,,Freq: 32. Example: GEN 11:7. 
hedoamu,,,,,,Freq: 32. Example: GEN 19:9. 
sekeledia,,,,,,Freq: 32. Example: GEN 23:15. 
dihina,,,,,,Freq: 32. Example: GEN 24:36. 
hanamogu,,,,,,Freq: 32. Example: GEN 25:32. 
lea,,,,,,Freq: 32. Example: GEN 29:16. 
tauhalo,,,,,,Freq: 32. Example: GEN 37:35. 
hamaurimai,,,,,,Freq: 32. Example: GEN 47:25. 
haḡoevaia,,,,,,Freq: 32. Example: GEN 50:2. 
arumu,,,,,,Freq: 32. Example: EXO 3:8. 
manau,,,,,,Freq: 32. Example: EXO 4:10. 
rahua,,,,,,Freq: 32. Example: EXO 19:16. 
badinamu,,,,,,Freq: 32. Example: EXO 20:6. 
torehai,,,,,,Freq: 32. Example: EXO 22:14. 
haḡoevadia,,,,,,Freq: 32. Example: EXO 30:7. 
hamasedia,,,,,,Freq: 32. Example: LEV 20:14. 
nemaia,,,,,,Freq: 32. Example: NUM 13:16. 
huaridia,,,,,,Freq: 32. Example: NUM 24:17. 
ihamomokanina,,,,,,Freq: 32. Example: DEU 7:8. 
ramuna,,,,,,Freq: 32. Example: DEU 29:18. 
silo,,,,,,Freq: 32. Example: JOS 18:1. 
ihabaidia,,,,,,Freq: 32. Example: 2SA 1:25. 
mikaia,,,,,,Freq: 32. Example: 1KI 22:8. 
salumu,,,,,,Freq: 32. Example: 2KI 15:10. 
usia,,,,,,Freq: 32. Example: 2KI 15:13. 
ahasuero,,,,,,Freq: 32. Example: EZR 4:6. 
diabolo,,,,,,Freq: 32. Example: MAT 4:1. 
satauro,,,,,,Freq: 32. Example: MAT 10:38. 
kaisara,,,,,,Freq: 32. Example: MAT 22:14. 
amui,,,,,,Freq: 31. Example: GEN 1:29. 
sinadia,,,,,,Freq: 31. Example: GEN 3:20. 
eva-eva,,,,,,Freq: 31. Example: GEN 8:7. 
ihabaina,,,,,,Freq: 31. Example: GEN 9:25. 
elam,,,,,,Freq: 31. Example: GEN 10:22. 
kiri,,,,,,Freq: 31. Example: GEN 17:17. 
aemui,,,,,,Freq: 31. Example: GEN 18:4. 
reḡudia,,,,,,Freq: 31. Example: GEN 18:19. 
goadagoada,,,,,,Freq: 31. Example: GEN 19:3. 
kekenidia,,,,,,Freq: 31. Example: GEN 28:2. 
araba,,,,,,Freq: 31. Example: GEN 35:27. 
taorana,,,,,,Freq: 31. Example: GEN 36:35. 
hahedokilai,,,,,,Freq: 31. Example: GEN 41:42. 
hehenimu,,,,,,Freq: 31. Example: GEN 42:1. 
heraheradia,,,,,,Freq: 31. Example: EXO 3:22. 
hurehure,,,,,,Freq: 31. Example: EXO 15:8. 
ianina,,,,,,Freq: 31. Example: EXO 16:3. 
ring,,,,,,Freq: 31. Example: EXO 25:12. 
veridia,,,,,,Freq: 31. Example: EXO 25:15. 
seseahu,,,,,,Freq: 31. Example: EXO 26:31. 
nunu,,,,,,Freq: 31. Example: EXO 33:11. 
hamakohidia,,,,,,Freq: 31. Example: EXO 34:1. 
hagoadadia,,,,,,Freq: 31. Example: EXO 35:21. 
digara,,,,,,Freq: 31. Example: LEV 3:16. 
varavaradia,,,,,,Freq: 31. Example: NUM 8:26. 
varavaramai,,,,,,Freq: 31. Example: NUM 20:3. 
mata-hakani,,,,,,Freq: 31. Example: NUM 26:10. 
gaba-mauru,,,,,,Freq: 31. Example: JOS 2:15. 
sieba,,,,,,Freq: 31. Example: JOS 19:2. 
heḡeḡemadai,,,,,,Freq: 31. Example: JDG 2:14. 
iefeta,,,,,,Freq: 31. Example: JDG 11:1. 
henege,,,,,,Freq: 31. Example: JDG 21:6. 
abiatara,,,,,,Freq: 31. Example: 1SA 22:20. 
amnon,,,,,,Freq: 31. Example: 2SA 3:2. 
beroso,,,,,,Freq: 31. Example: 1KI 5:8. 
herea-daedia,,,,,,Freq: 31. Example: 2KI 5:22. 
kereremu,,,,,,Freq: 31. Example: 2CH 16:9. 
momokanidia,,,,,,Freq: 31. Example: 2CH 31:20. 
manoka-manoka,,,,,,Freq: 31. Example: PSA 10:9. 
turi,,,,,,Freq: 30. Example: GEN 3:7. 
hadikamu,,,,,,Freq: 30. Example: GEN 4:11. 
dagadaga,,,,,,Freq: 30. Example: GEN 9:13. 
varavaramu,,,,,,Freq: 30. Example: GEN 12:1. 
peritomea,,,,,,Freq: 30. Example: GEN 17:14. 
ome,,,,,,Freq: 30. Example: GEN 17:20. 
dabaraia,,,,,,Freq: 30. Example: GEN 24:33. 
aniva,,,,,,Freq: 30. Example: GEN 25:28. 
roboa,,,,,,Freq: 30. Example: GEN 25:31. 
boua,,,,,,Freq: 30. Example: GEN 31:54. 
bavaladia,,,,,,Freq: 30. Example: GEN 42:37. 
laurina,,,,,,Freq: 30. Example: GEN 48:13. 
hekuremu,,,,,,Freq: 30. Example: GEN 49:9. 
ihuana,,,,,,Freq: 30. Example: GEN 49:15. 
haberoa,,,,,,Freq: 30. Example: GEN 49:23. 
kemena,,,,,,Freq: 30. Example: GEN 49:25. 
hamauridiamu,,,,,,Freq: 30. Example: GEN 50:20. 
botaia,,,,,,Freq: 30. Example: EXO 7:17. 
haḡolea,,,,,,Freq: 30. Example: EXO 12:10. 
ḡaukaramu,,,,,,Freq: 30. Example: EXO 12:45. 
laulau,,,,,,Freq: 30. Example: EXO 20:4. 
kela,,,,,,Freq: 30. Example: EXO 25:5. 
daiguni,,,,,,Freq: 30. Example: EXO 26:23. 
du,,,,,,Freq: 30. Example: EXO 27:10. 
hururu-hururudia,,,,,,Freq: 30. Example: EXO 28:17. 
bulo,,,,,,Freq: 30. Example: EXO 29:2. 
mirodia,,,,,,Freq: 30. Example: LEV 7:21. 
havaramu,,,,,,Freq: 30. Example: DEU 32:18. 
malana,,,,,,Freq: 30. Example: JOS 10:21. 
karamele,,,,,,Freq: 30. Example: JOS 12:22. 
sisiadia,,,,,,Freq: 30. Example: JDG 15:4. 
safana,,,,,,Freq: 30. Example: 2KI 22:3. 
pepa,,,,,,Freq: 30. Example: EZR 5:17. 
hato,,,,,,Freq: 29. Example: GEN 1:10. 
avadia,,,,,,Freq: 29. Example: GEN 1:29. 
davariamu,,,,,,Freq: 29. Example: GEN 2:11. 
bavaniani,,,,,,Freq: 29. Example: GEN 3:19. 
lulua,,,,,,Freq: 29. Example: GEN 3:23. 
digaradia,,,,,,Freq: 29. Example: GEN 4:4. 
tadigu,,,,,,Freq: 29. Example: GEN 4:9. 
daeva,,,,,,Freq: 29. Example: GEN 7:17. 
taihugu,,,,,,Freq: 29. Example: GEN 12:13. 
hahaniosi,,,,,,Freq: 29. Example: GEN 14:2. 
hahavadia,,,,,,Freq: 29. Example: GEN 14:6. 
abi-mauri,,,,,,Freq: 29. Example: GEN 14:21. 
hoidia,,,,,,Freq: 29. Example: GEN 17:12. 
hisiudia,,,,,,Freq: 29. Example: GEN 22:17. 
herevava,,,,,,Freq: 29. Example: GEN 29:9. 
maumau,,,,,,Freq: 29. Example: GEN 31:1. 
darea,,,,,,Freq: 29. Example: GEN 37:29. 
kwaragu,,,,,,Freq: 29. Example: GEN 40:16. 
anianiva,,,,,,Freq: 29. Example: GEN 41:2. 
bogamui,,,,,,Freq: 29. Example: GEN 43:14. 
halaomui,,,,,,Freq: 29. Example: GEN 48:20. 
goadamu,,,,,,Freq: 29. Example: GEN 49:9. 
huana,,,,,,Freq: 29. Example: EXO 12:2. 
pamu,,,,,,Freq: 29. Example: EXO 15:27. 
ugava,,,,,,Freq: 29. Example: EXO 19:4. 
giniva,,,,,,Freq: 29. Example: EXO 20:21. 
teronona,,,,,,Freq: 29. Example: EXO 25:21. 
hetutuhi,,,,,,Freq: 29. Example: LEV 26:37. 
baduna,,,,,,Freq: 29. Example: NUM 35:21. 
hisihisimu,,,,,,Freq: 29. Example: 1SA 1:8. 
bada-herea,,,,,,Freq: 29. Example: 1SA 30:16. 
igari-henina,,,,,,Freq: 29. Example: 2SA 23:3. 
baasa,,,,,,Freq: 29. Example: 1KI 15:16. 
mesulama,,,,,,Freq: 29. Example: 2KI 22:3. 
baruku,,,,,,Freq: 29. Example: NEH 3:20. 
lolomu,,,,,,Freq: 29. Example: JOB 19:7. 
gavana,,,,,,Freq: 29. Example: MAT 27:2. 
hidio,,,,,,Freq: 28. Example: GEN 2:21. 
tarasisi,,,,,,Freq: 28. Example: GEN 10:4. 
vadaeni,,,,,,Freq: 28. Example: GEN 12:19. 
karoadia,,,,,,Freq: 28. Example: GEN 14:20. 
pura,,,,,,Freq: 28. Example: GEN 24:55. 
kakakaka,,,,,,Freq: 28. Example: GEN 25:25. 
rakadia,,,,,,Freq: 28. Example: GEN 30:36. 
doudia,,,,,,Freq: 28. Example: GEN 34:29. 
ḡui,,,,,,Freq: 28. Example: GEN 37:7. 
ḡavadia,,,,,,Freq: 28. Example: GEN 37:17. 
tadikakamui,,,,,,Freq: 28. Example: GEN 42:34. 
durudia,,,,,,Freq: 28. Example: EXO 1:10. 
haraḡamu,,,,,,Freq: 28. Example: EXO 4:10. 
tarika-tarika,,,,,,Freq: 28. Example: EXO 12:42. 
ruhadia,,,,,,Freq: 28. Example: EXO 18:10. 
duduna,,,,,,Freq: 28. Example: EXO 25:18. 
palapaladia,,,,,,Freq: 28. Example: LEV 11:3. 
vevena,,,,,,Freq: 28. Example: JOS 21:4. 
nahuadia,,,,,,Freq: 28. Example: JDG 2:22. 
ituari-henina,,,,,,Freq: 28. Example: JDG 11:12. 
tahumu,,,,,,Freq: 28. Example: 1SA 25:26. 
ariaradia,,,,,,Freq: 28. Example: 2SA 1:20. 
dehena,,,,,,Freq: 28. Example: 1KI 7:21. 
esera,,,,,,Freq: 28. Example: 1CH 4:17. 
marai,,,,,,Freq: 28. Example: JOB 8:12. 
makedonia,,,,,,Freq: 28. Example: ACT 16:9. 
ae,,,,,,Freq: 27. Example: GEN 1:9. 
biagua,,,,,,Freq: 27. Example: GEN 1:28. 
biagumu,,,,,,Freq: 27. Example: GEN 3:16. 
alagu,,,,,,Freq: 27. Example: GEN 4:14. 
ihabua-taridia,,,,,,Freq: 27. Example: GEN 6:17. 
ḡoevaḡoevadia,,,,,,Freq: 27. Example: GEN 7:2. 
hakaumu,,,,,,Freq: 27. Example: GEN 15:7. 
kede,,,,,,Freq: 27. Example: GEN 15:17. 
gwauta-rarua,,,,,,Freq: 27. Example: GEN 17:20. 
dika-hereadia,,,,,,Freq: 27. Example: GEN 19:13. 
manada,,,,,,Freq: 27. Example: GEN 25:27. 
dadia,,,,,,Freq: 27. Example: GEN 27:35. 
hadibaia,,,,,,Freq: 27. Example: GEN 31:20. 
masedia,,,,,,Freq: 27. Example: GEN 34:27. 
hekamonai,,,,,,Freq: 27. Example: GEN 35:16. 
tamara,,,,,,Freq: 27. Example: GEN 38:6. 
vavedia,,,,,,Freq: 27. Example: GEN 40:20. 
asita,,,,,,Freq: 27. Example: GEN 42:21. 
daradia,,,,,,Freq: 27. Example: EXO 6:9. 
elkana,,,,,,Freq: 27. Example: EXO 6:24. 
fineha,,,,,,Freq: 27. Example: EXO 6:25. 
nilo,,,,,,Freq: 27. Example: EXO 7:17. 
hetoadia,,,,,,Freq: 27. Example: EXO 10:19. 
hakaumai,,,,,,Freq: 27. Example: EXO 13:14. 
mamina,,,,,,Freq: 27. Example: EXO 13:17. 
dokomu,,,,,,Freq: 27. Example: EXO 15:15. 
marere,,,,,,Freq: 27. Example: EXO 15:16. 
bebeka-bebekadia,,,,,,Freq: 27. Example: EXO 29:1. 
rakatani,,,,,,Freq: 27. Example: EXO 36:4. 
ae-hedairike,,,,,,Freq: 27. Example: LEV 21:18. 
anianimu,,,,,,Freq: 27. Example: DEU 4:28. 
tarimu,,,,,,Freq: 27. Example: DEU 8:20. 
boumu,,,,,,Freq: 27. Example: DEU 27:20. 
moidia,,,,,,Freq: 27. Example: DEU 33:29. 
gwauhamatana,,,,,,Freq: 27. Example: JOS 2:20. 
ahugu,,,,,,Freq: 27. Example: RUT 1:21. 
hamaurida,,,,,,Freq: 27. Example: 1SA 4:3. 
ihamaurina,,,,,,Freq: 27. Example: 1SA 14:39. 
abisai,,,,,,Freq: 27. Example: 1SA 26:6. 
hedadarai,,,,,,Freq: 27. Example: 1SA 28:23. 
adonia,,,,,,Freq: 27. Example: 2SA 3:4. 
heaḡilaia,,,,,,Freq: 27. Example: 1CH 16:35. 
tore-isi-lou,,,,,,Freq: 27. Example: MAT 22:22. 
maruane,,,,,,Freq: 26. Example: GEN 1:27. 
kwaramu,,,,,,Freq: 26. Example: GEN 3:15. 
tauhau,,,,,,Freq: 26. Example: GEN 4:23. 
taurahani-ahui,,,,,,Freq: 26. Example: GEN 5:25. 
henuna,,,,,,Freq: 26. Example: GEN 6:17. 
hebua,,,,,,Freq: 26. Example: GEN 7:23. 
haḡoledia,,,,,,Freq: 26. Example: GEN 8:20. 
hivi,,,,,,Freq: 26. Example: GEN 10:17. 
lauri,,,,,,Freq: 26. Example: GEN 13:9. 
hahutumadia,,,,,,Freq: 26. Example: GEN 13:16. 
nadua,,,,,,Freq: 26. Example: GEN 18:7. 
tadikakagu,,,,,,Freq: 26. Example: GEN 19:7. 
ḡeia,,,,,,Freq: 26. Example: GEN 21:30. 
kakoro,,,,,,Freq: 26. Example: GEN 24:25. 
loaloa,,,,,,Freq: 26. Example: GEN 24:63. 
mokona,,,,,,Freq: 26. Example: GEN 25:32. 
rakatanimu,,,,,,Freq: 26. Example: GEN 28:15. 
muramuradia,,,,,,Freq: 26. Example: GEN 37:25. 
itahuna,,,,,,Freq: 26. Example: GEN 44:12. 
ḡiḡi,,,,,,Freq: 26. Example: GEN 49:7. 
dadabaia,,,,,,Freq: 26. Example: EXO 2:11. 
pepe,,,,,,Freq: 26. Example: EXO 17:15. 
taku,,,,,,Freq: 26. Example: EXO 19:22. 
iala-masena,,,,,,Freq: 26. Example: EXO 21:13. 
araia,,,,,,Freq: 26. Example: EXO 22:6. 
revarevana,,,,,,Freq: 26. Example: EXO 28:36. 
hini,,,,,,Freq: 26. Example: EXO 30:24. 
halahemu,,,,,,Freq: 26. Example: EXO 34:6. 
haheḡanidia,,,,,,Freq: 26. Example: EXO 34:11. 
toutou,,,,,,Freq: 26. Example: LEV 13:4. 
hadikaiamu,,,,,,Freq: 26. Example: LEV 14:44. 
hahetohodia,,,,,,Freq: 26. Example: LEV 19:35. 
mamidia,,,,,,Freq: 26. Example: NUM 11:8. 
hadoko,,,,,,Freq: 26. Example: NUM 17:10. 
hagaudia,,,,,,Freq: 26. Example: NUM 31:26. 
iboudai,,,,,,Freq: 26. Example: DEU 5:3. 
basioto,,,,,,Freq: 26. Example: DEU 8:17. 
haerodia,,,,,,Freq: 26. Example: DEU 11:2. 
ola,,,,,,Freq: 26. Example: DEU 11:10. 
ihahebubuna,,,,,,Freq: 26. Example: DEU 21:7. 
hehunimu,,,,,,Freq: 26. Example: DEU 27:24. 
latamai,,,,,,Freq: 26. Example: JOS 10:6. 
oak,,,,,,Freq: 26. Example: JOS 19:33. 
reḡe,,,,,,Freq: 26. Example: 1SA 15:14. 
seruia,,,,,,Freq: 26. Example: 1SA 26:6. 
hirama,,,,,,Freq: 26. Example: 2SA 5:10. 
dehe,,,,,,Freq: 26. Example: 1KI 6:3. 
kaivakukudia,,,,,,Freq: 26. Example: 1KI 14:9. 
ben-hadad,,,,,,Freq: 26. Example: 1KI 15:18. 
maraimu,,,,,,Freq: 26. Example: 2KI 19:26. 
kaunsil,,,,,,Freq: 26. Example: 2KI 25:19. 
hanania,,,,,,Freq: 26. Example: 1CH 3:19. 
hemataurai,,,,,,Freq: 26. Example: 1CH 16:27. 
darauese,,,,,,Freq: 26. Example: EZR 4:5. 
roma,,,,,,Freq: 26. Example: JHN 11:48. 
ita-itadia,,,,,,Freq: 25. Example: GEN 2:9. 
turiagu,,,,,,Freq: 25. Example: GEN 2:23. 
hekwarahimu,,,,,,Freq: 25. Example: GEN 3:17. 
babada,,,,,,Freq: 25. Example: GEN 6:4. 
didika,,,,,,Freq: 25. Example: GEN 6:5. 
hadohado,,,,,,Freq: 25. Example: GEN 8:22. 
mainomu,,,,,,Freq: 25. Example: GEN 15:15. 
bata,,,,,,Freq: 25. Example: GEN 18:8. 
ginia,,,,,,Freq: 25. Example: GEN 19:4. 
hesiku,,,,,,Freq: 25. Example: GEN 19:11. 
damena,,,,,,Freq: 25. Example: GEN 19:26. 
hapapa,,,,,,Freq: 25. Example: GEN 21:19. 
noholaiamu,,,,,,Freq: 25. Example: GEN 21:23. 
kohuana,,,,,,Freq: 25. Example: GEN 23:9. 
kamonaia,,,,,,Freq: 25. Example: GEN 25:21. 
iboumai,,,,,,Freq: 25. Example: GEN 26:10. 
kurokurodia,,,,,,Freq: 25. Example: GEN 30:33. 
hagini,,,,,,Freq: 25. Example: GEN 30:38. 
gadogu,,,,,,Freq: 25. Example: GEN 39:15. 
toiosi,,,,,,Freq: 25. Example: GEN 40:12. 
roge,,,,,,Freq: 25. Example: GEN 41:34. 
itana,,,,,,Freq: 25. Example: GEN 42:9. 
udaia,,,,,,Freq: 25. Example: GEN 44:2. 
adavamui,,,,,,Freq: 25. Example: GEN 45:19. 
lahedo,,,,,,Freq: 25. Example: EXO 5:17. 
hahohodia,,,,,,Freq: 25. Example: EXO 7:3. 
parapara,,,,,,Freq: 25. Example: EXO 8:2. 
inihetomana,,,,,,Freq: 25. Example: EXO 9:18. 
noi,,,,,,Freq: 25. Example: EXO 12:35. 
asine,,,,,,Freq: 25. Example: EXO 13:22. 
itadiamu,,,,,,Freq: 25. Example: EXO 14:13. 
koroa,,,,,,Freq: 25. Example: EXO 20:4. 
negemu,,,,,,Freq: 25. Example: EXO 21:7. 
abi-torehai,,,,,,Freq: 25. Example: EXO 22:25. 
hehelaḡa,,,,,,Freq: 25. Example: EXO 22:31. 
vaina,,,,,,Freq: 25. Example: EXO 25:7. 
doadia,,,,,,Freq: 25. Example: EXO 29:12. 
karakara,,,,,,Freq: 25. Example: EXO 31:3. 
siahumu,,,,,,Freq: 25. Example: EXO 32:11. 
buloa,,,,,,Freq: 25. Example: EXO 32:20. 
atomu,,,,,,Freq: 25. Example: EXO 33:22. 
vareailaia,,,,,,Freq: 25. Example: LEV 4:5. 
koikoina,,,,,,Freq: 25. Example: LEV 20:2. 
ginidia,,,,,,Freq: 25. Example: NUM 16:34. 
aranon,,,,,,Freq: 25. Example: NUM 21:13. 
ikamonaina,,,,,,Freq: 25. Example: DEU 29:19. 
hahelaga,,,,,,Freq: 25. Example: JOS 6:4. 
dava-bada,,,,,,Freq: 25. Example: JOS 6:24. 
heaumu,,,,,,Freq: 25. Example: JOS 8:6. 
maladia,,,,,,Freq: 25. Example: JDG 7:5. 
ḡonaḡonalaia,,,,,,Freq: 25. Example: JDG 9:27. 
turagu,,,,,,Freq: 25. Example: RUT 4:1. 
iḡaukaralaina,,,,,,Freq: 25. Example: 1SA 13:19. 
ahia,,,,,,Freq: 25. Example: 1SA 14:3. 
badinadiamu,,,,,,Freq: 25. Example: 1SA 15:11. 
ioram,,,,,,Freq: 25. Example: 2SA 8:10. 
daka,,,,,,Freq: 25. Example: 1KI 10:8. 
nebata,,,,,,Freq: 25. Example: 1KI 11:26. 
serubabele,,,,,,Freq: 25. Example: 1CH 3:19. 
ḡaḡae,,,,,,Freq: 25. Example: 2CH 32:31. 
boiomu,,,,,,Freq: 25. Example: JOB 8:13. 
timoteo,,,,,,Freq: 25. Example: ACT 16:1. 
loamu,,,,,,Freq: 24. Example: GEN 1:28. 
bubuni,,,,,,Freq: 24. Example: GEN 7:19. 
didi,,,,,,Freq: 24. Example: GEN 8:19. 
ihararuana,,,,,,Freq: 24. Example: GEN 9:24. 
kwalahuna,,,,,,Freq: 24. Example: GEN 15:17. 
kwalahu,,,,,,Freq: 24. Example: GEN 19:28. 
baiala,,,,,,Freq: 24. Example: GEN 22:5. 
bogamu,,,,,,Freq: 24. Example: GEN 25:23. 
siaimu,,,,,,Freq: 24. Example: GEN 26:29. 
bavalaia,,,,,,Freq: 24. Example: GEN 27:3. 
vadavada,,,,,,Freq: 24. Example: GEN 28:12. 
rigidia,,,,,,Freq: 24. Example: GEN 30:37. 
haboua,,,,,,Freq: 24. Example: GEN 41:34. 
anianidia,,,,,,Freq: 24. Example: GEN 41:35. 
varavaramui,,,,,,Freq: 24. Example: GEN 42:19. 
haḡeredia,,,,,,Freq: 24. Example: GEN 48:8. 
bamomui,,,,,,Freq: 24. Example: GEN 48:21. 
idita,,,,,,Freq: 24. Example: GEN 49:7. 
makiri,,,,,,Freq: 24. Example: GEN 50:23. 
aurina,,,,,,Freq: 24. Example: EXO 20:25. 
kunuka-kunuka,,,,,,Freq: 24. Example: EXO 21:29. 
iduruna,,,,,,Freq: 24. Example: EXO 23:5. 
hevaira,,,,,,Freq: 24. Example: EXO 25:20. 
daha-toi,,,,,,Freq: 24. Example: EXO 32:28. 
ahumui,,,,,,Freq: 24. Example: LEV 10:15. 
sina,,,,,,Freq: 24. Example: LEV 11:35. 
mauridia,,,,,,Freq: 24. Example: LEV 14:4. 
eliab,,,,,,Freq: 24. Example: NUM 1:9. 
gogodia,,,,,,Freq: 24. Example: NUM 15:32. 
turiadia,,,,,,Freq: 24. Example: NUM 24:8. 
hakwaidudia,,,,,,Freq: 24. Example: NUM 24:8. 
kamonaiva,,,,,,Freq: 24. Example: DEU 4:33. 
ira,,,,,,Freq: 24. Example: DEU 19:5. 
revaia,,,,,,Freq: 24. Example: JOS 6:17. 
hahonudia,,,,,,Freq: 24. Example: JOS 9:13. 
lakisi,,,,,,Freq: 24. Example: JOS 10:3. 
ekron,,,,,,Freq: 24. Example: JOS 13:3. 
sisera,,,,,,Freq: 24. Example: JDG 4:2. 
iotam,,,,,,Freq: 24. Example: JDG 9:5. 
tahuava,,,,,,Freq: 24. Example: JDG 14:4. 
kisa,,,,,,Freq: 24. Example: 1SA 9:1. 
hasaele,,,,,,Freq: 24. Example: 1KI 19:15. 
iehoahasa,,,,,,Freq: 24. Example: 2KI 10:35. 
mede,,,,,,Freq: 24. Example: 2KI 17:6. 
haboumu,,,,,,Freq: 24. Example: 1CH 27:27. 
tau-anigu,,,,,,Freq: 24. Example: JOB 10:11. 
ḡonaḡona,,,,,,Freq: 24. Example: JOB 17:2. 
lalo-duhu,,,,,,Freq: 24. Example: JOB 36:12. 
moalelaimu,,,,,,Freq: 24. Example: PSA 5:11. 
mu,,,,,,Freq: 24. Example: PSA 31:18. 
antioka,,,,,,Freq: 24. Example: ACT 6:5. 
hididia,,,,,,Freq: 23. Example: GEN 1:18. 
ḡahuna,,,,,,Freq: 23. Example: GEN 2:7. 
reḡua,,,,,,Freq: 23. Example: GEN 2:15. 
kain,,,,,,Freq: 23. Example: GEN 4:1. 
tadimu,,,,,,Freq: 23. Example: GEN 4:9. 
ivilikou,,,,,,Freq: 23. Example: GEN 4:21. 
rauna,,,,,,Freq: 23. Example: GEN 8:11. 
gasa,,,,,,Freq: 23. Example: GEN 10:19. 
gomora,,,,,,Freq: 23. Example: GEN 10:19. 
haheparara,,,,,,Freq: 23. Example: GEN 10:25. 
gabani,,,,,,Freq: 23. Example: GEN 11:30. 
perisi,,,,,,Freq: 23. Example: GEN 13:7. 
butua,,,,,,Freq: 23. Example: GEN 15:12. 
ataga,,,,,,Freq: 23. Example: GEN 18:6. 
rami-hebou,,,,,,Freq: 23. Example: GEN 19:8. 
ḡolea,,,,,,Freq: 23. Example: GEN 22:2. 
maaka,,,,,,Freq: 23. Example: GEN 22:24. 
isiaigu,,,,,,Freq: 23. Example: GEN 29:15. 
gadoi,,,,,,Freq: 23. Example: GEN 29:20. 
natumai,,,,,,Freq: 23. Example: GEN 31:16. 
lalo-dikamu,,,,,,Freq: 23. Example: GEN 31:30. 
gwauta-hani,,,,,,Freq: 23. Example: GEN 31:41. 
hisidia,,,,,,Freq: 23. Example: GEN 34:25. 
boloa,,,,,,Freq: 23. Example: GEN 41:14. 
hamaoromai,,,,,,Freq: 23. Example: GEN 44:23. 
boirimui,,,,,,Freq: 23. Example: GEN 46:33. 
aiodia,,,,,,Freq: 23. Example: GEN 49:8. 
hahisia,,,,,,Freq: 23. Example: GEN 49:23. 
ikwadina,,,,,,Freq: 23. Example: GEN 50:10. 
nanadaigu,,,,,,Freq: 23. Example: EXO 3:13. 
hakwaidua,,,,,,Freq: 23. Example: EXO 12:46. 
halaodiamu,,,,,,Freq: 23. Example: EXO 13:15. 
hunu,,,,,,Freq: 23. Example: EXO 16:13. 
haero,,,,,,Freq: 23. Example: EXO 18:22. 
mamoena,,,,,,Freq: 23. Example: EXO 22:4. 
bavatodia,,,,,,Freq: 23. Example: EXO 25:37. 
labora-laborana,,,,,,Freq: 23. Example: EXO 27:4. 
dehorona,,,,,,Freq: 23. Example: EXO 27:20. 
muro,,,,,,Freq: 23. Example: EXO 30:23. 
makohi,,,,,,Freq: 23. Example: EXO 32:19. 
rakuraku,,,,,,Freq: 23. Example: LEV 1:7. 
og,,,,,,Freq: 23. Example: NUM 21:20. 
mamaoro-mamaoro,,,,,,Freq: 23. Example: DEU 4:8. 
hamatamu,,,,,,Freq: 23. Example: DEU 26:17. 
maorodia,,,,,,Freq: 23. Example: DEU 32:36. 
luda,,,,,,Freq: 23. Example: JOS 7:1. 
tuan,,,,,,Freq: 23. Example: JOS 8:22. 
taova,,,,,,Freq: 23. Example: JDG 2:18. 
naomi,,,,,,Freq: 23. Example: RUT 1:2. 
nabala,,,,,,Freq: 23. Example: 1SA 25:3. 
heaiva,,,,,,Freq: 23. Example: 2SA 8:2. 
maguna,,,,,,Freq: 23. Example: 1KI 9:15. 
maaseia,,,,,,Freq: 23. Example: 1CH 15:18. 
iesua,,,,,,Freq: 23. Example: 1CH 24:11. 
mamoedia,,,,,,Freq: 23. Example: 2CH 30:17. 
kurese,,,,,,Freq: 23. Example: 2CH 36:21. 
hekwara,,,,,,Freq: 23. Example: NEH 5:14. 
hatamu,,,,,,Freq: 23. Example: JOB 29:19. 
hahebou,,,,,,Freq: 22. Example: GEN 1:9. 
atoamu,,,,,,Freq: 22. Example: GEN 9:13. 
haran,,,,,,Freq: 22. Example: GEN 11:26. 
vairai,,,,,,Freq: 22. Example: GEN 17:21. 
ikerukeruna,,,,,,Freq: 22. Example: GEN 18:4. 
boromakauna,,,,,,Freq: 22. Example: GEN 18:8. 
doria,,,,,,Freq: 22. Example: GEN 19:9. 
dekemai,,,,,,Freq: 22. Example: GEN 24:25. 
imodaiamu,,,,,,Freq: 22. Example: GEN 24:27. 
heita,,,,,,Freq: 22. Example: GEN 31:49. 
hereḡu,,,,,,Freq: 22. Example: GEN 39:23. 
ihahedinaraina,,,,,,Freq: 22. Example: GEN 41:15. 
harua,,,,,,Freq: 22. Example: GEN 41:32. 
karamui,,,,,,Freq: 22. Example: GEN 44:17. 
siai,,,,,,Freq: 22. Example: GEN 45:23. 
aniamu,,,,,,Freq: 22. Example: GEN 49:9. 
daidai,,,,,,Freq: 22. Example: EXO 2:23. 
nadab,,,,,,Freq: 22. Example: EXO 6:23. 
dihu,,,,,,Freq: 22. Example: EXO 8:3. 
iahu,,,,,,Freq: 22. Example: EXO 10:9. 
rami,,,,,,Freq: 22. Example: EXO 12:11. 
toma-diho,,,,,,Freq: 22. Example: EXO 12:25. 
herea-dae,,,,,,Freq: 22. Example: EXO 15:6. 
laḡadia,,,,,,Freq: 22. Example: EXO 16:30. 
daigunina,,,,,,Freq: 22. Example: EXO 25:12. 
hahelai-kau,,,,,,Freq: 22. Example: EXO 26:19. 
ihua-ihua,,,,,,Freq: 22. Example: EXO 26:32. 
ihahelai-kaudia,,,,,,Freq: 22. Example: EXO 27:10. 
gaihona,,,,,,Freq: 22. Example: EXO 30:23. 
habada,,,,,,Freq: 22. Example: EXO 34:24. 
inarina,,,,,,Freq: 22. Example: LEV 6:2. 
huadia,,,,,,Freq: 22. Example: LEV 10:4. 
bibinana,,,,,,Freq: 22. Example: LEV 13:45. 
manori,,,,,,Freq: 22. Example: LEV 26:39. 
haheitalaidia,,,,,,Freq: 22. Example: NUM 13:26. 
utumu,,,,,,Freq: 22. Example: NUM 14:41. 
laumamu,,,,,,Freq: 22. Example: DEU 4:9. 
aramu,,,,,,Freq: 22. Example: DEU 29:23. 
hunidia,,,,,,Freq: 22. Example: JOS 2:4. 
hahituosi,,,,,,Freq: 22. Example: JOS 6:8. 
asdod,,,,,,Freq: 22. Example: JOS 11:22. 
lo,,,,,,Freq: 22. Example: RUT 1:13. 
tohe,,,,,,Freq: 22. Example: 1SA 2:14. 
rauaia,,,,,,Freq: 22. Example: 1SA 14:45. 
loulouva,,,,,,Freq: 22. Example: 1SA 18:30. 
tahugu,,,,,,Freq: 22. Example: 1SA 27:1. 
rahudia,,,,,,Freq: 22. Example: 2SA 5:25. 
heḡahusi,,,,,,Freq: 22. Example: 2SA 13:2. 
daragu,,,,,,Freq: 22. Example: 2SA 24:14. 
ohe,,,,,,Freq: 22. Example: 1KI 7:29. 
ava-keikei,,,,,,Freq: 22. Example: 1KI 7:32. 
queen,,,,,,Freq: 22. Example: 1KI 11:19. 
obadia,,,,,,Freq: 22. Example: 1KI 18:3. 
daha-hitu,,,,,,Freq: 22. Example: 1KI 20:30. 
naboto,,,,,,Freq: 22. Example: 1KI 21:1. 
iehoram,,,,,,Freq: 22. Example: 1KI 22:50. 
ura-kwalimu,,,,,,Freq: 22. Example: 2KI 12:4. 
hisi-ani,,,,,,Freq: 22. Example: 2KI 13:4. 
iohanan,,,,,,Freq: 22. Example: 1CH 3:15. 
susa,,,,,,Freq: 22. Example: EZR 4:9. 
laroa,,,,,,Freq: 22. Example: JOB 3:9. 
namonamomu,,,,,,Freq: 22. Example: JOB 3:18. 
heude-heudemu,,,,,,Freq: 22. Example: JOB 9:6. 
efeso,,,,,,Freq: 22. Example: ACT 18:19. 
rau,,,,,,Freq: 21. Example: GEN 3:14. 
hamaorolaimu,,,,,,Freq: 21. Example: GEN 12:1. 
ihagwauta-hanina,,,,,,Freq: 21. Example: GEN 14:5. 
hadikagu,,,,,,Freq: 21. Example: GEN 16:5. 
hahinemu,,,,,,Freq: 21. Example: GEN 16:8. 
koidia,,,,,,Freq: 21. Example: GEN 21:23. 
maiva,,,,,,Freq: 21. Example: GEN 24:63. 
taravadia,,,,,,Freq: 21. Example: GEN 26:11. 
kurea,,,,,,Freq: 21. Example: GEN 29:3. 
pipikina,,,,,,Freq: 21. Example: GEN 30:15. 
revarevadia,,,,,,Freq: 21. Example: GEN 30:32. 
bamoava,,,,,,Freq: 21. Example: GEN 39:3. 
hairaigu,,,,,,Freq: 21. Example: GEN 45:13. 
gera,,,,,,Freq: 21. Example: GEN 46:21. 
itamara,,,,,,Freq: 21. Example: EXO 6:23. 
hamirodia,,,,,,Freq: 21. Example: EXO 20:25. 
hetaru,,,,,,Freq: 21. Example: EXO 22:27. 
-na,,,,,,Freq: 21. Example: EXO 25:39. 
kurokuro,,,,,,Freq: 21. Example: EXO 28:6. 
ihahelaḡadia,,,,,,Freq: 21. Example: EXO 29:27. 
ihataurahani-tana,,,,,,Freq: 21. Example: LEV 23:32. 
kwanau,,,,,,Freq: 21. Example: NUM 3:26. 
ihagwauta-ruana,,,,,,Freq: 21. Example: NUM 7:78. 
hadibalaia,,,,,,Freq: 21. Example: NUM 8:4. 
gwau-kau,,,,,,Freq: 21. Example: NUM 22:37. 
aonegadia,,,,,,Freq: 21. Example: DEU 1:13. 
kudoumui,,,,,,Freq: 21. Example: DEU 1:29. 
haheitalaigu,,,,,,Freq: 21. Example: DEU 3:24. 
kamonaidia,,,,,,Freq: 21. Example: DEU 4:1. 
uhau,,,,,,Freq: 21. Example: DEU 7:3. 
iabidia,,,,,,Freq: 21. Example: DEU 9:9. 
hamoalea,,,,,,Freq: 21. Example: DEU 24:5. 
haginiamu,,,,,,Freq: 21. Example: DEU 27:15. 
taiamui,,,,,,Freq: 21. Example: DEU 30:17. 
igwauraina,,,,,,Freq: 21. Example: JDG 7:15. 
dagu,,,,,,Freq: 21. Example: JDG 7:21. 
mavaru,,,,,,Freq: 21. Example: JDG 21:21. 
dabaidia,,,,,,Freq: 21. Example: JDG 21:21. 
kwaidu,,,,,,Freq: 21. Example: 1SA 4:18. 
ioel,,,,,,Freq: 21. Example: 1SA 8:2. 
gorerea,,,,,,Freq: 21. Example: 1SA 19:14. 
akisi,,,,,,Freq: 21. Example: 1SA 21:10. 
hadadesere,,,,,,Freq: 21. Example: 2SA 8:3. 
seraia,,,,,,Freq: 21. Example: 2SA 8:17. 
hanohoa,,,,,,Freq: 21. Example: 1KI 11:34. 
hekwadi,,,,,,Freq: 21. Example: 1KI 12:11. 
iesebel,,,,,,Freq: 21. Example: 1KI 18:4. 
roharoha,,,,,,Freq: 21. Example: 1KI 20:7. 
amon,,,,,,Freq: 21. Example: 1KI 22:26. 
taiamu,,,,,,Freq: 21. Example: 2KI 19:16. 
netania,,,,,,Freq: 21. Example: 2KI 25:23. 
itataodia,,,,,,Freq: 21. Example: 1CH 26:24. 
hahedibava,,,,,,Freq: 21. Example: 2CH 17:9. 
rakataniamu,,,,,,Freq: 21. Example: JOB 6:14. 
ihamaurigu,,,,,,Freq: 21. Example: JOB 19:25. 
ihabaimui,,,,,,Freq: 21. Example: AMO 5:18. 
anibou,,,,,,Freq: 21. Example: MAT 23:6. 
heherea,,,,,,Freq: 20. Example: GEN 1:31. 
laḡana,,,,,,Freq: 20. Example: GEN 2:7. 
sila,,,,,,Freq: 20. Example: GEN 4:19. 
ibolona,,,,,,Freq: 20. Example: GEN 4:25. 
kororo,,,,,,Freq: 20. Example: GEN 8:1. 
nineve,,,,,,Freq: 20. Example: GEN 10:11. 
hapararaia,,,,,,Freq: 20. Example: GEN 14:15. 
imatauraina,,,,,,Freq: 20. Example: GEN 20:11. 
ibodohilaina,,,,,,Freq: 20. Example: GEN 22:13. 
heruha,,,,,,Freq: 20. Example: GEN 24:8. 
kahugu,,,,,,Freq: 20. Example: GEN 24:54. 
harahua,,,,,,Freq: 20. Example: GEN 27:27. 
alamu,,,,,,Freq: 20. Example: GEN 27:42. 
rosia,,,,,,Freq: 20. Example: GEN 29:13. 
gwauraigu,,,,,,Freq: 20. Example: GEN 30:33. 
henidamu,,,,,,Freq: 20. Example: GEN 31:48. 
perese,,,,,,Freq: 20. Example: GEN 38:29. 
habadua,,,,,,Freq: 20. Example: GEN 40:1. 
naridia,,,,,,Freq: 20. Example: GEN 40:4. 
edai,,,,,,Freq: 20. Example: GEN 42:21. 
hesron,,,,,,Freq: 20. Example: GEN 46:9. 
naaman,,,,,,Freq: 20. Example: GEN 46:21. 
lasiva,,,,,,Freq: 20. Example: EXO 3:2. 
ḡaraḡarana,,,,,,Freq: 20. Example: EXO 11:8. 
hetabira,,,,,,Freq: 20. Example: EXO 12:4. 
domaga,,,,,,Freq: 20. Example: EXO 12:37. 
hahodi,,,,,,Freq: 20. Example: EXO 15:8. 
momorudia,,,,,,Freq: 20. Example: EXO 25:38. 
vaiurina,,,,,,Freq: 20. Example: EXO 26:4. 
nevaria,,,,,,Freq: 20. Example: EXO 30:26. 
ihagaudia,,,,,,Freq: 20. Example: EXO 38:21. 
abitorehai,,,,,,Freq: 20. Example: LEV 6:2. 
bodo,,,,,,Freq: 20. Example: LEV 6:12. 
berona,,,,,,Freq: 20. Example: LEV 13:10. 
berodia,,,,,,Freq: 20. Example: LEV 13:16. 
goreredia,,,,,,Freq: 20. Example: LEV 14:54. 
gunava,,,,,,Freq: 20. Example: LEV 18:27. 
hahemiro,,,,,,Freq: 20. Example: LEV 18:30. 
ihagwautadia,,,,,,Freq: 20. Example: LEV 27:32. 
taruhana,,,,,,Freq: 20. Example: NUM 5:3. 
roromu,,,,,,Freq: 20. Example: DEU 32:11. 
anatoto,,,,,,Freq: 20. Example: JOS 21:18. 
ha-araia,,,,,,Freq: 20. Example: JDG 9:49. 
siriho,,,,,,Freq: 20. Example: JDG 15:14. 
reḡereḡena,,,,,,Freq: 20. Example: JDG 16:2. 
ḡoumu,,,,,,Freq: 20. Example: 1SA 15:14. 
urana,,,,,,Freq: 20. Example: 1SA 20:13. 
asahele,,,,,,Freq: 20. Example: 2SA 2:17. 
obed-edom,,,,,,Freq: 20. Example: 2SA 6:10. 
ahitofel,,,,,,Freq: 20. Example: 2SA 15:12. 
ikahagu,,,,,,Freq: 20. Example: 2SA 23:5. 
ramoto-gilead,,,,,,Freq: 20. Example: 1KI 4:13. 
kokoroku,,,,,,Freq: 20. Example: 1KI 4:23. 
arabia,,,,,,Freq: 20. Example: 1KI 10:15. 
gerebu-taurahani,,,,,,Freq: 20. Example: 1KI 12:21. 
omri,,,,,,Freq: 20. Example: 1KI 16:16. 
iehoasa,,,,,,Freq: 20. Example: 2KI 11:21. 
noho-namo,,,,,,Freq: 20. Example: 2KI 20:19. 
ahikama,,,,,,Freq: 20. Example: 2KI 22:12. 
heaḡilaiamu,,,,,,Freq: 20. Example: JOB 37:24. 
moalelaidiamu,,,,,,Freq: 20. Example: PSA 16:3. 
keherena,,,,,,Freq: 20. Example: PSA 116:13. 
nadinadidia,,,,,,Freq: 19. Example: GEN 1:11. 
daia,,,,,,Freq: 19. Example: GEN 2:21. 
hidiogu,,,,,,Freq: 19. Example: GEN 2:23. 
gadomu,,,,,,Freq: 19. Example: GEN 3:10. 
darena,,,,,,Freq: 19. Example: GEN 3:24. 
davarigu,,,,,,Freq: 19. Example: GEN 4:14. 
sem,,,,,,Freq: 19. Example: GEN 5:32. 
garamui,,,,,,Freq: 19. Example: GEN 9:9. 
nahoro,,,,,,Freq: 19. Example: GEN 11:22. 
iduahidia,,,,,,Freq: 19. Example: GEN 13:16. 
badidiai,,,,,,Freq: 19. Example: GEN 13:18. 
refaim,,,,,,Freq: 19. Example: GEN 14:5. 
bo,,,,,,Freq: 19. Example: GEN 16:8. 
ihabua-tarina,,,,,,Freq: 19. Example: GEN 19:15. 
kirikirilaia,,,,,,Freq: 19. Example: GEN 21:9. 
kilograms,,,,,,Freq: 19. Example: GEN 23:16. 
momona,,,,,,Freq: 19. Example: GEN 24:25. 
siba,,,,,,Freq: 19. Example: GEN 26:33. 
gunamu,,,,,,Freq: 19. Example: GEN 29:26. 
teman,,,,,,Freq: 19. Example: GEN 36:11. 
elaha,,,,,,Freq: 19. Example: GEN 36:41. 
igabuna,,,,,,Freq: 19. Example: GEN 40:1. 
huria,,,,,,Freq: 19. Example: GEN 43:31. 
lasidia,,,,,,Freq: 19. Example: GEN 44:4. 
biagumui,,,,,,Freq: 19. Example: GEN 44:9. 
dadaraidiamu,,,,,,Freq: 19. Example: GEN 46:34. 
duna,,,,,,Freq: 19. Example: GEN 47:31. 
malagu,,,,,,Freq: 19. Example: EXO 4:10. 
haḡanilaia,,,,,,Freq: 19. Example: EXO 6:13. 
hahisimui,,,,,,Freq: 19. Example: EXO 9:15. 
nahuamu,,,,,,Freq: 19. Example: EXO 10:28. 
hegogona,,,,,,Freq: 19. Example: EXO 12:6. 
bahu,,,,,,Freq: 19. Example: EXO 16:19. 
mana,,,,,,Freq: 19. Example: EXO 16:31. 
nadinadi,,,,,,Freq: 19. Example: EXO 16:31. 
kurokurona,,,,,,Freq: 19. Example: EXO 16:31. 
dibaḡania,,,,,,Freq: 19. Example: EXO 17:7. 
sapairo,,,,,,Freq: 19. Example: EXO 24:10. 
guhina,,,,,,Freq: 19. Example: EXO 26:14. 
hedare,,,,,,Freq: 19. Example: EXO 28:32. 
huridia,,,,,,Freq: 19. Example: EXO 29:17. 
moalelai,,,,,,Freq: 19. Example: EXO 31:17. 
tame,,,,,,Freq: 19. Example: EXO 34:27. 
vareailai,,,,,,Freq: 19. Example: LEV 6:30. 
daudia,,,,,,Freq: 19. Example: LEV 11:8. 
kebere,,,,,,Freq: 19. Example: LEV 14:10. 
ialonai,,,,,,Freq: 19. Example: LEV 24:3. 
iubile,,,,,,Freq: 19. Example: LEV 25:10. 
gadeadia,,,,,,Freq: 19. Example: LEV 26:13. 
ilao-ahuna,,,,,,Freq: 19. Example: NUM 1:53. 
snow,,,,,,Freq: 19. Example: NUM 12:10. 
imamai,,,,,,Freq: 19. Example: NUM 21:2. 
haḡanigu,,,,,,Freq: 19. Example: NUM 23:20. 
laimaosi,,,,,,Freq: 19. Example: NUM 31:8. 
libna,,,,,,Freq: 19. Example: NUM 33:20. 
ialana,,,,,,Freq: 19. Example: NUM 35:20. 
hamaorolaigu,,,,,,Freq: 19. Example: DEU 5:28. 
habadaiamu,,,,,,Freq: 19. Example: DEU 33:20. 
duahi,,,,,,Freq: 19. Example: JOS 8:34. 
vine-ranuna,,,,,,Freq: 19. Example: JOS 9:4. 
hasoro,,,,,,Freq: 19. Example: JOS 11:1. 
bete-semese,,,,,,Freq: 19. Example: JOS 15:10. 
henari,,,,,,Freq: 19. Example: JDG 3:25. 
hosidia,,,,,,Freq: 19. Example: JDG 5:22. 
haloa,,,,,,Freq: 19. Example: RUT 2:13. 
taitaimu,,,,,,Freq: 19. Example: 1SA 1:8. 
perovetava,,,,,,Freq: 19. Example: 1SA 10:11. 
abigail,,,,,,Freq: 19. Example: 1SA 25:1. 
dikadikamu,,,,,,Freq: 19. Example: 2SA 17:8. 
herevalaiamu,,,,,,Freq: 19. Example: 2SA 19:10. 
sosana,,,,,,Freq: 19. Example: 1KI 7:19. 
aivori,,,,,,Freq: 19. Example: 1KI 10:18. 
nariava,,,,,,Freq: 19. Example: 1KI 20:33. 
atalia,,,,,,Freq: 19. Example: 2KI 8:26. 
matania,,,,,,Freq: 19. Example: 2KI 24:17. 
amaria,,,,,,Freq: 19. Example: 1CH 6:7. 
hasabia,,,,,,Freq: 19. Example: 1CH 6:45. 
tobia,,,,,,Freq: 19. Example: 2CH 17:8. 
hebeatai,,,,,,Freq: 19. Example: 2CH 33:19. 
huo,,,,,,Freq: 19. Example: JOB 18:8. 
bavabidadama,,,,,,Freq: 19. Example: JOB 39:11. 
gwarumedia,,,,,,Freq: 18. Example: GEN 1:26. 
ihavaradia,,,,,,Freq: 18. Example: GEN 2:4. 
eden,,,,,,Freq: 18. Example: GEN 2:8. 
sinahu-taurahani,,,,,,Freq: 18. Example: GEN 5:4. 
gwauta-ima,,,,,,Freq: 18. Example: GEN 5:10. 
sarai,,,,,,Freq: 18. Example: GEN 11:29. 
hagara,,,,,,Freq: 18. Example: GEN 16:1. 
ubua,,,,,,Freq: 18. Example: GEN 21:7. 
hanamomumu,,,,,,Freq: 18. Example: GEN 26:29. 
uduguiraidia,,,,,,Freq: 18. Example: GEN 27:29. 
toutoudia,,,,,,Freq: 18. Example: GEN 30:32. 
malokihi,,,,,,Freq: 18. Example: GEN 32:22. 
sukoto,,,,,,Freq: 18. Example: GEN 33:17. 
hatoamu,,,,,,Freq: 18. Example: GEN 35:20. 
baitato,,,,,,Freq: 18. Example: GEN 37:20. 
lasihia,,,,,,Freq: 18. Example: GEN 37:29. 
hahebubua,,,,,,Freq: 18. Example: GEN 38:9. 
heḡereḡeremu,,,,,,Freq: 18. Example: GEN 41:39. 
eremu,,,,,,Freq: 18. Example: GEN 41:40. 
ama,,,,,,Freq: 18. Example: GEN 42:7. 
ruaia,,,,,,Freq: 18. Example: GEN 45:6. 
bavato,,,,,,Freq: 18. Example: GEN 45:17. 
laima,,,,,,Freq: 18. Example: GEN 47:2. 
mataia,,,,,,Freq: 18. Example: GEN 49:11. 
helalolaia,,,,,,Freq: 18. Example: EXO 2:24. 
usiele,,,,,,Freq: 18. Example: EXO 6:18. 
dogodia,,,,,,Freq: 18. Example: EXO 9:2. 
avana,,,,,,Freq: 18. Example: EXO 10:15. 
hatubu,,,,,,Freq: 18. Example: EXO 12:15. 
kahagu,,,,,,Freq: 18. Example: EXO 13:8. 
vaiuridia,,,,,,Freq: 18. Example: EXO 25:4. 
mia-kakadia,,,,,,Freq: 18. Example: EXO 25:4. 
hetoi,,,,,,Freq: 18. Example: EXO 25:27. 
ikoko,,,,,,Freq: 18. Example: EXO 26:17. 
igau,,,,,,Freq: 18. Example: EXO 26:37. 
gwauta-raruosi,,,,,,Freq: 18. Example: EXO 28:21. 
davedave,,,,,,Freq: 18. Example: EXO 29:24. 
ihahelaḡana,,,,,,Freq: 18. Example: EXO 29:26. 
ialadia,,,,,,Freq: 18. Example: EXO 32:12. 
rohoa,,,,,,Freq: 18. Example: EXO 32:32. 
tua,,,,,,Freq: 18. Example: EXO 37:21. 
lahaina,,,,,,Freq: 18. Example: LEV 10:4. 
daea,,,,,,Freq: 18. Example: LEV 13:2. 
elisama,,,,,,Freq: 18. Example: NUM 1:10. 
nauna,,,,,,Freq: 18. Example: NUM 7:14. 
bubu,,,,,,Freq: 18. Example: NUM 16:37. 
haga,,,,,,Freq: 18. Example: NUM 23:9. 
hatoi,,,,,,Freq: 18. Example: NUM 24:10. 
tirisa,,,,,,Freq: 18. Example: NUM 26:33. 
konena,,,,,,Freq: 18. Example: NUM 34:6. 
turamu,,,,,,Freq: 18. Example: DEU 13:6. 
dika-rohorohona,,,,,,Freq: 18. Example: DEU 17:1. 
pada,,,,,,Freq: 18. Example: DEU 24:21. 
vabuna,,,,,,Freq: 18. Example: DEU 25:9. 
udu,,,,,,Freq: 18. Example: DEU 28:37. 
hadoamu,,,,,,Freq: 18. Example: DEU 29:23. 
rahaba,,,,,,Freq: 18. Example: JOS 2:1. 
keila,,,,,,Freq: 18. Example: JOS 15:44. 
geba,,,,,,Freq: 18. Example: JOS 18:24. 
sibomai,,,,,,Freq: 18. Example: JOS 24:22. 
gimadia,,,,,,Freq: 18. Example: JDG 7:24. 
manoa,,,,,,Freq: 18. Example: JDG 13:2. 
taodia,,,,,,Freq: 18. Example: JDG 20:13. 
ituari-henidia,,,,,,Freq: 18. Example: JDG 20:31. 
daredia,,,,,,Freq: 18. Example: JDG 20:46. 
ahitubu,,,,,,Freq: 18. Example: 1SA 14:3. 
hegwauhamata,,,,,,Freq: 18. Example: 1SA 18:3. 
hatai,,,,,,Freq: 18. Example: 1SA 18:6. 
ahimelek,,,,,,Freq: 18. Example: 1SA 21:1. 
inumu,,,,,,Freq: 18. Example: 2SA 19:35. 
moaleva,,,,,,Freq: 18. Example: 1KI 4:20. 
reke,,,,,,Freq: 18. Example: 1KI 7:18. 
ruahui-ima,,,,,,Freq: 18. Example: 2KI 14:2. 
pepana,,,,,,Freq: 18. Example: EZR 4:6. 
rohorohomu,,,,,,Freq: 18. Example: EST 3:8. 
bogaragimu,,,,,,Freq: 18. Example: PSA 116:19. 
noimuimu,,,,,,Freq: 18. Example: ISA 5:3. 
harorolaiamu,,,,,,Freq: 18. Example: NAM 1:15. 
kaperanaum,,,,,,Freq: 18. Example: MAT 4:13. 
kaisarea,,,,,,Freq: 18. Example: MAT 16:13. 
hadiaria,,,,,,Freq: 17. Example: GEN 1:15. 
hadokodia,,,,,,Freq: 17. Example: GEN 2:2. 
karalaia,,,,,,Freq: 17. Example: GEN 2:22. 
idavarina,,,,,,Freq: 17. Example: GEN 4:15. 
dikoana,,,,,,Freq: 17. Example: GEN 5:6. 
ham,,,,,,Freq: 17. Example: GEN 5:32. 
padadai,,,,,,Freq: 17. Example: GEN 9:16. 
rakalaia,,,,,,Freq: 17. Example: GEN 9:23. 
kusu,,,,,,Freq: 17. Example: GEN 10:6. 
aram,,,,,,Freq: 17. Example: GEN 10:22. 
avabi,,,,,,Freq: 17. Example: GEN 18:6. 
guhi,,,,,,Freq: 17. Example: GEN 19:8. 
muritai,,,,,,Freq: 17. Example: GEN 19:35. 
mirina,,,,,,Freq: 17. Example: GEN 22:17. 
eregu,,,,,,Freq: 17. Example: GEN 22:18. 
kuri,,,,,,Freq: 17. Example: GEN 24:14. 
hetahu,,,,,,Freq: 17. Example: GEN 31:35. 
bamomai,,,,,,Freq: 17. Example: GEN 34:15. 
ha-ore,,,,,,Freq: 17. Example: GEN 34:29. 
habadelaidia,,,,,,Freq: 17. Example: GEN 37:2. 
tadikaka,,,,,,Freq: 17. Example: GEN 42:13. 
davarimu,,,,,,Freq: 17. Example: GEN 46:30. 
laohaigu,,,,,,Freq: 17. Example: GEN 47:30. 
itamui,,,,,,Freq: 17. Example: GEN 48:11. 
hekori,,,,,,Freq: 17. Example: GEN 49:17. 
nadi-ginina,,,,,,Freq: 17. Example: GEN 49:24. 
gagadoi,,,,,,Freq: 17. Example: EXO 1:9. 
horeb,,,,,,Freq: 17. Example: EXO 3:1. 
aminadab,,,,,,Freq: 17. Example: EXO 6:23. 
idibadia,,,,,,Freq: 17. Example: EXO 14:29. 
veve,,,,,,Freq: 17. Example: EXO 15:15. 
haheitalaia,,,,,,Freq: 17. Example: EXO 15:25. 
daudauna,,,,,,Freq: 17. Example: EXO 19:13. 
rahurahu,,,,,,Freq: 17. Example: EXO 19:19. 
sisi,,,,,,Freq: 17. Example: EXO 32:20. 
hakaradia,,,,,,Freq: 17. Example: EXO 32:21. 
habuamui,,,,,,Freq: 17. Example: EXO 33:3. 
hadibalaigu,,,,,,Freq: 17. Example: EXO 33:13. 
hedinaraiva,,,,,,Freq: 17. Example: EXO 34:10. 
tara,,,,,,Freq: 17. Example: EXO 34:13. 
kokia,,,,,,Freq: 17. Example: EXO 34:34. 
ḡaukaralaia,,,,,,Freq: 17. Example: EXO 38:24. 
igabu,,,,,,Freq: 17. Example: LEV 7:14. 
masena,,,,,,Freq: 17. Example: LEV 14:51. 
doruna,,,,,,Freq: 17. Example: LEV 15:9. 
hemaraina,,,,,,Freq: 17. Example: NUM 12:14. 
hosea,,,,,,Freq: 17. Example: NUM 13:8. 
mikael,,,,,,Freq: 17. Example: NUM 13:13. 
astaroto,,,,,,Freq: 17. Example: DEU 1:4. 
au-tubuadia,,,,,,Freq: 17. Example: DEU 7:5. 
ikwadilaina,,,,,,Freq: 17. Example: DEU 16:13. 
ḡava,,,,,,Freq: 17. Example: DEU 16:20. 
kererena,,,,,,Freq: 17. Example: DEU 21:8. 
momomu,,,,,,Freq: 17. Example: DEU 21:20. 
habadugu,,,,,,Freq: 17. Example: DEU 32:21. 
ikwarana,,,,,,Freq: 17. Example: JOS 9:15. 
maragina,,,,,,Freq: 17. Example: JOS 17:9. 
taho,,,,,,Freq: 17. Example: JDG 8:25. 
haloudia,,,,,,Freq: 17. Example: JDG 9:57. 
gerebu-hani,,,,,,Freq: 17. Example: JDG 12:6. 
helaga,,,,,,Freq: 17. Example: JDG 13:7. 
ruta,,,,,,Freq: 17. Example: RUT 1:4. 
hekureva,,,,,,Freq: 17. Example: 1SA 3:2. 
boga-auka,,,,,,Freq: 17. Example: 1SA 10:26. 
daimai,,,,,,Freq: 17. Example: 1SA 12:19. 
nere,,,,,,Freq: 17. Example: 1SA 14:50. 
daḡedaḡena,,,,,,Freq: 17. Example: 1SA 25:3. 
usa,,,,,,Freq: 17. Example: 2SA 6:3. 
inaridia,,,,,,Freq: 17. Example: 2SA 8:16. 
amasa,,,,,,Freq: 17. Example: 2SA 17:25. 
inuna,,,,,,Freq: 17. Example: 2SA 23:17. 
sinavaidia,,,,,,Freq: 17. Example: 2SA 23:30. 
ihahetohona,,,,,,Freq: 17. Example: 1KI 6:25. 
mahutamu,,,,,,Freq: 17. Example: 1KI 18:27. 
hetao,,,,,,Freq: 17. Example: 2KI 5:18. 
rabsake,,,,,,Freq: 17. Example: 2KI 18:17. 
reḡereḡedia,,,,,,Freq: 17. Example: 2KI 18:36. 
heihi-ihirai,,,,,,Freq: 17. Example: 2KI 19:27. 
eliasibi,,,,,,Freq: 17. Example: 1CH 3:24. 
iala-masedia,,,,,,Freq: 17. Example: 2CH 25:14. 
dahu,,,,,,Freq: 17. Example: JOB 28:4. 
hekamonaimu,,,,,,Freq: 17. Example: JOB 37:4. 
motumotu,,,,,,Freq: 17. Example: PSA 72:10. 
kekenimu,,,,,,Freq: 17. Example: SNG 7:1. 
hekeho,,,,,,Freq: 17. Example: ISA 24:18. 
hahevahu,,,,,,Freq: 17. Example: ISA 51:19. 
davamui,,,,,,Freq: 17. Example: ISA 52:3. 
huala,,,,,,Freq: 17. Example: JER 51:34. 
koigu,,,,,,Freq: 16. Example: GEN 3:13. 
hegiro,,,,,,Freq: 16. Example: GEN 3:24. 
auri-laboralabora,,,,,,Freq: 16. Example: GEN 4:22. 
hidaosi,,,,,,Freq: 16. Example: GEN 8:20. 
ebere,,,,,,Freq: 16. Example: GEN 10:21. 
kade,,,,,,Freq: 16. Example: GEN 14:7. 
kopukopu,,,,,,Freq: 16. Example: GEN 14:10. 
hamasea,,,,,,Freq: 16. Example: GEN 20:4. 
basinela,,,,,,Freq: 16. Example: GEN 21:10. 
murimurina,,,,,,Freq: 16. Example: GEN 24:11. 
haduagu,,,,,,Freq: 16. Example: GEN 24:37. 
taihudia,,,,,,Freq: 16. Example: GEN 24:59. 
ḡei,,,,,,Freq: 16. Example: GEN 26:15. 
hadokilaia,,,,,,Freq: 16. Example: GEN 27:15. 
kudouna,,,,,,Freq: 16. Example: GEN 27:33. 
hadaiamu,,,,,,Freq: 16. Example: GEN 27:42. 
ahumai,,,,,,Freq: 16. Example: GEN 31:14. 
mahanaim,,,,,,Freq: 16. Example: GEN 32:2. 
reuele,,,,,,Freq: 16. Example: GEN 36:4. 
dokia,,,,,,Freq: 16. Example: GEN 37:23. 
tuhutuhuna,,,,,,Freq: 16. Example: GEN 41:5. 
harimu,,,,,,Freq: 16. Example: GEN 41:15. 
latadai,,,,,,Freq: 16. Example: GEN 42:22. 
hahonu,,,,,,Freq: 16. Example: GEN 42:25. 
gwauta-tauratoi,,,,,,Freq: 16. Example: GEN 46:18. 
heubu,,,,,,Freq: 16. Example: GEN 47:22. 
agu,,,,,,Freq: 16. Example: EXO 5:1. 
hametaua,,,,,,Freq: 16. Example: EXO 5:9. 
haḡanilaidia,,,,,,Freq: 16. Example: EXO 6:13. 
mali,,,,,,Freq: 16. Example: EXO 6:19. 
medu-hetari,,,,,,Freq: 16. Example: EXO 9:23. 
urua,,,,,,Freq: 16. Example: EXO 12:22. 
nanadaimu,,,,,,Freq: 16. Example: EXO 13:14. 
habubunidia,,,,,,Freq: 16. Example: EXO 14:28. 
hetahamu,,,,,,Freq: 16. Example: EXO 15:14. 
ihamaurimu,,,,,,Freq: 16. Example: EXO 15:26. 
huru,,,,,,Freq: 16. Example: EXO 17:10. 
heraherana,,,,,,Freq: 16. Example: EXO 25:31. 
imaosi,,,,,,Freq: 16. Example: EXO 26:4. 
hakapu-tao,,,,,,Freq: 16. Example: EXO 26:6. 
urim,,,,,,Freq: 16. Example: EXO 28:30. 
taḡena,,,,,,Freq: 16. Example: EXO 29:14. 
helada,,,,,,Freq: 16. Example: EXO 34:5. 
davea,,,,,,Freq: 16. Example: LEV 7:30. 
iabi-ohodia,,,,,,Freq: 16. Example: LEV 9:15. 
naua,,,,,,Freq: 16. Example: LEV 13:33. 
kwaramui,,,,,,Freq: 16. Example: LEV 19:27. 
atokauna,,,,,,Freq: 16. Example: LEV 27:13. 
ihagwauta-tana,,,,,,Freq: 16. Example: NUM 7:72. 
hadonoa,,,,,,Freq: 16. Example: NUM 11:33. 
habouamu,,,,,,Freq: 16. Example: NUM 19:10. 
noholaidia,,,,,,Freq: 16. Example: NUM 21:25. 
kwadia,,,,,,Freq: 16. Example: NUM 22:23. 
heduru,,,,,,Freq: 16. Example: NUM 25:2. 
aroere,,,,,,Freq: 16. Example: NUM 32:34. 
roroma,,,,,,Freq: 16. Example: NUM 35:16. 
karukarudia,,,,,,Freq: 16. Example: DEU 1:39. 
gwauraidiamu,,,,,,Freq: 16. Example: DEU 2:11. 
raba,,,,,,Freq: 16. Example: DEU 3:11. 
hanamodiamu,,,,,,Freq: 16. Example: DEU 10:18. 
haḡanimuimu,,,,,,Freq: 16. Example: DEU 19:7. 
rami-hebouna,,,,,,Freq: 16. Example: DEU 22:19. 
sirimu,,,,,,Freq: 16. Example: DEU 27:18. 
karadiamu,,,,,,Freq: 16. Example: DEU 28:36. 
teio,,,,,,Freq: 16. Example: DEU 29:23. 
hadibamu,,,,,,Freq: 16. Example: DEU 32:7. 
guimu,,,,,,Freq: 16. Example: DEU 33:26. 
inoholaidia,,,,,,Freq: 16. Example: JDG 5:24. 
havara-havara,,,,,,Freq: 16. Example: JDG 14:17. 
daelaia,,,,,,Freq: 16. Example: 1SA 6:21. 
mikala,,,,,,Freq: 16. Example: 1SA 14:49. 
ahimasa,,,,,,Freq: 16. Example: 1SA 14:50. 
ohedia,,,,,,Freq: 16. Example: 2SA 2:16. 
rekab,,,,,,Freq: 16. Example: 2SA 4:2. 
hahani,,,,,,Freq: 16. Example: 2SA 12:6. 
mailaiamu,,,,,,Freq: 16. Example: 2SA 18:25. 
hahelaia,,,,,,Freq: 16. Example: 2SA 21:10. 
ḡeḡegu,,,,,,Freq: 16. Example: 2SA 22:5. 
lalo-ḡoevaḡoeva,,,,,,Freq: 16. Example: 2SA 22:27. 
hemana,,,,,,Freq: 16. Example: 1KI 4:31. 
tonnes,,,,,,Freq: 16. Example: 1KI 9:14. 
koimui,,,,,,Freq: 16. Example: 2KI 18:32. 
iehoiakini,,,,,,Freq: 16. Example: 2KI 24:7. 
malkia,,,,,,Freq: 16. Example: 1CH 6:40. 
pasahuru,,,,,,Freq: 16. Example: 1CH 9:12. 
botabota,,,,,,Freq: 16. Example: 1CH 13:8. 
daramui,,,,,,Freq: 16. Example: 1CH 22:19. 
nahuana,,,,,,Freq: 16. Example: 2CH 27:6. 
iheatolaina,,,,,,Freq: 16. Example: NEH 12:46. 
damuna,,,,,,Freq: 16. Example: JOB 4:11. 
mala,,,,,,Freq: 16. Example: JOB 5:21. 
tohomu,,,,,,Freq: 16. Example: JOB 12:11. 
koe-hirihiri,,,,,,Freq: 16. Example: JOB 37:9. 
kerehaimu,,,,,,Freq: 16. Example: JOB 39:22. 
manokamu,,,,,,Freq: 16. Example: PSA 6:2. 
anerudia,,,,,,Freq: 16. Example: PSA 78:49. 
lasaro,,,,,,Freq: 16. Example: LUK 16:20. 
huaria,,,,,,Freq: 15. Example: GEN 3:15. 
ada,,,,,,Freq: 15. Example: GEN 4:19. 
iḡaukaralaidia,,,,,,Freq: 15. Example: GEN 4:22. 
imada,,,,,,Freq: 15. Example: GEN 5:29. 
atua,,,,,,Freq: 15. Example: GEN 6:18. 
harohoa,,,,,,Freq: 15. Example: GEN 8:6. 
kaukau,,,,,,Freq: 15. Example: GEN 8:13. 
lokua,,,,,,Freq: 15. Example: GEN 13:18. 
eliesere,,,,,,Freq: 15. Example: GEN 15:2. 
maoromaoromu,,,,,,Freq: 15. Example: GEN 17:1. 
heḡore,,,,,,Freq: 15. Example: GEN 18:15. 
noidia,,,,,,Freq: 15. Example: GEN 19:3. 
vara-edeana,,,,,,Freq: 15. Example: GEN 22:2. 
iura-henina,,,,,,Freq: 15. Example: GEN 24:67. 
hadad,,,,,,Freq: 15. Example: GEN 25:15. 
valahu-valahu,,,,,,Freq: 15. Example: GEN 27:1. 
tau-muritai,,,,,,Freq: 15. Example: GEN 27:15. 
davagu,,,,,,Freq: 15. Example: GEN 30:32. 
iutudia,,,,,,Freq: 15. Example: GEN 31:19. 
hisihisiva,,,,,,Freq: 15. Example: GEN 40:6. 
l,,,,,,Freq: 15. Example: GEN 41:26. 
gosen,,,,,,Freq: 15. Example: GEN 45:10. 
hakapua,,,,,,Freq: 15. Example: GEN 46:4. 
durumu,,,,,,Freq: 15. Example: GEN 49:25. 
gunalaidia,,,,,,Freq: 15. Example: EXO 1:5. 
mamia,,,,,,Freq: 15. Example: EXO 3:19. 
dadabadia,,,,,,Freq: 15. Example: EXO 5:14. 
amram,,,,,,Freq: 15. Example: EXO 6:18. 
nason,,,,,,Freq: 15. Example: EXO 6:23. 
hapararadia,,,,,,Freq: 15. Example: EXO 8:22. 
rudia,,,,,,Freq: 15. Example: EXO 8:29. 
guba-rahu,,,,,,Freq: 15. Example: EXO 9:23. 
odadia,,,,,,Freq: 15. Example: EXO 10:19. 
dahulai,,,,,,Freq: 15. Example: EXO 12:7. 
iḡuina,,,,,,Freq: 15. Example: EXO 12:22. 
senemu,,,,,,Freq: 15. Example: EXO 13:5. 
gaiho,,,,,,Freq: 15. Example: EXO 15:25. 
sin,,,,,,Freq: 15. Example: EXO 16:1. 
ihagwauta-imana,,,,,,Freq: 15. Example: EXO 16:1. 
ranu-mase,,,,,,Freq: 15. Example: EXO 17:3. 
laga,,,,,,Freq: 15. Example: EXO 19:18. 
basineto,,,,,,Freq: 15. Example: EXO 20:7. 
heraḡa,,,,,,Freq: 15. Example: EXO 21:27. 
namomu,,,,,,Freq: 15. Example: EXO 25:2. 
digina,,,,,,Freq: 15. Example: EXO 25:25. 
buredia,,,,,,Freq: 15. Example: EXO 25:33. 
ikaruhina,,,,,,Freq: 15. Example: EXO 30:6. 
halaomai,,,,,,Freq: 15. Example: EXO 34:9. 
hekise-hekise,,,,,,Freq: 15. Example: EXO 34:24. 
iasi,,,,,,Freq: 15. Example: LEV 4:12. 
gabana,,,,,,Freq: 15. Example: LEV 8:7. 
imodaigu,,,,,,Freq: 15. Example: LEV 10:3. 
kito,,,,,,Freq: 15. Example: LEV 11:16. 
gudu,,,,,,Freq: 15. Example: LEV 13:2. 
madunana,,,,,,Freq: 15. Example: LEV 20:17. 
nadinadina,,,,,,Freq: 15. Example: LEV 21:20. 
hahisihisidia,,,,,,Freq: 15. Example: LEV 25:46. 
homere,,,,,,Freq: 15. Example: LEV 27:16. 
ihaginina,,,,,,Freq: 15. Example: NUM 4:32. 
huro,,,,,,Freq: 15. Example: NUM 11:8. 
hetomana,,,,,,Freq: 15. Example: NUM 15:13. 
ibadinadia,,,,,,Freq: 15. Example: NUM 15:24. 
ilao-ahudia,,,,,,Freq: 15. Example: NUM 20:20. 
simiri,,,,,,Freq: 15. Example: NUM 25:14. 
iḡavana,,,,,,Freq: 15. Example: NUM 32:15. 
hagoadaia,,,,,,Freq: 15. Example: DEU 2:30. 
gesuru,,,,,,Freq: 15. Example: DEU 3:14. 
haḡanilaimui,,,,,,Freq: 15. Example: DEU 5:33. 
kudougu,,,,,,Freq: 15. Example: DEU 9:19. 
hahekau,,,,,,Freq: 15. Example: DEU 9:28. 
moi,,,,,,Freq: 15. Example: DEU 11:24. 
senegu,,,,,,Freq: 15. Example: DEU 26:5. 
abiva,,,,,,Freq: 15. Example: DEU 33:3. 
inaimai,,,,,,Freq: 15. Example: JOS 5:13. 
kiriat-iearimi,,,,,,Freq: 15. Example: JOS 9:17. 
eglon,,,,,,Freq: 15. Example: JOS 10:3. 
gesere,,,,,,Freq: 15. Example: JOS 10:33. 
sema,,,,,,Freq: 15. Example: JOS 15:26. 
rimon,,,,,,Freq: 15. Example: JOS 15:32. 
itomadiho-henina,,,,,,Freq: 15. Example: JOS 22:25. 
barak,,,,,,Freq: 15. Example: JDG 4:6. 
ihabaigu,,,,,,Freq: 15. Example: JDG 6:22. 
henimaimu,,,,,,Freq: 15. Example: JDG 15:10. 
henegalaia,,,,,,Freq: 15. Example: JDG 19:30. 
daha-taurahani,,,,,,Freq: 15. Example: JDG 20:25. 
lasihidia,,,,,,Freq: 15. Example: JDG 21:9. 
ierohama,,,,,,Freq: 15. Example: 1SA 1:1. 
hana,,,,,,Freq: 15. Example: 1SA 1:2. 
kehodia,,,,,,Freq: 15. Example: 1SA 3:15. 
iabese,,,,,,Freq: 15. Example: 1SA 11:1. 
lonatan,,,,,,Freq: 15. Example: 1SA 14:3. 
hadava,,,,,,Freq: 15. Example: 1SA 14:24. 
moalelaidia,,,,,,Freq: 15. Example: 1SA 15:22. 
anena,,,,,,Freq: 15. Example: 2SA 1:17. 
isiboset,,,,,,Freq: 15. Example: 2SA 2:8. 
sefatia,,,,,,Freq: 15. Example: 2SA 3:4. 
hamaoromumu,,,,,,Freq: 15. Example: 2SA 7:11. 
habodoa,,,,,,Freq: 15. Example: 2SA 14:7. 
raka-hanai,,,,,,Freq: 15. Example: 2SA 20:12. 
lalo-maoromaoro,,,,,,Freq: 15. Example: 1KI 3:6. 
ido,,,,,,Freq: 15. Example: 1KI 4:14. 
mina,,,,,,Freq: 15. Example: 1KI 10:17. 
asera,,,,,,Freq: 15. Example: 1KI 15:13. 
mamase,,,,,,Freq: 15. Example: 1KI 20:29. 
pataia,,,,,,Freq: 15. Example: 1KI 22:24. 
helagadia,,,,,,Freq: 15. Example: 1KI 22:43. 
eliakim,,,,,,Freq: 15. Example: 2KI 18:18. 
nebusaradana,,,,,,Freq: 15. Example: 2KI 25:8. 
aratasasta,,,,,,Freq: 15. Example: EZR 4:7. 
eva-evamu,,,,,,Freq: 15. Example: JOB 1:7. 
hekwakwanaimu,,,,,,Freq: 15. Example: JOB 12:5. 
dikamu,,,,,,Freq: 15. Example: JOB 21:10. 
lena,,,,,,Freq: 15. Example: JOB 26:13. 
aha,,,,,,Freq: 15. Example: JOB 39:25. 
hesikumu,,,,,,Freq: 15. Example: PSA 6:6. 
kunumu,,,,,,Freq: 15. Example: PSA 36:8. 
apolo,,,,,,Freq: 15. Example: SNG 2:3. 
sadaraka,,,,,,Freq: 15. Example: DAN 1:7. 
mesaka,,,,,,Freq: 15. Example: DAN 1:7. 
abedenego,,,,,,Freq: 15. Example: DAN 1:7. 
tito,,,,,,Freq: 15. Example: 2CO 2:13. 
loava,,,,,,Freq: 14. Example: GEN 1:2. 
onuku,,,,,,Freq: 14. Example: GEN 2:12. 
ḡaḡaedia,,,,,,Freq: 14. Example: GEN 3:7. 
heḡereḡeregu,,,,,,Freq: 14. Example: GEN 3:22. 
heheniva,,,,,,Freq: 14. Example: GEN 5:22. 
hadika,,,,,,Freq: 14. Example: GEN 6:12. 
kou,,,,,,Freq: 14. Example: GEN 8:2. 
lababadia,,,,,,Freq: 14. Example: GEN 10:11. 
tera,,,,,,Freq: 14. Example: GEN 11:24. 
bela,,,,,,Freq: 14. Example: GEN 14:2. 
suru,,,,,,Freq: 14. Example: GEN 16:7. 
ihahemaoro-henina,,,,,,Freq: 14. Example: GEN 18:25. 
goadagu,,,,,,Freq: 14. Example: GEN 19:19. 
maun,,,,,,Freq: 14. Example: GEN 21:5. 
paḡana,,,,,,Freq: 14. Example: GEN 21:14. 
hane-ulatona,,,,,,Freq: 14. Example: GEN 21:21. 
efron,,,,,,Freq: 14. Example: GEN 23:8. 
k,,,,,,Freq: 14. Example: GEN 23:16. 
mamuna,,,,,,Freq: 14. Example: GEN 24:9. 
ḡuriḡuriva,,,,,,Freq: 14. Example: GEN 24:45. 
taiva,,,,,,Freq: 14. Example: GEN 24:67. 
hadibalaimu,,,,,,Freq: 14. Example: GEN 26:2. 
atu,,,,,,Freq: 14. Example: GEN 26:11. 
pauana,,,,,,Freq: 14. Example: GEN 27:3. 
ihanamomu,,,,,,Freq: 14. Example: GEN 27:35. 
ihaboudia,,,,,,Freq: 14. Example: GEN 29:7. 
mama,,,,,,Freq: 14. Example: GEN 30:1. 
henaoa,,,,,,Freq: 14. Example: GEN 30:15. 
dadidia,,,,,,Freq: 14. Example: GEN 31:31. 
efrata,,,,,,Freq: 14. Example: GEN 35:16. 
elifasa,,,,,,Freq: 14. Example: GEN 36:4. 
gwaugwau,,,,,,Freq: 14. Example: GEN 37:10. 
rioa,,,,,,Freq: 14. Example: GEN 37:34. 
dorudia,,,,,,Freq: 14. Example: GEN 42:26. 
bagu-haoro,,,,,,Freq: 14. Example: GEN 44:15. 
tuina,,,,,,Freq: 14. Example: GEN 48:12. 
haoa,,,,,,Freq: 14. Example: GEN 49:9. 
gaigaina,,,,,,Freq: 14. Example: GEN 49:17. 
dahua,,,,,,Freq: 14. Example: GEN 50:2. 
hururu,,,,,,Freq: 14. Example: EXO 3:2. 
bodaga,,,,,,Freq: 14. Example: EXO 7:18. 
idaina,,,,,,Freq: 14. Example: EXO 8:10. 
haheitalaimu,,,,,,Freq: 14. Example: EXO 9:16. 
medu-hetarina,,,,,,Freq: 14. Example: EXO 9:22. 
ikaralaidia,,,,,,Freq: 14. Example: EXO 9:31. 
alamui,,,,,,Freq: 14. Example: EXO 12:13. 
ihatubuna,,,,,,Freq: 14. Example: EXO 12:19. 
namonamova,,,,,,Freq: 14. Example: EXO 14:25. 
miriama,,,,,,Freq: 14. Example: EXO 15:20. 
tareko,,,,,,Freq: 14. Example: EXO 15:20. 
maumauraia,,,,,,Freq: 14. Example: EXO 15:24. 
urodia,,,,,,Freq: 14. Example: EXO 16:3. 
bogamai,,,,,,Freq: 14. Example: EXO 16:3. 
diaridiarina,,,,,,Freq: 14. Example: EXO 16:10. 
haḡanimu,,,,,,Freq: 14. Example: EXO 18:23. 
ratana,,,,,,Freq: 14. Example: EXO 23:19. 
haheraia,,,,,,Freq: 14. Example: EXO 25:11. 
bogaragi,,,,,,Freq: 14. Example: EXO 26:28. 
iudalaina,,,,,,Freq: 14. Example: EXO 27:3. 
atagana,,,,,,Freq: 14. Example: EXO 29:23. 
haḡole,,,,,,Freq: 14. Example: EXO 30:20. 
gaihodia,,,,,,Freq: 14. Example: EXO 30:34. 
hururu-hururu,,,,,,Freq: 14. Example: EXO 34:29. 
ikorodia,,,,,,Freq: 14. Example: EXO 35:33. 
gaukara,,,,,,Freq: 14. Example: EXO 39:31. 
rohomu,,,,,,Freq: 14. Example: LEV 11:46. 
iou,,,,,,Freq: 14. Example: LEV 13:27. 
ihaḡoevana,,,,,,Freq: 14. Example: LEV 14:2. 
bolodia,,,,,,Freq: 14. Example: LEV 14:42. 
hododia,,,,,,Freq: 14. Example: LEV 20:27. 
hekoi,,,,,,Freq: 14. Example: LEV 25:17. 
hoalaia,,,,,,Freq: 14. Example: LEV 26:32. 
netanele,,,,,,Freq: 14. Example: NUM 1:8. 
herahiadia,,,,,,Freq: 14. Example: NUM 7:84. 
inuamu,,,,,,Freq: 14. Example: NUM 11:12. 
dadaraigu,,,,,,Freq: 14. Example: NUM 14:11. 
kahimu,,,,,,Freq: 14. Example: NUM 17:13. 
boirigu,,,,,,Freq: 14. Example: NUM 23:7. 
ihi-ihiraia,,,,,,Freq: 14. Example: NUM 23:7. 
heremon,,,,,,Freq: 14. Example: DEU 3:8. 
hadibalaimui,,,,,,Freq: 14. Example: DEU 4:1. 
dadaraimu,,,,,,Freq: 14. Example: DEU 7:25. 
daudaudia,,,,,,Freq: 14. Example: DEU 13:7. 
umana,,,,,,Freq: 14. Example: DEU 23:25. 
raraidia,,,,,,Freq: 14. Example: DEU 28:32. 
lalohadai,,,,,,Freq: 14. Example: DEU 31:21. 
gimaiamu,,,,,,Freq: 14. Example: DEU 32:10. 
revadia,,,,,,Freq: 14. Example: JOS 7:1. 
debiri,,,,,,Freq: 14. Example: JOS 10:3. 
komumu,,,,,,Freq: 14. Example: JOS 10:17. 
siklag,,,,,,Freq: 14. Example: JOS 15:31. 
itava,,,,,,Freq: 14. Example: JOS 24:31. 
herevalaimu,,,,,,Freq: 14. Example: JDG 5:11. 
hagaria,,,,,,Freq: 14. Example: JDG 6:25. 
hahemaraigu,,,,,,Freq: 14. Example: JDG 11:35. 
havevea,,,,,,Freq: 14. Example: JDG 17:4. 
taga,,,,,,Freq: 14. Example: RUT 2:1. 
maraḡimu,,,,,,Freq: 14. Example: 1SA 2:29. 
lalo-hekwarahi,,,,,,Freq: 14. Example: 1SA 9:5. 
taogu,,,,,,Freq: 14. Example: 1SA 22:8. 
atogu,,,,,,Freq: 14. Example: 1SA 23:11. 
hahedai,,,,,,Freq: 14. Example: 2SA 3:10. 
mefiboset,,,,,,Freq: 14. Example: 2SA 4:4. 
hagau-hagau,,,,,,Freq: 14. Example: 2SA 6:19. 
tekoa,,,,,,Freq: 14. Example: 2SA 14:2. 
husai,,,,,,Freq: 14. Example: 2SA 15:32. 
marere-marere,,,,,,Freq: 14. Example: 2SA 22:8. 
lalo-manau,,,,,,Freq: 14. Example: 2SA 22:28. 
haginigu,,,,,,Freq: 14. Example: 2SA 22:34. 
hadibadiamu,,,,,,Freq: 14. Example: 2SA 22:35. 
loulaidia,,,,,,Freq: 14. Example: 1KI 2:40. 
doriva-dorivana,,,,,,Freq: 14. Example: 1KI 8:27. 
lagatoidia,,,,,,Freq: 14. Example: 1KI 10:22. 
negegu,,,,,,Freq: 14. Example: 1KI 14:9. 
gaukaradia,,,,,,Freq: 14. Example: 1KI 16:7. 
gehasi,,,,,,Freq: 14. Example: 2KI 4:12. 
peka,,,,,,Freq: 14. Example: 2KI 15:25. 
karea,,,,,,Freq: 14. Example: 2KI 25:23. 
usisi,,,,,,Freq: 14. Example: 1CH 6:5. 
dibaiamu,,,,,,Freq: 14. Example: 1CH 17:18. 
hegwaurai,,,,,,Freq: 14. Example: 2CH 28:15. 
taoa,,,,,,Freq: 14. Example: 2CH 28:19. 
ihamomokanidia,,,,,,Freq: 14. Example: EZR 2:59. 
hemaraimu,,,,,,Freq: 14. Example: EZR 9:6. 
gageva-gagevadia,,,,,,Freq: 14. Example: JOB 13:7. 
papapapa,,,,,,Freq: 14. Example: JOB 19:24. 
ḡanaḡanamu,,,,,,Freq: 14. Example: JOB 23:2. 
hamaorodiamu,,,,,,Freq: 14. Example: JOB 34:18. 
hamoaleamu,,,,,,Freq: 14. Example: PSA 94:19. 
kaivakukuna,,,,,,Freq: 14. Example: PSA 106:19. 
heura,,,,,,Freq: 14. Example: PRO 7:18. 
ikouna,,,,,,Freq: 14. Example: SNG 5:4. 
hatoredia,,,,,,Freq: 14. Example: ISA 9:11. 
mata-bodaga,,,,,,Freq: 14. Example: JER 2:33. 
ihamoalena,,,,,,Freq: 14. Example: JER 15:16. 
sirihona,,,,,,Freq: 14. Example: EZK 40:3. 
sadukea,,,,,,Freq: 14. Example: MAT 3:7. 
harorolaiava,,,,,,Freq: 14. Example: MAT 4:23. 
tamanudia,,,,,,Freq: 14. Example: MAT 9:30. 
mareta,,,,,,Freq: 14. Example: LUK 10:37. 
hure,,,,,,Freq: 14. Example: JHN 2:13. 
festo,,,,,,Freq: 14. Example: ACT 24:27. 
ado,,,,,,Freq: 13. Example: GEN 1:5. 
hisina,,,,,,Freq: 13. Example: GEN 3:16. 
ofiri,,,,,,Freq: 13. Example: GEN 10:29. 
kene,,,,,,Freq: 13. Example: GEN 15:19. 
natuda,,,,,,Freq: 13. Example: GEN 19:32. 
gau,,,,,,Freq: 13. Example: GEN 21:7. 
ha-inulaidia,,,,,,Freq: 13. Example: GEN 24:14. 
ulatona,,,,,,Freq: 13. Example: GEN 24:14. 
haneulato,,,,,,Freq: 13. Example: GEN 24:16. 
burukana,,,,,,Freq: 13. Example: GEN 24:36. 
kedara,,,,,,Freq: 13. Example: GEN 25:13. 
damudia,,,,,,Freq: 13. Example: GEN 25:28. 
hagania,,,,,,Freq: 13. Example: GEN 28:1. 
idaumu,,,,,,Freq: 13. Example: GEN 31:5. 
hamoro,,,,,,Freq: 13. Example: GEN 33:19. 
tahudiamu,,,,,,Freq: 13. Example: GEN 37:16. 
timuna,,,,,,Freq: 13. Example: GEN 38:12. 
ita-taona,,,,,,Freq: 13. Example: GEN 39:4. 
kougu,,,,,,Freq: 13. Example: GEN 40:15. 
taua,,,,,,Freq: 13. Example: GEN 40:22. 
helalolai,,,,,,Freq: 13. Example: GEN 42:9. 
tadimui,,,,,,Freq: 13. Example: GEN 42:15. 
benai,,,,,,Freq: 13. Example: GEN 43:29. 
kahumui,,,,,,Freq: 13. Example: GEN 44:10. 
haḡanimai,,,,,,Freq: 13. Example: GEN 44:21. 
gunalaimui,,,,,,Freq: 13. Example: GEN 45:5. 
udadia,,,,,,Freq: 13. Example: GEN 45:19. 
reina,,,,,,Freq: 13. Example: GEN 47:4. 
hamauridiava,,,,,,Freq: 13. Example: EXO 1:17. 
bibinagu,,,,,,Freq: 13. Example: EXO 6:12. 
hadonodia,,,,,,Freq: 13. Example: EXO 7:12. 
karalai,,,,,,Freq: 13. Example: EXO 9:31. 
hebouna,,,,,,Freq: 13. Example: EXO 12:19. 
dihuna,,,,,,Freq: 13. Example: EXO 12:22. 
bame,,,,,,Freq: 13. Example: EXO 12:48. 
hurehuredia,,,,,,Freq: 13. Example: EXO 15:19. 
hagagevaia,,,,,,Freq: 13. Example: EXO 23:6. 
mamaruane,,,,,,Freq: 13. Example: EXO 23:17. 
palakadia,,,,,,Freq: 13. Example: EXO 24:12. 
ihaḡoevadia,,,,,,Freq: 13. Example: EXO 25:38. 
ikaralaina,,,,,,Freq: 13. Example: EXO 25:39. 
hakapudia,,,,,,Freq: 13. Example: EXO 26:6. 
hetau,,,,,,Freq: 13. Example: EXO 26:12. 
igabudia,,,,,,Freq: 13. Example: EXO 30:1. 
haheḡanina,,,,,,Freq: 13. Example: EXO 30:21. 
lalo-auka,,,,,,Freq: 13. Example: EXO 32:9. 
bodagadia,,,,,,Freq: 13. Example: LEV 20:23. 
noholai,,,,,,Freq: 13. Example: LEV 23:42. 
tau-animui,,,,,,Freq: 13. Example: LEV 26:30. 
hakarohomui,,,,,,Freq: 13. Example: LEV 26:33. 
reḡu,,,,,,Freq: 13. Example: NUM 3:25. 
nasiri,,,,,,Freq: 13. Example: NUM 6:2. 
igunalaidia,,,,,,Freq: 13. Example: NUM 10:15. 
harohodia,,,,,,Freq: 13. Example: NUM 11:31. 
lefune,,,,,,Freq: 13. Example: NUM 13:6. 
ialodiai,,,,,,Freq: 13. Example: NUM 15:21. 
boirimu,,,,,,Freq: 13. Example: NUM 22:37. 
agag,,,,,,Freq: 13. Example: NUM 24:7. 
itomadiho-henidia,,,,,,Freq: 13. Example: NUM 25:3. 
nebo,,,,,,Freq: 13. Example: NUM 32:3. 
hahavaia,,,,,,Freq: 13. Example: DEU 19:6. 
udumui,,,,,,Freq: 13. Example: DEU 28:27. 
hadihodia,,,,,,Freq: 13. Example: DEU 28:60. 
hedai,,,,,,Freq: 13. Example: DEU 32:15. 
senu,,,,,,Freq: 13. Example: DEU 32:23. 
lalodiamu,,,,,,Freq: 13. Example: DEU 33:9. 
rauadia,,,,,,Freq: 13. Example: JOS 6:25. 
han,,,,,,Freq: 13. Example: JOS 10:27. 
askelono,,,,,,Freq: 13. Example: JOS 13:3. 
hegereḡerena,,,,,,Freq: 13. Example: JOS 14:12. 
hinom,,,,,,Freq: 13. Example: JOS 15:8. 
sifi,,,,,,Freq: 13. Example: JOS 15:24. 
hamomokanidia,,,,,,Freq: 13. Example: JOS 21:45. 
gwauta-taurahani,,,,,,Freq: 13. Example: JDG 3:14. 
iabese-gilead,,,,,,Freq: 13. Example: JDG 21:8. 
obed,,,,,,Freq: 13. Example: RUT 4:17. 
badava,,,,,,Freq: 13. Example: 1SA 1:10. 
kavabu,,,,,,Freq: 13. Example: 1SA 10:1. 
heḡeḡemu,,,,,,Freq: 13. Example: 1SA 10:1. 
ruarua,,,,,,Freq: 13. Example: 1SA 13:20. 
heḡaeḡaemu,,,,,,Freq: 13. Example: 1SA 17:8. 
bea,,,,,,Freq: 13. Example: 1SA 17:34. 
vareaiva,,,,,,Freq: 13. Example: 1SA 18:13. 
raragu,,,,,,Freq: 13. Example: 1SA 26:20. 
kesidia,,,,,,Freq: 13. Example: 2SA 8:7. 
pepadia,,,,,,Freq: 13. Example: 2SA 8:16. 
barasilai,,,,,,Freq: 13. Example: 2SA 17:27. 
netofa,,,,,,Freq: 13. Example: 2SA 23:28. 
udunana,,,,,,Freq: 13. Example: 1KI 7:15. 
helaina,,,,,,Freq: 13. Example: 1KI 13:14. 
ḡoeva-daedia,,,,,,Freq: 13. Example: 1KI 14:26. 
remalia,,,,,,Freq: 13. Example: 2KI 15:25. 
senakerib,,,,,,Freq: 13. Example: 2KI 18:13. 
sealtiele,,,,,,Freq: 13. Example: 1CH 3:17. 
taurahanita-ahui,,,,,,Freq: 13. Example: 1CH 9:6. 
iehiele,,,,,,Freq: 13. Example: 1CH 15:18. 
lohilohi,,,,,,Freq: 13. Example: NEH 2:14. 
anania,,,,,,Freq: 13. Example: NEH 3:23. 
dara-doko,,,,,,Freq: 13. Example: JOB 6:26. 
harohogu,,,,,,Freq: 13. Example: JOB 10:7. 
gwauraimui,,,,,,Freq: 13. Example: JOB 13:5. 
huniamu,,,,,,Freq: 13. Example: JOB 13:24. 
iruru-matagu,,,,,,Freq: 13. Example: JOB 16:20. 
tutuka-tutukamu,,,,,,Freq: 13. Example: JOB 21:8. 
loaloamu,,,,,,Freq: 13. Example: JOB 24:10. 
hamaoroamu,,,,,,Freq: 13. Example: JOB 34:18. 
badabadamu,,,,,,Freq: 13. Example: JOB 36:28. 
idoaia,,,,,,Freq: 13. Example: JOB 40:24. 
ḡoevaḡoevamu,,,,,,Freq: 13. Example: PSA 15:2. 
ḡuriḡurimu,,,,,,Freq: 13. Example: PSA 38:16. 
hanamomuimu,,,,,,Freq: 13. Example: PSA 118:26. 
kupro,,,,,,Freq: 13. Example: ISA 23:1. 
andrea,,,,,,Freq: 13. Example: MAT 4:18. 
betania,,,,,,Freq: 13. Example: MAT 21:17. 
magdala,,,,,,Freq: 13. Example: MAT 27:56. 
sakaria,,,,,,Freq: 13. Example: LUK 1:4. 
elisabeta,,,,,,Freq: 13. Example: LUK 1:4. 
iharorolaina,,,,,,Freq: 13. Example: JHN 1:8. 
hariharina,,,,,,Freq: 13. Example: ACT 2:38. 
agripa,,,,,,Freq: 13. Example: ACT 25:12. 
rahi,,,,,,Freq: 12. Example: GEN 1:5. 
raudia,,,,,,Freq: 12. Example: GEN 1:30. 
hapariparia,,,,,,Freq: 12. Example: GEN 2:6. 
abel,,,,,,Freq: 12. Example: GEN 4:2. 
enok,,,,,,Freq: 12. Example: GEN 4:17. 
soara,,,,,,Freq: 12. Example: GEN 13:10. 
melkisedek,,,,,,Freq: 12. Example: GEN 14:16. 
kerea,,,,,,Freq: 12. Example: GEN 15:9. 
kikina-badana,,,,,,Freq: 12. Example: GEN 19:4. 
bogaragidai,,,,,,Freq: 12. Example: GEN 19:9. 
avabidia,,,,,,Freq: 12. Example: GEN 19:15. 
vaburana,,,,,,Freq: 12. Example: GEN 20:8. 
bogaragimai,,,,,,Freq: 12. Example: GEN 23:6. 
hununa,,,,,,Freq: 12. Example: GEN 27:28. 
pupuna,,,,,,Freq: 12. Example: GEN 28:18. 
davamu,,,,,,Freq: 12. Example: GEN 29:15. 
dadaraigumu,,,,,,Freq: 12. Example: GEN 29:33. 
lasia,,,,,,Freq: 12. Example: GEN 31:25. 
siahugu,,,,,,Freq: 12. Example: GEN 31:29. 
ibolodia,,,,,,Freq: 12. Example: GEN 31:39. 
ihatatoina,,,,,,Freq: 12. Example: GEN 32:19. 
elo,,,,,,Freq: 12. Example: GEN 32:29. 
kena,,,,,,Freq: 12. Example: GEN 36:11. 
tailaia,,,,,,Freq: 12. Example: GEN 37:35. 
aukina,,,,,,Freq: 12. Example: GEN 41:14. 
uitina,,,,,,Freq: 12. Example: GEN 42:1. 
loulaia,,,,,,Freq: 12. Example: GEN 43:9. 
beria,,,,,,Freq: 12. Example: GEN 46:17. 
hebere,,,,,,Freq: 12. Example: GEN 46:17. 
havaradiamu,,,,,,Freq: 12. Example: GEN 49:21. 
tarakia,,,,,,Freq: 12. Example: GEN 49:23. 
gwauta-ruaosi,,,,,,Freq: 12. Example: GEN 49:28. 
gogoada,,,,,,Freq: 12. Example: EXO 1:9. 
inaida,,,,,,Freq: 12. Example: EXO 1:10. 
hadibamui,,,,,,Freq: 12. Example: EXO 4:15. 
alamai,,,,,,Freq: 12. Example: EXO 5:3. 
hahisidiamu,,,,,,Freq: 12. Example: EXO 6:5. 
isahara,,,,,,Freq: 12. Example: EXO 6:18. 
sikri,,,,,,Freq: 12. Example: EXO 6:21. 
abihu,,,,,,Freq: 12. Example: EXO 6:23. 
haḡanilaimu,,,,,,Freq: 12. Example: EXO 7:2. 
kahuna,,,,,,Freq: 12. Example: EXO 9:8. 
toto,,,,,,Freq: 12. Example: EXO 9:9. 
heaḡimu,,,,,,Freq: 12. Example: EXO 9:17. 
daena,,,,,,Freq: 12. Example: EXO 12:7. 
badi-tanona,,,,,,Freq: 12. Example: EXO 19:2. 
hedoava,,,,,,Freq: 12. Example: EXO 22:21. 
ikaruhi,,,,,,Freq: 12. Example: EXO 25:17. 
sakada,,,,,,Freq: 12. Example: EXO 25:33. 
-dia,,,,,,Freq: 12. Example: EXO 26:29. 
mia-kakana,,,,,,Freq: 12. Example: EXO 26:31. 
seseahuna,,,,,,Freq: 12. Example: EXO 26:36. 
tumim,,,,,,Freq: 12. Example: EXO 28:30. 
horodia,,,,,,Freq: 12. Example: EXO 28:41. 
latadia,,,,,,Freq: 12. Example: EXO 29:2. 
ase,,,,,,Freq: 12. Example: EXO 29:13. 
bogarauna,,,,,,Freq: 12. Example: EXO 29:17. 
dahulaidia,,,,,,Freq: 12. Example: EXO 29:20. 
gwautaosi,,,,,,Freq: 12. Example: EXO 34:28. 
dadihaia,,,,,,Freq: 12. Example: LEV 6:4. 
hamakohia,,,,,,Freq: 12. Example: LEV 6:28. 
nanina,,,,,,Freq: 12. Example: LEV 9:15. 
keberedia,,,,,,Freq: 12. Example: LEV 10:1. 
aladiamu,,,,,,Freq: 12. Example: LEV 14:13. 
hahekwakwanaia,,,,,,Freq: 12. Example: LEV 19:14. 
helalokaumu,,,,,,Freq: 12. Example: LEV 19:18. 
maohenina,,,,,,Freq: 12. Example: LEV 19:20. 
kwadogi,,,,,,Freq: 12. Example: LEV 22:23. 
hematama,,,,,,Freq: 12. Example: LEV 26:5. 
amihud,,,,,,Freq: 12. Example: NUM 1:10. 
laia,,,,,,Freq: 12. Example: NUM 4:7. 
merekina,,,,,,Freq: 12. Example: NUM 7:13. 
kibokibona,,,,,,Freq: 12. Example: NUM 7:13. 
hadikamui,,,,,,Freq: 12. Example: NUM 10:9. 
matamai,,,,,,Freq: 12. Example: NUM 10:31. 
havadia,,,,,,Freq: 12. Example: NUM 14:45. 
ha-arua,,,,,,Freq: 12. Example: NUM 20:8. 
ihabaimu,,,,,,Freq: 12. Example: NUM 21:29. 
butumui,,,,,,Freq: 12. Example: NUM 25:18. 
uruna,,,,,,Freq: 12. Example: NUM 32:13. 
ihabadana,,,,,,Freq: 12. Example: NUM 32:14. 
ribla,,,,,,Freq: 12. Example: NUM 34:11. 
diana,,,,,,Freq: 12. Example: DEU 14:5. 
kwadidia,,,,,,Freq: 12. Example: DEU 24:20. 
matauraidiamu,,,,,,Freq: 12. Example: DEU 27:16. 
lada-isina,,,,,,Freq: 12. Example: DEU 28:37. 
bete-horono,,,,,,Freq: 12. Example: JOS 10:10. 
megido,,,,,,Freq: 12. Example: JOS 12:21. 
italaina,,,,,,Freq: 12. Example: JOS 18:17. 
gole-oho,,,,,,Freq: 12. Example: JOS 22:26. 
ierubu-baal,,,,,,Freq: 12. Example: JDG 6:32. 
sebaha,,,,,,Freq: 12. Example: JDG 8:5. 
salmuna,,,,,,Freq: 12. Example: JDG 8:5. 
henimuiva,,,,,,Freq: 12. Example: JDG 9:16. 
biagumai,,,,,,Freq: 12. Example: JDG 11:6. 
senudia,,,,,,Freq: 12. Example: JDG 15:16. 
dagon,,,,,,Freq: 12. Example: JDG 16:23. 
rege,,,,,,Freq: 12. Example: JDG 19:29. 
hahisigu,,,,,,Freq: 12. Example: RUT 1:21. 
gini-gabena,,,,,,Freq: 12. Example: RUT 3:10. 
elihu,,,,,,Freq: 12. Example: 1SA 1:1. 
itaiava,,,,,,Freq: 12. Example: 1SA 4:15. 
abinadab,,,,,,Freq: 12. Example: 1SA 7:1. 
heniguva,,,,,,Freq: 12. Example: 1SA 8:8. 
inanadaina,,,,,,Freq: 12. Example: 1SA 9:9. 
soba,,,,,,Freq: 12. Example: 1SA 14:47. 
momomo-kakani,,,,,,Freq: 12. Example: 2SA 7:28. 
bataseba,,,,,,Freq: 12. Example: 2SA 11:3. 
ionadab,,,,,,Freq: 12. Example: 2SA 13:3. 
kidron,,,,,,Freq: 12. Example: 2SA 15:23. 
toiahuiosi,,,,,,Freq: 12. Example: 2SA 23:13. 
haḡaukaradia,,,,,,Freq: 12. Example: 1KI 5:15. 
habadia,,,,,,Freq: 12. Example: 1KI 6:5. 
kumia,,,,,,Freq: 12. Example: 1KI 20:38. 
itataona,,,,,,Freq: 12. Example: 2KI 8:6. 
tao-tore,,,,,,Freq: 12. Example: 2KI 11:14. 
amoso,,,,,,Freq: 12. Example: 2KI 19:2. 
guhidia,,,,,,Freq: 12. Example: 2KI 19:26. 
ramudia,,,,,,Freq: 12. Example: 2KI 19:30. 
sefania,,,,,,Freq: 12. Example: 2KI 25:18. 
berekia,,,,,,Freq: 12. Example: 1CH 3:20. 
hanana,,,,,,Freq: 12. Example: 1CH 8:23. 
lohiava,,,,,,Freq: 12. Example: 1CH 11:2. 
lalo-hata,,,,,,Freq: 12. Example: 1CH 28:9. 
taiagu,,,,,,Freq: 12. Example: 2CH 7:15. 
lava,,,,,,Freq: 12. Example: 2CH 34:11. 
rohe-ahu,,,,,,Freq: 12. Example: 2CH 35:25. 
media,,,,,,Freq: 12. Example: EZR 6:2. 
haheaukamu,,,,,,Freq: 12. Example: JOB 2:3. 
gori,,,,,,Freq: 12. Example: JOB 3:8. 
reḡereḡegu,,,,,,Freq: 12. Example: JOB 3:13. 
hidimu,,,,,,Freq: 12. Example: JOB 7:15. 
gini-kau,,,,,,Freq: 12. Example: JOB 13:3. 
idibagu,,,,,,Freq: 12. Example: JOB 23:9. 
diburana,,,,,,Freq: 12. Example: JOB 34:22. 
laroamu,,,,,,Freq: 12. Example: PSA 33:18. 
gadigadidia,,,,,,Freq: 12. Example: PSA 35:16. 
biaguamu,,,,,,Freq: 12. Example: PSA 136:8. 
aiomu,,,,,,Freq: 12. Example: PRO 1:9. 
halodia,,,,,,Freq: 12. Example: ECC 4:1. 
iabi-daena,,,,,,Freq: 12. Example: ECC 4:13. 
helarona,,,,,,Freq: 12. Example: ISA 57:10. 
helalo-kerehai,,,,,,Freq: 12. Example: JER 9:5. 
idauidau,,,,,,Freq: 12. Example: JER 46:1. 
bapatisoa,,,,,,Freq: 12. Example: MAT 3:12. 
sebedeo,,,,,,Freq: 12. Example: MAT 4:21. 
gehena,,,,,,Freq: 12. Example: MAT 5:22. 
malamala,,,,,,Freq: 12. Example: MAT 12:4. 
stefano,,,,,,Freq: 12. Example: ACT 6:5. 
ginigunana,,,,,,Freq: 11. Example: GEN 2:11. 
tutua,,,,,,Freq: 11. Example: GEN 3:15. 
badumu,,,,,,Freq: 11. Example: GEN 4:6. 
lamek,,,,,,Freq: 11. Example: GEN 4:18. 
habubunia,,,,,,Freq: 11. Example: GEN 7:24. 
dedan,,,,,,Freq: 11. Example: GEN 10:7. 
masa,,,,,,Freq: 11. Example: GEN 10:23. 
halao,,,,,,Freq: 11. Example: GEN 11:3. 
hadaea,,,,,,Freq: 11. Example: GEN 11:4. 
milka,,,,,,Freq: 11. Example: GEN 11:29. 
tadi,,,,,,Freq: 11. Example: GEN 14:3. 
dabara,,,,,,Freq: 11. Example: GEN 14:18. 
maragi,,,,,,Freq: 11. Example: GEN 19:22. 
haḡeregu,,,,,,Freq: 11. Example: GEN 22:14. 
betuel,,,,,,Freq: 11. Example: GEN 22:22. 
gagaena,,,,,,Freq: 11. Example: GEN 24:62. 
hamarumarua,,,,,,Freq: 11. Example: GEN 24:67. 
hekapa,,,,,,Freq: 11. Example: GEN 25:22. 
nanadailaia,,,,,,Freq: 11. Example: GEN 26:7. 
he,,,,,,Freq: 11. Example: GEN 26:29. 
mainodia,,,,,,Freq: 11. Example: GEN 26:31. 
gimamu,,,,,,Freq: 11. Example: GEN 28:15. 
gao,,,,,,Freq: 11. Example: GEN 29:11. 
bilha,,,,,,Freq: 11. Example: GEN 29:29. 
vairamai,,,,,,Freq: 11. Example: GEN 31:32. 
turu,,,,,,Freq: 11. Example: GEN 32:22. 
horana,,,,,,Freq: 11. Example: GEN 35:18. 
sama,,,,,,Freq: 11. Example: GEN 36:13. 
aia,,,,,,Freq: 11. Example: GEN 36:24. 
beoro,,,,,,Freq: 11. Example: GEN 36:32. 
saul,,,,,,Freq: 11. Example: GEN 36:37. 
iseina,,,,,,Freq: 11. Example: GEN 40:1. 
hadibamai,,,,,,Freq: 11. Example: GEN 41:12. 
halohiaia,,,,,,Freq: 11. Example: GEN 41:40. 
herarai,,,,,,Freq: 11. Example: GEN 42:1. 
gadea,,,,,,Freq: 11. Example: GEN 42:24. 
heḡaeḡaelai,,,,,,Freq: 11. Example: GEN 43:25. 
madunadia,,,,,,Freq: 11. Example: GEN 44:13. 
badibadigu,,,,,,Freq: 11. Example: GEN 45:10. 
lohiaiamu,,,,,,Freq: 11. Example: GEN 45:26. 
uduguiraiamu,,,,,,Freq: 11. Example: GEN 49:7. 
kuroka-kuroka,,,,,,Freq: 11. Example: GEN 49:12. 
badinaiava,,,,,,Freq: 11. Example: EXO 1:17. 
ivaia,,,,,,Freq: 11. Example: EXO 4:25. 
musi,,,,,,Freq: 11. Example: EXO 6:19. 
amai,,,,,,Freq: 11. Example: EXO 8:10. 
dika-hereana,,,,,,Freq: 11. Example: EXO 9:18. 
hakauda,,,,,,Freq: 11. Example: EXO 13:16. 
halou,,,,,,Freq: 11. Example: EXO 15:21. 
litres,,,,,,Freq: 11. Example: EXO 16:36. 
badibadina,,,,,,Freq: 11. Example: EXO 19:12. 
noholaiava,,,,,,Freq: 11. Example: EXO 20:21. 
matuna,,,,,,Freq: 11. Example: EXO 21:6. 
ihaḡuḡuruna,,,,,,Freq: 11. Example: EXO 22:1. 
bure,,,,,,Freq: 11. Example: EXO 25:31. 
gwauta-ta,,,,,,Freq: 11. Example: EXO 26:7. 
raroraro,,,,,,Freq: 11. Example: EXO 26:26. 
ikokodia,,,,,,Freq: 11. Example: EXO 27:19. 
keme,,,,,,Freq: 11. Example: EXO 28:4. 
vainana,,,,,,Freq: 11. Example: EXO 28:4. 
baguna,,,,,,Freq: 11. Example: EXO 28:38. 
abona,,,,,,Freq: 11. Example: EXO 29:20. 
bahudia,,,,,,Freq: 11. Example: EXO 29:34. 
hamaraḡia,,,,,,Freq: 11. Example: EXO 30:15. 
kane,,,,,,Freq: 11. Example: EXO 30:23. 
haḡanimui,,,,,,Freq: 11. Example: EXO 34:18. 
nevarilaia,,,,,,Freq: 11. Example: LEV 5:9. 
hetuturu,,,,,,Freq: 11. Example: LEV 6:27. 
urona,,,,,,Freq: 11. Example: LEV 6:28. 
hahelaḡaiamu,,,,,,Freq: 11. Example: LEV 7:9. 
ḡou,,,,,,Freq: 11. Example: LEV 13:10. 
raḡadia,,,,,,Freq: 11. Example: LEV 14:40. 
boudia,,,,,,Freq: 11. Example: LEV 17:7. 
naudia,,,,,,Freq: 11. Example: LEV 21:5. 
perovetamu,,,,,,Freq: 11. Example: NUM 11:27. 
sakuru,,,,,,Freq: 11. Example: NUM 13:4. 
horoma,,,,,,Freq: 11. Example: NUM 14:45. 
daigunidia,,,,,,Freq: 11. Example: NUM 15:38. 
abiram,,,,,,Freq: 11. Example: NUM 16:1. 
hekokorokumu,,,,,,Freq: 11. Example: NUM 16:3. 
vaevae,,,,,,Freq: 11. Example: NUM 16:29. 
horo,,,,,,Freq: 11. Example: NUM 20:22. 
dibon,,,,,,Freq: 11. Example: NUM 21:30. 
lasere,,,,,,Freq: 11. Example: NUM 21:32. 
kahikahidia,,,,,,Freq: 11. Example: NUM 22:41. 
toremu,,,,,,Freq: 11. Example: NUM 23:24. 
aonegamu,,,,,,Freq: 11. Example: NUM 24:16. 
iharina,,,,,,Freq: 11. Example: NUM 26:51. 
gwauta-toi,,,,,,Freq: 11. Example: NUM 29:13. 
si,,,,,,Freq: 11. Example: DEU 3:5. 
siaimui,,,,,,Freq: 11. Example: DEU 9:23. 
haḡanilaimuimu,,,,,,Freq: 11. Example: DEU 11:13. 
gwaurai-gwaurai,,,,,,Freq: 11. Example: DEU 28:37. 
vaitanimu,,,,,,Freq: 11. Example: DEU 29:23. 
kudoumu,,,,,,Freq: 11. Example: DEU 31:8. 
ḡoeva-dae,,,,,,Freq: 11. Example: DEU 32:4. 
gageva-gagevana,,,,,,Freq: 11. Example: DEU 32:5. 
laha,,,,,,Freq: 11. Example: JOS 2:6. 
hanaiva,,,,,,Freq: 11. Example: JOS 3:17. 
gahu,,,,,,Freq: 11. Example: JOS 7:6. 
beroto,,,,,,Freq: 11. Example: JOS 9:17. 
rahu,,,,,,Freq: 11. Example: JOS 10:12. 
adara,,,,,,Freq: 11. Example: JOS 15:3. 
rikiriki,,,,,,Freq: 11. Example: JOS 23:13. 
hahegani,,,,,,Freq: 11. Example: JDG 2:17. 
ehud,,,,,,Freq: 11. Example: JDG 3:15. 
vilipopo,,,,,,Freq: 11. Example: JDG 20:16. 
gerebu-toi,,,,,,Freq: 11. Example: 1SA 13:5. 
dapaia,,,,,,Freq: 11. Example: 1SA 15:33. 
haherahu,,,,,,Freq: 11. Example: 1SA 20:41. 
hehelai,,,,,,Freq: 11. Example: 1SA 24:3. 
gwauna,,,,,,Freq: 11. Example: 1SA 25:24. 
ikamonai-henina,,,,,,Freq: 11. Example: 1SA 28:21. 
inuinuva,,,,,,Freq: 11. Example: 1SA 30:16. 
kamuta,,,,,,Freq: 11. Example: 2SA 5:11. 
bronze,,,,,,Freq: 11. Example: 2SA 8:10. 
hanunu,,,,,,Freq: 11. Example: 2SA 10:1. 
ihalona,,,,,,Freq: 11. Example: 2SA 10:2. 
vatudia,,,,,,Freq: 11. Example: 2SA 10:6. 
vavea,,,,,,Freq: 11. Example: 2SA 11:13. 
ihedavari-henina,,,,,,Freq: 11. Example: 2SA 15:32. 
biagudiava,,,,,,Freq: 11. Example: 2SA 20:23. 
marea,,,,,,Freq: 11. Example: 2SA 22:35. 
botadia,,,,,,Freq: 11. Example: 2SA 22:43. 
hetomu,,,,,,Freq: 11. Example: 1KI 6:27. 
idibaka,,,,,,Freq: 11. Example: 1KI 7:14. 
reke-hetomana,,,,,,Freq: 11. Example: 1KI 7:20. 
ava-keikeidia,,,,,,Freq: 11. Example: 1KI 7:30. 
hahedinaraiamu,,,,,,Freq: 11. Example: 1KI 8:23. 
dibadiamu,,,,,,Freq: 11. Example: 1KI 8:39. 
haheḡaeḡaea,,,,,,Freq: 11. Example: 1KI 13:13. 
ihagwauta-taurahanina,,,,,,Freq: 11. Example: 1KI 15:1. 
hakaraia,,,,,,Freq: 11. Example: 1KI 15:26. 
hanani,,,,,,Freq: 11. Example: 1KI 16:1. 
tano-laga,,,,,,Freq: 11. Example: 1KI 19:11. 
moimoilaia,,,,,,Freq: 11. Example: 2KI 9:33. 
daradaramu,,,,,,Freq: 11. Example: 2KI 18:19. 
ikerukeru,,,,,,Freq: 11. Example: 2KI 20:9. 
adaia,,,,,,Freq: 11. Example: 2KI 22:1. 
iduhu-kahana,,,,,,Freq: 11. Example: 1CH 5:17. 
domaga-rua,,,,,,Freq: 11. Example: 1CH 5:21. 
eliele,,,,,,Freq: 11. Example: 1CH 5:24. 
meraioto,,,,,,Freq: 11. Example: 1CH 6:6. 
hurama,,,,,,Freq: 11. Example: 1CH 8:5. 
oronana,,,,,,Freq: 11. Example: 1CH 21:15. 
harimi,,,,,,Freq: 11. Example: 1CH 24:8. 
selemia,,,,,,Freq: 11. Example: 1CH 26:14. 
hamoaledia,,,,,,Freq: 11. Example: 2CH 10:7. 
habuamu,,,,,,Freq: 11. Example: 2CH 25:16. 
hagai,,,,,,Freq: 11. Example: EZR 5:1. 
kirara,,,,,,Freq: 11. Example: NEH 8:3. 
taia,,,,,,Freq: 11. Example: JOB 12:11. 
badu-ḡaraḡara,,,,,,Freq: 11. Example: JOB 21:20. 
idoadia,,,,,,Freq: 11. Example: JOB 34:30. 
hepurai,,,,,,Freq: 11. Example: JOB 40:11. 
otoa,,,,,,Freq: 11. Example: PSA 9:15. 
mata-ḡaniḡani,,,,,,Freq: 11. Example: PSA 10:3. 
noiamu,,,,,,Freq: 11. Example: PSA 27:4. 
heabi-dae,,,,,,Freq: 11. Example: PSA 30:9. 
moimoilaidia,,,,,,Freq: 11. Example: PSA 44:5. 
ubudiamu,,,,,,Freq: 11. Example: PSA 74:1. 
ihadaidia,,,,,,Freq: 11. Example: PSA 110:1. 
tarika-tarikamu,,,,,,Freq: 11. Example: PRO 19:8. 
ihamaurida,,,,,,Freq: 11. Example: ISA 47:4. 
neria,,,,,,Freq: 11. Example: JER 32:12. 
maseva,,,,,,Freq: 11. Example: LAM 4:9. 
hoihoiva,,,,,,Freq: 11. Example: EZK 27:12. 
gog,,,,,,Freq: 11. Example: EZK 38:2. 
hahetoni,,,,,,Freq: 11. Example: MIC 1:14. 
iskariote,,,,,,Freq: 11. Example: MAT 10:4. 
abiabiraigumu,,,,,,Freq: 11. Example: MAT 18:6. 
hasataurodia,,,,,,Freq: 11. Example: MAT 23:34. 
baraba,,,,,,Freq: 11. Example: MAT 27:16. 
mata-dika,,,,,,Freq: 11. Example: MRK 7:22. 
akaia,,,,,,Freq: 11. Example: ACT 18:12. 
hedavauhe,,,,,,Freq: 10. Example: GEN 2:21. 
motu,,,,,,Freq: 10. Example: GEN 2:23. 
riorio,,,,,,Freq: 10. Example: GEN 2:25. 
bagumu,,,,,,Freq: 10. Example: GEN 3:17. 
haḡaia,,,,,,Freq: 10. Example: GEN 4:11. 
set,,,,,,Freq: 10. Example: GEN 4:25. 
taurahani-ta-ahui,,,,,,Freq: 10. Example: GEN 5:9. 
lohi,,,,,,Freq: 10. Example: GEN 8:2. 
garimui,,,,,,Freq: 10. Example: GEN 9:2. 
murimui,,,,,,Freq: 10. Example: GEN 9:9. 
gerara,,,,,,Freq: 10. Example: GEN 10:19. 
afasad,,,,,,Freq: 10. Example: GEN 10:22. 
peleg,,,,,,Freq: 10. Example: GEN 10:25. 
taihumu,,,,,,Freq: 10. Example: GEN 12:19. 
mamare,,,,,,Freq: 10. Example: GEN 13:18. 
ihagwauta-toina,,,,,,Freq: 10. Example: GEN 14:4. 
hori,,,,,,Freq: 10. Example: GEN 14:6. 
dihimu,,,,,,Freq: 10. Example: GEN 15:4. 
edea,,,,,,Freq: 10. Example: GEN 16:12. 
itata-utuna,,,,,,Freq: 10. Example: GEN 17:14. 
hevaseha,,,,,,Freq: 10. Example: GEN 19:14. 
karamai,,,,,,Freq: 10. Example: GEN 20:9. 
herevalaigu,,,,,,Freq: 10. Example: GEN 20:13. 
paran,,,,,,Freq: 10. Example: GEN 21:21. 
tubugu,,,,,,Freq: 10. Example: GEN 21:23. 
hesiriumu,,,,,,Freq: 10. Example: GEN 24:27. 
grams,,,,,,Freq: 10. Example: GEN 24:67. 
padan-aram,,,,,,Freq: 10. Example: GEN 25:20. 
kakagu,,,,,,Freq: 10. Example: GEN 27:11. 
kopigu,,,,,,Freq: 10. Example: GEN 27:11. 
hahelaidia,,,,,,Freq: 10. Example: GEN 31:17. 
harahudia,,,,,,Freq: 10. Example: GEN 31:28. 
moda,,,,,,Freq: 10. Example: GEN 31:34. 
malaka-malaka,,,,,,Freq: 10. Example: GEN 31:34. 
gauna,,,,,,Freq: 10. Example: GEN 31:54. 
hamomokani,,,,,,Freq: 10. Example: GEN 32:10. 
mamaraḡi,,,,,,Freq: 10. Example: GEN 33:13. 
hatamona,,,,,,Freq: 10. Example: GEN 34:9. 
debora,,,,,,Freq: 10. Example: GEN 35:8. 
esere,,,,,,Freq: 10. Example: GEN 36:21. 
adulama,,,,,,Freq: 10. Example: GEN 38:1. 
ihahedinaraidia,,,,,,Freq: 10. Example: GEN 40:8. 
igwauraidia,,,,,,Freq: 10. Example: GEN 41:8. 
iduahina,,,,,,Freq: 10. Example: GEN 41:49. 
morumu,,,,,,Freq: 10. Example: GEN 49:17. 
geresom,,,,,,Freq: 10. Example: EXO 2:22. 
koko,,,,,,Freq: 10. Example: EXO 3:5. 
aukamu,,,,,,Freq: 10. Example: EXO 7:14. 
doene,,,,,,Freq: 10. Example: EXO 9:2. 
dikeadia,,,,,,Freq: 10. Example: EXO 12:15. 
helalo-tao,,,,,,Freq: 10. Example: EXO 13:9. 
hepuni,,,,,,Freq: 10. Example: EXO 14:25. 
meriba,,,,,,Freq: 10. Example: EXO 17:7. 
heara,,,,,,Freq: 10. Example: EXO 21:25. 
hedadaba,,,,,,Freq: 10. Example: EXO 21:25. 
kepulu,,,,,,Freq: 10. Example: EXO 21:26. 
reireidia,,,,,,Freq: 10. Example: EXO 25:10. 
kunipa,,,,,,Freq: 10. Example: EXO 26:4. 
tauratoiosi,,,,,,Freq: 10. Example: EXO 26:10. 
kokodia,,,,,,Freq: 10. Example: EXO 26:19. 
helaḡa-herea,,,,,,Freq: 10. Example: EXO 26:33. 
paḡa,,,,,,Freq: 10. Example: EXO 28:7. 
tuidia,,,,,,Freq: 10. Example: EXO 28:42. 
atagadia,,,,,,Freq: 10. Example: EXO 29:2. 
urubina,,,,,,Freq: 10. Example: EXO 29:13. 
nevaridia,,,,,,Freq: 10. Example: EXO 29:16. 
korodia,,,,,,Freq: 10. Example: EXO 37:7. 
keheredia,,,,,,Freq: 10. Example: EXO 37:16. 
negeamu,,,,,,Freq: 10. Example: LEV 1:16. 
herahiana,,,,,,Freq: 10. Example: LEV 2:12. 
bagudiai,,,,,,Freq: 10. Example: LEV 4:20. 
sinabadana,,,,,,Freq: 10. Example: LEV 8:23. 
kemedia,,,,,,Freq: 10. Example: LEV 9:20. 
mimiro,,,,,,Freq: 10. Example: LEV 11:34. 
haḡoevaiamu,,,,,,Freq: 10. Example: LEV 14:14. 
miana,,,,,,Freq: 10. Example: LEV 14:15. 
kanudia,,,,,,Freq: 10. Example: LEV 15:8. 
vaga,,,,,,Freq: 10. Example: LEV 16:29. 
heala,,,,,,Freq: 10. Example: LEV 21:20. 
hehoi,,,,,,Freq: 10. Example: LEV 25:39. 
hahisihisia,,,,,,Freq: 10. Example: LEV 25:43. 
isiaimui,,,,,,Freq: 10. Example: LEV 25:46. 
bodohilaia,,,,,,Freq: 10. Example: LEV 27:13. 
haheḡereḡerea,,,,,,Freq: 10. Example: LEV 27:16. 
-,,,,,,Freq: 10. Example: NUM 3:15. 
rehob,,,,,,Freq: 10. Example: NUM 13:21. 
datan,,,,,,Freq: 10. Example: NUM 16:1. 
lohiadiamu,,,,,,Freq: 10. Example: NUM 16:3. 
peoro,,,,,,Freq: 10. Example: NUM 23:28. 
hefere,,,,,,Freq: 10. Example: NUM 26:32. 
selofehad,,,,,,Freq: 10. Example: NUM 26:33. 
kibidia,,,,,,Freq: 10. Example: NUM 31:6. 
hahekwakwanaidia,,,,,,Freq: 10. Example: NUM 31:16. 
tahata,,,,,,Freq: 10. Example: NUM 33:26. 
dokana,,,,,,Freq: 10. Example: NUM 34:5. 
ramoto,,,,,,Freq: 10. Example: DEU 4:43. 
padamui,,,,,,Freq: 10. Example: DEU 5:5. 
doadoa,,,,,,Freq: 10. Example: DEU 8:15. 
nanidia,,,,,,Freq: 10. Example: DEU 12:15. 
nemailaia,,,,,,Freq: 10. Example: DEU 12:21. 
hapadidi,,,,,,Freq: 10. Example: DEU 19:6. 
raḡaia,,,,,,Freq: 10. Example: DEU 19:14. 
ilapa,,,,,,Freq: 10. Example: DEU 23:25. 
eremui,,,,,,Freq: 10. Example: DEU 27:9. 
ihadikamui,,,,,,Freq: 10. Example: DEU 28:63. 
haginimu,,,,,,Freq: 10. Example: DEU 32:6. 
papamu,,,,,,Freq: 10. Example: JOS 1:18. 
hegeḡe,,,,,,Freq: 10. Example: JOS 6:4. 
daudaumu,,,,,,Freq: 10. Example: JOS 6:5. 
aialono,,,,,,Freq: 10. Example: JOS 10:12. 
idurudia,,,,,,Freq: 10. Example: JOS 10:33. 
hereadiava,,,,,,Freq: 10. Example: JOS 11:10. 
sora,,,,,,Freq: 10. Example: JOS 15:33. 
idadaraina,,,,,,Freq: 10. Example: JOS 22:23. 
bubunimu,,,,,,Freq: 10. Example: JOS 23:14. 
vairadai,,,,,,Freq: 10. Example: JOS 24:17. 
gaal,,,,,,Freq: 10. Example: JDG 9:26. 
rakana,,,,,,Freq: 10. Example: JDG 14:9. 
noigu,,,,,,Freq: 10. Example: RUT 2:7. 
idavalaina,,,,,,Freq: 10. Example: 1SA 2:5. 
mailaimu,,,,,,Freq: 10. Example: 1SA 2:29. 
dekedai,,,,,,Freq: 10. Example: 1SA 5:7. 
ha-auka,,,,,,Freq: 10. Example: 1SA 6:6. 
gwauraiava,,,,,,Freq: 10. Example: 1SA 9:9. 
nahasa,,,,,,Freq: 10. Example: 1SA 11:1. 
atomui,,,,,,Freq: 10. Example: 1SA 17:47. 
helalokau,,,,,,Freq: 10. Example: 1SA 18:1. 
haeroamu,,,,,,Freq: 10. Example: 1SA 20:7. 
kerete,,,,,,Freq: 10. Example: 1SA 30:14. 
hahinemui,,,,,,Freq: 10. Example: 2SA 1:24. 
simea,,,,,,Freq: 10. Example: 2SA 13:3. 
maoromu,,,,,,Freq: 10. Example: 2SA 14:21. 
udana,,,,,,Freq: 10. Example: 2SA 18:6. 
moalegu,,,,,,Freq: 10. Example: 2SA 18:11. 
hururuna,,,,,,Freq: 10. Example: 2SA 22:13. 
taramu,,,,,,Freq: 10. Example: 2SA 23:4. 
gerebu-hitu,,,,,,Freq: 10. Example: 2SA 24:15. 
suneme,,,,,,Freq: 10. Example: 1KI 1:3. 
dikalai,,,,,,Freq: 10. Example: 1KI 14:16. 
idabai-taona,,,,,,Freq: 10. Example: 2KI 6:13. 
sebna,,,,,,Freq: 10. Example: 2KI 18:18. 
hadaudaua,,,,,,Freq: 10. Example: 2KI 20:6. 
sekania,,,,,,Freq: 10. Example: 1CH 3:21. 
imere,,,,,,Freq: 10. Example: 1CH 9:12. 
iedutunu,,,,,,Freq: 10. Example: 1CH 9:16. 
hegunalai,,,,,,Freq: 10. Example: 1CH 9:34. 
imodaina,,,,,,Freq: 10. Example: 1CH 25:3. 
guriḡuri,,,,,,Freq: 10. Example: 2CH 6:29. 
hone,,,,,,Freq: 10. Example: 2CH 13:15. 
tahomu,,,,,,Freq: 10. Example: 2CH 25:8. 
ariadia,,,,,,Freq: 10. Example: 2CH 31:3. 
burukadia,,,,,,Freq: 10. Example: EZR 3:12. 
goadalaiamu,,,,,,Freq: 10. Example: EZR 5:8. 
sanbalata,,,,,,Freq: 10. Example: NEH 2:10. 
vasati,,,,,,Freq: 10. Example: EST 1:9. 
abidiamu,,,,,,Freq: 10. Example: JOB 5:13. 
kakavakava,,,,,,Freq: 10. Example: JOB 6:3. 
henitaona,,,,,,Freq: 10. Example: JOB 6:22. 
itagumu,,,,,,Freq: 10. Example: JOB 7:8. 
hahemase,,,,,,Freq: 10. Example: JOB 9:23. 
noimu,,,,,,Freq: 10. Example: JOB 11:19. 
haeromu,,,,,,Freq: 10. Example: JOB 21:6. 
hahonuamu,,,,,,Freq: 10. Example: JOB 21:24. 
lodu,,,,,,Freq: 10. Example: JOB 23:6. 
gurudia,,,,,,Freq: 10. Example: JOB 36:29. 
gimadiamu,,,,,,Freq: 10. Example: PSA 5:11. 
hahaneamu,,,,,,Freq: 10. Example: PSA 14:4. 
basieto,,,,,,Freq: 10. Example: PSA 35:25. 
taia-kudima,,,,,,Freq: 10. Example: PSA 38:13. 
moalemui,,,,,,Freq: 10. Example: PSA 100:2. 
hakania,,,,,,Freq: 10. Example: PSA 118:18. 
henanadaimu,,,,,,Freq: 10. Example: PSA 119:82. 
matada,,,,,,Freq: 10. Example: PSA 123:2. 
hahedinaraimu,,,,,,Freq: 10. Example: PRO 11:13. 
ita-ita,,,,,,Freq: 10. Example: PRO 12:15. 
noinoimu,,,,,,Freq: 10. Example: PRO 18:23. 
maraḡi-maraḡi,,,,,,Freq: 10. Example: PRO 24:10. 
dabuidia,,,,,,Freq: 10. Example: ISA 3:17. 
kibo,,,,,,Freq: 10. Example: ISA 52:11. 
bagudia,,,,,,Freq: 10. Example: JER 9:26. 
ole,,,,,,Freq: 10. Example: EZK 32:3. 
ḡoregu,,,,,,Freq: 10. Example: MAT 10:33. 
bapatisodia,,,,,,Freq: 10. Example: MAT 28:19. 
abiabiraiamu,,,,,,Freq: 10. Example: JHN 4:42. 
feliki,,,,,,Freq: 10. Example: ACT 23:24. 
matudia,,,,,,Freq: 9. Example: GEN 2:7. 
mahalalel,,,,,,Freq: 9. Example: GEN 5:12. 
iafet,,,,,,Freq: 9. Example: GEN 5:32. 
mauriva,,,,,,Freq: 9. Example: GEN 7:23. 
taunimanina,,,,,,Freq: 9. Example: GEN 7:23. 
metaira-metaira,,,,,,Freq: 9. Example: GEN 8:3. 
paḡadia,,,,,,Freq: 9. Example: GEN 9:23. 
tarua,,,,,,Freq: 9. Example: GEN 9:23. 
mesek,,,,,,Freq: 9. Example: GEN 10:2. 
asuru,,,,,,Freq: 9. Example: GEN 10:22. 
vavana,,,,,,Freq: 9. Example: GEN 12:5. 
dihigu,,,,,,Freq: 9. Example: GEN 15:2. 
haḡuḡuru,,,,,,Freq: 9. Example: GEN 15:16. 
hakepuludia,,,,,,Freq: 9. Example: GEN 19:11. 
siaimai,,,,,,Freq: 9. Example: GEN 19:13. 
hedoa,,,,,,Freq: 9. Example: GEN 21:34. 
ruha,,,,,,Freq: 9. Example: GEN 24:32. 
labana,,,,,,Freq: 9. Example: GEN 25:27. 
vasiahu,,,,,,Freq: 9. Example: GEN 25:34. 
madinamo,,,,,,Freq: 9. Example: GEN 30:11. 
daina,,,,,,Freq: 9. Example: GEN 30:21. 
horolaia,,,,,,Freq: 9. Example: GEN 31:13. 
ḡahusia,,,,,,Freq: 9. Example: GEN 34:2. 
ḡoevadia,,,,,,Freq: 9. Example: GEN 35:2. 
rio,,,,,,Freq: 9. Example: GEN 35:2. 
hegwaroto,,,,,,Freq: 9. Example: GEN 35:17. 
ieusu,,,,,,Freq: 9. Example: GEN 36:5. 
sobal,,,,,,Freq: 9. Example: GEN 36:20. 
halohiamai,,,,,,Freq: 9. Example: GEN 37:8. 
huamu,,,,,,Freq: 9. Example: GEN 40:7. 
taunimanimadia,,,,,,Freq: 9. Example: GEN 41:36. 
ono,,,,,,Freq: 9. Example: GEN 41:45. 
davalaia,,,,,,Freq: 9. Example: GEN 44:4. 
iha-aukana,,,,,,Freq: 9. Example: GEN 45:1. 
ihamaurimui,,,,,,Freq: 9. Example: GEN 45:5. 
toretania,,,,,,Freq: 9. Example: GEN 45:25. 
karami,,,,,,Freq: 9. Example: GEN 46:9. 
nanadaimui,,,,,,Freq: 9. Example: GEN 46:33. 
hisihisidia,,,,,,Freq: 9. Example: GEN 47:9. 
tau-animai,,,,,,Freq: 9. Example: GEN 47:18. 
sisiana,,,,,,Freq: 9. Example: GEN 49:27. 
ietero,,,,,,Freq: 9. Example: EXO 3:1. 
dadihaidia,,,,,,Freq: 9. Example: EXO 3:22. 
libni,,,,,,Freq: 9. Example: EXO 6:17. 
iohururu,,,,,,Freq: 9. Example: EXO 9:7. 
ḡole,,,,,,Freq: 9. Example: EXO 10:25. 
etam,,,,,,Freq: 9. Example: EXO 13:20. 
hevaira-hehenina,,,,,,Freq: 9. Example: EXO 14:2. 
kariotadia,,,,,,Freq: 9. Example: EXO 14:7. 
mutu,,,,,,Freq: 9. Example: EXO 15:5. 
idaimu,,,,,,Freq: 9. Example: EXO 15:11. 
kudou-hetaha,,,,,,Freq: 9. Example: EXO 15:16. 
igunalaina,,,,,,Freq: 9. Example: EXO 16:22. 
nadu,,,,,,Freq: 9. Example: EXO 16:23. 
aniava,,,,,,Freq: 9. Example: EXO 16:35. 
ilalolaina,,,,,,Freq: 9. Example: EXO 20:24. 
ise,,,,,,Freq: 9. Example: EXO 21:24. 
hahekwakwanaimu,,,,,,Freq: 9. Example: EXO 23:33. 
hahetohona,,,,,,Freq: 9. Example: EXO 25:39. 
english,,,,,,Freq: 9. Example: EXO 26:15. 
itautau,,,,,,Freq: 9. Example: EXO 27:9. 
samarago,,,,,,Freq: 9. Example: EXO 28:18. 
iaspi,,,,,,Freq: 9. Example: EXO 28:20. 
itoredia,,,,,,Freq: 9. Example: EXO 30:12. 
ihahelai-kauna,,,,,,Freq: 9. Example: EXO 30:18. 
besalele,,,,,,Freq: 9. Example: EXO 31:2. 
uri,,,,,,Freq: 9. Example: EXO 31:2. 
kokidia,,,,,,Freq: 9. Example: EXO 33:5. 
momoru,,,,,,Freq: 9. Example: EXO 37:23. 
gunalaia,,,,,,Freq: 9. Example: EXO 38:21. 
iva,,,,,,Freq: 9. Example: LEV 1:8. 
bogibada,,,,,,Freq: 9. Example: LEV 11:14. 
kokokoko,,,,,,Freq: 9. Example: LEV 11:16. 
lalata,,,,,,Freq: 9. Example: LEV 11:21. 
hekaramu,,,,,,Freq: 9. Example: LEV 12:2. 
manuna,,,,,,Freq: 9. Example: LEV 14:6. 
sisisisi,,,,,,Freq: 9. Example: LEV 16:12. 
dokidia,,,,,,Freq: 9. Example: LEV 16:23. 
molek,,,,,,Freq: 9. Example: LEV 18:21. 
sinamui,,,,,,Freq: 9. Example: LEV 19:3. 
inoḡo,,,,,,Freq: 9. Example: LEV 19:9. 
ihana,,,,,,Freq: 9. Example: LEV 20:21. 
hahelaḡadiamu,,,,,,Freq: 9. Example: LEV 21:6. 
matakepulu,,,,,,Freq: 9. Example: LEV 22:22. 
halohiamui,,,,,,Freq: 9. Example: LEV 26:17. 
negemui,,,,,,Freq: 9. Example: LEV 26:25. 
kaukaudia,,,,,,Freq: 9. Example: NUM 6:3. 
iharuahuina,,,,,,Freq: 9. Example: NUM 10:11. 
pelete,,,,,,Freq: 9. Example: NUM 16:1. 
imahuiosi,,,,,,Freq: 9. Example: NUM 16:35. 
vinena,,,,,,Freq: 9. Example: NUM 20:5. 
kemoso,,,,,,Freq: 9. Example: NUM 21:29. 
haḡereamu,,,,,,Freq: 9. Example: NUM 23:9. 
aloe,,,,,,Freq: 9. Example: NUM 24:6. 
hahedinaraidia,,,,,,Freq: 9. Example: NUM 31:12. 
reḡuamu,,,,,,Freq: 9. Example: NUM 31:30. 
kade-baranea,,,,,,Freq: 9. Example: NUM 32:8. 
ikoulaidia,,,,,,Freq: 9. Example: NUM 32:16. 
inikahana,,,,,,Freq: 9. Example: NUM 32:19. 
anakim,,,,,,Freq: 9. Example: DEU 1:28. 
inuva,,,,,,Freq: 9. Example: DEU 9:9. 
ihanamomui,,,,,,Freq: 9. Example: DEU 10:13. 
hahedibalai,,,,,,Freq: 9. Example: DEU 13:5. 
heutu,,,,,,Freq: 9. Example: DEU 23:1. 
ogoḡamimu,,,,,,Freq: 9. Example: DEU 24:15. 
hamorudia,,,,,,Freq: 9. Example: DEU 24:20. 
dadihai,,,,,,Freq: 9. Example: DEU 28:33. 
turu-hanai,,,,,,Freq: 9. Example: JOS 2:7. 
vairada,,,,,,Freq: 9. Example: JOS 8:6. 
makeda,,,,,,Freq: 9. Example: JOS 10:10. 
maresa,,,,,,Freq: 9. Example: JOS 15:44. 
abiesere,,,,,,Freq: 9. Example: JOS 17:2. 
iohiadia,,,,,,Freq: 9. Example: JOS 22:30. 
hamanadadia,,,,,,Freq: 9. Example: JOS 24:23. 
imodaidia,,,,,,Freq: 9. Example: JDG 5:9. 
tui,,,,,,Freq: 9. Example: JDG 7:5. 
delila,,,,,,Freq: 9. Example: JDG 16:3. 
ḡuigu,,,,,,Freq: 9. Example: JDG 16:7. 
kirikirilaigu,,,,,,Freq: 9. Example: JDG 16:10. 
eregabena,,,,,,Freq: 9. Example: JDG 18:3. 
daha-tauratoi,,,,,,Freq: 9. Example: JDG 20:15. 
hohodia,,,,,,Freq: 9. Example: JDG 21:23. 
hoihoilai,,,,,,Freq: 9. Example: RUT 4:7. 
ram,,,,,,Freq: 9. Example: RUT 4:19. 
ha-uraia,,,,,,Freq: 9. Example: 1SA 1:6. 
hamomokaniamu,,,,,,Freq: 9. Example: 1SA 12:5. 
mikmasa,,,,,,Freq: 9. Example: 1SA 13:2. 
hare,,,,,,Freq: 9. Example: 1SA 17:10. 
ihaheḡereḡerena,,,,,,Freq: 9. Example: 1SA 21:9. 
ketomu,,,,,,Freq: 9. Example: 2SA 3:34. 
baanaha,,,,,,Freq: 9. Example: 2SA 4:2. 
italaidia,,,,,,Freq: 9. Example: 2SA 5:23. 
itai,,,,,,Freq: 9. Example: 2SA 15:19. 
henemailaia,,,,,,Freq: 9. Example: 2SA 18:18. 
henimuva,,,,,,Freq: 9. Example: 2SA 18:31. 
hatamonadia,,,,,,Freq: 9. Example: 2SA 19:14. 
bikri,,,,,,Freq: 9. Example: 2SA 20:1. 
ḡaubadabadadia,,,,,,Freq: 9. Example: 2SA 21:16. 
arauna,,,,,,Freq: 9. Example: 2SA 24:16. 
hegegemadai,,,,,,Freq: 9. Example: 1KI 4:31. 
vareailaidia,,,,,,Freq: 9. Example: 1KI 7:51. 
hamiaia,,,,,,Freq: 9. Example: 1KI 8:45. 
kohu-habou,,,,,,Freq: 9. Example: 1KI 9:19. 
elefant,,,,,,Freq: 9. Example: 1KI 10:18. 
guruna,,,,,,Freq: 9. Example: 1KI 18:41. 
hahegoada,,,,,,Freq: 9. Example: 1KI 20:22. 
ihanamo-louna,,,,,,Freq: 9. Example: 2KI 12:7. 
menaheme,,,,,,Freq: 9. Example: 2KI 15:14. 
resini,,,,,,Freq: 9. Example: 2KI 15:37. 
g,,,,,,Freq: 9. Example: 2KI 19:3. 
gini-maoro,,,,,,Freq: 9. Example: 2KI 21:13. 
heḡeḡe-madai,,,,,,Freq: 9. Example: 2KI 23:5. 
tofete,,,,,,Freq: 9. Example: 2KI 23:10. 
neko,,,,,,Freq: 9. Example: 2KI 23:29. 
pedaia,,,,,,Freq: 9. Example: 2KI 23:36. 
hamaurua,,,,,,Freq: 9. Example: 2KI 25:4. 
sabada,,,,,,Freq: 9. Example: 1CH 2:36. 
sebadia,,,,,,Freq: 9. Example: 1CH 8:15. 
iedaia,,,,,,Freq: 9. Example: 1CH 9:10. 
iosabad,,,,,,Freq: 9. Example: 1CH 12:4. 
kikina,,,,,,Freq: 9. Example: 1CH 16:28. 
ihamaurimai,,,,,,Freq: 9. Example: 1CH 16:35. 
kwakikwakidia,,,,,,Freq: 9. Example: 1CH 20:6. 
hahebua,,,,,,Freq: 9. Example: 1CH 21:12. 
iharuahui-hanina,,,,,,Freq: 9. Example: 1CH 24:18. 
bukadia,,,,,,Freq: 9. Example: 1CH 29:29. 
lalo-manoka,,,,,,Freq: 9. Example: 2CH 13:7. 
kadmiele,,,,,,Freq: 9. Example: EZR 2:40. 
hadihoamu,,,,,,Freq: 9. Example: JOB 5:10. 
uloulo,,,,,,Freq: 9. Example: JOB 7:5. 
helao,,,,,,Freq: 9. Example: JOB 13:4. 
hunigu,,,,,,Freq: 9. Example: JOB 14:13. 
koekoena,,,,,,Freq: 9. Example: JOB 15:27. 
haeremu,,,,,,Freq: 9. Example: JOB 19:7. 
daugu,,,,,,Freq: 9. Example: JOB 19:21. 
ihalodia,,,,,,Freq: 9. Example: JOB 21:2. 
hamauriamu,,,,,,Freq: 9. Example: JOB 22:29. 
hitolodia,,,,,,Freq: 9. Example: JOB 24:10. 
dauremu,,,,,,Freq: 9. Example: JOB 27:8. 
heveri,,,,,,Freq: 9. Example: JOB 31:22. 
hekwarahina,,,,,,Freq: 9. Example: JOB 34:13. 
banimu,,,,,,Freq: 9. Example: JOB 38:40. 
nenediamu,,,,,,Freq: 9. Example: PSA 11:4. 
hadikadiamu,,,,,,Freq: 9. Example: PSA 15:3. 
tahumumu,,,,,,Freq: 9. Example: PSA 40:16. 
ganona,,,,,,Freq: 9. Example: PSA 52:2. 
hakanidia,,,,,,Freq: 9. Example: PSA 59:5. 
tohoamu,,,,,,Freq: 9. Example: PSA 66:10. 
reaiamu,,,,,,Freq: 9. Example: PSA 102:4. 
maḡumu,,,,,,Freq: 9. Example: PSA 147:13. 
eregabemu,,,,,,Freq: 9. Example: PRO 5:18. 
lohiamu,,,,,,Freq: 9. Example: PRO 8:15. 
hegwauraimu,,,,,,Freq: 9. Example: PRO 12:9. 
heḡonaḡonalai,,,,,,Freq: 9. Example: PRO 18:3. 
lalo-pararana,,,,,,Freq: 9. Example: PRO 28:11. 
lai-gubana,,,,,,Freq: 9. Example: ISA 17:13. 
ikamonaidia,,,,,,Freq: 9. Example: ISA 30:9. 
hamaorolaimuimu,,,,,,Freq: 9. Example: ISA 42:9. 
havahudia,,,,,,Freq: 9. Example: ISA 42:15. 
tubuadia,,,,,,Freq: 9. Example: ISA 51:11. 
memeromui,,,,,,Freq: 9. Example: JER 3:14. 
memero-memero,,,,,,Freq: 9. Example: LAM 2:11. 
beletesasara,,,,,,Freq: 9. Example: DAN 1:7. 
amos,,,,,,Freq: 9. Example: AMO 1:1. 
aḡeva,,,,,,Freq: 9. Example: MAT 7:6. 
lakobo,,,,,,Freq: 9. Example: MAT 13:55. 
filipi,,,,,,Freq: 9. Example: MAT 16:13. 
mero-mero,,,,,,Freq: 9. Example: MAT 18:2. 
kaiafa,,,,,,Freq: 9. Example: MAT 26:3. 
hatonidia,,,,,,Freq: 9. Example: MRK 6:46. 
gwauraigumu,,,,,,Freq: 9. Example: LUK 6:46. 
rabi,,,,,,Freq: 9. Example: JHN 1:38. 
korenelio,,,,,,Freq: 9. Example: ACT 10:1. 
mareko,,,,,,Freq: 9. Example: ACT 12:12. 
tesalonika,,,,,,Freq: 9. Example: ACT 17:1. 
korinto,,,,,,Freq: 9. Example: ACT 18:1. 
reremu,,,,,,Freq: 8. Example: GEN 1:21. 
ida-idana,,,,,,Freq: 8. Example: GEN 1:27. 
huaiamu,,,,,,Freq: 8. Example: GEN 4:6. 
narimumu,,,,,,Freq: 8. Example: GEN 4:7. 
lulugu,,,,,,Freq: 8. Example: GEN 4:14. 
kalagadia,,,,,,Freq: 8. Example: GEN 4:20. 
enos,,,,,,Freq: 8. Example: GEN 4:26. 
kenan,,,,,,Freq: 8. Example: GEN 5:9. 
ravamu,,,,,,Freq: 8. Example: GEN 6:18. 
kuia,,,,,,Freq: 8. Example: GEN 8:4. 
mukou,,,,,,Freq: 8. Example: GEN 8:6. 
tubal,,,,,,Freq: 8. Example: GEN 10:2. 
put,,,,,,Freq: 8. Example: GEN 10:6. 
sinara,,,,,,Freq: 8. Example: GEN 10:10. 
usu,,,,,,Freq: 8. Example: GEN 10:23. 
iobab,,,,,,Freq: 8. Example: GEN 10:29. 
hekamo,,,,,,Freq: 8. Example: GEN 11:3. 
ivadia,,,,,,Freq: 8. Example: GEN 15:10. 
kopimui,,,,,,Freq: 8. Example: GEN 17:11. 
autoi,,,,,,Freq: 8. Example: GEN 18:6. 
hakekeroa,,,,,,Freq: 8. Example: GEN 19:32. 
kiriat-araba,,,,,,Freq: 8. Example: GEN 23:2. 
iguridia,,,,,,Freq: 8. Example: GEN 23:11. 
halohiadia,,,,,,Freq: 8. Example: GEN 25:16. 
gunika,,,,,,Freq: 8. Example: GEN 25:29. 
elon,,,,,,Freq: 8. Example: GEN 26:34. 
hahenamona,,,,,,Freq: 8. Example: GEN 28:4. 
lusu,,,,,,Freq: 8. Example: GEN 28:19. 
reḡudiava,,,,,,Freq: 8. Example: GEN 29:9. 
senuna,,,,,,Freq: 8. Example: GEN 31:46. 
itotohina,,,,,,Freq: 8. Example: GEN 32:10. 
hegaga,,,,,,Freq: 8. Example: GEN 32:30. 
penuel,,,,,,Freq: 8. Example: GEN 32:31. 
dogo,,,,,,Freq: 8. Example: GEN 33:9. 
gunalaigu,,,,,,Freq: 8. Example: GEN 33:14. 
dai,,,,,,Freq: 8. Example: GEN 34:25. 
oholibama,,,,,,Freq: 8. Example: GEN 36:2. 
sibeon,,,,,,Freq: 8. Example: GEN 36:2. 
dison,,,,,,Freq: 8. Example: GEN 36:21. 
ebal,,,,,,Freq: 8. Example: GEN 36:23. 
bosra,,,,,,Freq: 8. Example: GEN 36:33. 
vaḡivaḡina,,,,,,Freq: 8. Example: GEN 38:18. 
raho-namo,,,,,,Freq: 8. Example: GEN 39:6. 
hereagumu,,,,,,Freq: 8. Example: GEN 39:9. 
agevana,,,,,,Freq: 8. Example: GEN 41:42. 
umadia,,,,,,Freq: 8. Example: GEN 41:48. 
keho,,,,,,Freq: 8. Example: GEN 41:56. 
mainomui,,,,,,Freq: 8. Example: GEN 44:17. 
itamai,,,,,,Freq: 8. Example: GEN 44:31. 
lalo-hisihisina,,,,,,Freq: 8. Example: GEN 44:31. 
rosidia,,,,,,Freq: 8. Example: GEN 45:15. 
iubulaidia,,,,,,Freq: 8. Example: GEN 47:24. 
nemaidia,,,,,,Freq: 8. Example: GEN 48:6. 
tubudia,,,,,,Freq: 8. Example: GEN 48:12. 
haroroa,,,,,,Freq: 8. Example: GEN 48:14. 
tau-guna,,,,,,Freq: 8. Example: GEN 48:14. 
iuna,,,,,,Freq: 8. Example: EXO 4:4. 
haḡanimumu,,,,,,Freq: 8. Example: EXO 4:23. 
vasiga,,,,,,Freq: 8. Example: EXO 4:25. 
palapalana,,,,,,Freq: 8. Example: EXO 4:25. 
misael,,,,,,Freq: 8. Example: EXO 6:22. 
lulumui,,,,,,Freq: 8. Example: EXO 11:1. 
toutouna,,,,,,Freq: 8. Example: EXO 12:5. 
balaia,,,,,,Freq: 8. Example: EXO 12:6. 
mamana,,,,,,Freq: 8. Example: EXO 13:21. 
imodaimumu,,,,,,Freq: 8. Example: EXO 15:11. 
hadaidia,,,,,,Freq: 8. Example: EXO 15:17. 
maumauraidia,,,,,,Freq: 8. Example: EXO 16:2. 
kuborodia,,,,,,Freq: 8. Example: EXO 16:14. 
hagahagana,,,,,,Freq: 8. Example: EXO 17:6. 
ḡadeḡade,,,,,,Freq: 8. Example: EXO 17:7. 
tuna,,,,,,Freq: 8. Example: EXO 22:1. 
haraia,,,,,,Freq: 8. Example: EXO 22:6. 
ihagagevana,,,,,,Freq: 8. Example: EXO 23:2. 
lalo-ani,,,,,,Freq: 8. Example: EXO 23:8. 
ihaheralaidia,,,,,,Freq: 8. Example: EXO 25:7. 
siriudia,,,,,,Freq: 8. Example: EXO 26:3. 
au-ima,,,,,,Freq: 8. Example: EXO 26:26. 
karuhia,,,,,,Freq: 8. Example: EXO 26:34. 
moḡe,,,,,,Freq: 8. Example: EXO 28:11. 
ihaheḡereḡeredia,,,,,,Freq: 8. Example: EXO 28:21. 
bogarau,,,,,,Freq: 8. Example: EXO 29:13. 
ḡoledia,,,,,,Freq: 8. Example: EXO 29:13. 
bulodia,,,,,,Freq: 8. Example: EXO 30:25. 
koki,,,,,,Freq: 8. Example: EXO 32:2. 
heroho,,,,,,Freq: 8. Example: EXO 32:33. 
iruana,,,,,,Freq: 8. Example: EXO 34:21. 
haheboudia,,,,,,Freq: 8. Example: EXO 35:1. 
gwadadia,,,,,,Freq: 8. Example: LEV 2:14. 
dikea,,,,,,Freq: 8. Example: LEV 7:14. 
davedia,,,,,,Freq: 8. Example: LEV 8:27. 
pouka,,,,,,Freq: 8. Example: LEV 13:29. 
dokilaia,,,,,,Freq: 8. Example: LEV 19:19. 
iabi-louna,,,,,,Freq: 8. Example: LEV 25:26. 
kudou,,,,,,Freq: 8. Example: LEV 26:5. 
hamotudia,,,,,,Freq: 8. Example: LEV 26:13. 
kumidia,,,,,,Freq: 8. Example: NUM 4:10. 
ihuadia,,,,,,Freq: 8. Example: NUM 4:15. 
heheato,,,,,,Freq: 8. Example: NUM 4:25. 
buloaḡauna,,,,,,Freq: 8. Example: NUM 7:25. 
bonanani,,,,,,Freq: 8. Example: NUM 7:28. 
rakatanimai,,,,,,Freq: 8. Example: NUM 10:31. 
heitamu,,,,,,Freq: 8. Example: NUM 11:6. 
safata,,,,,,Freq: 8. Example: NUM 13:5. 
anak,,,,,,Freq: 8. Example: NUM 13:22. 
heḡeregerena,,,,,,Freq: 8. Example: NUM 14:17. 
gaḡaena,,,,,,Freq: 8. Example: NUM 14:22. 
pisga,,,,,,Freq: 8. Example: NUM 21:20. 
edrei,,,,,,Freq: 8. Example: NUM 21:33. 
boromakaudia,,,,,,Freq: 8. Example: NUM 23:22. 
hagahaga,,,,,,Freq: 8. Example: NUM 24:21. 
havarava,,,,,,Freq: 8. Example: NUM 25:1. 
sei,,,,,,Freq: 8. Example: NUM 28:14. 
elata,,,,,,Freq: 8. Example: DEU 2:8. 
maakata,,,,,,Freq: 8. Example: DEU 3:14. 
hehenina,,,,,,Freq: 8. Example: DEU 3:29. 
ḡoḡoeva-ḡoḡoeva,,,,,,Freq: 8. Example: DEU 9:5. 
medudia,,,,,,Freq: 8. Example: DEU 11:11. 
ihua-ihuadia,,,,,,Freq: 8. Example: DEU 11:20. 
igwau-taodia,,,,,,Freq: 8. Example: DEU 15:9. 
vahana,,,,,,Freq: 8. Example: DEU 18:3. 
manada-manada,,,,,,Freq: 8. Example: DEU 28:54. 
hui,,,,,,Freq: 8. Example: DEU 32:42. 
sabdi,,,,,,Freq: 8. Example: JOS 7:1. 
negemai,,,,,,Freq: 8. Example: JOS 7:7. 
aseka,,,,,,Freq: 8. Example: JOS 10:10. 
iabin,,,,,,Freq: 8. Example: JOS 11:1. 
doro,,,,,,Freq: 8. Example: JOS 11:2. 
komutadia,,,,,,Freq: 8. Example: JOS 11:13. 
afek,,,,,,Freq: 8. Example: JOS 12:18. 
estaol,,,,,,Freq: 8. Example: JOS 15:33. 
soko,,,,,,Freq: 8. Example: JOS 15:35. 
maono,,,,,,Freq: 8. Example: JOS 15:55. 
ofra,,,,,,Freq: 8. Example: JOS 18:23. 
ruahui-rua,,,,,,Freq: 8. Example: JOS 19:30. 
lopa,,,,,,Freq: 8. Example: JOS 19:46. 
abdon,,,,,,Freq: 8. Example: JOS 21:30. 
haga-nadina,,,,,,Freq: 8. Example: JDG 6:26. 
salmon,,,,,,Freq: 8. Example: JDG 9:48. 
koukouna,,,,,,Freq: 8. Example: JDG 9:53. 
ḡuimu,,,,,,Freq: 8. Example: JDG 15:12. 
hamasegu,,,,,,Freq: 8. Example: JDG 15:18. 
raka-vareai,,,,,,Freq: 8. Example: JDG 19:27. 
la,,,,,,Freq: 8. Example: RUT 2:7. 
bitua,,,,,,Freq: 8. Example: RUT 2:14. 
narimu,,,,,,Freq: 8. Example: RUT 4:15. 
kirikirilaidiamu,,,,,,Freq: 8. Example: 1SA 2:1. 
ḡaniḡani,,,,,,Freq: 8. Example: 1SA 2:29. 
ihabaida,,,,,,Freq: 8. Example: 1SA 4:7. 
itahudia,,,,,,Freq: 8. Example: 1SA 10:2. 
kudou-hetahadia,,,,,,Freq: 8. Example: 1SA 13:7. 
ae-raka,,,,,,Freq: 8. Example: 1SA 15:4. 
kakorodia,,,,,,Freq: 8. Example: 1SA 17:17. 
haraga,,,,,,Freq: 8. Example: 1SA 17:17. 
manadalai,,,,,,Freq: 8. Example: 1SA 17:39. 
varani,,,,,,Freq: 8. Example: 1SA 20:27. 
rimuna,,,,,,Freq: 8. Example: 1SA 24:4. 
ḡonaḡonalaidia,,,,,,Freq: 8. Example: 1SA 25:14. 
ierahamele,,,,,,Freq: 8. Example: 1SA 27:10. 
gilboa,,,,,,Freq: 8. Example: 1SA 28:4. 
dubudia,,,,,,Freq: 8. Example: 1SA 31:9. 
raramu,,,,,,Freq: 8. Example: 2SA 1:16. 
idibamu,,,,,,Freq: 8. Example: 2SA 2:21. 
gavaia,,,,,,Freq: 8. Example: 2SA 2:24. 
elifelete,,,,,,Freq: 8. Example: 2SA 5:16. 
ireguna,,,,,,Freq: 8. Example: 2SA 7:7. 
hemaunu,,,,,,Freq: 8. Example: 2SA 12:19. 
verigu,,,,,,Freq: 8. Example: 2SA 22:17. 
imuda,,,,,,Freq: 8. Example: 2SA 22:19. 
haheḡereḡeredia,,,,,,Freq: 8. Example: 2SA 23:18. 
ariele,,,,,,Freq: 8. Example: 2SA 23:20. 
asamavete,,,,,,Freq: 8. Example: 2SA 23:31. 
ihi-ihiraigu,,,,,,Freq: 8. Example: 1KI 2:8. 
dobudia,,,,,,Freq: 8. Example: 1KI 4:29. 
etana,,,,,,Freq: 8. Example: 1KI 4:31. 
bada-hereadia,,,,,,Freq: 8. Example: 1KI 7:10. 
ikorona,,,,,,Freq: 8. Example: 1KI 7:16. 
iḡovalaina,,,,,,Freq: 8. Example: 1KI 7:18. 
ava-keikeina,,,,,,Freq: 8. Example: 1KI 7:33. 
hogohogo,,,,,,Freq: 8. Example: 1KI 8:37. 
ihaginidia,,,,,,Freq: 8. Example: 1KI 9:15. 
dahudahu,,,,,,Freq: 8. Example: 1KI 10:25. 
milkom,,,,,,Freq: 8. Example: 1KI 11:5. 
marere-mareremu,,,,,,Freq: 8. Example: 1KI 14:15. 
hetuari,,,,,,Freq: 8. Example: 1KI 14:30. 
hekasilaia,,,,,,Freq: 8. Example: 1KI 18:46. 
perovetalai,,,,,,Freq: 8. Example: 1KI 22:8. 
heala-ala,,,,,,Freq: 8. Example: 2KI 3:23. 
hekwarahilaia,,,,,,Freq: 8. Example: 2KI 4:13. 
ramina,,,,,,Freq: 8. Example: 2KI 4:39. 
hapapadia,,,,,,Freq: 8. Example: 2KI 6:17. 
gabuva,,,,,,Freq: 8. Example: 2KI 12:3. 
gwau-gwau,,,,,,Freq: 8. Example: 2KI 19:3. 
uma-uma,,,,,,Freq: 8. Example: 2KI 21:18. 
asaia,,,,,,Freq: 8. Example: 2KI 22:12. 
henanadailai,,,,,,Freq: 8. Example: 2KI 22:13. 
iekonia,,,,,,Freq: 8. Example: 1CH 3:16. 
asarikama,,,,,,Freq: 8. Example: 1CH 3:23. 
akubu,,,,,,Freq: 8. Example: 1CH 3:24. 
iahata,,,,,,Freq: 8. Example: 1CH 4:2. 
asarele,,,,,,Freq: 8. Example: 1CH 4:16. 
ieiele,,,,,,Freq: 8. Example: 1CH 5:7. 
saron,,,,,,Freq: 8. Example: 1CH 5:16. 
gerebu-ima,,,,,,Freq: 8. Example: 1CH 5:21. 
ioa,,,,,,Freq: 8. Example: 1CH 6:21. 
ieremoto,,,,,,Freq: 8. Example: 1CH 7:8. 
ladan,,,,,,Freq: 8. Example: 1CH 7:26. 
matitia,,,,,,Freq: 8. Example: 1CH 9:31. 
regudia,,,,,,Freq: 8. Example: 1CH 23:29. 
lamepadia,,,,,,Freq: 8. Example: 1CH 28:15. 
ladaia,,,,,,Freq: 8. Example: 2CH 5:13. 
hahelaomu,,,,,,Freq: 8. Example: 2CH 13:9. 
domaga-toi,,,,,,Freq: 8. Example: 2CH 14:8. 
kahamai,,,,,,Freq: 8. Example: 2CH 14:11. 
harakadia,,,,,,Freq: 8. Example: 2CH 19:4. 
kahaia,,,,,,Freq: 8. Example: 2CH 28:21. 
ḡaunaidia,,,,,,Freq: 8. Example: 2CH 32:1. 
nehemia,,,,,,Freq: 8. Example: EZR 2:2. 
rehumu,,,,,,Freq: 8. Example: EZR 2:2. 
serebia,,,,,,Freq: 8. Example: EZR 8:18. 
kwabukwabuna,,,,,,Freq: 8. Example: EZR 9:14. 
tau-dae,,,,,,Freq: 8. Example: EST 2:23. 
hadabualaia,,,,,,Freq: 8. Example: EST 6:9. 
lalo-hadailaia,,,,,,Freq: 8. Example: EST 9:24. 
leviathan,,,,,,Freq: 8. Example: JOB 3:8. 
ranimu,,,,,,Freq: 8. Example: JOB 7:4. 
pukimu,,,,,,Freq: 8. Example: JOB 7:9. 
ḡorea,,,,,,Freq: 8. Example: JOB 8:18. 
hahemaraimu,,,,,,Freq: 8. Example: JOB 11:3. 
hamaoromaoroa,,,,,,Freq: 8. Example: JOB 11:13. 
odaia,,,,,,Freq: 8. Example: JOB 13:25. 
habadelaigumu,,,,,,Freq: 8. Example: JOB 16:8. 
kakoromu,,,,,,Freq: 8. Example: JOB 18:16. 
duba,,,,,,Freq: 8. Example: JOB 26:8. 
kohuadia,,,,,,Freq: 8. Example: JOB 30:6. 
tahogu,,,,,,Freq: 8. Example: JOB 30:19. 
ninoa,,,,,,Freq: 8. Example: JOB 36:30. 
hoamu,,,,,,Freq: 8. Example: JOB 37:5. 
ihanamolaimu,,,,,,Freq: 8. Example: PSA 9:14. 
dadihaimu,,,,,,Freq: 8. Example: PSA 12:5. 
boiboimu,,,,,,Freq: 8. Example: PSA 34:17. 
dekedekediai,,,,,,Freq: 8. Example: PSA 34:18. 
vevemu,,,,,,Freq: 8. Example: PSA 46:6. 
lolona,,,,,,Freq: 8. Example: PSA 47:5. 
salamo,,,,,,Freq: 8. Example: PSA 47:7. 
havaragu,,,,,,Freq: 8. Example: PSA 51:5. 
verimu,,,,,,Freq: 8. Example: PSA 52:5. 
reidia,,,,,,Freq: 8. Example: PSA 65:12. 
abimai,,,,,,Freq: 8. Example: PSA 66:11. 
dobuna,,,,,,Freq: 8. Example: PSA 68:22. 
ihadona,,,,,,Freq: 8. Example: PSA 80:9. 
gaima,,,,,,Freq: 8. Example: PSA 107:29. 
iabidadama-henina,,,,,,Freq: 8. Example: PRO 25:19. 
kekenimui,,,,,,Freq: 8. Example: SNG 1:5. 
huimu,,,,,,Freq: 8. Example: SNG 4:1. 
taiga,,,,,,Freq: 8. Example: SNG 4:8. 
hanohomui,,,,,,Freq: 8. Example: ISA 5:8. 
rohorohova,,,,,,Freq: 8. Example: ISA 16:8. 
maila,,,,,,Freq: 8. Example: ISA 18:7. 
haoda,,,,,,Freq: 8. Example: ISA 19:8. 
haboumui,,,,,,Freq: 8. Example: ISA 27:12. 
reamu,,,,,,Freq: 8. Example: ISA 28:7. 
nemuka-nemukadia,,,,,,Freq: 8. Example: ISA 41:18. 
anivagamu,,,,,,Freq: 8. Example: ISA 58:4. 
unemu,,,,,,Freq: 8. Example: LAM 1:7. 
bagu,,,,,,Freq: 8. Example: EZK 13:6. 
belesasara,,,,,,Freq: 8. Example: DAN 5:1. 
pidipidi,,,,,,Freq: 8. Example: MAT 7:7. 
hoalai,,,,,,Freq: 8. Example: MAT 7:28. 
ihadibalaidia,,,,,,Freq: 8. Example: MAT 8:4. 
betesaida,,,,,,Freq: 8. Example: MAT 11:21. 
sinapi,,,,,,Freq: 8. Example: MAT 13:30. 
baki,,,,,,Freq: 8. Example: MAT 14:19. 
ḡelona,,,,,,Freq: 8. Example: MAT 20:5. 
es,,,,,,Freq: 8. Example: MAT 26:48. 
bapatisona,,,,,,Freq: 8. Example: MRK 10:38. 
kilikia,,,,,,Freq: 8. Example: ACT 6:9. 
troa,,,,,,Freq: 8. Example: ACT 16:5. 
maoroda,,,,,,Freq: 8. Example: ROM 4:24. 
laodikea,,,,,,Freq: 8. Example: COL 2:1. 
besemui,,,,,,Freq: 7. Example: GEN 1:22. 
hahoho,,,,,,Freq: 7. Example: GEN 2:7. 
havila,,,,,,Freq: 7. Example: GEN 2:11. 
heva,,,,,,Freq: 7. Example: GEN 3:20. 
hataimu,,,,,,Freq: 7. Example: GEN 4:21. 
sinahu-taurahani-ta,,,,,,Freq: 7. Example: GEN 5:5. 
iared,,,,,,Freq: 7. Example: GEN 5:15. 
metusela,,,,,,Freq: 7. Example: GEN 5:21. 
hebamo,,,,,,Freq: 7. Example: GEN 5:22. 
helalomu,,,,,,Freq: 7. Example: GEN 6:7. 
gaba-mauruna,,,,,,Freq: 7. Example: GEN 8:6. 
seba,,,,,,Freq: 7. Example: GEN 10:7. 
girigasa,,,,,,Freq: 7. Example: GEN 10:16. 
seboimi,,,,,,Freq: 7. Example: GEN 10:19. 
laolaova,,,,,,Freq: 7. Example: GEN 11:2. 
ilarebana,,,,,,Freq: 7. Example: GEN 11:8. 
hanoho,,,,,,Freq: 7. Example: GEN 12:10. 
ariok,,,,,,Freq: 7. Example: GEN 14:1. 
halaoreana,,,,,,Freq: 7. Example: GEN 15:7. 
galo,,,,,,Freq: 7. Example: GEN 15:11. 
bavadavaia,,,,,,Freq: 7. Example: GEN 16:5. 
manoka-manokana,,,,,,Freq: 7. Example: GEN 18:7. 
kerekerena,,,,,,Freq: 7. Example: GEN 19:1. 
hadiho,,,,,,Freq: 7. Example: GEN 19:24. 
kinoa,,,,,,Freq: 7. Example: GEN 21:16. 
noho-hanaihanai,,,,,,Freq: 7. Example: GEN 21:33. 
kaia,,,,,,Freq: 7. Example: GEN 22:6. 
mesopotamia,,,,,,Freq: 7. Example: GEN 24:10. 
vai,,,,,,Freq: 7. Example: GEN 24:22. 
hanok,,,,,,Freq: 7. Example: GEN 25:4. 
abida,,,,,,Freq: 7. Example: GEN 25:4. 
tema,,,,,,Freq: 7. Example: GEN 25:15. 
badinadiava,,,,,,Freq: 7. Example: GEN 26:5. 
basemata,,,,,,Freq: 7. Example: GEN 26:34. 
silpa,,,,,,Freq: 7. Example: GEN 29:24. 
ruamu,,,,,,Freq: 7. Example: GEN 30:2. 
dudai,,,,,,Freq: 7. Example: GEN 30:14. 
asinama,,,,,,Freq: 7. Example: GEN 30:30. 
manokadia,,,,,,Freq: 7. Example: GEN 30:42. 
abihaia,,,,,,Freq: 7. Example: GEN 31:1. 
kahumu,,,,,,Freq: 7. Example: GEN 31:27. 
mahutava,,,,,,Freq: 7. Example: GEN 31:40. 
esodo,,,,,,Freq: 7. Example: GEN 31:54. 
varovarodia,,,,,,Freq: 7. Example: GEN 32:32. 
gadeidia,,,,,,Freq: 7. Example: GEN 35:4. 
timna,,,,,,Freq: 7. Example: GEN 36:12. 
lotan,,,,,,Freq: 7. Example: GEN 36:20. 
lohilohimu,,,,,,Freq: 7. Example: GEN 36:24. 
akan,,,,,,Freq: 7. Example: GEN 36:27. 
guma,,,,,,Freq: 7. Example: GEN 37:34. 
onan,,,,,,Freq: 7. Example: GEN 38:4. 
burena,,,,,,Freq: 7. Example: GEN 40:10. 
boseana,,,,,,Freq: 7. Example: GEN 40:17. 
tau-animu,,,,,,Freq: 7. Example: GEN 40:19. 
ihoina,,,,,,Freq: 7. Example: GEN 42:3. 
lakwana,,,,,,Freq: 7. Example: GEN 42:25. 
ihaere-henina,,,,,,Freq: 7. Example: GEN 45:3. 
iamin,,,,,,Freq: 7. Example: GEN 46:10. 
tola,,,,,,Freq: 7. Example: GEN 46:13. 
iesere,,,,,,Freq: 7. Example: GEN 46:24. 
gwauta-hitu,,,,,,Freq: 7. Example: GEN 47:28. 
gurigu,,,,,,Freq: 7. Example: GEN 47:29. 
unukahanai,,,,,,Freq: 7. Example: GEN 50:10. 
dikadikava,,,,,,Freq: 7. Example: EXO 1:20. 
bavalagu,,,,,,Freq: 7. Example: EXO 2:14. 
siaimumu,,,,,,Freq: 7. Example: EXO 3:12. 
seme,,,,,,Freq: 7. Example: EXO 4:10. 
mamauri,,,,,,Freq: 7. Example: EXO 4:18. 
ruhamui,,,,,,Freq: 7. Example: EXO 6:6. 
asiri,,,,,,Freq: 7. Example: EXO 6:24. 
koupa,,,,,,Freq: 7. Example: EXO 7:19. 
koridia,,,,,,Freq: 7. Example: EXO 8:17. 
hetarina,,,,,,Freq: 7. Example: EXO 9:12. 
unuhohodia,,,,,,Freq: 7. Example: EXO 10:14. 
iririlaina,,,,,,Freq: 7. Example: EXO 11:5. 
taravana,,,,,,Freq: 7. Example: EXO 12:14. 
adorahina,,,,,,Freq: 7. Example: EXO 12:18. 
donikina,,,,,,Freq: 7. Example: EXO 22:4. 
havahuraia,,,,,,Freq: 7. Example: EXO 22:20. 
hadaradaradia,,,,,,Freq: 7. Example: EXO 23:27. 
narigu,,,,,,Freq: 7. Example: EXO 24:12. 
ihualaina,,,,,,Freq: 7. Example: EXO 25:14. 
ikoulaina,,,,,,Freq: 7. Example: EXO 26:7. 
mia-kaka,,,,,,Freq: 7. Example: EXO 27:16. 
hahedokina,,,,,,Freq: 7. Example: EXO 28:4. 
sadio,,,,,,Freq: 7. Example: EXO 28:17. 
topasio,,,,,,Freq: 7. Example: EXO 28:17. 
berulio,,,,,,Freq: 7. Example: EXO 28:20. 
ḡeḡelaia,,,,,,Freq: 7. Example: EXO 29:5. 
sinabadadia,,,,,,Freq: 7. Example: EXO 29:20. 
hapiua,,,,,,Freq: 7. Example: EXO 32:5. 
gadara,,,,,,Freq: 7. Example: EXO 32:6. 
sesea,,,,,,Freq: 7. Example: EXO 33:9. 
koumu,,,,,,Freq: 7. Example: EXO 33:22. 
huro-nadidia,,,,,,Freq: 7. Example: EXO 34:1. 
kwanaudia,,,,,,Freq: 7. Example: EXO 35:18. 
hatu,,,,,,Freq: 7. Example: EXO 35:25. 
idurulaina,,,,,,Freq: 7. Example: EXO 36:3. 
hena,,,,,,Freq: 7. Example: EXO 39:3. 
gabumu,,,,,,Freq: 7. Example: LEV 7:9. 
hadokilai,,,,,,Freq: 7. Example: LEV 8:7. 
hatua,,,,,,Freq: 7. Example: LEV 8:7. 
baimumu,,,,,,Freq: 7. Example: LEV 11:17. 
buruki,,,,,,Freq: 7. Example: LEV 19:10. 
ihahemaraina,,,,,,Freq: 7. Example: LEV 20:20. 
dokilai,,,,,,Freq: 7. Example: LEV 21:10. 
mailaidiamu,,,,,,Freq: 7. Example: LEV 22:2. 
hanuaboina,,,,,,Freq: 7. Example: LEV 23:5. 
hoimu,,,,,,Freq: 7. Example: LEV 25:16. 
hahutumamui,,,,,,Freq: 7. Example: LEV 26:9. 
haginimui,,,,,,Freq: 7. Example: LEV 26:13. 
gamaliel,,,,,,Freq: 7. Example: NUM 1:10. 
abihaili,,,,,,Freq: 7. Example: NUM 3:35. 
arava,,,,,,Freq: 7. Example: NUM 11:3. 
kibroto-hatava,,,,,,Freq: 7. Example: NUM 11:34. 
taunabinai,,,,,,Freq: 7. Example: NUM 13:17. 
soan,,,,,,Freq: 7. Example: NUM 13:22. 
itaolaina,,,,,,Freq: 7. Example: NUM 18:30. 
kapaia,,,,,,Freq: 7. Example: NUM 21:8. 
ilao-henidia,,,,,,Freq: 7. Example: NUM 21:23. 
siporo,,,,,,Freq: 7. Example: NUM 22:2. 
ihi-ihiraiamu,,,,,,Freq: 7. Example: NUM 23:8. 
hadodia,,,,,,Freq: 7. Example: NUM 24:6. 
asriel,,,,,,Freq: 7. Example: NUM 26:31. 
hasiahua,,,,,,Freq: 7. Example: NUM 27:20. 
nohona,,,,,,Freq: 7. Example: NUM 30:3. 
esiono-gebere,,,,,,Freq: 7. Example: NUM 33:35. 
kinerete,,,,,,Freq: 7. Example: NUM 34:11. 
buki,,,,,,Freq: 7. Example: NUM 34:22. 
hahepadidi,,,,,,Freq: 7. Example: NUM 35:12. 
garigu,,,,,,Freq: 7. Example: DEU 4:10. 
siahu-badana,,,,,,Freq: 7. Example: DEU 4:37. 
laomui,,,,,,Freq: 7. Example: DEU 7:24. 
hakani,,,,,,Freq: 7. Example: DEU 8:5. 
atodiamu,,,,,,Freq: 7. Example: DEU 11:26. 
kavakavana,,,,,,Freq: 7. Example: DEU 15:13. 
hekoho,,,,,,Freq: 7. Example: DEU 24:1. 
moimoilaiamu,,,,,,Freq: 7. Example: DEU 25:4. 
davarimui,,,,,,Freq: 7. Example: DEU 25:18. 
laohaimui,,,,,,Freq: 7. Example: DEU 28:68. 
asiema,,,,,,Freq: 7. Example: DEU 29:15. 
rakatanimui,,,,,,Freq: 7. Example: DEU 31:6. 
dedi,,,,,,Freq: 7. Example: DEU 32:35. 
halasidia,,,,,,Freq: 7. Example: JOS 2:5. 
bet-avene,,,,,,Freq: 7. Example: JOS 7:2. 
hahoadia,,,,,,Freq: 7. Example: JOS 8:2. 
tapua,,,,,,Freq: 7. Example: JOS 12:17. 
taanak,,,,,,Freq: 7. Example: JOS 12:21. 
hadailaia,,,,,,Freq: 7. Example: JOS 14:7. 
otoniele,,,,,,Freq: 7. Example: JOS 15:17. 
kina,,,,,,Freq: 7. Example: JOS 15:22. 
kesili,,,,,,Freq: 7. Example: JOS 15:30. 
gedoro,,,,,,Freq: 7. Example: JOS 15:58. 
kana,,,,,,Freq: 7. Example: JOS 16:8. 
noilaia,,,,,,Freq: 7. Example: JOS 19:50. 
tuarimu,,,,,,Freq: 7. Example: JOS 23:10. 
boera,,,,,,Freq: 7. Example: JDG 4:21. 
hadibalaimai,,,,,,Freq: 7. Example: JDG 6:13. 
loasa,,,,,,Freq: 7. Example: JDG 6:29. 
dodo,,,,,,Freq: 7. Example: JDG 7:5. 
ḡavadiamu,,,,,,Freq: 7. Example: JDG 8:5. 
hamoalediamu,,,,,,Freq: 7. Example: JDG 9:13. 
ruahui-toi,,,,,,Freq: 7. Example: JDG 10:2. 
igwaurai-maorona,,,,,,Freq: 7. Example: JDG 12:6. 
dou,,,,,,Freq: 7. Example: JDG 14:15. 
iudia,,,,,,Freq: 7. Example: JDG 15:4. 
hagana,,,,,,Freq: 7. Example: JDG 15:8. 
lolodia,,,,,,Freq: 7. Example: JDG 15:14. 
hamanadaia,,,,,,Freq: 7. Example: JDG 16:5. 
hagoadagu,,,,,,Freq: 7. Example: JDG 16:28. 
domaga-hani,,,,,,Freq: 7. Example: JDG 20:2. 
haganidia,,,,,,Freq: 7. Example: JDG 21:10. 
lebona,,,,,,Freq: 7. Example: JDG 21:19. 
ravagu,,,,,,Freq: 7. Example: RUT 1:11. 
totodia,,,,,,Freq: 7. Example: 1SA 1:21. 
dadaraimumu,,,,,,Freq: 7. Example: 1SA 8:7. 
ilaohenina,,,,,,Freq: 7. Example: 1SA 9:14. 
horomu,,,,,,Freq: 7. Example: 1SA 10:1. 
donikidia,,,,,,Freq: 7. Example: 1SA 10:2. 
padamai,,,,,,Freq: 7. Example: 1SA 14:42. 
ihahavadia,,,,,,Freq: 7. Example: 1SA 14:46. 
ahinoama,,,,,,Freq: 7. Example: 1SA 14:50. 
hataia,,,,,,Freq: 7. Example: 1SA 16:16. 
goliata,,,,,,Freq: 7. Example: 1SA 17:4. 
ihatuna,,,,,,Freq: 7. Example: 1SA 17:7. 
gwaugu,,,,,,Freq: 7. Example: 1SA 24:6. 
hanamomai,,,,,,Freq: 7. Example: 1SA 25:15. 
matogana,,,,,,Freq: 7. Example: 1SA 28:16. 
gugubagumu,,,,,,Freq: 7. Example: 2SA 1:9. 
heaulaia,,,,,,Freq: 7. Example: 2SA 4:4. 
milo,,,,,,Freq: 7. Example: 2SA 5:9. 
haheḡiḡidia,,,,,,Freq: 7. Example: 2SA 5:20. 
baka,,,,,,Freq: 7. Example: 2SA 5:23. 
loram,,,,,,Freq: 7. Example: 2SA 8:10. 
launa,,,,,,Freq: 7. Example: 2SA 9:9. 
koekoedia,,,,,,Freq: 7. Example: 2SA 10:4. 
iri,,,,,,Freq: 7. Example: 2SA 12:31. 
heboudia,,,,,,Freq: 7. Example: 2SA 13:23. 
hagarigu,,,,,,Freq: 7. Example: 2SA 14:15. 
uralaia,,,,,,Freq: 7. Example: 2SA 21:2. 
dobudobudia,,,,,,Freq: 7. Example: 2SA 22:16. 
hadareregu,,,,,,Freq: 7. Example: 2SA 22:18. 
hatubuamu,,,,,,Freq: 7. Example: 2SA 23:4. 
lavadia,,,,,,Freq: 7. Example: 1KI 6:6. 
reireina,,,,,,Freq: 7. Example: 1KI 6:15. 
hahetaria,,,,,,Freq: 7. Example: 1KI 7:15. 
hahetaridia,,,,,,Freq: 7. Example: 1KI 7:24. 
eneseni,,,,,,Freq: 7. Example: 1KI 8:29. 
guidia,,,,,,Freq: 7. Example: 1KI 8:47. 
boto,,,,,,Freq: 7. Example: 1KI 10:11. 
sefela,,,,,,Freq: 7. Example: 1KI 10:27. 
silono,,,,,,Freq: 7. Example: 1KI 11:29. 
sisaka,,,,,,Freq: 7. Example: 1KI 11:40. 
karaiava,,,,,,Freq: 7. Example: 1KI 12:32. 
gimaiava,,,,,,Freq: 7. Example: 1KI 14:27. 
gogomu,,,,,,Freq: 7. Example: 1KI 17:12. 
kavabuna,,,,,,Freq: 7. Example: 1KI 17:14. 
merogu,,,,,,Freq: 7. Example: 1KI 18:12. 
dadaira,,,,,,Freq: 7. Example: 1KI 18:32. 
ḡavamu,,,,,,Freq: 7. Example: 1KI 19:20. 
hahedokilaimu,,,,,,Freq: 7. Example: 1KI 20:11. 
hakaralaia,,,,,,Freq: 7. Example: 2KI 3:3. 
hekwarahiva,,,,,,Freq: 7. Example: 2KI 6:11. 
hehari,,,,,,Freq: 7. Example: 2KI 7:11. 
sefaravaimi,,,,,,Freq: 7. Example: 2KI 17:24. 
harohomui,,,,,,Freq: 7. Example: 2KI 18:29. 
herohe,,,,,,Freq: 7. Example: 2KI 18:31. 
ḡahudia,,,,,,Freq: 7. Example: 2KI 23:12. 
elnatan,,,,,,Freq: 7. Example: 2KI 24:8. 
elioenai,,,,,,Freq: 7. Example: 1CH 3:23. 
delaia,,,,,,Freq: 7. Example: 1CH 3:24. 
hodia,,,,,,Freq: 7. Example: 1CH 4:19. 
baladia,,,,,,Freq: 7. Example: 1CH 4:33. 
abisua,,,,,,Freq: 7. Example: 1CH 6:4. 
serahia,,,,,,Freq: 7. Example: 1CH 6:6. 
iehosadak,,,,,,Freq: 7. Example: 1CH 6:14. 
maluku,,,,,,Freq: 7. Example: 1CH 6:44. 
hasenua,,,,,,Freq: 7. Example: 1CH 9:7. 
hasub,,,,,,Freq: 7. Example: 1CH 9:14. 
sebania,,,,,,Freq: 7. Example: 1CH 15:24. 
haḡoeva,,,,,,Freq: 7. Example: 1CH 22:2. 
tohodiamu,,,,,,Freq: 7. Example: 1CH 29:17. 
ihagini-louna,,,,,,Freq: 7. Example: 2CH 24:27. 
kwabukwabumui,,,,,,Freq: 7. Example: 2CH 30:6. 
hedaro,,,,,,Freq: 7. Example: 2CH 30:8. 
lesua,,,,,,Freq: 7. Example: 2CH 31:15. 
ha-oreamu,,,,,,Freq: 7. Example: EZR 4:12. 
binui,,,,,,Freq: 7. Example: EZR 8:33. 
hadiaridia,,,,,,Freq: 7. Example: EZR 9:8. 
hamatamata,,,,,,Freq: 7. Example: EZR 9:9. 
torehaimu,,,,,,Freq: 7. Example: NEH 5:10. 
igwau-taona,,,,,,Freq: 7. Example: NEH 9:17. 
goadagoadamu,,,,,,Freq: 7. Example: JOB 3:21. 
ruaiamu,,,,,,Freq: 7. Example: JOB 4:8. 
butugu,,,,,,Freq: 7. Example: JOB 4:14. 
ḡaraḡaramu,,,,,,Freq: 7. Example: JOB 6:17. 
kirikirilaigumu,,,,,,Freq: 7. Example: JOB 12:4. 
ha-arudia,,,,,,Freq: 7. Example: JOB 12:15. 
hahebubuamu,,,,,,Freq: 7. Example: JOB 16:13. 
hamasediamu,,,,,,Freq: 7. Example: JOB 18:15. 
hadikagumu,,,,,,Freq: 7. Example: JOB 19:3. 
dabuia,,,,,,Freq: 7. Example: JOB 19:9. 
haḡoevagu,,,,,,Freq: 7. Example: JOB 23:10. 
hamanokaia,,,,,,Freq: 7. Example: JOB 23:16. 
hadokoamu,,,,,,Freq: 7. Example: JOB 28:3. 
vabura,,,,,,Freq: 7. Example: JOB 28:3. 
miri,,,,,,Freq: 7. Example: JOB 29:18. 
heani,,,,,,Freq: 7. Example: JOB 31:27. 
kehoamu,,,,,,Freq: 7. Example: JOB 33:2. 
haḡanidiamu,,,,,,Freq: 7. Example: JOB 36:10. 
noholaidiamu,,,,,,Freq: 7. Example: JOB 37:12. 
boimu,,,,,,Freq: 7. Example: PSA 1:2. 
havavalaia,,,,,,Freq: 7. Example: PSA 8:5. 
ikerukerudia,,,,,,Freq: 7. Example: PSA 17:8. 
hakaudiamu,,,,,,Freq: 7. Example: PSA 25:9. 
iabigu,,,,,,Freq: 7. Example: PSA 31:4. 
naridiamu,,,,,,Freq: 7. Example: PSA 31:20. 
laumada,,,,,,Freq: 7. Example: PSA 33:20. 
haḡerediamu,,,,,,Freq: 7. Example: PSA 34:15. 
dadaraimai,,,,,,Freq: 7. Example: PSA 44:13. 
haerodiamu,,,,,,Freq: 7. Example: PSA 77:5. 
ihakanidia,,,,,,Freq: 7. Example: PSA 81:15. 
ḡonaḡonalaiamu,,,,,,Freq: 7. Example: PSA 89:41. 
ihamoaledia,,,,,,Freq: 7. Example: PSA 104:15. 
raraga,,,,,,Freq: 7. Example: PSA 107:27. 
negenege,,,,,,Freq: 7. Example: PSA 119:119. 
raka-muri,,,,,,Freq: 7. Example: PRO 1:32. 
hehedinararai,,,,,,Freq: 7. Example: PRO 8:9. 
hesivarai,,,,,,Freq: 7. Example: PRO 11:13. 
henitao,,,,,,Freq: 7. Example: PRO 15:27. 
dada,,,,,,Freq: 7. Example: PRO 21:22. 
bodomu,,,,,,Freq: 7. Example: PRO 26:20. 
kobo,,,,,,Freq: 7. Example: SNG 6:11. 
haheḡeḡea,,,,,,Freq: 7. Example: SNG 7:2. 
memefisi,,,,,,Freq: 7. Example: ISA 19:13. 
sidia,,,,,,Freq: 7. Example: ISA 28:10. 
badi,,,,,,Freq: 7. Example: ISA 28:16. 
pitopito,,,,,,Freq: 7. Example: ISA 50:9. 
vamudia,,,,,,Freq: 7. Example: JER 7:21. 
dava-abi,,,,,,Freq: 7. Example: JER 10:15. 
inogo,,,,,,Freq: 7. Example: JER 12:10. 
hadibadiava,,,,,,Freq: 7. Example: JER 12:16. 
ebede-melek,,,,,,Freq: 7. Example: JER 38:7. 
vedaia,,,,,,Freq: 7. Example: JER 48:11. 
davarana,,,,,,Freq: 7. Example: JER 49:23. 
kebara,,,,,,Freq: 7. Example: EZK 1:1. 
krusolito,,,,,,Freq: 7. Example: EZK 1:16. 
rohegu,,,,,,Freq: 7. Example: EZK 2:2. 
haoro,,,,,,Freq: 7. Example: EZK 13:6. 
gagaemu,,,,,,Freq: 7. Example: EZK 16:7. 
ihabadelaina,,,,,,Freq: 7. Example: DAN 6:5. 
seana,,,,,,Freq: 7. Example: HOS 10:7. 
hahedibana,,,,,,Freq: 7. Example: MAT 13:52. 
dollar,,,,,,Freq: 7. Example: MAT 18:28. 
padana,,,,,,Freq: 7. Example: MAT 26:58. 
kurene,,,,,,Freq: 7. Example: MAT 27:32. 
hariharibada,,,,,,Freq: 7. Example: LUK 2:40. 
natanael,,,,,,Freq: 7. Example: JHN 1:42. 
abiabiraigu,,,,,,Freq: 7. Example: JHN 7:38. 
krete,,,,,,Freq: 7. Example: ACT 2:11. 
lustera,,,,,,Freq: 7. Example: ACT 14:6. 
iabiabiraina,,,,,,Freq: 7. Example: ACT 14:27. 
galatia,,,,,,Freq: 7. Example: ACT 16:6. 
atena,,,,,,Freq: 7. Example: ACT 17:15. 
tau-anida,,,,,,Freq: 7. Example: ROM 8:23. 
heida-idana,,,,,,Freq: 6. Example: GEN 1:27. 
arua,,,,,,Freq: 6. Example: GEN 2:11. 
gihon,,,,,,Freq: 6. Example: GEN 2:13. 
hanaihanaiva,,,,,,Freq: 6. Example: GEN 3:24. 
reḡudiamu,,,,,,Freq: 6. Example: GEN 4:20. 
harohoda,,,,,,Freq: 6. Example: GEN 5:29. 
oiamu,,,,,,Freq: 6. Example: GEN 6:21. 
louva,,,,,,Freq: 6. Example: GEN 8:3. 
koria,,,,,,Freq: 6. Example: GEN 8:11. 
iharuahui-hituna,,,,,,Freq: 6. Example: GEN 8:14. 
momomomo,,,,,,Freq: 6. Example: GEN 8:17. 
kevau,,,,,,Freq: 6. Example: GEN 9:13. 
gomere,,,,,,Freq: 6. Example: GEN 10:2. 
lud,,,,,,Freq: 6. Example: GEN 10:22. 
reu,,,,,,Freq: 6. Example: GEN 11:18. 
serug,,,,,,Freq: 6. Example: GEN 11:20. 
tahodiho,,,,,,Freq: 6. Example: GEN 12:8. 
eskol,,,,,,Freq: 6. Example: GEN 14:13. 
burukamu,,,,,,Freq: 6. Example: GEN 15:15. 
rogorogomu,,,,,,Freq: 6. Example: GEN 16:11. 
taraia,,,,,,Freq: 6. Example: GEN 19:9. 
kahirakahira,,,,,,Freq: 6. Example: GEN 19:20. 
bamomumu,,,,,,Freq: 6. Example: GEN 21:22. 
makapela,,,,,,Freq: 6. Example: GEN 23:9. 
naridiava,,,,,,Freq: 6. Example: GEN 24:30. 
hulala,,,,,,Freq: 6. Example: GEN 24:53. 
sua,,,,,,Freq: 6. Example: GEN 25:2. 
derana,,,,,,Freq: 6. Example: GEN 25:25. 
uduguiraimu,,,,,,Freq: 6. Example: GEN 27:29. 
ihanamogu,,,,,,Freq: 6. Example: GEN 27:36. 
pere,,,,,,Freq: 6. Example: GEN 28:14. 
rakalaiamu,,,,,,Freq: 6. Example: GEN 28:20. 
ha-inudia,,,,,,Freq: 6. Example: GEN 29:7. 
hedaverai,,,,,,Freq: 6. Example: GEN 30:8. 
au-huahua,,,,,,Freq: 6. Example: GEN 30:14. 
koremadia,,,,,,Freq: 6. Example: GEN 30:32. 
laogu,,,,,,Freq: 6. Example: GEN 31:28. 
helulu,,,,,,Freq: 6. Example: GEN 32:28. 
nahata,,,,,,Freq: 6. Example: GEN 36:13. 
katakata,,,,,,Freq: 6. Example: GEN 38:14. 
kwatua,,,,,,Freq: 6. Example: GEN 38:28. 
gigi,,,,,,Freq: 6. Example: GEN 40:11. 
gwauta-osi,,,,,,Freq: 6. Example: GEN 42:3. 
tadimai,,,,,,Freq: 6. Example: GEN 43:4. 
durumui,,,,,,Freq: 6. Example: GEN 43:14. 
halaoda,,,,,,Freq: 6. Example: GEN 43:18. 
tau-roboana,,,,,,Freq: 6. Example: GEN 43:33. 
keruma,,,,,,Freq: 6. Example: GEN 44:18. 
palu,,,,,,Freq: 6. Example: GEN 46:9. 
iakin,,,,,,Freq: 6. Example: GEN 46:10. 
simron,,,,,,Freq: 6. Example: GEN 46:13. 
imna,,,,,,Freq: 6. Example: GEN 46:17. 
bekere,,,,,,Freq: 6. Example: GEN 46:21. 
tarava,,,,,,Freq: 6. Example: GEN 49:10. 
hetu,,,,,,Freq: 6. Example: GEN 49:13. 
kumilaia,,,,,,Freq: 6. Example: GEN 50:2. 
tabaia,,,,,,Freq: 6. Example: EXO 2:3. 
ainala,,,,,,Freq: 6. Example: EXO 2:7. 
taitaiva,,,,,,Freq: 6. Example: EXO 2:23. 
ihua-ihuana,,,,,,Freq: 6. Example: EXO 12:7. 
iditadia,,,,,,Freq: 6. Example: EXO 12:8. 
bahuna,,,,,,Freq: 6. Example: EXO 12:10. 
abib,,,,,,Freq: 6. Example: EXO 13:4. 
migdol,,,,,,Freq: 6. Example: EXO 14:2. 
lauridia,,,,,,Freq: 6. Example: EXO 14:22. 
durudiamu,,,,,,Freq: 6. Example: EXO 14:25. 
lailai,,,,,,Freq: 6. Example: EXO 23:16. 
tohotohodia,,,,,,Freq: 6. Example: EXO 23:24. 
haḡuḡurudia,,,,,,Freq: 6. Example: EXO 23:26. 
eregabedia,,,,,,Freq: 6. Example: EXO 24:5. 
hakakakakadia,,,,,,Freq: 6. Example: EXO 25:5. 
hahesiriudia,,,,,,Freq: 6. Example: EXO 26:28. 
ihaheralaina,,,,,,Freq: 6. Example: EXO 26:31. 
reirei,,,,,,Freq: 6. Example: EXO 27:8. 
dududia,,,,,,Freq: 6. Example: EXO 28:25. 
iḡeḡelaina,,,,,,Freq: 6. Example: EXO 28:37. 
hahedokidia,,,,,,Freq: 6. Example: EXO 28:40. 
vamuna,,,,,,Freq: 6. Example: EXO 29:25. 
ha-ara,,,,,,Freq: 6. Example: EXO 30:8. 
hurihuri,,,,,,Freq: 6. Example: EXO 30:18. 
kinamomo,,,,,,Freq: 6. Example: EXO 30:23. 
dahulaia,,,,,,Freq: 6. Example: EXO 30:33. 
ihahelaḡamui,,,,,,Freq: 6. Example: EXO 31:13. 
torelai,,,,,,Freq: 6. Example: EXO 31:18. 
havevedia,,,,,,Freq: 6. Example: EXO 32:4. 
ageva,,,,,,Freq: 6. Example: EXO 35:22. 
damenana,,,,,,Freq: 6. Example: LEV 2:13. 
ato-kauna,,,,,,Freq: 6. Example: LEV 6:5. 
ḡoḡoeva,,,,,,Freq: 6. Example: LEV 7:19. 
ḡauaia,,,,,,Freq: 6. Example: LEV 11:4. 
koni,,,,,,Freq: 6. Example: LEV 11:5. 
uhedia,,,,,,Freq: 6. Example: LEV 11:37. 
hehuhu,,,,,,Freq: 6. Example: LEV 13:40. 
boha,,,,,,Freq: 6. Example: LEV 13:40. 
keberena,,,,,,Freq: 6. Example: LEV 14:12. 
nuana,,,,,,Freq: 6. Example: LEV 14:15. 
momoruna,,,,,,Freq: 6. Example: LEV 14:41. 
asasele,,,,,,Freq: 6. Example: LEV 16:8. 
ha-idau,,,,,,Freq: 6. Example: LEV 19:35. 
rava,,,,,,Freq: 6. Example: LEV 20:12. 
biagudiamu,,,,,,Freq: 6. Example: LEV 21:10. 
regena,,,,,,Freq: 6. Example: LEV 21:18. 
hadareremui,,,,,,Freq: 6. Example: LEV 26:17. 
hahisihisimui,,,,,,Freq: 6. Example: LEV 26:21. 
hadomu,,,,,,Freq: 6. Example: LEV 27:16. 
ahiesere,,,,,,Freq: 6. Example: NUM 1:12. 
eliasaf,,,,,,Freq: 6. Example: NUM 1:14. 
karalaimu,,,,,,Freq: 6. Example: NUM 3:31. 
ibololaidia,,,,,,Freq: 6. Example: NUM 3:39. 
lahaia,,,,,,Freq: 6. Example: NUM 4:13. 
ḡeḡedia,,,,,,Freq: 6. Example: NUM 4:26. 
ahuva,,,,,,Freq: 6. Example: NUM 9:18. 
asiela,,,,,,Freq: 6. Example: NUM 11:26. 
laolaona,,,,,,Freq: 6. Example: NUM 11:31. 
samua,,,,,,Freq: 6. Example: NUM 13:4. 
talmai,,,,,,Freq: 6. Example: NUM 13:22. 
arno,,,,,,Freq: 6. Example: NUM 14:44. 
gidadia,,,,,,Freq: 6. Example: NUM 16:37. 
tudia,,,,,,Freq: 6. Example: NUM 17:5. 
aemai,,,,,,Freq: 6. Example: NUM 20:19. 
tarakidia,,,,,,Freq: 6. Example: NUM 24:8. 
sitim,,,,,,Freq: 6. Example: NUM 25:1. 
sutela,,,,,,Freq: 6. Example: NUM 26:35. 
bavala-ala,,,,,,Freq: 6. Example: NUM 31:2. 
loaloava,,,,,,Freq: 6. Example: NUM 32:13. 
kiriataimi,,,,,,Freq: 6. Example: NUM 32:37. 
tore-isi,,,,,,Freq: 6. Example: NUM 33:2. 
hahekwarahimui,,,,,,Freq: 6. Example: NUM 33:55. 
hamiroamu,,,,,,Freq: 6. Example: NUM 35:33. 
bogaradiai,,,,,,Freq: 6. Example: DEU 10:15. 
ubuamu,,,,,,Freq: 6. Example: DEU 10:18. 
haparipariamu,,,,,,Freq: 6. Example: DEU 11:11. 
pupu,,,,,,Freq: 6. Example: DEU 12:3. 
ihanamolaidia,,,,,,Freq: 6. Example: DEU 12:31. 
ogoḡamina,,,,,,Freq: 6. Example: DEU 15:7. 
habadelaimu,,,,,,Freq: 6. Example: DEU 15:9. 
bebeka-bebekamui,,,,,,Freq: 6. Example: DEU 18:13. 
veri,,,,,,Freq: 6. Example: DEU 22:10. 
haheboumui,,,,,,Freq: 6. Example: DEU 30:3. 
kudima,,,,,,Freq: 6. Example: DEU 30:17. 
segea,,,,,,Freq: 6. Example: DEU 32:41. 
dareamu,,,,,,Freq: 6. Example: DEU 33:20. 
kesina,,,,,,Freq: 6. Example: DEU 33:29. 
tuhutuhudia,,,,,,Freq: 6. Example: JOS 2:6. 
hakererea,,,,,,Freq: 6. Example: JOS 2:17. 
paḡamui,,,,,,Freq: 6. Example: JOS 4:5. 
laboralabora,,,,,,Freq: 6. Example: JOS 6:19. 
ḡeḡemai,,,,,,Freq: 6. Example: JOS 7:9. 
tomaia,,,,,,Freq: 6. Example: JOS 7:9. 
akoro,,,,,,Freq: 6. Example: JOS 7:24. 
valavala,,,,,,Freq: 6. Example: JOS 9:5. 
gabaedia,,,,,,Freq: 6. Example: JOS 10:40. 
lairi,,,,,,Freq: 6. Example: JOS 13:30. 
araki,,,,,,Freq: 6. Example: JOS 16:2. 
bete-seana,,,,,,Freq: 6. Example: JOS 17:11. 
mosa,,,,,,Freq: 6. Example: JOS 18:26. 
gibeton,,,,,,Freq: 6. Example: JOS 19:44. 
rakalai,,,,,,Freq: 6. Example: JDG 2:17. 
hekurena,,,,,,Freq: 6. Example: JDG 3:25. 
unua,,,,,,Freq: 6. Example: JDG 4:5. 
kison,,,,,,Freq: 6. Example: JDG 4:7. 
masegu,,,,,,Freq: 6. Example: JDG 4:19. 
kokoa,,,,,,Freq: 6. Example: JDG 4:21. 
peta,,,,,,Freq: 6. Example: JDG 7:5. 
oreb,,,,,,Freq: 6. Example: JDG 7:25. 
ebed,,,,,,Freq: 6. Example: JDG 9:26. 
sebulu,,,,,,Freq: 6. Example: JDG 9:28. 
piratono,,,,,,Freq: 6. Example: JDG 12:13. 
laisi,,,,,,Freq: 6. Example: JDG 18:7. 
elimelek,,,,,,Freq: 6. Example: RUT 1:2. 
heḡaegae,,,,,,Freq: 6. Example: RUT 1:6. 
utuamu,,,,,,Freq: 6. Example: RUT 2:9. 
hahinegu,,,,,,Freq: 6. Example: 1SA 1:15. 
topoa,,,,,,Freq: 6. Example: 1SA 1:22. 
hakalamu,,,,,,Freq: 6. Example: 1SA 3:9. 
piu,,,,,,Freq: 6. Example: 1SA 4:13. 
hadibalaida,,,,,,Freq: 6. Example: 1SA 9:8. 
ha-uradia,,,,,,Freq: 6. Example: 1SA 10:26. 
boilaia,,,,,,Freq: 6. Example: 1SA 11:4. 
hereva-herevava,,,,,,Freq: 6. Example: 1SA 17:23. 
hidiomu,,,,,,Freq: 6. Example: 1SA 17:44. 
rerena,,,,,,Freq: 6. Example: 1SA 18:10. 
tuarilaia,,,,,,Freq: 6. Example: 1SA 18:17. 
naioto,,,,,,Freq: 6. Example: 1SA 19:18. 
rohedia,,,,,,Freq: 6. Example: 1SA 19:20. 
kino,,,,,,Freq: 6. Example: 1SA 20:36. 
nob,,,,,,Freq: 6. Example: 1SA 21:1. 
maorogu,,,,,,Freq: 6. Example: 1SA 24:15. 
nari,,,,,,Freq: 6. Example: 1SA 25:9. 
mane,,,,,,Freq: 6. Example: 1SA 25:18. 
taruhaia,,,,,,Freq: 6. Example: 1SA 26:5. 
idoaiamu,,,,,,Freq: 6. Example: 1SA 28:9. 
diari-diari,,,,,,Freq: 6. Example: 1SA 29:10. 
kavava,,,,,,Freq: 6. Example: 2SA 1:6. 
bahurimi,,,,,,Freq: 6. Example: 2SA 3:16. 
mainona,,,,,,Freq: 6. Example: 2SA 3:21. 
manoka-manokamu,,,,,,Freq: 6. Example: 2SA 3:39. 
baal-perasimi,,,,,,Freq: 6. Example: 2SA 5:20. 
ahio,,,,,,Freq: 6. Example: 2SA 6:3. 
hanemaoro,,,,,,Freq: 6. Example: 2SA 7:7. 
iohia,,,,,,Freq: 6. Example: 2SA 11:13. 
goadalaia,,,,,,Freq: 6. Example: 2SA 11:25. 
hakerua,,,,,,Freq: 6. Example: 2SA 13:39. 
kereredia,,,,,,Freq: 6. Example: 2SA 14:9. 
boeramu,,,,,,Freq: 6. Example: 2SA 17:2. 
nariva,,,,,,Freq: 6. Example: 2SA 17:17. 
hemaraidia,,,,,,Freq: 6. Example: 2SA 19:3. 
ahuda,,,,,,Freq: 6. Example: 2SA 20:1. 
iboiridia,,,,,,Freq: 6. Example: 2SA 20:5. 
hamaurigumu,,,,,,Freq: 6. Example: 2SA 22:3. 
pevana,,,,,,Freq: 6. Example: 2SA 22:35. 
henugu,,,,,,Freq: 6. Example: 2SA 22:40. 
neganai,,,,,,Freq: 6. Example: 2SA 24:24. 
inuinumu,,,,,,Freq: 6. Example: 1KI 1:25. 
ihelai-kauna,,,,,,Freq: 6. Example: 1KI 2:4. 
hahelaḡadiava,,,,,,Freq: 6. Example: 1KI 3:2. 
sisa,,,,,,Freq: 6. Example: 1KI 4:3. 
mauru,,,,,,Freq: 6. Example: 1KI 7:31. 
kimore-kimore,,,,,,Freq: 6. Example: 1KI 7:45. 
hetoi-rorona,,,,,,Freq: 6. Example: 1KI 8:42. 
heḡeregeredia,,,,,,Freq: 6. Example: 1KI 9:4. 
lohiaiava,,,,,,Freq: 6. Example: 1KI 9:19. 
iloalaina,,,,,,Freq: 6. Example: 1KI 10:5. 
iboirina,,,,,,Freq: 6. Example: 1KI 12:3. 
haharaḡaia,,,,,,Freq: 6. Example: 1KI 12:4. 
kauva,,,,,,Freq: 6. Example: 1KI 14:28. 
dikava,,,,,,Freq: 6. Example: 1KI 16:19. 
semere,,,,,,Freq: 6. Example: 1KI 16:24. 
tisbe,,,,,,Freq: 6. Example: 1KI 17:1. 
ubumu,,,,,,Freq: 6. Example: 1KI 17:4. 
laohaimu,,,,,,Freq: 6. Example: 1KI 18:12. 
nadudia,,,,,,Freq: 6. Example: 1KI 19:21. 
anivagava,,,,,,Freq: 6. Example: 1KI 21:27. 
roheamu,,,,,,Freq: 6. Example: 2KI 2:15. 
guru,,,,,,Freq: 6. Example: 2KI 3:24. 
maina,,,,,,Freq: 6. Example: 2KI 4:25. 
hosina,,,,,,Freq: 6. Example: 2KI 5:9. 
dapadia,,,,,,Freq: 6. Example: 2KI 8:12. 
igoa,,,,,,Freq: 6. Example: 2KI 8:29. 
turadia,,,,,,Freq: 6. Example: 2KI 12:5. 
iharuahui-toina,,,,,,Freq: 6. Example: 2KI 13:1. 
gvau,,,,,,Freq: 6. Example: 2KI 15:12. 
varava,,,,,,Freq: 6. Example: 2KI 18:7. 
arapada,,,,,,Freq: 6. Example: 2KI 18:34. 
dahuamu,,,,,,Freq: 6. Example: 2KI 21:13. 
hahebubu,,,,,,Freq: 6. Example: 2KI 21:16. 
larebadia,,,,,,Freq: 6. Example: 2KI 23:12. 
eleasa,,,,,,Freq: 6. Example: 1CH 2:39. 
refaia,,,,,,Freq: 6. Example: 1CH 3:21. 
ebiasafa,,,,,,Freq: 6. Example: 1CH 6:23. 
amasai,,,,,,Freq: 6. Example: 1CH 6:25. 
asele,,,,,,Freq: 6. Example: 1CH 8:37. 
goadagoadava,,,,,,Freq: 6. Example: 1CH 11:10. 
eva-evava,,,,,,Freq: 6. Example: 1CH 16:20. 
selomoto,,,,,,Freq: 6. Example: 1CH 23:9. 
iehohanan,,,,,,Freq: 6. Example: 1CH 26:3. 
ihadaina,,,,,,Freq: 6. Example: 1CH 28:2. 
darikidia,,,,,,Freq: 6. Example: 1CH 29:7. 
pipikidia,,,,,,Freq: 6. Example: 2CH 1:15. 
hehuri,,,,,,Freq: 6. Example: 2CH 4:6. 
ḡaukarava,,,,,,Freq: 6. Example: 2CH 11:23. 
ibanina,,,,,,Freq: 6. Example: 2CH 24:12. 
igari-henidia,,,,,,Freq: 6. Example: 2CH 29:8. 
ha-aukaiamu,,,,,,Freq: 6. Example: 2CH 32:10. 
bigvai,,,,,,Freq: 6. Example: EZR 2:2. 
paroso,,,,,,Freq: 6. Example: EZR 2:3. 
bebai,,,,,,Freq: 6. Example: EZR 2:11. 
meremoto,,,,,,Freq: 6. Example: EZR 8:33. 
hebulo,,,,,,Freq: 6. Example: EZR 9:2. 
kahitao,,,,,,Freq: 6. Example: NEH 3:3. 
keroro,,,,,,Freq: 6. Example: NEH 8:15. 
hekokorokuva,,,,,,Freq: 6. Example: NEH 9:16. 
mouka-mouka,,,,,,Freq: 6. Example: NEH 9:21. 
ḡuḡurumu,,,,,,Freq: 6. Example: EST 5:13. 
helaromu,,,,,,Freq: 6. Example: JOB 4:6. 
hakarohodiamu,,,,,,Freq: 6. Example: JOB 4:11. 
ḡovaiamu,,,,,,Freq: 6. Example: JOB 7:5. 
kima,,,,,,Freq: 6. Example: JOB 9:9. 
duahi-duahi,,,,,,Freq: 6. Example: JOB 9:10. 
malaka-malakamu,,,,,,Freq: 6. Example: JOB 10:6. 
ruhagu,,,,,,Freq: 6. Example: JOB 10:14. 
lada-isidia,,,,,,Freq: 6. Example: JOB 13:12. 
takumu,,,,,,Freq: 6. Example: JOB 17:8. 
ramu,,,,,,Freq: 6. Example: JOB 19:28. 
mata-hanaina,,,,,,Freq: 6. Example: JOB 20:8. 
hadonoamu,,,,,,Freq: 6. Example: JOB 20:15. 
habubunimu,,,,,,Freq: 6. Example: JOB 22:10. 
hemetai,,,,,,Freq: 6. Example: JOB 24:8. 
mamaoro,,,,,,Freq: 6. Example: JOB 27:5. 
nogamu,,,,,,Freq: 6. Example: JOB 27:19. 
taba,,,,,,Freq: 6. Example: JOB 33:6. 
hakanimu,,,,,,Freq: 6. Example: JOB 33:19. 
piuamu,,,,,,Freq: 6. Example: JOB 36:33. 
dagumu,,,,,,Freq: 6. Example: JOB 39:21. 
heralai,,,,,,Freq: 6. Example: JOB 40:10. 
kimai,,,,,,Freq: 6. Example: JOB 40:24. 
sivaraigu,,,,,,Freq: 6. Example: JOB 42:7. 
kerere-kerere,,,,,,Freq: 6. Example: PSA 1:1. 
oda,,,,,,Freq: 6. Example: PSA 1:4. 
heloḡo-heloḡomu,,,,,,Freq: 6. Example: PSA 2:1. 
lohiamui,,,,,,Freq: 6. Example: PSA 2:10. 
heidoa,,,,,,Freq: 6. Example: PSA 9:16. 
hahisihisidiamu,,,,,,Freq: 6. Example: PSA 10:2. 
koidiamu,,,,,,Freq: 6. Example: PSA 12:2. 
siboda,,,,,,Freq: 6. Example: PSA 12:4. 
heatolaimu,,,,,,Freq: 6. Example: PSA 30:1. 
ihalouna,,,,,,Freq: 6. Example: PSA 37:21. 
diaridia,,,,,,Freq: 6. Example: PSA 38:10. 
habubunigu,,,,,,Freq: 6. Example: PSA 42:7. 
bibinamu,,,,,,Freq: 6. Example: PSA 45:2. 
haḡuḡuruamu,,,,,,Freq: 6. Example: PSA 57:2. 
rioamu,,,,,,Freq: 6. Example: PSA 65:12. 
bogada,,,,,,Freq: 6. Example: PSA 67:1. 
hanamoda,,,,,,Freq: 6. Example: PSA 67:1. 
mata-lahui,,,,,,Freq: 6. Example: PSA 73:22. 
bisini,,,,,,Freq: 6. Example: PSA 84:3. 
ha-idaudia,,,,,,Freq: 6. Example: PSA 89:34. 
ihenidia,,,,,,Freq: 6. Example: PSA 99:8. 
kwalimuna,,,,,,Freq: 6. Example: PSA 118:15. 
ha-aukadiamu,,,,,,Freq: 6. Example: PSA 147:13. 
natu,,,,,,Freq: 6. Example: PRO 4:1. 
hetutuhimu,,,,,,Freq: 6. Example: PRO 4:19. 
hapararadiamu,,,,,,Freq: 6. Example: PRO 16:28. 
mumuta,,,,,,Freq: 6. Example: PRO 23:8. 
ima-idibaka,,,,,,Freq: 6. Example: ECC 4:4. 
ratamu,,,,,,Freq: 6. Example: SNG 4:5. 
haboudiamu,,,,,,Freq: 6. Example: SNG 5:1. 
muko,,,,,,Freq: 6. Example: ISA 3:19. 
emanuel,,,,,,Freq: 6. Example: ISA 7:9. 
kekeromu,,,,,,Freq: 6. Example: ISA 19:14. 
hebota,,,,,,Freq: 6. Example: ISA 30:26. 
boiridiamu,,,,,,Freq: 6. Example: ISA 31:4. 
hehuhumu,,,,,,Freq: 6. Example: ISA 33:9. 
lara,,,,,,Freq: 6. Example: ISA 33:23. 
tidara,,,,,,Freq: 6. Example: ISA 41:19. 
teasuru,,,,,,Freq: 6. Example: ISA 41:19. 
lalo-haguhi,,,,,,Freq: 6. Example: ISA 41:29. 
goadalai,,,,,,Freq: 6. Example: ISA 47:12. 
ladamui,,,,,,Freq: 6. Example: ISA 65:15. 
tapanese,,,,,,Freq: 6. Example: JER 2:16. 
heraua,,,,,,Freq: 6. Example: JER 7:16. 
beromu,,,,,,Freq: 6. Example: JER 30:12. 
hegaegae,,,,,,Freq: 6. Example: JER 46:14. 
lulumu,,,,,,Freq: 6. Example: JER 46:28. 
dava-heni,,,,,,Freq: 6. Example: JER 50:15. 
daedia,,,,,,Freq: 6. Example: EZK 9:3. 
oholiba,,,,,,Freq: 6. Example: EZK 23:4. 
haheude-heudedia,,,,,,Freq: 6. Example: EZK 26:10. 
moi-kaudia,,,,,,Freq: 6. Example: EZK 40:22. 
auhitu,,,,,,Freq: 6. Example: EZK 40:22. 
heheḡereḡere,,,,,,Freq: 6. Example: EZK 42:11. 
foenikia,,,,,,Freq: 6. Example: OBA 1:20. 
iopa,,,,,,Freq: 6. Example: JON 1:3. 
bapatisomui,,,,,,Freq: 6. Example: MAT 3:11. 
tahana,,,,,,Freq: 6. Example: MAT 7:3. 
hanaina,,,,,,Freq: 6. Example: MAT 9:9. 
lauma-dikana,,,,,,Freq: 6. Example: MAT 9:32. 
beel-sebul,,,,,,Freq: 6. Example: MAT 10:25. 
gwarume-gwarume,,,,,,Freq: 6. Example: MAT 14:17. 
hosana,,,,,,Freq: 6. Example: MAT 21:9. 
ldia,,,,,,Freq: 6. Example: MAT 27:21. 
gwauta-taosi,,,,,,Freq: 6. Example: MAT 28:16. 
midava,,,,,,Freq: 6. Example: MRK 5:2. 
bamoda,,,,,,Freq: 6. Example: MRK 9:38. 
hegameva,,,,,,Freq: 6. Example: MRK 10:46. 
alesana,,,,,,Freq: 6. Example: MRK 15:21. 
kefa,,,,,,Freq: 6. Example: JHN 1:42. 
hahelalodia,,,,,,Freq: 6. Example: ACT 5:31. 
duahiamu,,,,,,Freq: 6. Example: ACT 8:30. 
honuhonu,,,,,,Freq: 6. Example: ACT 11:24. 
ikonio,,,,,,Freq: 6. Example: ACT 13:51. 
derebe,,,,,,Freq: 6. Example: ACT 14:6. 
akula,,,,,,Freq: 6. Example: ACT 18:2. 
hekisehekise,,,,,,Freq: 6. Example: ACT 20:33. 
tauanina,,,,,,Freq: 6. Example: ROM 8:6. 
ilalona,,,,,,Freq: 6. Example: ROM 8:6. 
diakono,,,,,,Freq: 6. Example: ROM 16:1. 
hevarivari,,,,,,Freq: 6. Example: 1CO 13:12. 
hamotua,,,,,,Freq: 6. Example: REV 6:1. 
gorua,,,,,,Freq: 5. Example: GEN 1:2. 
ianidia,,,,,,Freq: 5. Example: GEN 2:9. 
haduamu,,,,,,Freq: 5. Example: GEN 3:11. 
naamaha,,,,,,Freq: 5. Example: GEN 4:22. 
karoana,,,,,,Freq: 5. Example: GEN 5:1. 
ihagwauta-hituna,,,,,,Freq: 5. Example: GEN 7:11. 
rakalaidia,,,,,,Freq: 5. Example: GEN 8:17. 
ḡeiḡei,,,,,,Freq: 5. Example: GEN 8:22. 
magog,,,,,,Freq: 5. Example: GEN 10:2. 
raama,,,,,,Freq: 5. Example: GEN 10:7. 
iokotan,,,,,,Freq: 5. Example: GEN 10:25. 
kedoralaomere,,,,,,Freq: 5. Example: GEN 14:1. 
duruava,,,,,,Freq: 5. Example: GEN 14:5. 
matauraigumu,,,,,,Freq: 5. Example: GEN 16:5. 
ha-inulaia,,,,,,Freq: 5. Example: GEN 21:19. 
busu,,,,,,Freq: 5. Example: GEN 22:21. 
vaḡivaḡidia,,,,,,Freq: 5. Example: GEN 24:22. 
gadei,,,,,,Freq: 5. Example: GEN 24:30. 
udu-baubauna,,,,,,Freq: 5. Example: GEN 24:47. 
ketura,,,,,,Freq: 5. Example: GEN 25:1. 
nebaioto,,,,,,Freq: 5. Example: GEN 25:13. 
duma,,,,,,Freq: 5. Example: GEN 25:14. 
huika-huika,,,,,,Freq: 5. Example: GEN 25:25. 
lauagu,,,,,,Freq: 5. Example: GEN 27:3. 
gimagu,,,,,,Freq: 5. Example: GEN 28:20. 
mainogu,,,,,,Freq: 5. Example: GEN 28:21. 
huni,,,,,,Freq: 5. Example: GEN 31:34. 
lareba,,,,,,Freq: 5. Example: GEN 31:54. 
iabok,,,,,,Freq: 5. Example: GEN 32:22. 
kinia,,,,,,Freq: 5. Example: GEN 32:24. 
lalodikamu,,,,,,Freq: 5. Example: GEN 34:8. 
beseda,,,,,,Freq: 5. Example: GEN 34:9. 
dibaḡanidia,,,,,,Freq: 5. Example: GEN 34:13. 
baal-hanana,,,,,,Freq: 5. Example: GEN 36:38. 
akaboro,,,,,,Freq: 5. Example: GEN 36:38. 
pau,,,,,,Freq: 5. Example: GEN 36:39. 
namohereana,,,,,,Freq: 5. Example: GEN 37:3. 
boromana,,,,,,Freq: 5. Example: GEN 37:20. 
vado,,,,,,Freq: 5. Example: GEN 38:11. 
ima-kwakikwaki,,,,,,Freq: 5. Example: GEN 38:25. 
atomai,,,,,,Freq: 5. Example: GEN 41:10. 
varoda-varoda,,,,,,Freq: 5. Example: GEN 41:21. 
hitolodiava,,,,,,Freq: 5. Example: GEN 41:54. 
karada,,,,,,Freq: 5. Example: GEN 42:28. 
basiama,,,,,,Freq: 5. Example: GEN 43:10. 
ikumidia,,,,,,Freq: 5. Example: GEN 43:12. 
loulai,,,,,,Freq: 5. Example: GEN 43:12. 
isvi,,,,,,Freq: 5. Example: GEN 46:17. 
guni,,,,,,Freq: 5. Example: GEN 46:24. 
bavabimai,,,,,,Freq: 5. Example: GEN 47:19. 
hoimui,,,,,,Freq: 5. Example: GEN 47:23. 
haberodia,,,,,,Freq: 5. Example: GEN 49:6. 
ae-geduna,,,,,,Freq: 5. Example: GEN 49:17. 
igurina,,,,,,Freq: 5. Example: GEN 50:7. 
hamarumarudia,,,,,,Freq: 5. Example: GEN 50:21. 
raho-namona,,,,,,Freq: 5. Example: EXO 2:2. 
mararoto,,,,,,Freq: 5. Example: EXO 2:7. 
hahedokilaidia,,,,,,Freq: 5. Example: EXO 3:22. 
taruhava,,,,,,Freq: 5. Example: EXO 4:24. 
momodia,,,,,,Freq: 5. Example: EXO 5:12. 
ḡuimui,,,,,,Freq: 5. Example: EXO 6:6. 
popou,,,,,,Freq: 5. Example: EXO 7:19. 
flax,,,,,,Freq: 5. Example: EXO 9:31. 
ihamasedia,,,,,,Freq: 5. Example: EXO 12:28. 
herevalaimui,,,,,,Freq: 5. Example: EXO 14:3. 
elim,,,,,,Freq: 5. Example: EXO 15:27. 
hakunu,,,,,,Freq: 5. Example: EXO 16:12. 
refidim,,,,,,Freq: 5. Example: EXO 17:1. 
ihelalolaina,,,,,,Freq: 5. Example: EXO 17:14. 
hanamodiava,,,,,,Freq: 5. Example: EXO 18:9. 
heḡole-oho,,,,,,Freq: 5. Example: EXO 20:24. 
doaia,,,,,,Freq: 5. Example: EXO 21:28. 
siaiamu,,,,,,Freq: 5. Example: EXO 23:20. 
nanigo,,,,,,Freq: 5. Example: EXO 23:28. 
hitu-ahuiosi,,,,,,Freq: 5. Example: EXO 24:9. 
negari-negari,,,,,,Freq: 5. Example: EXO 24:10. 
centimetres,,,,,,Freq: 5. Example: EXO 25:10. 
bio,,,,,,Freq: 5. Example: EXO 25:29. 
igaudia,,,,,,Freq: 5. Example: EXO 26:32. 
toidia,,,,,,Freq: 5. Example: EXO 27:7. 
vaiuri,,,,,,Freq: 5. Example: EXO 27:16. 
hemata,,,,,,Freq: 5. Example: EXO 28:25. 
mairi,,,,,,Freq: 5. Example: EXO 28:37. 
piribou,,,,,,Freq: 5. Example: EXO 28:42. 
itahunidia,,,,,,Freq: 5. Example: EXO 29:33. 
oholiab,,,,,,Freq: 5. Example: EXO 31:6. 
lolova,,,,,,Freq: 5. Example: EXO 32:17. 
aema,,,,,,Freq: 5. Example: EXO 32:26. 
kara-havara,,,,,,Freq: 5. Example: EXO 34:7. 
ḡaukaralaiava,,,,,,Freq: 5. Example: EXO 36:4. 
dudia,,,,,,Freq: 5. Example: EXO 38:11. 
daetania,,,,,,Freq: 5. Example: EXO 40:36. 
hakaukaudia,,,,,,Freq: 5. Example: LEV 2:14. 
demodo,,,,,,Freq: 5. Example: LEV 3:4. 
karalaidia,,,,,,Freq: 5. Example: LEV 4:31. 
hamatalaia,,,,,,Freq: 5. Example: LEV 6:3. 
kakasia,,,,,,Freq: 5. Example: LEV 6:28. 
unadia,,,,,,Freq: 5. Example: LEV 11:9. 
helailai,,,,,,Freq: 5. Example: LEV 15:20. 
rara-kara,,,,,,Freq: 5. Example: LEV 15:25. 
nevari,,,,,,Freq: 5. Example: LEV 16:15. 
taḡedia,,,,,,Freq: 5. Example: LEV 16:27. 
tahunia,,,,,,Freq: 5. Example: LEV 17:13. 
daḡedaḡedia,,,,,,Freq: 5. Example: LEV 17:15. 
heini,,,,,,Freq: 5. Example: LEV 19:27. 
reta,,,,,,Freq: 5. Example: LEV 23:40. 
arabimi,,,,,,Freq: 5. Example: LEV 23:40. 
iatanai,,,,,,Freq: 5. Example: LEV 24:4. 
selomiti,,,,,,Freq: 5. Example: LEV 24:11. 
kwamadia,,,,,,Freq: 5. Example: LEV 25:3. 
hetabiramu,,,,,,Freq: 5. Example: LEV 25:44. 
iruhana,,,,,,Freq: 5. Example: LEV 25:50. 
aiomui,,,,,,Freq: 5. Example: LEV 26:13. 
badugu,,,,,,Freq: 5. Example: LEV 26:28. 
elisuru,,,,,,Freq: 5. Example: NUM 1:5. 
sedeuru,,,,,,Freq: 5. Example: NUM 1:5. 
selumiele,,,,,,Freq: 5. Example: NUM 1:6. 
surisadai,,,,,,Freq: 5. Example: NUM 1:6. 
suara,,,,,,Freq: 5. Example: NUM 1:8. 
helon,,,,,,Freq: 5. Example: NUM 1:9. 
pedasuru,,,,,,Freq: 5. Example: NUM 1:10. 
abidan,,,,,,Freq: 5. Example: NUM 1:11. 
gideoni,,,,,,Freq: 5. Example: NUM 1:11. 
amisadai,,,,,,Freq: 5. Example: NUM 1:12. 
pagiele,,,,,,Freq: 5. Example: NUM 1:13. 
okran,,,,,,Freq: 5. Example: NUM 1:13. 
ahira,,,,,,Freq: 5. Example: NUM 1:15. 
enan,,,,,,Freq: 5. Example: NUM 1:15. 
laele,,,,,,Freq: 5. Example: NUM 3:24. 
laidia,,,,,,Freq: 5. Example: NUM 4:7. 
hiri,,,,,,Freq: 5. Example: NUM 4:10. 
laolaomu,,,,,,Freq: 5. Example: NUM 9:13. 
idi,,,,,,Freq: 5. Example: NUM 11:8. 
asiname,,,,,,Freq: 5. Example: NUM 11:14. 
haseroto,,,,,,Freq: 5. Example: NUM 11:35. 
amiele,,,,,,Freq: 5. Example: NUM 13:12. 
adavamai,,,,,,Freq: 5. Example: NUM 14:3. 
basiela,,,,,,Freq: 5. Example: NUM 14:12. 
gorudia,,,,,,Freq: 5. Example: NUM 14:14. 
badinagu,,,,,,Freq: 5. Example: NUM 14:24. 
maragidia,,,,,,Freq: 5. Example: NUM 14:31. 
ḡagaena,,,,,,Freq: 5. Example: NUM 14:32. 
rimudia,,,,,,Freq: 5. Example: NUM 15:38. 
hahaḡaia,,,,,,Freq: 5. Example: NUM 16:30. 
ihuri-ohona,,,,,,Freq: 5. Example: NUM 19:9. 
arada,,,,,,Freq: 5. Example: NUM 21:1. 
iahasa,,,,,,Freq: 5. Example: NUM 21:23. 
medeba,,,,,,Freq: 5. Example: NUM 21:30. 
taoradia,,,,,,Freq: 5. Example: NUM 22:1. 
matauraimu,,,,,,Freq: 5. Example: NUM 22:17. 
hekahi-hekahina,,,,,,Freq: 5. Example: NUM 22:26. 
inaio,,,,,,Freq: 5. Example: NUM 24:23. 
dibaḡanimui,,,,,,Freq: 5. Example: NUM 25:18. 
mahala,,,,,,Freq: 5. Example: NUM 26:33. 
eleale,,,,,,Freq: 5. Example: NUM 32:3. 
hamanokadia,,,,,,Freq: 5. Example: NUM 32:7. 
sibma,,,,,,Freq: 5. Example: NUM 32:38. 
iairi,,,,,,Freq: 5. Example: NUM 32:41. 
ain,,,,,,Freq: 5. Example: NUM 34:11. 
hapadidia,,,,,,Freq: 5. Example: NUM 35:11. 
sufu,,,,,,Freq: 5. Example: DEU 1:1. 
hatomu,,,,,,Freq: 5. Example: DEU 2:11. 
harimui,,,,,,Freq: 5. Example: DEU 2:25. 
besere,,,,,,Freq: 5. Example: DEU 4:43. 
hahesiriua,,,,,,Freq: 5. Example: DEU 7:12. 
haheḡonudia,,,,,,Freq: 5. Example: DEU 7:23. 
hakaniamu,,,,,,Freq: 5. Example: DEU 8:5. 
lalokauna,,,,,,Freq: 5. Example: DEU 13:6. 
hedairike,,,,,,Freq: 5. Example: DEU 15:21. 
lagauhanai,,,,,,Freq: 5. Example: DEU 16:5. 
hepapahuahulaia,,,,,,Freq: 5. Example: DEU 17:8. 
haduamui,,,,,,Freq: 5. Example: DEU 17:11. 
hahemaorolai,,,,,,Freq: 5. Example: DEU 21:5. 
daḡedaḡemu,,,,,,Freq: 5. Example: DEU 21:20. 
edeedemu,,,,,,Freq: 5. Example: DEU 21:20. 
isiva,,,,,,Freq: 5. Example: DEU 23:13. 
hahenemailaia,,,,,,Freq: 5. Example: DEU 26:2. 
imodaimui,,,,,,Freq: 5. Example: DEU 26:19. 
koiamu,,,,,,Freq: 5. Example: DEU 27:18. 
hagagevaiamu,,,,,,Freq: 5. Example: DEU 27:19. 
hahelaḡamui,,,,,,Freq: 5. Example: DEU 28:9. 
iruru-matamu,,,,,,Freq: 5. Example: DEU 28:32. 
vaira-hua,,,,,,Freq: 5. Example: DEU 28:50. 
koumui,,,,,,Freq: 5. Example: DEU 28:53. 
sulphur,,,,,,Freq: 5. Example: DEU 29:23. 
iesurunu,,,,,,Freq: 5. Example: DEU 32:15. 
takodia,,,,,,Freq: 5. Example: DEU 32:32. 
kiama-kiamana,,,,,,Freq: 5. Example: DEU 32:41. 
ialodia,,,,,,Freq: 5. Example: DEU 32:46. 
oridia,,,,,,Freq: 5. Example: DEU 33:26. 
daramu,,,,,,Freq: 5. Example: JOS 1:9. 
dadarai,,,,,,Freq: 5. Example: JOS 1:18. 
kwaramai,,,,,,Freq: 5. Example: JOS 2:19. 
metres,,,,,,Freq: 5. Example: JOS 3:4. 
hakororoa,,,,,,Freq: 5. Example: JOS 4:23. 
helagana,,,,,,Freq: 5. Example: JOS 6:4. 
hahekwarahia,,,,,,Freq: 5. Example: JOS 6:18. 
heḡigi,,,,,,Freq: 5. Example: JOS 6:20. 
habuamai,,,,,,Freq: 5. Example: JOS 7:7. 
heduanai,,,,,,Freq: 5. Example: JOS 7:16. 
hamorua,,,,,,Freq: 5. Example: JOS 8:35. 
iaramutu,,,,,,Freq: 5. Example: JOS 10:3. 
iafia,,,,,,Freq: 5. Example: JOS 10:3. 
heaudia,,,,,,Freq: 5. Example: JOS 10:10. 
komuva,,,,,,Freq: 5. Example: JOS 10:27. 
en-rogele,,,,,,Freq: 5. Example: JOS 15:7. 
baala,,,,,,Freq: 5. Example: JOS 15:9. 
aksa,,,,,,Freq: 5. Example: JOS 15:16. 
sanoa,,,,,,Freq: 5. Example: JOS 15:34. 
en-gedi,,,,,,Freq: 5. Example: JOS 15:62. 
nesena,,,,,,Freq: 5. Example: JOS 18:12. 
hosa,,,,,,Freq: 5. Example: JOS 19:29. 
estemoa,,,,,,Freq: 5. Example: JOS 21:14. 
iadadia,,,,,,Freq: 5. Example: JOS 23:7. 
tohodia,,,,,,Freq: 5. Example: JDG 2:22. 
sinahutauratoi,,,,,,Freq: 5. Example: JDG 3:31. 
heholo,,,,,,Freq: 5. Example: JDG 4:21. 
loridane,,,,,,Freq: 5. Example: JDG 5:17. 
aiogu,,,,,,Freq: 5. Example: JDG 5:30. 
ogogami,,,,,,Freq: 5. Example: JDG 6:15. 
hahelagaia,,,,,,Freq: 5. Example: JDG 6:26. 
sebe,,,,,,Freq: 5. Example: JDG 7:25. 
boirimai,,,,,,Freq: 5. Example: JDG 8:1. 
hitu-ahui-osi,,,,,,Freq: 5. Example: JDG 9:2. 
lehi,,,,,,Freq: 5. Example: JDG 15:9. 
huigu,,,,,,Freq: 5. Example: JDG 16:13. 
tadikakamai,,,,,,Freq: 5. Example: JDG 20:23. 
dareremu,,,,,,Freq: 5. Example: JDG 20:41. 
hamatamataia,,,,,,Freq: 5. Example: RUT 4:15. 
karukaruna,,,,,,Freq: 5. Example: RUT 4:16. 
hofni,,,,,,Freq: 5. Example: 1SA 1:3. 
negai,,,,,,Freq: 5. Example: 1SA 1:14. 
hakwaidudiamu,,,,,,Freq: 5. Example: 1SA 2:4. 
hahemaurimu,,,,,,Freq: 5. Example: 1SA 2:6. 
hehuari,,,,,,Freq: 5. Example: 1SA 2:10. 
kohi,,,,,,Freq: 5. Example: 1SA 2:10. 
bouva,,,,,,Freq: 5. Example: 1SA 2:22. 
mari-abi,,,,,,Freq: 5. Example: 1SA 6:2. 
badulaia,,,,,,Freq: 5. Example: 1SA 8:6. 
rohemu,,,,,,Freq: 5. Example: 1SA 10:6. 
tauhaugu,,,,,,Freq: 5. Example: 1SA 12:2. 
noinoilaia,,,,,,Freq: 5. Example: 1SA 12:17. 
malkisua,,,,,,Freq: 5. Example: 1SA 14:49. 
iḡavagu,,,,,,Freq: 5. Example: 1SA 15:11. 
hamanaua,,,,,,Freq: 5. Example: 1SA 15:17. 
sinavai-sinavai,,,,,,Freq: 5. Example: 1SA 17:40. 
manada-manadadia,,,,,,Freq: 5. Example: 1SA 17:40. 
modana,,,,,,Freq: 5. Example: 1SA 17:40. 
ihahemaraimu,,,,,,Freq: 5. Example: 1SA 20:30. 
doeg,,,,,,Freq: 5. Example: 1SA 21:7. 
hore,,,,,,Freq: 5. Example: 1SA 23:15. 
tahugumu,,,,,,Freq: 5. Example: 1SA 24:11. 
miadia,,,,,,Freq: 5. Example: 1SA 26:16. 
aba,,,,,,Freq: 5. Example: 1SA 26:20. 
igimagu,,,,,,Freq: 5. Example: 1SA 28:2. 
hetarulaia,,,,,,Freq: 5. Example: 1SA 28:14. 
anelaia,,,,,,Freq: 5. Example: 1SA 29:5. 
gwada,,,,,,Freq: 5. Example: 2SA 2:16. 
hagiti,,,,,,Freq: 5. Example: 2SA 3:4. 
tuarina,,,,,,Freq: 5. Example: 2SA 3:30. 
taiamai,,,,,,Freq: 5. Example: 2SA 7:22. 
suna,,,,,,Freq: 5. Example: 2SA 8:5. 
ahilud,,,,,,Freq: 5. Example: 2SA 8:16. 
gugubaia,,,,,,Freq: 5. Example: 2SA 13:2. 
horonaimi,,,,,,Freq: 5. Example: 2SA 13:34. 
hebubumu,,,,,,Freq: 5. Example: 2SA 14:14. 
da,,,,,,Freq: 5. Example: 2SA 18:8. 
momo-herea,,,,,,Freq: 5. Example: 2SA 18:17. 
heloḡo-heloḡona,,,,,,Freq: 5. Example: 2SA 18:29. 
harohomu,,,,,,Freq: 5. Example: 2SA 18:31. 
husata,,,,,,Freq: 5. Example: 2SA 21:18. 
ruahui-hani,,,,,,Freq: 5. Example: 2SA 21:20. 
abatadia,,,,,,Freq: 5. Example: 2SA 22:5. 
diarimu,,,,,,Freq: 5. Example: 2SA 23:4. 
ahohi,,,,,,Freq: 5. Example: 2SA 23:9. 
harara,,,,,,Freq: 5. Example: 2SA 23:11. 
helese,,,,,,Freq: 5. Example: 2SA 23:26. 
itiri,,,,,,Freq: 5. Example: 2SA 23:38. 
dudu,,,,,,Freq: 5. Example: 2SA 24:12. 
hahavamu,,,,,,Freq: 5. Example: 2SA 24:13. 
hahedokilaiva,,,,,,Freq: 5. Example: 1KI 1:1. 
abisaga,,,,,,Freq: 5. Example: 1KI 1:3. 
gwauraimai,,,,,,Freq: 5. Example: 1KI 1:21. 
ietere,,,,,,Freq: 5. Example: 1KI 2:5. 
helaḡa-hereana,,,,,,Freq: 5. Example: 1KI 3:4. 
lasilaidia,,,,,,Freq: 5. Example: 1KI 5:9. 
iabi-isina,,,,,,Freq: 5. Example: 1KI 7:30. 
iḡovalaidia,,,,,,Freq: 5. Example: 1KI 7:42. 
daelaidia,,,,,,Freq: 5. Example: 1KI 8:4. 
heitava,,,,,,Freq: 5. Example: 1KI 8:8. 
ḡurimu,,,,,,Freq: 5. Example: 1KI 8:33. 
seadia,,,,,,Freq: 5. Example: 1KI 8:64. 
aurua,,,,,,Freq: 5. Example: 1KI 9:10. 
laḡamu,,,,,,Freq: 5. Example: 1KI 13:7. 
abiama,,,,,,Freq: 5. Example: 1KI 14:31. 
maoromaorova,,,,,,Freq: 5. Example: 1KI 15:5. 
tutuka,,,,,,Freq: 5. Example: 1KI 16:18. 
ihamasena,,,,,,Freq: 5. Example: 1KI 17:18. 
roteme,,,,,,Freq: 5. Example: 1KI 19:4. 
nimisi,,,,,,Freq: 5. Example: 1KI 19:16. 
heagi,,,,,,Freq: 5. Example: 1KI 20:11. 
rauagu,,,,,,Freq: 5. Example: 1KI 20:32. 
demaria,,,,,,Freq: 5. Example: 1KI 21:19. 
tano-hetoana,,,,,,Freq: 5. Example: 1KI 21:23. 
kenana,,,,,,Freq: 5. Example: 1KI 22:11. 
ibouboumui,,,,,,Freq: 5. Example: 1KI 22:28. 
haheaua,,,,,,Freq: 5. Example: 1KI 22:34. 
asuba,,,,,,Freq: 5. Example: 1KI 22:42. 
siaidiamu,,,,,,Freq: 5. Example: 2KI 1:6. 
magevana,,,,,,Freq: 5. Example: 2KI 3:9. 
boirida,,,,,,Freq: 5. Example: 2KI 3:10. 
tahunidia,,,,,,Freq: 5. Example: 2KI 3:19. 
bamodiamu,,,,,,Freq: 5. Example: 2KI 6:16. 
helohia,,,,,,Freq: 5. Example: 2KI 8:20. 
kibi-hiriri,,,,,,Freq: 5. Example: 2KI 11:14. 
matan,,,,,,Freq: 5. Example: 2KI 11:18. 
raka-hanaina,,,,,,Freq: 5. Example: 2KI 14:9. 
gosan,,,,,,Freq: 5. Example: 2KI 17:6. 
sisibalai,,,,,,Freq: 5. Example: 2KI 17:15. 
dabua-huri,,,,,,Freq: 5. Example: 2KI 18:17. 
maraḡi-maraḡina,,,,,,Freq: 5. Example: 2KI 18:24. 
iḡonaḡonalaina,,,,,,Freq: 5. Example: 2KI 19:16. 
taiko-taikomu,,,,,,Freq: 5. Example: 2KI 19:21. 
hakororodia,,,,,,Freq: 5. Example: 2KI 19:24. 
udu-baubaumu,,,,,,Freq: 5. Example: 2KI 19:28. 
nanadailaidia,,,,,,Freq: 5. Example: 2KI 22:7. 
samai,,,,,,Freq: 5. Example: 1CH 2:28. 
sesana,,,,,,Freq: 5. Example: 1CH 2:31. 
pelatia,,,,,,Freq: 5. Example: 1CH 3:21. 
hatusu,,,,,,Freq: 5. Example: 1CH 3:22. 
hodavia,,,,,,Freq: 5. Example: 1CH 3:24. 
meunimi,,,,,,Freq: 5. Example: 1CH 4:41. 
sia,,,,,,Freq: 5. Example: 1CH 5:13. 
sima,,,,,,Freq: 5. Example: 1CH 6:20. 
uriele,,,,,,Freq: 5. Example: 1CH 6:24. 
isihia,,,,,,Freq: 5. Example: 1CH 7:3. 
iediaele,,,,,,Freq: 5. Example: 1CH 7:6. 
serese,,,,,,Freq: 5. Example: 1CH 7:16. 
galala,,,,,,Freq: 5. Example: 1CH 9:15. 
talmon,,,,,,Freq: 5. Example: 1CH 9:17. 
leiele,,,,,,Freq: 5. Example: 1CH 15:18. 
duanai,,,,,,Freq: 5. Example: 1CH 17:9. 
hegaeḡae,,,,,,Freq: 5. Example: 1CH 19:17. 
rehabia,,,,,,Freq: 5. Example: 1CH 23:17. 
hanaihanaiamu,,,,,,Freq: 5. Example: 1CH 23:25. 
hakoso,,,,,,Freq: 5. Example: 1CH 24:10. 
heheru,,,,,,Freq: 5. Example: 2CH 2:10. 
libia,,,,,,Freq: 5. Example: 2CH 12:3. 
hadibadibadia,,,,,,Freq: 5. Example: 2CH 17:7. 
hadavaia,,,,,,Freq: 5. Example: 2CH 24:22. 
ofele,,,,,,Freq: 5. Example: 2CH 27:3. 
kopadia,,,,,,Freq: 5. Example: 2CH 29:34. 
kirikirilaidia,,,,,,Freq: 5. Example: 2CH 30:10. 
kohu-hua,,,,,,Freq: 5. Example: 2CH 34:13. 
satu,,,,,,Freq: 5. Example: EZR 2:8. 
atere,,,,,,Freq: 5. Example: EZR 2:16. 
besai,,,,,,Freq: 5. Example: EZR 2:17. 
hasumu,,,,,,Freq: 5. Example: EZR 2:19. 
heḡereḡeremui,,,,,,Freq: 5. Example: EZR 4:2. 
hanohomai,,,,,,Freq: 5. Example: EZR 4:2. 
ihadibamu,,,,,,Freq: 5. Example: EZR 4:14. 
enekahana,,,,,,Freq: 5. Example: EZR 4:17. 
hahedualaia,,,,,,Freq: 5. Example: EZR 5:17. 
gimamai,,,,,,Freq: 5. Example: EZR 8:22. 
hisihisina,,,,,,Freq: 5. Example: NEH 2:2. 
kirikirilaimai,,,,,,Freq: 5. Example: NEH 2:19. 
dagedaḡe,,,,,,Freq: 5. Example: NEH 2:19. 
bubudia,,,,,,Freq: 5. Example: NEH 5:13. 
nohodia,,,,,,Freq: 5. Example: NEH 8:7. 
reḡereḡemui,,,,,,Freq: 5. Example: NEH 8:11. 
ioiaribi,,,,,,Freq: 5. Example: NEH 11:5. 
hedava,,,,,,Freq: 5. Example: NEH 12:24. 
moimoilai,,,,,,Freq: 5. Example: NEH 13:15. 
inuava,,,,,,Freq: 5. Example: EST 1:10. 
hamedata,,,,,,Freq: 5. Example: EST 3:1. 
bildad,,,,,,Freq: 5. Example: JOB 2:11. 
suhi,,,,,,Freq: 5. Example: JOB 2:11. 
tau-boera,,,,,,Freq: 5. Example: JOB 3:17. 
leonana,,,,,,Freq: 5. Example: JOB 4:11. 
hedavauhemu,,,,,,Freq: 5. Example: JOB 4:13. 
alagumu,,,,,,Freq: 5. Example: JOB 6:4. 
ice,,,,,,Freq: 5. Example: JOB 6:16. 
raraigu,,,,,,Freq: 5. Example: JOB 6:28. 
hapapaia,,,,,,Freq: 5. Example: JOB 11:5. 
dedimu,,,,,,Freq: 5. Example: JOB 12:5. 
halaogumu,,,,,,Freq: 5. Example: JOB 13:24. 
kororomu,,,,,,Freq: 5. Example: JOB 14:11. 
halasidiamu,,,,,,Freq: 5. Example: JOB 15:13. 
gugubaiamu,,,,,,Freq: 5. Example: JOB 15:20. 
hadarereamu,,,,,,Freq: 5. Example: JOB 15:24. 
hodaia,,,,,,Freq: 5. Example: JOB 15:30. 
matamamu,,,,,,Freq: 5. Example: JOB 15:35. 
gadigadina,,,,,,Freq: 5. Example: JOB 16:9. 
dabaigu,,,,,,Freq: 5. Example: JOB 16:12. 
balahenimu,,,,,,Freq: 5. Example: JOB 17:9. 
hadiburadia,,,,,,Freq: 5. Example: JOB 19:8. 
rata-hetarina,,,,,,Freq: 5. Example: JOB 20:17. 
ha-orediamu,,,,,,Freq: 5. Example: JOB 21:13. 
gunalaiamu,,,,,,Freq: 5. Example: JOB 21:33. 
maumaumu,,,,,,Freq: 5. Example: JOB 23:2. 
magigina,,,,,,Freq: 5. Example: JOB 25:2. 
haraḡa-haraḡamu,,,,,,Freq: 5. Example: JOB 26:13. 
ihi-ihiraigumu,,,,,,Freq: 5. Example: JOB 30:10. 
hakede,,,,,,Freq: 5. Example: JOB 34:2. 
habadamu,,,,,,Freq: 5. Example: JOB 35:16. 
kokoikoi,,,,,,Freq: 5. Example: JOB 36:4. 
ḡuidiamu,,,,,,Freq: 5. Example: JOB 36:13. 
kevarudia,,,,,,Freq: 5. Example: JOB 37:3. 
hahonudiamu,,,,,,Freq: 5. Example: JOB 37:11. 
lomu,,,,,,Freq: 5. Example: JOB 39:4. 
kareva,,,,,,Freq: 5. Example: JOB 41:29. 
herevalaigumu,,,,,,Freq: 5. Example: PSA 3:2. 
gedana,,,,,,Freq: 5. Example: PSA 6:6. 
hatuidia,,,,,,Freq: 5. Example: PSA 8:2. 
herea-mikamika,,,,,,Freq: 5. Example: PSA 9:2. 
hanimu,,,,,,Freq: 5. Example: PSA 17:8. 
heḡova,,,,,,Freq: 5. Example: PSA 32:1. 
habadelaiamu,,,,,,Freq: 5. Example: PSA 32:2. 
malamu,,,,,,Freq: 5. Example: PSA 34:13. 
moigu,,,,,,Freq: 5. Example: PSA 36:11. 
hahemaraidiamu,,,,,,Freq: 5. Example: PSA 37:19. 
ḡavaiamu,,,,,,Freq: 5. Example: PSA 38:20. 
bavabigu,,,,,,Freq: 5. Example: PSA 41:10. 
taiko-taiko,,,,,,Freq: 5. Example: PSA 44:14. 
daremui,,,,,,Freq: 5. Example: PSA 50:22. 
hakwaidu,,,,,,Freq: 5. Example: PSA 51:8. 
manauna,,,,,,Freq: 5. Example: PSA 51:17. 
haheude-heudea,,,,,,Freq: 5. Example: PSA 60:2. 
manorimu,,,,,,Freq: 5. Example: PSA 63:1. 
heabi-isi,,,,,,Freq: 5. Example: PSA 75:6. 
halasia,,,,,,Freq: 5. Example: PSA 78:49. 
lahea,,,,,,Freq: 5. Example: PSA 80:10. 
heatolaiamu,,,,,,Freq: 5. Example: PSA 89:12. 
ialogu,,,,,,Freq: 5. Example: PSA 94:19. 
ikahadia,,,,,,Freq: 5. Example: PSA 115:9. 
helaia,,,,,,Freq: 5. Example: PSA 128:3. 
anitarana,,,,,,Freq: 5. Example: PSA 139:15. 
taritari,,,,,,Freq: 5. Example: PSA 140:11. 
henahua,,,,,,Freq: 5. Example: PRO 1:4. 
lohilohiamu,,,,,,Freq: 5. Example: PRO 4:23. 
ihakanina,,,,,,Freq: 5. Example: PRO 5:23. 
garilaiamu,,,,,,Freq: 5. Example: PRO 10:24. 
lalo-gagevagageva,,,,,,Freq: 5. Example: PRO 11:3. 
hoiamu,,,,,,Freq: 5. Example: PRO 11:26. 
hekoimu,,,,,,Freq: 5. Example: PRO 14:8. 
lailaiamu,,,,,,Freq: 5. Example: PRO 16:18. 
meromero,,,,,,Freq: 5. Example: PRO 22:6. 
gahi,,,,,,Freq: 5. Example: PRO 25:18. 
daro,,,,,,Freq: 5. Example: PRO 28:9. 
henaomu,,,,,,Freq: 5. Example: PRO 28:24. 
haraga-haraga,,,,,,Freq: 5. Example: ECC 5:2. 
haguhilaimu,,,,,,Freq: 5. Example: ECC 6:9. 
matau,,,,,,Freq: 5. Example: ECC 10:1. 
ikaramu,,,,,,Freq: 5. Example: ECC 12:1. 
korema-korema,,,,,,Freq: 5. Example: SNG 1:5. 
haheḡereḡeremu,,,,,,Freq: 5. Example: SNG 1:9. 
vahamu,,,,,,Freq: 5. Example: SNG 1:10. 
habadinalaidia,,,,,,Freq: 5. Example: SNG 8:11. 
hetomadia,,,,,,Freq: 5. Example: ISA 2:6. 
hedoma-hedomadia,,,,,,Freq: 5. Example: ISA 9:18. 
lalo-siahu,,,,,,Freq: 5. Example: ISA 10:25. 
honuhonu-dae,,,,,,Freq: 5. Example: ISA 11:9. 
pataro,,,,,,Freq: 5. Example: ISA 11:11. 
tailaidia,,,,,,Freq: 5. Example: ISA 16:7. 
biagu,,,,,,Freq: 5. Example: ISA 19:4. 
raragamu,,,,,,Freq: 5. Example: ISA 19:14. 
dorimu,,,,,,Freq: 5. Example: ISA 22:19. 
nahu,,,,,,Freq: 5. Example: ISA 25:11. 
hahemaoromu,,,,,,Freq: 5. Example: ISA 29:21. 
ihahemaraimui,,,,,,Freq: 5. Example: ISA 30:3. 
hakapu,,,,,,Freq: 5. Example: ISA 32:3. 
ginikau,,,,,,Freq: 5. Example: ISA 41:21. 
damu,,,,,,Freq: 5. Example: ISA 42:22. 
bel,,,,,,Freq: 5. Example: ISA 46:1. 
ramimu,,,,,,Freq: 5. Example: ISA 47:3. 
havaramui,,,,,,Freq: 5. Example: ISA 48:1. 
noholaimu,,,,,,Freq: 5. Example: ISA 49:19. 
haheroho-mauri,,,,,,Freq: 5. Example: ISA 51:1. 
kekepulu,,,,,,Freq: 5. Example: ISA 56:10. 
ḡoreamu,,,,,,Freq: 5. Example: ISA 59:13. 
ratadia,,,,,,Freq: 5. Example: ISA 60:16. 
hadareremu,,,,,,Freq: 5. Example: JER 1:19. 
hamotu,,,,,,Freq: 5. Example: JER 2:20. 
haheperitome,,,,,,Freq: 5. Example: JER 4:4. 
hekui-hekui,,,,,,Freq: 5. Example: JER 6:26. 
tau-ani,,,,,,Freq: 5. Example: JER 16:4. 
gegemui,,,,,,Freq: 5. Example: JER 21:4. 
gwau-tora,,,,,,Freq: 5. Example: JER 23:40. 
gemaria,,,,,,Freq: 5. Example: JER 29:3. 
heroha,,,,,,Freq: 5. Example: JER 32:4. 
ibiaguna,,,,,,Freq: 5. Example: JER 32:10. 
dagidia,,,,,,Freq: 5. Example: JER 42:1. 
tebe,,,,,,Freq: 5. Example: JER 46:25. 
ḡeḡemui,,,,,,Freq: 5. Example: JER 49:5. 
mi,,,,,,Freq: 5. Example: JER 51:61. 
ginina,,,,,,Freq: 5. Example: EZK 3:23. 
hurimu,,,,,,Freq: 5. Example: EZK 16:4. 
gavena,,,,,,Freq: 5. Example: EZK 17:6. 
hakimore-kimorea,,,,,,Freq: 5. Example: EZK 21:9. 
ohola,,,,,,Freq: 5. Example: EZK 23:4. 
deḡideḡina,,,,,,Freq: 5. Example: EZK 24:6. 
hahedava-heni,,,,,,Freq: 5. Example: EZK 25:14. 
bara,,,,,,Freq: 5. Example: EZK 27:8. 
haroromu,,,,,,Freq: 5. Example: EZK 27:35. 
daga,,,,,,Freq: 5. Example: EZK 31:5. 
ima-palapala,,,,,,Freq: 5. Example: EZK 40:5. 
iabi-daedia,,,,,,Freq: 5. Example: HOS 4:10. 
lagatoina,,,,,,Freq: 5. Example: JON 1:3. 
manaumui,,,,,,Freq: 5. Example: ZEP 2:3. 
harorova,,,,,,Freq: 5. Example: MAT 3:1. 
hitoloa,,,,,,Freq: 5. Example: MAT 4:2. 
vanagi,,,,,,Freq: 5. Example: MAT 4:21. 
taunabenai,,,,,,Freq: 5. Example: MAT 6:22. 
mataio,,,,,,Freq: 5. Example: MAT 9:9. 
alfeo,,,,,,Freq: 5. Example: MAT 10:3. 
dunidia,,,,,,Freq: 5. Example: MAT 12:41. 
mahutadia,,,,,,Freq: 5. Example: MAT 13:25. 
herodia,,,,,,Freq: 5. Example: MAT 14:3. 
loane,,,,,,Freq: 5. Example: MAT 14:5. 
dono,,,,,,Freq: 5. Example: MAT 18:6. 
henamo,,,,,,Freq: 5. Example: MAT 20:13. 
maraḡi-maraḡidia,,,,,,Freq: 5. Example: MAT 23:23. 
seua,,,,,,Freq: 5. Example: MAT 25:34. 
getesemane,,,,,,Freq: 5. Example: MAT 26:35. 
ḡuriguri,,,,,,Freq: 5. Example: MAT 26:42. 
kwaki-kwakina,,,,,,Freq: 5. Example: MRK 7:33. 
dobiva,,,,,,Freq: 5. Example: MRK 9:22. 
badinava,,,,,,Freq: 5. Example: LUK 1:6. 
hamaoromaoro,,,,,,Freq: 5. Example: LUK 3:5. 
kidaia,,,,,,Freq: 5. Example: LUK 8:22. 
haheaukana,,,,,,Freq: 5. Example: LUK 9:51. 
nikodemo,,,,,,Freq: 5. Example: JHN 3:1. 
kepuludia,,,,,,Freq: 5. Example: JHN 9:1. 
igwaurai-hedinaraina,,,,,,Freq: 5. Example: JHN 18:37. 
pamfulia,,,,,,Freq: 5. Example: ACT 2:10. 
eunuko,,,,,,Freq: 5. Example: ACT 8:27. 
taso,,,,,,Freq: 5. Example: ACT 9:11. 
italia,,,,,,Freq: 5. Example: ACT 10:1. 
ihaboulaidia,,,,,,Freq: 5. Example: ACT 15:20. 
tuatira,,,,,,Freq: 5. Example: ACT 16:14. 
haduamumu,,,,,,Freq: 5. Example: ACT 16:18. 
iason,,,,,,Freq: 5. Example: ACT 17:5. 
priskila,,,,,,Freq: 5. Example: ACT 18:2. 
gaio,,,,,,Freq: 5. Example: ACT 19:29. 
aristako,,,,,,Freq: 5. Example: ACT 19:29. 
dingi,,,,,,Freq: 5. Example: ACT 27:16. 
haine,,,,,,Freq: 5. Example: ROM 13:3. 
ihaḡoina,,,,,,Freq: 5. Example: 1CO 11:7. 
numerana,,,,,,Freq: 5. Example: REV 13:17. 
guitau,,,,,,Freq: 4. Example: GEN 1:14. 
bedolak,,,,,,Freq: 4. Example: GEN 2:12. 
ḡaḡaemu,,,,,,Freq: 4. Example: GEN 3:11. 
giniginidia,,,,,,Freq: 4. Example: GEN 3:18. 
varahuna,,,,,,Freq: 4. Example: GEN 3:19. 
hadabualaidia,,,,,,Freq: 4. Example: GEN 3:21. 
hagerea,,,,,,Freq: 4. Example: GEN 4:5. 
hodara,,,,,,Freq: 4. Example: GEN 4:19. 
botagu,,,,,,Freq: 4. Example: GEN 4:23. 
laga-ani,,,,,,Freq: 4. Example: GEN 5:29. 
ha-utua,,,,,,Freq: 4. Example: GEN 6:17. 
laḡatoi,,,,,,Freq: 4. Example: GEN 7:7. 
ararat,,,,,,Freq: 4. Example: GEN 8:4. 
iavan,,,,,,Freq: 4. Example: GEN 10:2. 
kitim,,,,,,Freq: 4. Example: GEN 10:4. 
nimrod,,,,,,Freq: 4. Example: GEN 10:8. 
kasaluhim,,,,,,Freq: 4. Example: GEN 10:14. 
aravada,,,,,,Freq: 4. Example: GEN 10:18. 
adma,,,,,,Freq: 4. Example: GEN 10:19. 
tunu,,,,,,Freq: 4. Example: GEN 11:3. 
habua,,,,,,Freq: 4. Example: GEN 13:10. 
goimi,,,,,,Freq: 4. Example: GEN 14:1. 
sidim,,,,,,Freq: 4. Example: GEN 14:3. 
kakadia,,,,,,Freq: 4. Example: GEN 14:13. 
kenisi,,,,,,Freq: 4. Example: GEN 15:19. 
taravamu,,,,,,Freq: 4. Example: GEN 17:2. 
hedoa-hedoamu,,,,,,Freq: 4. Example: GEN 17:8. 
ihagoadadia,,,,,,Freq: 4. Example: GEN 18:5. 
irau,,,,,,Freq: 4. Example: GEN 18:6. 
ihereva-henina,,,,,,Freq: 4. Example: GEN 18:31. 
hegege,,,,,,Freq: 4. Example: GEN 19:4. 
ḡavagu,,,,,,Freq: 4. Example: GEN 19:19. 
hegwau-tao,,,,,,Freq: 4. Example: GEN 20:9. 
besemu,,,,,,Freq: 4. Example: GEN 21:12. 
hiria,,,,,,Freq: 4. Example: GEN 22:9. 
sohara,,,,,,Freq: 4. Example: GEN 23:8. 
hahekuredia,,,,,,Freq: 4. Example: GEN 24:11. 
ehea,,,,,,Freq: 4. Example: GEN 24:15. 
vaḡivaḡi,,,,,,Freq: 4. Example: GEN 24:47. 
taihumai,,,,,,Freq: 4. Example: GEN 24:60. 
iokosan,,,,,,Freq: 4. Example: GEN 25:2. 
efere,,,,,,Freq: 4. Example: GEN 25:4. 
rehoboto,,,,,,Freq: 4. Example: GEN 26:22. 
avania,,,,,,Freq: 4. Example: GEN 27:31. 
paḡamu,,,,,,Freq: 4. Example: GEN 27:40. 
hekwina,,,,,,Freq: 4. Example: GEN 28:18. 
dohore,,,,,,Freq: 4. Example: GEN 29:7. 
lalo-dikava,,,,,,Freq: 4. Example: GEN 29:20. 
tuigu,,,,,,Freq: 4. Example: GEN 30:3. 
hutumava,,,,,,Freq: 4. Example: GEN 30:43. 
henaodia,,,,,,Freq: 4. Example: GEN 31:30. 
havagu,,,,,,Freq: 4. Example: GEN 31:36. 
vasilai,,,,,,Freq: 4. Example: GEN 31:39. 
heride,,,,,,Freq: 4. Example: GEN 32:25. 
lalodika,,,,,,Freq: 4. Example: GEN 34:3. 
ialam,,,,,,Freq: 4. Example: GEN 36:5. 
disan,,,,,,Freq: 4. Example: GEN 36:21. 
manahata,,,,,,Freq: 4. Example: GEN 36:23. 
onam,,,,,,Freq: 4. Example: GEN 36:23. 
bilhan,,,,,,Freq: 4. Example: GEN 36:27. 
husam,,,,,,Freq: 4. Example: GEN 36:34. 
samula,,,,,,Freq: 4. Example: GEN 36:36. 
taigu,,,,,,Freq: 4. Example: GEN 37:35. 
ilailaina,,,,,,Freq: 4. Example: GEN 38:29. 
iregudia,,,,,,Freq: 4. Example: GEN 40:5. 
asenat,,,,,,Freq: 4. Example: GEN 41:45. 
ihoilaina,,,,,,Freq: 4. Example: GEN 43:22. 
tau-badana,,,,,,Freq: 4. Example: GEN 44:20. 
hamulu,,,,,,Freq: 4. Example: GEN 46:12. 
malkiel,,,,,,Freq: 4. Example: GEN 46:17. 
asbel,,,,,,Freq: 4. Example: GEN 46:21. 
arad,,,,,,Freq: 4. Example: GEN 46:21. 
husim,,,,,,Freq: 4. Example: GEN 46:23. 
ramese,,,,,,Freq: 4. Example: GEN 47:11. 
habouva,,,,,,Freq: 4. Example: GEN 47:27. 
ubumui,,,,,,Freq: 4. Example: GEN 50:21. 
mamanoka,,,,,,Freq: 4. Example: EXO 1:9. 
tauhauna,,,,,,Freq: 4. Example: EXO 2:11. 
haḡeremui,,,,,,Freq: 4. Example: EXO 3:16. 
kahumai,,,,,,Freq: 4. Example: EXO 3:18. 
haheralaidia,,,,,,Freq: 4. Example: EXO 3:22. 
metaumu,,,,,,Freq: 4. Example: EXO 6:12. 
nefeg,,,,,,Freq: 4. Example: EXO 6:21. 
ibouna,,,,,,Freq: 4. Example: EXO 8:26. 
rae,,,,,,Freq: 4. Example: EXO 9:31. 
korema,,,,,,Freq: 4. Example: EXO 10:15. 
hekasilai,,,,,,Freq: 4. Example: EXO 12:11. 
lagau,,,,,,Freq: 4. Example: EXO 12:11. 
iharuahui-tana,,,,,,Freq: 4. Example: EXO 12:18. 
dahudia,,,,,,Freq: 4. Example: EXO 12:22. 
kumi,,,,,,Freq: 4. Example: EXO 12:34. 
tomadiho,,,,,,Freq: 4. Example: EXO 13:5. 
ḡavamui,,,,,,Freq: 4. Example: EXO 14:4. 
boioboio,,,,,,Freq: 4. Example: EXO 14:14. 
kunuva,,,,,,Freq: 4. Example: EXO 16:3. 
botalaia,,,,,,Freq: 4. Example: EXO 17:5. 
hadibalaidiamu,,,,,,Freq: 4. Example: EXO 18:16. 
pound,,,,,,Freq: 4. Example: EXO 21:32. 
hekehona,,,,,,Freq: 4. Example: EXO 21:33. 
heato-kau,,,,,,Freq: 4. Example: EXO 22:25. 
nevarilaidia,,,,,,Freq: 4. Example: EXO 24:8. 
henudia,,,,,,Freq: 4. Example: EXO 25:35. 
merekidia,,,,,,Freq: 4. Example: EXO 25:38. 
moḡea,,,,,,Freq: 4. Example: EXO 28:14. 
huakinto,,,,,,Freq: 4. Example: EXO 28:19. 
ametuso,,,,,,Freq: 4. Example: EXO 28:19. 
kubou,,,,,,Freq: 4. Example: EXO 28:28. 
gabagabana,,,,,,Freq: 4. Example: EXO 28:34. 
gabadia,,,,,,Freq: 4. Example: EXO 28:42. 
hadigudia,,,,,,Freq: 4. Example: EXO 29:4. 
ihorona,,,,,,Freq: 4. Example: EXO 29:7. 
hadokilaidia,,,,,,Freq: 4. Example: EXO 29:8. 
kida,,,,,,Freq: 4. Example: EXO 30:24. 
libano,,,,,,Freq: 4. Example: EXO 30:34. 
dimura-dimura,,,,,,Freq: 4. Example: EXO 30:36. 
mavaruva,,,,,,Freq: 4. Example: EXO 32:19. 
turamui,,,,,,Freq: 4. Example: EXO 32:27. 
dorugu,,,,,,Freq: 4. Example: EXO 33:23. 
haḡanilai,,,,,,Freq: 4. Example: EXO 35:10. 
herahialai,,,,,,Freq: 4. Example: EXO 35:22. 
kapadia,,,,,,Freq: 4. Example: EXO 36:38. 
ḡaukaralai,,,,,,Freq: 4. Example: EXO 38:28. 
ikaroadia,,,,,,Freq: 4. Example: LEV 2:12. 
ihahisidia,,,,,,Freq: 4. Example: LEV 6:4. 
iana,,,,,,Freq: 4. Example: LEV 7:9. 
bodagana,,,,,,Freq: 4. Example: LEV 7:21. 
nuadia,,,,,,Freq: 4. Example: LEV 8:27. 
huahai,,,,,,Freq: 4. Example: LEV 10:17. 
asieme,,,,,,Freq: 4. Example: LEV 11:4. 
hea,,,,,,Freq: 4. Example: LEV 11:6. 
boḡe,,,,,,Freq: 4. Example: LEV 11:19. 
noko,,,,,,Freq: 4. Example: LEV 11:19. 
bita,,,,,,Freq: 4. Example: LEV 11:29. 
siha,,,,,,Freq: 4. Example: LEV 11:30. 
hapariparidia,,,,,,Freq: 4. Example: LEV 11:38. 
labora,,,,,,Freq: 4. Example: LEV 13:30. 
totototo,,,,,,Freq: 4. Example: LEV 13:31. 
ramana,,,,,,Freq: 4. Example: LEV 13:41. 
manokana,,,,,,Freq: 4. Example: LEV 13:47. 
valahu-valahumu,,,,,,Freq: 4. Example: LEV 13:56. 
ibunina,,,,,,Freq: 4. Example: LEV 14:9. 
enobou,,,,,,Freq: 4. Example: LEV 15:2. 
hura-aru,,,,,,Freq: 4. Example: LEV 15:13. 
ḡole-ohoboubouna,,,,,,Freq: 4. Example: LEV 18:21. 
helaḡalaimu,,,,,,Freq: 4. Example: LEV 21:1. 
aukidia,,,,,,Freq: 4. Example: LEV 21:5. 
hakaukaua,,,,,,Freq: 4. Example: LEV 23:14. 
elabona,,,,,,Freq: 4. Example: LEV 23:32. 
koimu,,,,,,Freq: 4. Example: LEV 25:14. 
varavara-dosina,,,,,,Freq: 4. Example: LEV 25:25. 
dadaraimui,,,,,,Freq: 4. Example: LEV 26:11. 
havamui,,,,,,Freq: 4. Example: LEV 26:17. 
heaḡina,,,,,,Freq: 4. Example: LEV 26:19. 
hohoamu,,,,,,Freq: 4. Example: LEV 26:36. 
dadaraidiava,,,,,,Freq: 4. Example: LEV 26:43. 
ibodohilaidia,,,,,,Freq: 4. Example: LEV 27:5. 
elisafan,,,,,,Freq: 4. Example: NUM 3:30. 
irohona,,,,,,Freq: 4. Example: NUM 4:5. 
taravaia,,,,,,Freq: 4. Example: NUM 5:19. 
mamumu,,,,,,Freq: 4. Example: NUM 5:21. 
kibokibodia,,,,,,Freq: 4. Example: NUM 7:84. 
gwada-gwada,,,,,,Freq: 4. Example: NUM 11:8. 
tunamu,,,,,,Freq: 4. Example: NUM 11:23. 
ahiman,,,,,,Freq: 4. Example: NUM 13:22. 
tako,,,,,,Freq: 4. Example: NUM 13:23. 
goadada,,,,,,Freq: 4. Example: NUM 13:30. 
dibaḡanigu,,,,,,Freq: 4. Example: NUM 14:22. 
maumauraigumu,,,,,,Freq: 4. Example: NUM 14:27. 
igogodia,,,,,,Freq: 4. Example: NUM 15:33. 
dudui-isi,,,,,,Freq: 4. Example: NUM 18:8. 
gaigaidia,,,,,,Freq: 4. Example: NUM 21:6. 
oboto,,,,,,Freq: 4. Example: NUM 21:10. 
serede,,,,,,Freq: 4. Example: NUM 21:12. 
iuduguiraidia,,,,,,Freq: 4. Example: NUM 23:11. 
hakapumu,,,,,,Freq: 4. Example: NUM 24:16. 
taitaidia,,,,,,Freq: 4. Example: NUM 25:6. 
salu,,,,,,Freq: 4. Example: NUM 25:14. 
nemuele,,,,,,Freq: 4. Example: NUM 26:9. 
semida,,,,,,Freq: 4. Example: NUM 26:32. 
hogla,,,,,,Freq: 4. Example: NUM 26:33. 
tahan,,,,,,Freq: 4. Example: NUM 26:35. 
abarim,,,,,,Freq: 4. Example: NUM 27:12. 
kone-noho,,,,,,Freq: 4. Example: NUM 31:27. 
gold-na,,,,,,Freq: 4. Example: NUM 31:54. 
ataroto,,,,,,Freq: 4. Example: NUM 32:3. 
havoto-iairi,,,,,,Freq: 4. Example: NUM 32:41. 
amoe,,,,,,Freq: 4. Example: NUM 33:9. 
bet-iesimoto,,,,,,Freq: 4. Example: NUM 33:49. 
reḡumui,,,,,,Freq: 4. Example: DEU 1:9. 
ikwaramui,,,,,,Freq: 4. Example: DEU 1:13. 
haḡanida,,,,,,Freq: 4. Example: DEU 1:19. 
tadikakada,,,,,,Freq: 4. Example: DEU 1:28. 
kedemoto,,,,,,Freq: 4. Example: DEU 2:26. 
aragob,,,,,,Freq: 4. Example: DEU 3:4. 
sirion,,,,,,Freq: 4. Example: DEU 3:9. 
seniri,,,,,,Freq: 4. Example: DEU 3:9. 
saleka,,,,,,Freq: 4. Example: DEU 3:10. 
bete-peoro,,,,,,Freq: 4. Example: DEU 3:29. 
havaburaia,,,,,,Freq: 4. Example: DEU 4:11. 
amuna,,,,,,Freq: 4. Example: DEU 4:20. 
itoi-rorona,,,,,,Freq: 4. Example: DEU 4:34. 
haheitalaimui,,,,,,Freq: 4. Example: DEU 4:36. 
golan,,,,,,Freq: 4. Example: DEU 4:43. 
goadamui,,,,,,Freq: 4. Example: DEU 6:17. 
gwau-daḡe,,,,,,Freq: 4. Example: DEU 9:6. 
palaka,,,,,,Freq: 4. Example: DEU 10:1. 
abatana,,,,,,Freq: 4. Example: DEU 11:4. 
gerisim,,,,,,Freq: 4. Example: DEU 11:29. 
era,,,,,,Freq: 4. Example: DEU 15:8. 
dudukau,,,,,,Freq: 4. Example: DEU 15:14. 
hanamolaimui,,,,,,Freq: 4. Example: DEU 16:10. 
uduguiraimui,,,,,,Freq: 4. Example: DEU 23:4. 
ihanamolaimui,,,,,,Freq: 4. Example: DEU 23:5. 
koroamu,,,,,,Freq: 4. Example: DEU 27:15. 
iu,,,,,,Freq: 4. Example: DEU 28:13. 
hidiomui,,,,,,Freq: 4. Example: DEU 28:26. 
hedarahumu,,,,,,Freq: 4. Example: DEU 28:29. 
aboni-noho,,,,,,Freq: 4. Example: DEU 28:56. 
hahetahadia,,,,,,Freq: 4. Example: DEU 28:65. 
huaiava,,,,,,Freq: 4. Example: DEU 31:9. 
habadelaimui,,,,,,Freq: 4. Example: DEU 31:26. 
badi-tanodia,,,,,,Freq: 4. Example: DEU 32:22. 
idurumu,,,,,,Freq: 4. Example: DEU 33:26. 
keia,,,,,,Freq: 4. Example: JOS 5:9. 
manokamanoka,,,,,,Freq: 4. Example: JOS 7:5. 
kefira,,,,,,Freq: 4. Example: JOS 9:17. 
tuariva,,,,,,Freq: 4. Example: JOS 10:14. 
kineroto,,,,,,Freq: 4. Example: JOS 11:2. 
mispe,,,,,,Freq: 4. Example: JOS 11:8. 
gebala,,,,,,Freq: 4. Example: JOS 13:5. 
mefata,,,,,,Freq: 4. Example: JOS 13:18. 
gabaena,,,,,,Freq: 4. Example: JOS 13:20. 
bet-araba,,,,,,Freq: 4. Example: JOS 15:6. 
edere,,,,,,Freq: 4. Example: JOS 15:21. 
molada,,,,,,Freq: 4. Example: JOS 15:26. 
hasara-sual,,,,,,Freq: 4. Example: JOS 15:28. 
asana,,,,,,Freq: 4. Example: JOS 15:42. 
aksib,,,,,,Freq: 4. Example: JOS 15:44. 
samiri,,,,,,Freq: 4. Example: JOS 15:48. 
gilo,,,,,,Freq: 4. Example: JOS 15:51. 
naara,,,,,,Freq: 4. Example: JOS 16:7. 
logora,,,,,,Freq: 4. Example: JOS 22:8. 
ikwadi,,,,,,Freq: 4. Example: JOS 23:13. 
vageḡe,,,,,,Freq: 4. Example: JOS 24:19. 
gaasa,,,,,,Freq: 4. Example: JOS 24:30. 
daḡe,,,,,,Freq: 4. Example: JDG 2:19. 
auauna,,,,,,Freq: 4. Example: JDG 3:22. 
abinaom,,,,,,Freq: 4. Example: JDG 4:6. 
basinala,,,,,,Freq: 4. Example: JDG 4:8. 
mahutana,,,,,,Freq: 4. Example: JDG 4:21. 
hedinaraiamu,,,,,,Freq: 4. Example: JDG 5:11. 
hegiḡi,,,,,,Freq: 4. Example: JDG 6:28. 
harod,,,,,,Freq: 4. Example: JDG 7:1. 
sinahu-toiosi,,,,,,Freq: 4. Example: JDG 7:7. 
hegeḡemadai,,,,,,Freq: 4. Example: JDG 7:18. 
hamakohi,,,,,,Freq: 4. Example: JDG 7:19. 
dadabamui,,,,,,Freq: 4. Example: JDG 8:7. 
horogu,,,,,,Freq: 4. Example: JDG 9:15. 
ialomui,,,,,,Freq: 4. Example: JDG 9:16. 
raku,,,,,,Freq: 4. Example: JDG 9:48. 
tobo,,,,,,Freq: 4. Example: JDG 11:3. 
aogwa,,,,,,Freq: 4. Example: JDG 12:6. 
dogogu,,,,,,Freq: 4. Example: JDG 13:16. 
araiamu,,,,,,Freq: 4. Example: JDG 15:14. 
igui,,,,,,Freq: 4. Example: JDG 15:14. 
ipani,,,,,,Freq: 4. Example: JDG 16:13. 
heabi-oho,,,,,,Freq: 4. Example: JDG 17:2. 
betelehem-luda,,,,,,Freq: 4. Example: JDG 17:8. 
betelehem-iuda,,,,,,Freq: 4. Example: JDG 19:18. 
malon,,,,,,Freq: 4. Example: RUT 1:2. 
taitaina,,,,,,Freq: 4. Example: 1SA 1:10. 
hataḡadiamu,,,,,,Freq: 4. Example: 1SA 2:7. 
iruru-matana,,,,,,Freq: 4. Example: 1SA 2:33. 
heatona,,,,,,Freq: 4. Example: 1SA 5:4. 
hadikada,,,,,,Freq: 4. Example: 1SA 6:9. 
abiele,,,,,,Freq: 4. Example: 1SA 9:1. 
pagana,,,,,,Freq: 4. Example: 1SA 9:2. 
lalo-hadailaimu,,,,,,Freq: 4. Example: 1SA 9:19. 
toredia,,,,,,Freq: 4. Example: 1SA 10:25. 
meraba,,,,,,Freq: 4. Example: 1SA 14:49. 
aun,,,,,,Freq: 4. Example: 1SA 17:5. 
daharaia,,,,,,Freq: 4. Example: 1SA 17:6. 
kavaia,,,,,,Freq: 4. Example: 1SA 18:10. 
iala-masemu,,,,,,Freq: 4. Example: 1SA 19:2. 
duruamu,,,,,,Freq: 4. Example: 1SA 22:17. 
dadimu,,,,,,Freq: 4. Example: 1SA 23:1. 
haheḡaeḡaedia,,,,,,Freq: 4. Example: 1SA 25:18. 
hariharilai,,,,,,Freq: 4. Example: 1SA 25:27. 
ainema,,,,,,Freq: 4. Example: 1SA 26:22. 
harimai,,,,,,Freq: 4. Example: 1SA 27:11. 
haraivagu,,,,,,Freq: 4. Example: 1SA 28:15. 
gwadagu,,,,,,Freq: 4. Example: 1SA 31:4. 
hetoḡe,,,,,,Freq: 4. Example: 1SA 31:4. 
loab,,,,,,Freq: 4. Example: 2SA 2:13. 
gohugohuna,,,,,,Freq: 4. Example: 2SA 2:13. 
gohugohu,,,,,,Freq: 4. Example: 2SA 2:13. 
mataka-mataka,,,,,,Freq: 4. Example: 2SA 2:16. 
rispa,,,,,,Freq: 4. Example: 2SA 3:7. 
turiamu,,,,,,Freq: 4. Example: 2SA 5:1. 
sobab,,,,,,Freq: 4. Example: 2SA 5:14. 
eliada,,,,,,Freq: 4. Example: 2SA 5:16. 
perese-usa,,,,,,Freq: 4. Example: 2SA 6:8. 
honedia,,,,,,Freq: 4. Example: 2SA 6:15. 
iabi-loudia,,,,,,Freq: 4. Example: 2SA 8:3. 
lo-debara,,,,,,Freq: 4. Example: 2SA 9:4. 
daba-rerena,,,,,,Freq: 4. Example: 2SA 11:12. 
lasida,,,,,,Freq: 4. Example: 2SA 15:14. 
mato,,,,,,Freq: 4. Example: 2SA 15:22. 
tamakadia,,,,,,Freq: 4. Example: 2SA 15:30. 
bamoamu,,,,,,Freq: 4. Example: 2SA 17:2. 
haganilaidia,,,,,,Freq: 4. Example: 2SA 18:5. 
ihedavari-henimu,,,,,,Freq: 4. Example: 2SA 19:20. 
habadelaigu,,,,,,Freq: 4. Example: 2SA 19:27. 
kimuhamu,,,,,,Freq: 4. Example: 2SA 19:37. 
biaguava,,,,,,Freq: 4. Example: 2SA 20:23. 
ḡegea,,,,,,Freq: 4. Example: 2SA 21:16. 
sibekai,,,,,,Freq: 4. Example: 2SA 21:18. 
elhanan,,,,,,Freq: 4. Example: 2SA 21:19. 
hakevarua,,,,,,Freq: 4. Example: 2SA 22:15. 
hariolaigu,,,,,,Freq: 4. Example: 2SA 22:40. 
harigu,,,,,,Freq: 4. Example: 2SA 22:45. 
heude-heudedia,,,,,,Freq: 4. Example: 2SA 22:46. 
inegedia,,,,,,Freq: 4. Example: 2SA 23:17. 
kememu,,,,,,Freq: 4. Example: 1KI 1:2. 
seto,,,,,,Freq: 4. Example: 1KI 1:6. 
ohegu,,,,,,Freq: 4. Example: 1KI 3:20. 
ruma-hagini,,,,,,Freq: 4. Example: 1KI 5:18. 
ihahetohodia,,,,,,Freq: 4. Example: 1KI 6:25. 
igaukaralaina,,,,,,Freq: 4. Example: 1KI 7:14. 
kuboro,,,,,,Freq: 4. Example: 1KI 7:15. 
kuborona,,,,,,Freq: 4. Example: 1KI 7:15. 
kuboro-kuboro,,,,,,Freq: 4. Example: 1KI 7:23. 
toi-ahuiosi,,,,,,Freq: 4. Example: 1KI 7:24. 
habahabadia,,,,,,Freq: 4. Example: 1KI 7:28. 
lalo-namodia,,,,,,Freq: 4. Example: 1KI 8:66. 
raidia,,,,,,Freq: 4. Example: 1KI 9:26. 
hodo,,,,,,Freq: 4. Example: 1KI 10:16. 
ato-kau,,,,,,Freq: 4. Example: 1KI 10:19. 
tukimi,,,,,,Freq: 4. Example: 1KI 10:22. 
kue,,,,,,Freq: 4. Example: 1KI 10:28. 
ilou-henina,,,,,,Freq: 4. Example: 1KI 11:22. 
gunalaimu,,,,,,Freq: 4. Example: 1KI 14:9. 
sarefata,,,,,,Freq: 4. Example: 1KI 17:9. 
riodia,,,,,,Freq: 4. Example: 1KI 20:31. 
imla,,,,,,Freq: 4. Example: 1KI 22:8. 
hatamonaia,,,,,,Freq: 4. Example: 1KI 22:13. 
baal-sebub,,,,,,Freq: 4. Example: 2KI 1:2. 
edehetomana,,,,,,Freq: 4. Example: 2KI 1:7. 
koehirihiri,,,,,,Freq: 4. Example: 2KI 2:1. 
kariotana,,,,,,Freq: 4. Example: 2KI 2:11. 
daroa,,,,,,Freq: 4. Example: 2KI 5:11. 
raka-lasina,,,,,,Freq: 4. Example: 2KI 7:17. 
igodia,,,,,,Freq: 4. Example: 2KI 10:13. 
haherohedia,,,,,,Freq: 4. Example: 2KI 11:17. 
iehosabad,,,,,,Freq: 4. Example: 2KI 12:21. 
pekahia,,,,,,Freq: 4. Example: 2KI 15:22. 
hala,,,,,,Freq: 4. Example: 2KI 17:6. 
dadairana,,,,,,Freq: 4. Example: 2KI 18:17. 
ḡonaḡonalaigu,,,,,,Freq: 4. Example: 2KI 19:6. 
lahulahuna,,,,,,Freq: 4. Example: 2KI 19:7. 
uma-umana,,,,,,Freq: 4. Example: 2KI 21:18. 
ihadikalaidia,,,,,,Freq: 4. Example: 2KI 22:19. 
ruahui-ta,,,,,,Freq: 4. Example: 2KI 24:18. 
ḡaukaralaiva,,,,,,Freq: 4. Example: 2KI 25:14. 
lohanan,,,,,,Freq: 4. Example: 2KI 25:23. 
salma,,,,,,Freq: 4. Example: 1CH 2:11. 
iesaia,,,,,,Freq: 4. Example: 1CH 3:21. 
re-aia,,,,,,Freq: 4. Example: 1CH 4:2. 
pasea,,,,,,Freq: 4. Example: 1CH 4:12. 
adiele,,,,,,Freq: 4. Example: 1CH 4:36. 
ledaia,,,,,,Freq: 4. Example: 1CH 4:37. 
rakavareaina,,,,,,Freq: 4. Example: 1CH 4:39. 
iraka-vareaina,,,,,,Freq: 4. Example: 1CH 5:9. 
mahata,,,,,,Freq: 4. Example: 1CH 6:35. 
abdi,,,,,,Freq: 4. Example: 1CH 6:44. 
amasi,,,,,,Freq: 4. Example: 1CH 6:46. 
alemete,,,,,,Freq: 4. Example: 1CH 6:60. 
ierimoto,,,,,,Freq: 4. Example: 1CH 7:7. 
lod,,,,,,Freq: 4. Example: 1CH 8:12. 
merib-baal,,,,,,Freq: 4. Example: 1CH 8:34. 
binea,,,,,,Freq: 4. Example: 1CH 8:37. 
kore,,,,,,Freq: 4. Example: 1CH 9:19. 
meselemia,,,,,,Freq: 4. Example: 1CH 9:21. 
gimadiava,,,,,,Freq: 4. Example: 1CH 9:24. 
beraka,,,,,,Freq: 4. Example: 1CH 12:3. 
semaria,,,,,,Freq: 4. Example: 1CH 12:5. 
idurugu,,,,,,Freq: 4. Example: 1CH 12:17. 
adna,,,,,,Freq: 4. Example: 1CH 12:20. 
gavadia,,,,,,Freq: 4. Example: 1CH 14:14. 
ihataidia,,,,,,Freq: 4. Example: 1CH 15:16. 
semiramoto,,,,,,Freq: 4. Example: 1CH 15:18. 
lahasiel,,,,,,Freq: 4. Example: 1CH 16:6. 
ledutunu,,,,,,Freq: 4. Example: 1CH 16:41. 
miamini,,,,,,Freq: 4. Example: 1CH 24:9. 
petahia,,,,,,Freq: 4. Example: 1CH 24:16. 
kohorodia,,,,,,Freq: 4. Example: 1CH 27:25. 
hatalai,,,,,,Freq: 4. Example: 1CH 28:12. 
puku,,,,,,Freq: 4. Example: 1CH 29:2. 
igovalaidia,,,,,,Freq: 4. Example: 1CH 29:4. 
dariki,,,,,,Freq: 4. Example: 1CH 29:7. 
hakiraradia,,,,,,Freq: 4. Example: 2CH 6:40. 
henemailai,,,,,,Freq: 4. Example: 2CH 7:14. 
haheḡanilaia,,,,,,Freq: 4. Example: 2CH 8:14. 
honena,,,,,,Freq: 4. Example: 2CH 13:15. 
habadaiava,,,,,,Freq: 4. Example: 2CH 14:7. 
bavabiabiraia,,,,,,Freq: 4. Example: 2CH 20:20. 
hahebuatari,,,,,,Freq: 4. Example: 2CH 20:23. 
tami,,,,,,Freq: 4. Example: 2CH 20:35. 
banidia,,,,,,Freq: 4. Example: 2CH 29:3. 
aio,,,,,,Freq: 4. Example: 2CH 30:8. 
henanadailaia,,,,,,Freq: 4. Example: 2CH 32:31. 
halataia,,,,,,Freq: 4. Example: 2CH 33:14. 
sesebasara,,,,,,Freq: 4. Example: EZR 1:8. 
sinahu-taurahanita,,,,,,Freq: 4. Example: EZR 2:8. 
asgada,,,,,,Freq: 4. Example: EZR 2:12. 
adini,,,,,,Freq: 4. Example: EZR 2:15. 
iora,,,,,,Freq: 4. Example: EZR 2:18. 
gidele,,,,,,Freq: 4. Example: EZR 2:47. 
nekoda,,,,,,Freq: 4. Example: EZR 2:48. 
simisai,,,,,,Freq: 4. Example: EZR 4:8. 
sisiga,,,,,,Freq: 4. Example: EZR 4:15. 
tatenai,,,,,,Freq: 4. Example: EZR 5:3. 
setara-bosenai,,,,,,Freq: 4. Example: EZR 5:3. 
ha-ahua,,,,,,Freq: 4. Example: EZR 5:3. 
ihabouna,,,,,,Freq: 4. Example: EZR 6:11. 
urakwalimu,,,,,,Freq: 4. Example: EZR 7:13. 
ihahairaina,,,,,,Freq: 4. Example: EZR 7:27. 
pahata-moab,,,,,,Freq: 4. Example: EZR 8:4. 
kwabukwabumai,,,,,,Freq: 4. Example: EZR 9:8. 
tagena,,,,,,Freq: 4. Example: NEH 2:13. 
geseme,,,,,,Freq: 4. Example: NEH 2:19. 
hananele,,,,,,Freq: 4. Example: NEH 3:1. 
vadavadana,,,,,,Freq: 4. Example: NEH 3:15. 
ihahemaoro-henidia,,,,,,Freq: 4. Example: NEH 5:7. 
vatua,,,,,,Freq: 4. Example: NEH 6:12. 
imoalelaina,,,,,,Freq: 4. Example: NEH 8:10. 
buni,,,,,,Freq: 4. Example: NEH 9:4. 
dabuva,,,,,,Freq: 4. Example: NEH 9:21. 
lagadia,,,,,,Freq: 4. Example: NEH 9:28. 
toreamu,,,,,,Freq: 4. Example: NEH 9:38. 
digi,,,,,,Freq: 4. Example: NEH 10:37. 
hegai,,,,,,Freq: 4. Example: EST 2:3. 
hahane,,,,,,Freq: 4. Example: EST 4:1. 
hataka,,,,,,Freq: 4. Example: EST 4:5. 
purimi,,,,,,Freq: 4. Example: EST 9:15. 
ohova,,,,,,Freq: 4. Example: JOB 1:1. 
habadadia,,,,,,Freq: 4. Example: JOB 1:10. 
sofara,,,,,,Freq: 4. Example: JOB 2:11. 
naamata,,,,,,Freq: 4. Example: JOB 2:11. 
ubugu,,,,,,Freq: 4. Example: JOB 3:12. 
kwaidumu,,,,,,Freq: 4. Example: JOB 4:10. 
habadelaidiamu,,,,,,Freq: 4. Example: JOB 4:18. 
kaimana,,,,,,Freq: 4. Example: JOB 5:3. 
igwaurai-maorogu,,,,,,Freq: 4. Example: JOB 6:29. 
hisi-dae,,,,,,Freq: 4. Example: JOB 8:21. 
berogu,,,,,,Freq: 4. Example: JOB 9:17. 
hahohodiamu,,,,,,Freq: 4. Example: JOB 9:17. 
lalo-idita,,,,,,Freq: 4. Example: JOB 9:18. 
halouamu,,,,,,Freq: 4. Example: JOB 10:8. 
ihabadelaigu,,,,,,Freq: 4. Example: JOB 10:17. 
habaduamu,,,,,,Freq: 4. Example: JOB 12:6. 
ḡonaḡonalaidiamu,,,,,,Freq: 4. Example: JOB 12:21. 
habadelaimumu,,,,,,Freq: 4. Example: JOB 15:6. 
manadadia,,,,,,Freq: 4. Example: JOB 15:11. 
enehetomadia,,,,,,Freq: 4. Example: JOB 15:13. 
hagariamu,,,,,,Freq: 4. Example: JOB 15:24. 
ahutudia,,,,,,Freq: 4. Example: JOB 15:28. 
kasiridia,,,,,,Freq: 4. Example: JOB 15:33. 
aradiamu,,,,,,Freq: 4. Example: JOB 15:34. 
daḡadia,,,,,,Freq: 4. Example: JOB 18:7. 
ihahekwakwanaina,,,,,,Freq: 4. Example: JOB 18:10. 
laohaiamu,,,,,,Freq: 4. Example: JOB 18:14. 
kaukaumu,,,,,,Freq: 4. Example: JOB 18:16. 
boiriamu,,,,,,Freq: 4. Example: JOB 19:16. 
varoda-varodamu,,,,,,Freq: 4. Example: JOB 19:20. 
garaḡarana,,,,,,Freq: 4. Example: JOB 20:23. 
ḡeḡemu,,,,,,Freq: 4. Example: JOB 22:10. 
ihahemaoro-henigu,,,,,,Freq: 4. Example: JOB 23:7. 
tailaiamu,,,,,,Freq: 4. Example: JOB 24:12. 
heturamu,,,,,,Freq: 4. Example: JOB 24:17. 
hadaudaumu,,,,,,Freq: 4. Example: JOB 24:22. 
biluga,,,,,,Freq: 4. Example: JOB 25:6. 
taḡana,,,,,,Freq: 4. Example: JOB 27:19. 
gabisi,,,,,,Freq: 4. Example: JOB 28:18. 
irakatanina,,,,,,Freq: 4. Example: JOB 28:28. 
hadabualaigu,,,,,,Freq: 4. Example: JOB 29:14. 
dadairadia,,,,,,Freq: 4. Example: JOB 30:6. 
paḡagu,,,,,,Freq: 4. Example: JOB 31:22. 
ereguna,,,,,,Freq: 4. Example: JOB 32:4. 
hapararaiamu,,,,,,Freq: 4. Example: JOB 32:8. 
metaira,,,,,,Freq: 4. Example: JOB 32:13. 
hekahi-tao,,,,,,Freq: 4. Example: JOB 33:11. 
hakiraradiamu,,,,,,Freq: 4. Example: JOB 33:16. 
hagaridiamu,,,,,,Freq: 4. Example: JOB 33:16. 
hamaorolaidiamu,,,,,,Freq: 4. Example: JOB 33:26. 
hemoi,,,,,,Freq: 4. Example: JOB 34:25. 
patapatamu,,,,,,Freq: 4. Example: JOB 34:25. 
imodaidiamu,,,,,,Freq: 4. Example: JOB 36:7. 
hegiro-hegiromu,,,,,,Freq: 4. Example: JOB 37:12. 
laguta,,,,,,Freq: 4. Example: JOB 39:6. 
tubebe,,,,,,Freq: 4. Example: JOB 39:20. 
pana,,,,,,Freq: 4. Example: JOB 39:21. 
kirikirilaiamu,,,,,,Freq: 4. Example: JOB 39:22. 
gaua,,,,,,Freq: 4. Example: JOB 41:2. 
hodahoda,,,,,,Freq: 4. Example: JOB 41:16. 
kwadiamu,,,,,,Freq: 4. Example: JOB 41:30. 
hunidiamu,,,,,,Freq: 4. Example: JOB 42:3. 
hedadaraimu,,,,,,Freq: 4. Example: JOB 42:6. 
kahaiamu,,,,,,Freq: 4. Example: PSA 3:2. 
huona,,,,,,Freq: 4. Example: PSA 9:15. 
tohogu,,,,,,Freq: 4. Example: PSA 17:3. 
heaḡilaidiamu,,,,,,Freq: 4. Example: PSA 20:7. 
hakaugumu,,,,,,Freq: 4. Example: PSA 23:2. 
haloamu,,,,,,Freq: 4. Example: PSA 23:4. 
kwalimumu,,,,,,Freq: 4. Example: PSA 24:8. 
boga-alaga,,,,,,Freq: 4. Example: PSA 26:4. 
ikahada,,,,,,Freq: 4. Example: PSA 33:20. 
ilalo-taodia,,,,,,Freq: 4. Example: PSA 34:16. 
manadamu,,,,,,Freq: 4. Example: PSA 36:10. 
haeroava,,,,,,Freq: 4. Example: PSA 39:3. 
bamogumu,,,,,,Freq: 4. Example: PSA 42:8. 
ḡovamai,,,,,,Freq: 4. Example: PSA 44:19. 
imodaigumu,,,,,,Freq: 4. Example: PSA 46:10. 
rohodia,,,,,,Freq: 4. Example: PSA 51:1. 
manaumu,,,,,,Freq: 4. Example: PSA 51:17. 
ḡiḡimu,,,,,,Freq: 4. Example: PSA 59:7. 
raraimu,,,,,,Freq: 4. Example: PSA 63:2. 
ranu-lohilohi,,,,,,Freq: 4. Example: PSA 68:26. 
hahisihisiamu,,,,,,Freq: 4. Example: PSA 69:26. 
doamui,,,,,,Freq: 4. Example: PSA 75:4. 
kapu,,,,,,Freq: 4. Example: PSA 77:4. 
iruru-mata,,,,,,Freq: 4. Example: PSA 80:5. 
idoi,,,,,,Freq: 4. Example: PSA 81:3. 
aibisi,,,,,,Freq: 4. Example: PSA 84:3. 
hebogahisina,,,,,,Freq: 4. Example: PSA 89:49. 
manu-tahu,,,,,,Freq: 4. Example: PSA 91:3. 
garilaia,,,,,,Freq: 4. Example: PSA 91:5. 
ohemu,,,,,,Freq: 4. Example: PSA 91:7. 
hamoalegu,,,,,,Freq: 4. Example: PSA 92:4. 
halaodiava,,,,,,Freq: 4. Example: PSA 106:37. 
iboulaidia,,,,,,Freq: 4. Example: PSA 106:37. 
hadikaiava,,,,,,Freq: 4. Example: PSA 106:38. 
hurehurena,,,,,,Freq: 4. Example: PSA 107:29. 
ihi-ihiraidiamu,,,,,,Freq: 4. Example: PSA 107:40. 
pou,,,,,,Freq: 4. Example: PSA 110:3. 
mamoe-mamoe,,,,,,Freq: 4. Example: PSA 114:4. 
nihimu,,,,,,Freq: 4. Example: PSA 126:1. 
iruru-matadia,,,,,,Freq: 4. Example: PSA 126:5. 
hadohadomu,,,,,,Freq: 4. Example: PSA 126:5. 
haheaukalaia,,,,,,Freq: 4. Example: PSA 132:1. 
karakaradia,,,,,,Freq: 4. Example: PSA 135:15. 
henarimu,,,,,,Freq: 4. Example: PSA 142:4. 
haheḡereḡere,,,,,,Freq: 4. Example: PRO 1:6. 
aonegamui,,,,,,Freq: 4. Example: PRO 1:22. 
hamaoromaorodia,,,,,,Freq: 4. Example: PRO 3:6. 
idoamu,,,,,,Freq: 4. Example: PRO 6:2. 
gageva-gagevamu,,,,,,Freq: 4. Example: PRO 10:9. 
toamu,,,,,,Freq: 4. Example: PRO 10:25. 
dairia,,,,,,Freq: 4. Example: PRO 11:25. 
ihavavalaina,,,,,,Freq: 4. Example: PRO 12:4. 
hahemaraiamu,,,,,,Freq: 4. Example: PRO 12:4. 
gwaurai-hedinarai,,,,,,Freq: 4. Example: PRO 12:17. 
cse,,,,,,Freq: 4. Example: PRO 14:29. 
hahisiamu,,,,,,Freq: 4. Example: PRO 14:31. 
hetuturumu,,,,,,Freq: 4. Example: PRO 15:2. 
kakorona,,,,,,Freq: 4. Example: PRO 17:1. 
adavaiamu,,,,,,Freq: 4. Example: PRO 18:22. 
tapoa,,,,,,Freq: 4. Example: PRO 20:8. 
dadidadimu,,,,,,Freq: 4. Example: PRO 22:16. 
dadabagu,,,,,,Freq: 4. Example: PRO 23:35. 
heinai,,,,,,Freq: 4. Example: PRO 26:26. 
ivavalaina,,,,,,Freq: 4. Example: PRO 27:24. 
ha-araiamu,,,,,,Freq: 4. Example: PRO 29:8. 
lalo-diari,,,,,,Freq: 4. Example: PRO 29:18. 
herevalaidiamu,,,,,,Freq: 4. Example: PRO 29:24. 
giboa,,,,,,Freq: 4. Example: PRO 30:17. 
ihahedibalaina,,,,,,Freq: 4. Example: PRO 31:26. 
hahemoale,,,,,,Freq: 4. Example: ECC 2:1. 
hekwarahilaiva,,,,,,Freq: 4. Example: ECC 2:18. 
heura-heheni,,,,,,Freq: 4. Example: ECC 3:8. 
haduhudia,,,,,,Freq: 4. Example: ECC 3:11. 
idauhai,,,,,,Freq: 4. Example: ECC 7:23. 
burea,,,,,,Freq: 4. Example: ECC 12:5. 
kofere,,,,,,Freq: 4. Example: SNG 1:14. 
vara-hekapa,,,,,,Freq: 4. Example: SNG 4:2. 
edeamu,,,,,,Freq: 4. Example: SNG 4:2. 
moalelaiva,,,,,,Freq: 4. Example: ISA 1:29. 
haura-haurana,,,,,,Freq: 4. Example: ISA 1:31. 
helao-ahu,,,,,,Freq: 4. Example: ISA 4:5. 
hadiburaiamu,,,,,,Freq: 4. Example: ISA 5:30. 
rahumui,,,,,,Freq: 4. Example: ISA 10:24. 
gurimui,,,,,,Freq: 4. Example: ISA 14:20. 
lolololomu,,,,,,Freq: 4. Example: ISA 15:2. 
lapa,,,,,,Freq: 4. Example: ISA 18:5. 
kwara-havava,,,,,,Freq: 4. Example: ISA 28:5. 
hitolona,,,,,,Freq: 4. Example: ISA 29:8. 
hahemaraimui,,,,,,Freq: 4. Example: ISA 30:3. 
heimodaimu,,,,,,Freq: 4. Example: ISA 32:9. 
kwabu-kwabudia,,,,,,Freq: 4. Example: ISA 37:4. 
kepulumu,,,,,,Freq: 4. Example: ISA 42:19. 
hametaumui,,,,,,Freq: 4. Example: ISA 43:23. 
ilaoa,,,,,,Freq: 4. Example: ISA 44:19. 
lalolaigu,,,,,,Freq: 4. Example: ISA 46:5. 
hahetohoamu,,,,,,Freq: 4. Example: ISA 46:6. 
ilohiadia,,,,,,Freq: 4. Example: ISA 47:5. 
heralaimu,,,,,,Freq: 4. Example: ISA 49:18. 
hahairaimu,,,,,,Freq: 4. Example: ISA 55:5. 
gaba-maurudia,,,,,,Freq: 4. Example: ISA 60:8. 
uhena,,,,,,Freq: 4. Example: ISA 60:21. 
ubulaidia,,,,,,Freq: 4. Example: ISA 62:8. 
hakekerodia,,,,,,Freq: 4. Example: ISA 63:6. 
ihabadugu,,,,,,Freq: 4. Example: ISA 65:3. 
hahonumu,,,,,,Freq: 4. Example: ISA 65:11. 
hahelaḡamu,,,,,,Freq: 4. Example: ISA 66:17. 
kani,,,,,,Freq: 4. Example: JER 2:30. 
batugu,,,,,,Freq: 4. Example: JER 3:3. 
herohe-ahu,,,,,,Freq: 4. Example: JER 6:26. 
heperitome,,,,,,Freq: 4. Example: JER 9:25. 
ihagaridia,,,,,,Freq: 4. Example: JER 10:5. 
huahuamu,,,,,,Freq: 4. Example: JER 12:2. 
ala-alamu,,,,,,Freq: 4. Example: JER 12:12. 
bogalaidia,,,,,,Freq: 4. Example: JER 13:14. 
naoa,,,,,,Freq: 4. Example: JER 17:26. 
heaḡilaimu,,,,,,Freq: 4. Example: JER 20:5. 
si-dagu,,,,,,Freq: 4. Example: JER 25:9. 
dika-rohoroho,,,,,,Freq: 4. Example: JER 29:17. 
hanamele,,,,,,Freq: 4. Example: JER 32:7. 
iruhadia,,,,,,Freq: 4. Example: JER 34:7. 
hekahu-nege,,,,,,Freq: 4. Example: JER 34:8. 
ink,,,,,,Freq: 4. Example: JER 36:18. 
hamaorolaimai,,,,,,Freq: 4. Example: JER 44:16. 
koekoe,,,,,,Freq: 4. Example: JER 48:37. 
helokuna,,,,,,Freq: 4. Example: EZK 2:9. 
dere,,,,,,Freq: 4. Example: EZK 4:4. 
hoilaia,,,,,,Freq: 4. Example: EZK 7:13. 
hu,,,,,,Freq: 4. Example: EZK 10:5. 
hodomu,,,,,,Freq: 4. Example: EZK 16:40. 
heatokau,,,,,,Freq: 4. Example: EZK 18:8. 
hehado,,,,,,Freq: 4. Example: EZK 19:13. 
gogomui,,,,,,Freq: 4. Example: EZK 20:34. 
harakamui,,,,,,Freq: 4. Example: EZK 20:37. 
talaimu,,,,,,Freq: 4. Example: EZK 20:46. 
ḡonaḡonalaimu,,,,,,Freq: 4. Example: EZK 22:5. 
uralai,,,,,,Freq: 4. Example: EZK 22:6. 
heudahanai,,,,,,Freq: 4. Example: EZK 23:45. 
dobu-masemasena,,,,,,Freq: 4. Example: EZK 32:23. 
taomui,,,,,,Freq: 4. Example: EZK 36:3. 
hahedibalaia,,,,,,Freq: 4. Example: EZK 39:7. 
mata-hanaidia,,,,,,Freq: 4. Example: EZK 40:2. 
hekoro,,,,,,Freq: 4. Example: EZK 41:19. 
eukaleli,,,,,,Freq: 4. Example: DAN 3:5. 
ihahemaraidia,,,,,,Freq: 4. Example: DAN 4:37. 
daradarava,,,,,,Freq: 4. Example: DAN 5:9. 
patapatava,,,,,,Freq: 4. Example: DAN 7:7. 
gabriel,,,,,,Freq: 4. Example: DAN 8:16. 
irohodia,,,,,,Freq: 4. Example: DAN 9:24. 
iura-henidia,,,,,,Freq: 4. Example: HOS 4:12. 
tabatabadia,,,,,,Freq: 4. Example: JOL 1:4. 
larebamu,,,,,,Freq: 4. Example: HAB 1:10. 
iḡiḡi-rohorohona,,,,,,Freq: 4. Example: ZEC 1:21. 
hadabualai,,,,,,Freq: 4. Example: MAT 6:30. 
hekehomu,,,,,,Freq: 4. Example: MAT 7:8. 
banilaia,,,,,,Freq: 4. Example: MAT 9:16. 
selote,,,,,,Freq: 4. Example: MAT 10:4. 
torelaia,,,,,,Freq: 4. Example: MAT 11:10. 
ani-dae,,,,,,Freq: 4. Example: MAT 11:19. 
duduhu,,,,,,Freq: 4. Example: MAT 13:15. 
dihona,,,,,,Freq: 4. Example: MAT 14:14. 
genesaret,,,,,,Freq: 4. Example: MAT 14:33. 
muridai,,,,,,Freq: 4. Example: MAT 15:23. 
heloge,,,,,,Freq: 4. Example: MAT 19:23. 
senisi,,,,,,Freq: 4. Example: MAT 21:12. 
hahemaorona,,,,,,Freq: 4. Example: MAT 23:33. 
hagadoi,,,,,,Freq: 4. Example: MAT 24:22. 
eloi,,,,,,Freq: 4. Example: MAT 27:46. 
arimatea,,,,,,Freq: 4. Example: MAT 27:57. 
gabenana,,,,,,Freq: 4. Example: MRK 4:38. 
iairo,,,,,,Freq: 4. Example: MRK 5:20. 
bapatisolaimui,,,,,,Freq: 4. Example: MRK 10:38. 
ruhaiamu,,,,,,Freq: 4. Example: MRK 11:5. 
bina,,,,,,Freq: 4. Example: MRK 13:6. 
heganava,,,,,,Freq: 4. Example: MRK 14:67. 
augusto,,,,,,Freq: 4. Example: LUK 2:1. 
dairi,,,,,,Freq: 4. Example: LUK 7:38. 
boloava,,,,,,Freq: 4. Example: LUK 8:29. 
siloam,,,,,,Freq: 4. Example: LUK 13:4. 
vavemu,,,,,,Freq: 4. Example: LUK 14:10. 
anibouna,,,,,,Freq: 4. Example: LUK 14:15. 
noi-hegame,,,,,,Freq: 4. Example: LUK 16:3. 
toreisi-lou,,,,,,Freq: 4. Example: LUK 20:36. 
hetuitui,,,,,,Freq: 4. Example: LUK 22:41. 
bainama,,,,,,Freq: 4. Example: JHN 14:18. 
hahelalolaimui,,,,,,Freq: 4. Example: JHN 14:26. 
siahumai,,,,,,Freq: 4. Example: JHN 18:31. 
tohova,,,,,,Freq: 4. Example: JHN 19:12. 
berea,,,,,,Freq: 4. Example: ACT 17:9. 
kwalimuva,,,,,,Freq: 4. Example: ACT 19:20. 
habadelaida,,,,,,Freq: 4. Example: ACT 19:40. 
tukiko,,,,,,Freq: 4. Example: ACT 20:4. 
basitato,,,,,,Freq: 4. Example: ROM 9:6. 
luka,,,,,,Freq: 4. Example: ROM 16:21. 
haḡoigu,,,,,,Freq: 4. Example: 1CO 4:16. 
heaḡilaimuimu,,,,,,Freq: 4. Example: 1CO 15:31. 
lauma-anina,,,,,,Freq: 4. Example: 1CO 15:44. 
heaḡilaimui,,,,,,Freq: 4. Example: 2CO 1:13. 
siluano,,,,,,Freq: 4. Example: 2CO 1:19. 
haḡoia,,,,,,Freq: 4. Example: EPH 5:1. 
padanai,,,,,,Freq: 4. Example: 1TH 4:17. 
haḡoidia,,,,,,Freq: 4. Example: HEB 4:11. 
auhituosi,,,,,,Freq: 4. Example: REV 1:20. 
ruahui-haniosi,,,,,,Freq: 4. Example: REV 4:10. 
aleluia,,,,,,Freq: 4. Example: REV 19:1. 
ihididia,,,,,,Freq: 3. Example: GEN 1:7. 
idau-idaudia,,,,,,Freq: 3. Example: GEN 1:11. 
lakara-donodono,,,,,,Freq: 3. Example: GEN 1:21. 
hemaraiva,,,,,,Freq: 3. Example: GEN 2:25. 
kerumana,,,,,,Freq: 3. Example: GEN 3:8. 
geduna,,,,,,Freq: 3. Example: GEN 3:15. 
haberogu,,,,,,Freq: 3. Example: GEN 4:23. 
horomakau,,,,,,Freq: 3. Example: GEN 7:14. 
raramui,,,,,,Freq: 3. Example: GEN 9:5. 
atuamu,,,,,,Freq: 3. Example: GEN 9:17. 
asakena,,,,,,Freq: 3. Example: GEN 10:3. 
elisa,,,,,,Freq: 3. Example: GEN 10:4. 
babel,,,,,,Freq: 3. Example: GEN 10:10. 
kaftorim,,,,,,Freq: 3. Example: GEN 10:14. 
usala,,,,,,Freq: 3. Example: GEN 10:27. 
mesa,,,,,,Freq: 3. Example: GEN 10:30. 
more,,,,,,Freq: 3. Example: GEN 12:6. 
bera,,,,,,Freq: 3. Example: GEN 14:2. 
emim,,,,,,Freq: 3. Example: GEN 14:5. 
kopukopuna,,,,,,Freq: 3. Example: GEN 14:10. 
anere,,,,,,Freq: 3. Example: GEN 14:13. 
salem,,,,,,Freq: 3. Example: GEN 14:18. 
gwvau,,,,,,Freq: 3. Example: GEN 14:22. 
bered,,,,,,Freq: 3. Example: GEN 16:14. 
rakagu,,,,,,Freq: 3. Example: GEN 18:3. 
kirimu,,,,,,Freq: 3. Example: GEN 18:13. 
hariahui,,,,,,Freq: 3. Example: GEN 18:28. 
metaina,,,,,,Freq: 3. Example: GEN 19:8. 
rumu,,,,,,Freq: 3. Example: GEN 20:6. 
sinamai,,,,,,Freq: 3. Example: GEN 20:12. 
lagwa,,,,,,Freq: 3. Example: GEN 21:14. 
taraki-taraki,,,,,,Freq: 3. Example: GEN 21:20. 
fikol,,,,,,Freq: 3. Example: GEN 21:22. 
abihaidia,,,,,,Freq: 3. Example: GEN 22:17. 
kemuel,,,,,,Freq: 3. Example: GEN 22:21. 
reḡuava,,,,,,Freq: 3. Example: GEN 24:2. 
mamugu,,,,,,Freq: 3. Example: GEN 24:2. 
haneulatona,,,,,,Freq: 3. Example: GEN 24:14. 
gadeina,,,,,,Freq: 3. Example: GEN 24:22. 
s,,,,,,Freq: 3. Example: GEN 24:67. 
mibisam,,,,,,Freq: 3. Example: GEN 25:13. 
misima,,,,,,Freq: 3. Example: GEN 25:14. 
nafisi,,,,,,Freq: 3. Example: GEN 25:15. 
tahuni,,,,,,Freq: 3. Example: GEN 26:15. 
gei,,,,,,Freq: 3. Example: GEN 26:18. 
lohilohiva,,,,,,Freq: 3. Example: GEN 26:19. 
esek,,,,,,Freq: 3. Example: GEN 26:20. 
heatulaia,,,,,,Freq: 3. Example: GEN 26:20. 
geia,,,,,,Freq: 3. Example: GEN 26:32. 
darahua,,,,,,Freq: 3. Example: GEN 27:22. 
harahugu,,,,,,Freq: 3. Example: GEN 27:26. 
hehekure,,,,,,Freq: 3. Example: GEN 29:2. 
lalana,,,,,,Freq: 3. Example: GEN 29:12. 
hane-muritai,,,,,,Freq: 3. Example: GEN 29:18. 
madi-namo,,,,,,Freq: 3. Example: GEN 30:11. 
rogorogova,,,,,,Freq: 3. Example: GEN 30:41. 
galeed,,,,,,Freq: 3. Example: GEN 31:47. 
ihamaorolaimu,,,,,,Freq: 3. Example: GEN 32:5. 
murimai,,,,,,Freq: 3. Example: GEN 32:18. 
varovarona,,,,,,Freq: 3. Example: GEN 32:25. 
mamu,,,,,,Freq: 3. Example: GEN 32:32. 
ihamarumaruna,,,,,,Freq: 3. Example: GEN 34:3. 
lalo-hisihisidia,,,,,,Freq: 3. Example: GEN 34:7. 
omara,,,,,,Freq: 3. Example: GEN 36:11. 
sefo,,,,,,Freq: 3. Example: GEN 36:11. 
gatam,,,,,,Freq: 3. Example: GEN 36:11. 
misa,,,,,,Freq: 3. Example: GEN 36:13. 
itiran,,,,,,Freq: 3. Example: GEN 36:26. 
mehetabel,,,,,,Freq: 3. Example: GEN 36:39. 
dotan,,,,,,Freq: 3. Example: GEN 37:17. 
tadida,,,,,,Freq: 3. Example: GEN 37:26. 
itailaina,,,,,,Freq: 3. Example: GEN 37:34. 
hira,,,,,,Freq: 3. Example: GEN 38:1. 
haheadavadia,,,,,,Freq: 3. Example: GEN 38:14. 
gana,,,,,,Freq: 3. Example: GEN 38:18. 
ḡovalaia,,,,,,Freq: 3. Example: GEN 38:19. 
varoda-varodadia,,,,,,Freq: 3. Example: GEN 41:4. 
hamarai,,,,,,Freq: 3. Example: GEN 41:6. 
halougu,,,,,,Freq: 3. Example: GEN 41:13. 
heauva,,,,,,Freq: 3. Example: GEN 41:43. 
potifera,,,,,,Freq: 3. Example: GEN 41:45. 
koumai,,,,,,Freq: 3. Example: GEN 42:30. 
taumuritai,,,,,,Freq: 3. Example: GEN 42:32. 
lalo-hisihisigu,,,,,,Freq: 3. Example: GEN 42:38. 
basiala,,,,,,Freq: 3. Example: GEN 43:5. 
hoigu,,,,,,Freq: 3. Example: GEN 45:4. 
hegagiu,,,,,,Freq: 3. Example: GEN 45:14. 
sered,,,,,,Freq: 3. Example: GEN 46:14. 
ialeel,,,,,,Freq: 3. Example: GEN 46:14. 
hagi,,,,,,Freq: 3. Example: GEN 46:16. 
suni,,,,,,Freq: 3. Example: GEN 46:16. 
eri,,,,,,Freq: 3. Example: GEN 46:16. 
areli,,,,,,Freq: 3. Example: GEN 46:16. 
iaseel,,,,,,Freq: 3. Example: GEN 46:24. 
silem,,,,,,Freq: 3. Example: GEN 46:24. 
ubudiava,,,,,,Freq: 3. Example: GEN 47:22. 
eneheto,,,,,,Freq: 3. Example: GEN 48:18. 
hekwarahidia,,,,,,Freq: 3. Example: EXO 1:14. 
pua,,,,,,Freq: 3. Example: EXO 1:15. 
raro-kaka,,,,,,Freq: 3. Example: EXO 2:3. 
sipora,,,,,,Freq: 3. Example: EXO 2:21. 
araiava,,,,,,Freq: 3. Example: EXO 3:2. 
hahekwarahidiamu,,,,,,Freq: 3. Example: EXO 3:7. 
avatoa,,,,,,Freq: 3. Example: EXO 4:3. 
hahedualai,,,,,,Freq: 3. Example: EXO 4:28. 
rudiamu,,,,,,Freq: 3. Example: EXO 5:5. 
dadabamai,,,,,,Freq: 3. Example: EXO 5:16. 
ladamai,,,,,,Freq: 3. Example: EXO 5:21. 
ihakaudia,,,,,,Freq: 3. Example: EXO 6:27. 
aruva,,,,,,Freq: 3. Example: EXO 7:21. 
hadaedia,,,,,,Freq: 3. Example: EXO 8:5. 
unui,,,,,,Freq: 3. Example: EXO 8:9. 
uni,,,,,,Freq: 3. Example: EXO 8:24. 
idaigu,,,,,,Freq: 3. Example: EXO 9:14. 
noilai,,,,,,Freq: 3. Example: EXO 11:2. 
hakerudia,,,,,,Freq: 3. Example: EXO 11:3. 
guraia,,,,,,Freq: 3. Example: EXO 12:8. 
flaoa-asie-hatubua,,,,,,Freq: 3. Example: EXO 12:17. 
hamasemui,,,,,,Freq: 3. Example: EXO 12:23. 
lagaudia,,,,,,Freq: 3. Example: EXO 12:27. 
dihudia,,,,,,Freq: 3. Example: EXO 12:34. 
noho-kau,,,,,,Freq: 3. Example: EXO 12:45. 
dogomai,,,,,,Freq: 3. Example: EXO 13:15. 
kwadogina,,,,,,Freq: 3. Example: EXO 13:17. 
pi-hahiroto,,,,,,Freq: 3. Example: EXO 14:2. 
baal-sefon,,,,,,Freq: 3. Example: EXO 14:2. 
nenedia,,,,,,Freq: 3. Example: EXO 14:24. 
hadarerediamu,,,,,,Freq: 3. Example: EXO 15:7. 
hahisimu,,,,,,Freq: 3. Example: EXO 15:26. 
maumauraiamu,,,,,,Freq: 3. Example: EXO 16:7. 
maumauraimaimu,,,,,,Freq: 3. Example: EXO 16:7. 
autamona,,,,,,Freq: 3. Example: EXO 16:32. 
hadaimu,,,,,,Freq: 3. Example: EXO 17:4. 
hodogu,,,,,,Freq: 3. Example: EXO 17:4. 
haboioa,,,,,,Freq: 3. Example: EXO 17:14. 
gabunai,,,,,,Freq: 3. Example: EXO 18:5. 
haduamai,,,,,,Freq: 3. Example: EXO 19:23. 
dagadagana,,,,,,Freq: 3. Example: EXO 20:21. 
hagagevadiamu,,,,,,Freq: 3. Example: EXO 23:8. 
asie-hatubua-flaoana,,,,,,Freq: 3. Example: EXO 23:15. 
umu,,,,,,Freq: 3. Example: EXO 23:31. 
budabuda,,,,,,Freq: 3. Example: EXO 25:5. 
diaranuna,,,,,,Freq: 3. Example: EXO 25:6. 
kerubidia,,,,,,Freq: 3. Example: EXO 25:22. 
mereki,,,,,,Freq: 3. Example: EXO 25:29. 
iudadia,,,,,,Freq: 3. Example: EXO 25:38. 
haruaia,,,,,,Freq: 3. Example: EXO 26:12. 
palapala,,,,,,Freq: 3. Example: EXO 28:16. 
barekete,,,,,,Freq: 3. Example: EXO 28:17. 
kwatu,,,,,,Freq: 3. Example: EXO 28:28. 
gabagabadia,,,,,,Freq: 3. Example: EXO 28:33. 
ḡasia,,,,,,Freq: 3. Example: EXO 28:36. 
ḡeḡe,,,,,,Freq: 3. Example: EXO 29:9. 
ahisamaka,,,,,,Freq: 3. Example: EXO 31:6. 
heloḡo-heloḡova,,,,,,Freq: 3. Example: EXO 32:25. 
laḡamui,,,,,,Freq: 3. Example: EXO 34:21. 
iraka-kahi-henina,,,,,,Freq: 3. Example: EXO 34:30. 
bonaida,,,,,,Freq: 3. Example: EXO 35:15. 
negadiai,,,,,,Freq: 3. Example: EXO 37:27. 
ikadolaina,,,,,,Freq: 3. Example: EXO 38:3. 
ihaerodia,,,,,,Freq: 3. Example: EXO 38:23. 
beka,,,,,,Freq: 3. Example: EXO 38:26. 
ḡovalai,,,,,,Freq: 3. Example: EXO 38:28. 
severa-severa,,,,,,Freq: 3. Example: EXO 39:3. 
haḡole-oho,,,,,,Freq: 3. Example: LEV 1:9. 
bakia,,,,,,Freq: 3. Example: LEV 2:6. 
karalaiamu,,,,,,Freq: 3. Example: LEV 4:26. 
kara-koikoi,,,,,,Freq: 3. Example: LEV 6:5. 
hadoki,,,,,,Freq: 3. Example: LEV 6:10. 
huimui,,,,,,Freq: 3. Example: LEV 10:6. 
hadonomu,,,,,,Freq: 3. Example: LEV 11:3. 
mada,,,,,,Freq: 3. Example: LEV 11:6. 
boebedi,,,,,,Freq: 3. Example: LEV 11:18. 
sisiboi,,,,,,Freq: 3. Example: LEV 11:19. 
lohilohia,,,,,,Freq: 3. Example: LEV 11:36. 
kopana,,,,,,Freq: 3. Example: LEV 11:42. 
taohana,,,,,,Freq: 3. Example: LEV 13:6. 
dera,,,,,,Freq: 3. Example: LEV 13:21. 
kiparana,,,,,,Freq: 3. Example: LEV 13:23. 
auki-huina,,,,,,Freq: 3. Example: LEV 13:29. 
leprana,,,,,,Freq: 3. Example: LEV 13:44. 
hedarena,,,,,,Freq: 3. Example: LEV 13:45. 
ihatulaina,,,,,,Freq: 3. Example: LEV 13:48. 
daveraia,,,,,,Freq: 3. Example: LEV 14:16. 
taba-taba,,,,,,Freq: 3. Example: LEV 14:42. 
tabataba,,,,,,Freq: 3. Example: LEV 14:43. 
hamirodiamu,,,,,,Freq: 3. Example: LEV 14:55. 
vesina,,,,,,Freq: 3. Example: LEV 15:16. 
heni-tao,,,,,,Freq: 3. Example: LEV 19:20. 
aukimui,,,,,,Freq: 3. Example: LEV 19:27. 
heiva,,,,,,Freq: 3. Example: LEV 22:24. 
iuduguiraina,,,,,,Freq: 3. Example: LEV 24:9. 
ihahohodia,,,,,,Freq: 3. Example: LEV 25:3. 
iha-imahuina,,,,,,Freq: 3. Example: LEV 25:10. 
hamanau,,,,,,Freq: 3. Example: LEV 26:41. 
bololaia,,,,,,Freq: 3. Example: LEV 27:10. 
pepena,,,,,,Freq: 3. Example: NUM 2:3. 
inauna,,,,,,Freq: 3. Example: NUM 6:5. 
larolarona,,,,,,Freq: 3. Example: NUM 6:19. 
gimamui,,,,,,Freq: 3. Example: NUM 6:24. 
iohiana,,,,,,Freq: 3. Example: NUM 7:18. 
idae,,,,,,Freq: 3. Example: NUM 7:55. 
esee,,,,,,Freq: 3. Example: NUM 10:34. 
tabera,,,,,,Freq: 3. Example: NUM 11:3. 
kiukamba,,,,,,Freq: 3. Example: NUM 11:5. 
vaḡeḡemu,,,,,,Freq: 3. Example: NUM 11:29. 
udumai,,,,,,Freq: 3. Example: NUM 12:2. 
igala,,,,,,Freq: 3. Example: NUM 13:7. 
palti,,,,,,Freq: 3. Example: NUM 13:9. 
gadi,,,,,,Freq: 3. Example: NUM 13:11. 
sesai,,,,,,Freq: 3. Example: NUM 13:22. 
takona,,,,,,Freq: 3. Example: NUM 13:24. 
biaguda,,,,,,Freq: 3. Example: NUM 14:4. 
maumauraigu,,,,,,Freq: 3. Example: NUM 14:27. 
iḡovana,,,,,,Freq: 3. Example: NUM 16:38. 
vadae,,,,,,Freq: 3. Example: NUM 16:47. 
mamaruanemui,,,,,,Freq: 3. Example: NUM 18:10. 
henimaiva,,,,,,Freq: 3. Example: NUM 20:15. 
kouradia,,,,,,Freq: 3. Example: NUM 21:14. 
idume,,,,,,Freq: 3. Example: NUM 22:7. 
kwadigu,,,,,,Freq: 3. Example: NUM 22:28. 
ilao-ahumu,,,,,,Freq: 3. Example: NUM 22:32. 
aie,,,,,,Freq: 3. Example: NUM 22:41. 
baal-peoro,,,,,,Freq: 3. Example: NUM 25:3. 
iasub,,,,,,Freq: 3. Example: NUM 26:24. 
helek,,,,,,Freq: 3. Example: NUM 26:30. 
suhama,,,,,,Freq: 3. Example: NUM 26:42. 
negari-negarina,,,,,,Freq: 3. Example: NUM 28:5. 
kwakikwaki,,,,,,Freq: 3. Example: NUM 31:50. 
namohereadia,,,,,,Freq: 3. Example: NUM 32:1. 
danue,,,,,,Freq: 3. Example: NUM 32:36. 
baal-meono,,,,,,Freq: 3. Example: NUM 32:38. 
iotobata,,,,,,Freq: 3. Example: NUM 33:33. 
akrabim,,,,,,Freq: 3. Example: NUM 34:4. 
asamon,,,,,,Freq: 3. Example: NUM 34:4. 
hemaka,,,,,,Freq: 3. Example: DEU 1:16. 
maoromaoromui,,,,,,Freq: 3. Example: DEU 1:16. 
asiola,,,,,,Freq: 3. Example: DEU 1:26. 
iefune,,,,,,Freq: 3. Example: DEU 1:36. 
tala,,,,,,Freq: 3. Example: DEU 2:8. 
avim,,,,,,Freq: 3. Example: DEU 2:23. 
kaftoro,,,,,,Freq: 3. Example: DEU 2:23. 
ikahidia,,,,,,Freq: 3. Example: DEU 3:5. 
inemaina,,,,,,Freq: 3. Example: DEU 3:14. 
gwarumena,,,,,,Freq: 3. Example: DEU 4:18. 
ḡaraka-ḡaraka,,,,,,Freq: 3. Example: DEU 4:24. 
roharohamu,,,,,,Freq: 3. Example: DEU 4:28. 
haheitalaida,,,,,,Freq: 3. Example: DEU 5:24. 
matauraigu,,,,,,Freq: 3. Example: DEU 5:29. 
haḡanilaimumu,,,,,,Freq: 3. Example: DEU 6:6. 
hamauridamu,,,,,,Freq: 3. Example: DEU 6:24. 
hamomokanimu,,,,,,Freq: 3. Example: DEU 7:9. 
itohodia,,,,,,Freq: 3. Example: DEU 8:2. 
hereamui,,,,,,Freq: 3. Example: DEU 9:1. 
kirikirilaimu,,,,,,Freq: 3. Example: DEU 9:28. 
ihapariparidia,,,,,,Freq: 3. Example: DEU 11:10. 
henina,,,,,,Freq: 3. Example: DEU 11:30. 
ḡaua,,,,,,Freq: 3. Example: DEU 14:7. 
iruha-negena,,,,,,Freq: 3. Example: DEU 15:18. 
imoilaina,,,,,,Freq: 3. Example: DEU 16:13. 
gwaumui,,,,,,Freq: 3. Example: DEU 18:14. 
hedave,,,,,,Freq: 3. Example: DEU 19:5. 
holoa,,,,,,Freq: 3. Example: DEU 19:14. 
kahauna,,,,,,Freq: 3. Example: DEU 21:12. 
taubadadia,,,,,,Freq: 3. Example: DEU 21:20. 
gatoina,,,,,,Freq: 3. Example: DEU 22:6. 
eia,,,,,,Freq: 3. Example: DEU 23:3. 
manoriva,,,,,,Freq: 3. Example: DEU 25:18. 
manokava,,,,,,Freq: 3. Example: DEU 25:18. 
uduguirai,,,,,,Freq: 3. Example: DEU 27:21. 
hataḡamui,,,,,,Freq: 3. Example: DEU 28:11. 
gaigai-gaigai,,,,,,Freq: 3. Example: DEU 28:39. 
hadabumui,,,,,,Freq: 3. Example: DEU 28:53. 
inonoḡadia,,,,,,Freq: 3. Example: DEU 28:54. 
au-siri,,,,,,Freq: 3. Example: DEU 29:11. 
vaḡege,,,,,,Freq: 3. Example: DEU 29:20. 
havaḡeḡea,,,,,,Freq: 3. Example: DEU 32:16. 
habadudia,,,,,,Freq: 3. Example: DEU 32:21. 
hahemaorolaia,,,,,,Freq: 3. Example: DEU 33:21. 
henumu,,,,,,Freq: 3. Example: DEU 33:27. 
tahumuimu,,,,,,Freq: 3. Example: JOS 2:16. 
saretan,,,,,,Freq: 3. Example: JOS 3:16. 
matauraiava,,,,,,Freq: 3. Example: JOS 4:14. 
laudia,,,,,,Freq: 3. Example: JOS 6:1. 
ranu-utu,,,,,,Freq: 3. Example: JOS 9:21. 
hereaiava,,,,,,Freq: 3. Example: JOS 10:2. 
hamarerea,,,,,,Freq: 3. Example: JOS 10:21. 
iherevalaidia,,,,,,Freq: 3. Example: JOS 10:21. 
akasaf,,,,,,Freq: 3. Example: JOS 11:2. 
baal-gad,,,,,,Freq: 3. Example: JOS 11:17. 
ḡagaedia,,,,,,Freq: 3. Example: JOS 12:8. 
iokoneam,,,,,,Freq: 3. Example: JOS 12:22. 
sihoro,,,,,,Freq: 3. Example: JOS 13:3. 
matamaiamu,,,,,,Freq: 3. Example: JOS 13:16. 
rekeme,,,,,,Freq: 3. Example: JOS 13:21. 
herevagu,,,,,,Freq: 3. Example: JOS 14:6. 
taberona,,,,,,Freq: 3. Example: JOS 15:2. 
bete-hogla,,,,,,Freq: 3. Example: JOS 15:6. 
kiriata-sefere,,,,,,Freq: 3. Example: JOS 15:16. 
kabsele,,,,,,Freq: 3. Example: JOS 15:21. 
eseme,,,,,,Freq: 3. Example: JOS 15:29. 
asna,,,,,,Freq: 3. Example: JOS 15:33. 
saaraimi,,,,,,Freq: 3. Example: JOS 15:36. 
gedera,,,,,,Freq: 3. Example: JOS 15:36. 
latiri,,,,,,Freq: 3. Example: JOS 15:48. 
holon,,,,,,Freq: 3. Example: JOS 15:51. 
bete-suru,,,,,,Freq: 3. Example: JOS 15:58. 
laflete,,,,,,Freq: 3. Example: JOS 16:3. 
ibleam,,,,,,Freq: 3. Example: JOS 17:11. 
en-doro,,,,,,Freq: 3. Example: JOS 17:11. 
heḡege,,,,,,Freq: 3. Example: JOS 18:17. 
kabulu,,,,,,Freq: 3. Example: JOS 19:27. 
bet-anata,,,,,,Freq: 3. Example: JOS 19:38. 
baalata,,,,,,Freq: 3. Example: JOS 19:44. 
gata-rimon,,,,,,Freq: 3. Example: JOS 21:24. 
iao,,,,,,Freq: 3. Example: JOS 23:7. 
momokanimui,,,,,,Freq: 3. Example: JOS 24:14. 
besek,,,,,,Freq: 3. Example: JDG 1:4. 
adoni-besek,,,,,,Freq: 3. Example: JDG 1:5. 
tadidia,,,,,,Freq: 3. Example: JDG 1:17. 
goadava,,,,,,Freq: 3. Example: JDG 1:28. 
bokimi,,,,,,Freq: 3. Example: JDG 2:1. 
hanaidia,,,,,,Freq: 3. Example: JDG 3:26. 
haroset-ha-goim,,,,,,Freq: 3. Example: JDG 4:2. 
kanota,,,,,,Freq: 3. Example: JDG 4:15. 
lavu,,,,,,Freq: 3. Example: JDG 4:21. 
inegena,,,,,,Freq: 3. Example: JDG 5:18. 
hegimava,,,,,,Freq: 3. Example: JDG 8:11. 
letere,,,,,,Freq: 3. Example: JDG 8:20. 
avaladia,,,,,,Freq: 3. Example: JDG 8:20. 
turiamui,,,,,,Freq: 3. Example: JDG 9:2. 
bete-milo,,,,,,Freq: 3. Example: JDG 9:6. 
sida-audia,,,,,,Freq: 3. Example: JDG 9:15. 
lotam,,,,,,Freq: 3. Example: JDG 9:21. 
haheḡiḡia,,,,,,Freq: 3. Example: JDG 9:45. 
murimuridia,,,,,,Freq: 3. Example: JDG 11:18. 
ituarihenidia,,,,,,Freq: 3. Example: JDG 11:31. 
tarekodia,,,,,,Freq: 3. Example: JDG 11:34. 
hahekwakwanaigu,,,,,,Freq: 3. Example: JDG 11:35. 
toi-ahui-osi,,,,,,Freq: 3. Example: JDG 12:9. 
mahane-dan,,,,,,Freq: 3. Example: JDG 13:25. 
labolabo,,,,,,Freq: 3. Example: JDG 14:8. 
ḡuilai,,,,,,Freq: 3. Example: JDG 15:14. 
maoradia,,,,,,Freq: 3. Example: JDG 16:7. 
guia,,,,,,Freq: 3. Example: JDG 16:12. 
gwada-tao,,,,,,Freq: 3. Example: JDG 16:13. 
haveveamu,,,,,,Freq: 3. Example: JDG 17:3. 
sinahu-tauratoiosi,,,,,,Freq: 3. Example: JDG 18:16. 
nadi-hagana,,,,,,Freq: 3. Example: JDG 20:45. 
tato,,,,,,Freq: 3. Example: JDG 21:7. 
kilion,,,,,,Freq: 3. Example: RUT 1:2. 
rava-bada,,,,,,Freq: 3. Example: RUT 1:18. 
hageremu,,,,,,Freq: 3. Example: RUT 2:19. 
kopimu,,,,,,Freq: 3. Example: RUT 3:3. 
tohu,,,,,,Freq: 3. Example: 1SA 1:1. 
penina,,,,,,Freq: 3. Example: 1SA 1:2. 
va,,,,,,Freq: 3. Example: 1SA 1:12. 
hekamonaiva,,,,,,Freq: 3. Example: 1SA 1:13. 
halasiamu,,,,,,Freq: 3. Example: 1SA 1:15. 
hariolaimu,,,,,,Freq: 3. Example: 1SA 2:4. 
healamu,,,,,,Freq: 3. Example: 1SA 2:6. 
ha-ogoḡamidiamu,,,,,,Freq: 3. Example: 1SA 2:7. 
gvvau,,,,,,Freq: 3. Example: 1SA 2:23. 
hegame,,,,,,Freq: 3. Example: 1SA 2:36. 
ebenesere,,,,,,Freq: 3. Example: 1SA 4:1. 
hadarereda,,,,,,Freq: 3. Example: 1SA 4:3. 
taudiae,,,,,,Freq: 3. Example: 1SA 4:18. 
ikabod,,,,,,Freq: 3. Example: 1SA 4:21. 
taudiaese,,,,,,Freq: 3. Example: 1SA 6:21. 
kahada,,,,,,Freq: 3. Example: 1SA 7:12. 
inaduna,,,,,,Freq: 3. Example: 1SA 8:13. 
dogorona,,,,,,Freq: 3. Example: 1SA 9:21. 
ruirui,,,,,,Freq: 3. Example: 1SA 10:5. 
ikodo,,,,,,Freq: 3. Example: 1SA 13:21. 
duruda,,,,,,Freq: 3. Example: 1SA 14:6. 
hamaoroda,,,,,,Freq: 3. Example: 1SA 14:9. 
heloḡoheloḡo,,,,,,Freq: 3. Example: 1SA 14:19. 
lalo-namona,,,,,,Freq: 3. Example: 1SA 15:32. 
tonika-tonika,,,,,,Freq: 3. Example: 1SA 16:12. 
ihataina,,,,,,Freq: 3. Example: 1SA 16:16. 
matani-ḡadiva,,,,,,Freq: 3. Example: 1SA 17:6. 
aumu,,,,,,Freq: 3. Example: 1SA 17:43. 
raia,,,,,,Freq: 3. Example: 1SA 18:11. 
dagigu,,,,,,Freq: 3. Example: 1SA 18:23. 
hahekurea,,,,,,Freq: 3. Example: 1SA 19:13. 
goada-goada,,,,,,Freq: 3. Example: 1SA 20:6. 
kinodia,,,,,,Freq: 3. Example: 1SA 20:20. 
gadaia,,,,,,Freq: 3. Example: 1SA 20:38. 
iabiohona,,,,,,Freq: 3. Example: 1SA 23:15. 
hakila,,,,,,Freq: 3. Example: 1SA 23:19. 
igavana,,,,,,Freq: 3. Example: 1SA 23:28. 
heautanidiamu,,,,,,Freq: 3. Example: 1SA 25:10. 
basitama,,,,,,Freq: 3. Example: 1SA 25:34. 
ihuridia,,,,,,Freq: 3. Example: 1SA 25:41. 
havagumu,,,,,,Freq: 3. Example: 1SA 26:18. 
nanadaigumu,,,,,,Freq: 3. Example: 1SA 28:16. 
besoro,,,,,,Freq: 3. Example: 1SA 30:9. 
goreregu,,,,,,Freq: 3. Example: 1SA 30:13. 
evaeva,,,,,,Freq: 3. Example: 1SA 30:16. 
bete-sana,,,,,,Freq: 3. Example: 1SA 31:10. 
maunmu,,,,,,Freq: 3. Example: 2SA 1:9. 
toea,,,,,,Freq: 3. Example: 2SA 1:10. 
daḡae,,,,,,Freq: 3. Example: 2SA 2:16. 
laurimu,,,,,,Freq: 3. Example: 2SA 2:21. 
ibihara,,,,,,Freq: 3. Example: 2SA 5:15. 
irahu-masedia,,,,,,Freq: 3. Example: 2SA 5:24. 
hegereḡeredia,,,,,,Freq: 3. Example: 2SA 7:9. 
hamareredia,,,,,,Freq: 3. Example: 2SA 7:10. 
ḡuriḡun,,,,,,Freq: 3. Example: 2SA 7:27. 
hahelagadia,,,,,,Freq: 3. Example: 2SA 8:11. 
gado-namo,,,,,,Freq: 3. Example: 2SA 9:3. 
boina,,,,,,Freq: 3. Example: 2SA 9:9. 
arnono,,,,,,Freq: 3. Example: 2SA 10:2. 
taruhamu,,,,,,Freq: 3. Example: 2SA 11:11. 
isivadia,,,,,,Freq: 3. Example: 2SA 12:31. 
tohotohoa,,,,,,Freq: 3. Example: 2SA 14:2. 
dihi,,,,,,Freq: 3. Example: 2SA 14:7. 
daumu,,,,,,Freq: 3. Example: 2SA 14:10. 
imodaiava,,,,,,Freq: 3. Example: 2SA 14:25. 
metauva,,,,,,Freq: 3. Example: 2SA 14:26. 
ibs,,,,,,Freq: 3. Example: 2SA 14:26. 
heheḡaeḡae,,,,,,Freq: 3. Example: 2SA 15:15. 
hitolodiamu,,,,,,Freq: 3. Example: 2SA 17:29. 
ikahamai,,,,,,Freq: 3. Example: 2SA 18:3. 
sihona,,,,,,Freq: 3. Example: 2SA 18:24. 
ihakau-louna,,,,,,Freq: 3. Example: 2SA 19:10. 
dadaraimaimu,,,,,,Freq: 3. Example: 2SA 19:43. 
abele,,,,,,Freq: 3. Example: 2SA 20:14. 
senua,,,,,,Freq: 3. Example: 2SA 20:15. 
henirnui,,,,,,Freq: 3. Example: 2SA 21:3. 
ḡaulatalatana,,,,,,Freq: 3. Example: 2SA 21:20. 
idoagu,,,,,,Freq: 3. Example: 2SA 22:6. 
beua,,,,,,Freq: 3. Example: 2SA 22:10. 
haraḡa-haraga,,,,,,Freq: 3. Example: 2SA 22:11. 
moalelaigu,,,,,,Freq: 3. Example: 2SA 22:20. 
ha-igodia,,,,,,Freq: 3. Example: 2SA 22:28. 
hadiariamu,,,,,,Freq: 3. Example: 2SA 22:29. 
bua,,,,,,Freq: 3. Example: 2SA 22:38. 
hakerehaidia,,,,,,Freq: 3. Example: 2SA 22:41. 
idogo-taona,,,,,,Freq: 3. Example: 2SA 23:10. 
lehoiada,,,,,,Freq: 3. Example: 2SA 23:20. 
ikese,,,,,,Freq: 3. Example: 2SA 23:26. 
maharai,,,,,,Freq: 3. Example: 2SA 23:28. 
gareb,,,,,,Freq: 3. Example: 2SA 23:38. 
aladiava,,,,,,Freq: 3. Example: 2SA 24:17. 
pagadia,,,,,,Freq: 3. Example: 2SA 24:22. 
reḡumu,,,,,,Freq: 3. Example: 1KI 1:2. 
haḡeremumu,,,,,,Freq: 3. Example: 1KI 1:20. 
gabugu,,,,,,Freq: 3. Example: 1KI 1:30. 
heabidadamadia,,,,,,Freq: 3. Example: 1KI 2:4. 
metau-hereana,,,,,,Freq: 3. Example: 1KI 2:23. 
haheduamu,,,,,,Freq: 3. Example: 1KI 2:30. 
asinato,,,,,,Freq: 3. Example: 1KI 2:42. 
baana,,,,,,Freq: 3. Example: 1KI 4:12. 
au-utu,,,,,,Freq: 3. Example: 1KI 5:6. 
nadi-utu,,,,,,Freq: 3. Example: 1KI 5:15. 
ḡeidia,,,,,,Freq: 3. Example: 1KI 5:17. 
ioradia,,,,,,Freq: 3. Example: 1KI 6:4. 
rotonadia,,,,,,Freq: 3. Example: 1KI 6:4. 
hagere-kau,,,,,,Freq: 3. Example: 1KI 6:5. 
irna,,,,,,Freq: 3. Example: 1KI 6:6. 
to-tao,,,,,,Freq: 3. Example: 1KI 6:6. 
haradia,,,,,,Freq: 3. Example: 1KI 6:10. 
govadia,,,,,,Freq: 3. Example: 1KI 6:32. 
toi-lasi,,,,,,Freq: 3. Example: 1KI 7:6. 
lakin,,,,,,Freq: 3. Example: 1KI 7:21. 
itoilaidia,,,,,,Freq: 3. Example: 1KI 7:30. 
o-tao,,,,,,Freq: 3. Example: 1KI 7:33. 
ilahasidia,,,,,,Freq: 3. Example: 1KI 7:41. 
hereadaena,,,,,,Freq: 3. Example: 1KI 8:13. 
rautunu,,,,,,Freq: 3. Example: 1KI 8:37. 
haerelai,,,,,,Freq: 3. Example: 1KI 10:3. 
tabekau,,,,,,Freq: 3. Example: 1KI 10:19. 
hoihoilaidia,,,,,,Freq: 3. Example: 1KI 10:29. 
giroa,,,,,,Freq: 3. Example: 1KI 11:4. 
tapene,,,,,,Freq: 3. Example: 1KI 11:19. 
ihagwautaimana,,,,,,Freq: 3. Example: 1KI 12:32. 
peroveta-tauna,,,,,,Freq: 3. Example: 1KI 13:20. 
oromamu,,,,,,Freq: 3. Example: 1KI 14:2. 
gorereamu,,,,,,Freq: 3. Example: 1KI 14:5. 
ihakauna,,,,,,Freq: 3. Example: 1KI 14:7. 
ḡigia,,,,,,Freq: 3. Example: 1KI 15:19. 
lehu,,,,,,Freq: 3. Example: 1KI 16:7. 
tibni,,,,,,Freq: 3. Example: 1KI 16:21. 
segubu,,,,,,Freq: 3. Example: 1KI 16:34. 
haraivaia,,,,,,Freq: 3. Example: 1KI 18:18. 
laina,,,,,,Freq: 3. Example: 1KI 18:45. 
hahonuava,,,,,,Freq: 3. Example: 1KI 20:27. 
igavadia,,,,,,Freq: 3. Example: 1KI 21:26. 
hahemanaumu,,,,,,Freq: 3. Example: 1KI 21:29. 
ihereva-henimu,,,,,,Freq: 3. Example: 1KI 22:24. 
ita-itagu,,,,,,Freq: 3. Example: 1KI 22:30. 
habaduava,,,,,,Freq: 3. Example: 1KI 22:53. 
goledia,,,,,,Freq: 3. Example: 2KI 1:10. 
haḡeremu,,,,,,Freq: 3. Example: 2KI 3:14. 
ha-abi,,,,,,Freq: 3. Example: 2KI 3:23. 
dagaia,,,,,,Freq: 3. Example: 2KI 4:29. 
asinala,,,,,,Freq: 3. Example: 2KI 5:25. 
huari,,,,,,Freq: 3. Example: 2KI 6:18. 
regedia,,,,,,Freq: 3. Example: 2KI 6:32. 
horomumu,,,,,,Freq: 3. Example: 2KI 9:3. 
igo-itana,,,,,,Freq: 3. Example: 2KI 9:16. 
sibia,,,,,,Freq: 3. Example: 2KI 12:1. 
simeata,,,,,,Freq: 3. Example: 2KI 12:21. 
sida-auna,,,,,,Freq: 3. Example: 2KI 14:9. 
lona,,,,,,Freq: 3. Example: 2KI 14:25. 
imahui-rua,,,,,,Freq: 3. Example: 2KI 15:2. 
pulu,,,,,,Freq: 3. Example: 2KI 15:19. 
tiglata-pilesere,,,,,,Freq: 3. Example: 2KI 15:29. 
haboro,,,,,,Freq: 3. Example: 2KI 17:6. 
adram-melek,,,,,,Freq: 3. Example: 2KI 17:31. 
hakalava,,,,,,Freq: 3. Example: 2KI 18:12. 
rabsarisi,,,,,,Freq: 3. Example: 2KI 18:17. 
igoadalaina,,,,,,Freq: 3. Example: 2KI 18:20. 
ḡonagonalaia,,,,,,Freq: 3. Example: 2KI 19:22. 
saresere,,,,,,Freq: 3. Example: 2KI 19:37. 
esarahadon,,,,,,Freq: 3. Example: 2KI 19:37. 
ḡagae,,,,,,Freq: 3. Example: 2KI 22:19. 
hagoledia,,,,,,Freq: 3. Example: 2KI 23:16. 
hamutala,,,,,,Freq: 3. Example: 2KI 23:31. 
heḡegemadai,,,,,,Freq: 3. Example: 2KI 25:10. 
iaasania,,,,,,Freq: 3. Example: 2KI 25:23. 
iekamia,,,,,,Freq: 3. Example: 1CH 2:41. 
nearia,,,,,,Freq: 3. Example: 1CH 3:22. 
pelaia,,,,,,Freq: 3. Example: 1CH 3:24. 
hela,,,,,,Freq: 3. Example: 1CH 4:5. 
geharasimi,,,,,,Freq: 3. Example: 1CH 4:14. 
sirnei,,,,,,Freq: 3. Example: 1CH 4:26. 
tiglata-pilnesere,,,,,,Freq: 3. Example: 1CH 5:6. 
iasere,,,,,,Freq: 3. Example: 1CH 6:81. 
supim,,,,,,Freq: 3. Example: 1CH 7:12. 
ulama,,,,,,Freq: 3. Example: 1CH 7:17. 
eleada,,,,,,Freq: 3. Example: 1CH 7:20. 
rafa,,,,,,Freq: 3. Example: 1CH 8:2. 
elpala,,,,,,Freq: 3. Example: 1CH 8:11. 
mikloto,,,,,,Freq: 3. Example: 1CH 8:32. 
imri,,,,,,Freq: 3. Example: 1CH 9:4. 
ibiagudia,,,,,,Freq: 3. Example: 1CH 9:23. 
gaukarava,,,,,,Freq: 3. Example: 1CH 9:33. 
iara,,,,,,Freq: 3. Example: 1CH 9:42. 
iasobeama,,,,,,Freq: 3. Example: 1CH 11:11. 
pelono,,,,,,Freq: 3. Example: 1CH 11:27. 
simri,,,,,,Freq: 3. Example: 1CH 11:45. 
iaasiel,,,,,,Freq: 3. Example: 1CH 11:47. 
iahasiel,,,,,,Freq: 3. Example: 1CH 12:4. 
isia,,,,,,Freq: 3. Example: 1CH 12:6. 
elsabad,,,,,,Freq: 3. Example: 1CH 12:12. 
manedia,,,,,,Freq: 3. Example: 1CH 12:40. 
asasia,,,,,,Freq: 3. Example: 1CH 15:21. 
kenania,,,,,,Freq: 3. Example: 1CH 15:22. 
hahedarere,,,,,,Freq: 3. Example: 1CH 19:3. 
auki-huidia,,,,,,Freq: 3. Example: 1CH 19:4. 
ḡaulatalata,,,,,,Freq: 3. Example: 1CH 20:6. 
domaga-gwauta,,,,,,Freq: 3. Example: 1CH 22:14. 
sebuele,,,,,,Freq: 3. Example: 1CH 23:16. 
ihahahanina,,,,,,Freq: 3. Example: 1CH 23:19. 
bilga,,,,,,Freq: 3. Example: 1CH 24:14. 
ihagwauta-tauratoina,,,,,,Freq: 3. Example: 1CH 24:14. 
subaele,,,,,,Freq: 3. Example: 1CH 24:20. 
lesaia,,,,,,Freq: 3. Example: 1CH 25:15. 
heledai,,,,,,Freq: 3. Example: 1CH 27:15. 
hahutumaia,,,,,,Freq: 3. Example: 1CH 27:23. 
sisigana,,,,,,Freq: 3. Example: 1CH 27:24. 
dehorodia,,,,,,Freq: 3. Example: 1CH 27:28. 
lamepana,,,,,,Freq: 3. Example: 1CH 28:15. 
dudukaumu,,,,,,Freq: 3. Example: 1CH 29:17. 
gahuna,,,,,,Freq: 3. Example: 2CH 1:9. 
diba-maoro,,,,,,Freq: 3. Example: 2CH 2:12. 
ilahasi-kuborodia,,,,,,Freq: 3. Example: 2CH 4:12. 
ḡuriḡurina,,,,,,Freq: 3. Example: 2CH 6:40. 
ḡuriḡuridia,,,,,,Freq: 3. Example: 2CH 7:15. 
butumu,,,,,,Freq: 3. Example: 2CH 7:20. 
gabudiamu,,,,,,Freq: 3. Example: 2CH 13:11. 
odede,,,,,,Freq: 3. Example: 2CH 15:1. 
idurulaidia,,,,,,Freq: 3. Example: 2CH 16:9. 
ituari-henimu,,,,,,Freq: 3. Example: 2CH 20:2. 
lulumai,,,,,,Freq: 3. Example: 2CH 20:11. 
goadamai,,,,,,Freq: 3. Example: 2CH 20:12. 
hahebada,,,,,,Freq: 3. Example: 2CH 24:19. 
namomui,,,,,,Freq: 3. Example: 2CH 24:20. 
kahamu,,,,,,Freq: 3. Example: 2CH 25:8. 
mesilemoto,,,,,,Freq: 3. Example: 2CH 28:12. 
konania,,,,,,Freq: 3. Example: 2CH 31:12. 
miniamini,,,,,,Freq: 3. Example: 2CH 31:15. 
koimuimu,,,,,,Freq: 3. Example: 2CH 32:11. 
lololai,,,,,,Freq: 3. Example: 2CH 32:18. 
gigidia,,,,,,Freq: 3. Example: 2CH 34:4. 
karakemisi,,,,,,Freq: 3. Example: 2CH 35:20. 
adonikama,,,,,,Freq: 3. Example: EZR 2:13. 
hadidi,,,,,,Freq: 3. Example: EZR 2:33. 
minadia,,,,,,Freq: 3. Example: EZR 2:69. 
iosadak,,,,,,Freq: 3. Example: EZR 3:2. 
ihahebadelaidia,,,,,,Freq: 3. Example: EZR 4:6. 
durudiava,,,,,,Freq: 3. Example: EZR 5:2. 
henanadaidia,,,,,,Freq: 3. Example: EZR 7:14. 
ahava,,,,,,Freq: 3. Example: EZR 8:15. 
kimore-kimorena,,,,,,Freq: 3. Example: EZR 8:27. 
heude-heudeva,,,,,,Freq: 3. Example: EZR 10:9. 
badabadava,,,,,,Freq: 3. Example: EZR 10:9. 
sabetai,,,,,,Freq: 3. Example: EZR 10:15. 
kelita,,,,,,Freq: 3. Example: EZR 10:23. 
matenai,,,,,,Freq: 3. Example: EZR 10:33. 
horono,,,,,,Freq: 3. Example: NEH 2:10. 
heḡiḡi-dobina,,,,,,Freq: 3. Example: NEH 2:13. 
mesesabele,,,,,,Freq: 3. Example: NEH 3:4. 
ioiada,,,,,,Freq: 3. Example: NEH 3:6. 
lababa-bada,,,,,,Freq: 3. Example: NEH 3:8. 
kolohose,,,,,,Freq: 3. Example: NEH 3:15. 
henadad,,,,,,Freq: 3. Example: NEH 3:18. 
hamatamatadia,,,,,,Freq: 3. Example: NEH 4:2. 
hahegiḡia,,,,,,Freq: 3. Example: NEH 4:3. 
padada,,,,,,Freq: 3. Example: NEH 4:19. 
davedavea,,,,,,Freq: 3. Example: NEH 5:13. 
inihetomadia,,,,,,Freq: 3. Example: NEH 6:14. 
iharuahui-imana,,,,,,Freq: 3. Example: NEH 6:15. 
dagedage,,,,,,Freq: 3. Example: NEH 9:10. 
moalelaiava,,,,,,Freq: 3. Example: NEH 9:25. 
baroko,,,,,,Freq: 3. Example: NEH 10:37. 
kolaia,,,,,,Freq: 3. Example: NEH 11:7. 
bakabukia,,,,,,Freq: 3. Example: NEH 11:17. 
ioiakim,,,,,,Freq: 3. Example: NEH 12:10. 
hosaia,,,,,,Freq: 3. Example: NEH 12:32. 
butu,,,,,,Freq: 3. Example: NEH 13:25. 
hamiro,,,,,,Freq: 3. Example: NEH 13:29. 
ruahui-hitu,,,,,,Freq: 3. Example: EST 1:1. 
taḡadia,,,,,,Freq: 3. Example: EST 1:4. 
memukana,,,,,,Freq: 3. Example: EST 1:14. 
ihahairaidia,,,,,,Freq: 3. Example: EST 2:12. 
hagauhagau,,,,,,Freq: 3. Example: EST 2:18. 
puru,,,,,,Freq: 3. Example: EST 3:7. 
bavanivaga,,,,,,Freq: 3. Example: EST 4:16. 
edehohodia,,,,,,Freq: 3. Example: EST 5:11. 
vavegu,,,,,,Freq: 3. Example: EST 5:12. 
ihadareredia,,,,,,Freq: 3. Example: EST 9:24. 
sabea,,,,,,Freq: 3. Example: JOB 1:15. 
ḡabora,,,,,,Freq: 3. Example: JOB 3:5. 
hamaseamu,,,,,,Freq: 3. Example: JOB 5:2. 
diburamu,,,,,,Freq: 3. Example: JOB 5:14. 
kouamu,,,,,,Freq: 3. Example: JOB 5:16. 
rauamu,,,,,,Freq: 3. Example: JOB 5:20. 
hunimu,,,,,,Freq: 3. Example: JOB 5:21. 
hedibaḡanidia,,,,,,Freq: 3. Example: JOB 6:15. 
lalo-hadailaiamu,,,,,,Freq: 3. Example: JOB 7:17. 
magera,,,,,,Freq: 3. Example: JOB 8:14. 
valavalana,,,,,,Freq: 3. Example: JOB 8:14. 
revagu,,,,,,Freq: 3. Example: JOB 9:20. 
ḡovadiamu,,,,,,Freq: 3. Example: JOB 9:24. 
sopu,,,,,,Freq: 3. Example: JOB 9:30. 
dorigu,,,,,,Freq: 3. Example: JOB 9:31. 
varovaro,,,,,,Freq: 3. Example: JOB 10:11. 
hagarimu,,,,,,Freq: 3. Example: JOB 11:19. 
aonegagu,,,,,,Freq: 3. Example: JOB 12:3. 
hadiaridiamu,,,,,,Freq: 3. Example: JOB 12:22. 
habadadiamu,,,,,,Freq: 3. Example: JOB 12:23. 
ha-idauamu,,,,,,Freq: 3. Example: JOB 14:20. 
hadibaiamu,,,,,,Freq: 3. Example: JOB 15:5. 
ibamodia,,,,,,Freq: 3. Example: JOB 15:34. 
hagoadamui,,,,,,Freq: 3. Example: JOB 16:5. 
daregu,,,,,,Freq: 3. Example: JOB 16:9. 
ḡonaḡonalaigumu,,,,,,Freq: 3. Example: JOB 16:20. 
halaomaimu,,,,,,Freq: 3. Example: JOB 18:3. 
hahekwakwanaiamu,,,,,,Freq: 3. Example: JOB 18:7. 
ha-oremu,,,,,,Freq: 3. Example: JOB 18:13. 
ihahisina,,,,,,Freq: 3. Example: JOB 19:22. 
hegegemu,,,,,,Freq: 3. Example: JOB 22:14. 
laurigu,,,,,,Freq: 3. Example: JOB 23:9. 
dadidiamu,,,,,,Freq: 3. Example: JOB 24:2. 
imoilaidia,,,,,,Freq: 3. Example: JOB 24:11. 
parakana,,,,,,Freq: 3. Example: JOB 24:19. 
laḡagu,,,,,,Freq: 3. Example: JOB 27:3. 
kape,,,,,,Freq: 3. Example: JOB 29:10. 
goadalaimu,,,,,,Freq: 3. Example: JOB 30:13. 
davarigumu,,,,,,Freq: 3. Example: JOB 30:27. 
rahumu,,,,,,Freq: 3. Example: JOB 31:26. 
toagu,,,,,,Freq: 3. Example: JOB 31:35. 
latalatadia,,,,,,Freq: 3. Example: JOB 31:38. 
poumu,,,,,,Freq: 3. Example: JOB 32:19. 
ikaragu,,,,,,Freq: 3. Example: JOB 32:22. 
ihahisihisidia,,,,,,Freq: 3. Example: JOB 36:15. 
hepiu,,,,,,Freq: 3. Example: JOB 36:29. 
haḡaniamu,,,,,,Freq: 3. Example: JOB 36:32. 
hadonogu,,,,,,Freq: 3. Example: JOB 37:20. 
heaḡidia,,,,,,Freq: 3. Example: JOB 38:11. 
petadia,,,,,,Freq: 3. Example: JOB 38:13. 
lahidia,,,,,,Freq: 3. Example: JOB 38:35. 
harohoamu,,,,,,Freq: 3. Example: JOB 39:20. 
telimi,,,,,,Freq: 3. Example: JOB 40:21. 
ririamu,,,,,,Freq: 3. Example: JOB 41:24. 
magigimu,,,,,,Freq: 3. Example: JOB 41:25. 
gwaragwara,,,,,,Freq: 3. Example: JOB 41:32. 
sivaraimu,,,,,,Freq: 3. Example: JOB 42:5. 
heude-heudemui,,,,,,Freq: 3. Example: PSA 2:11. 
namogu,,,,,,Freq: 3. Example: PSA 4:2. 
hegimamu,,,,,,Freq: 3. Example: PSA 5:3. 
hekokorokudia,,,,,,Freq: 3. Example: PSA 10:2. 
hamoruamu,,,,,,Freq: 3. Example: PSA 10:10. 
matauraimumu,,,,,,Freq: 3. Example: PSA 16:10. 
idarena,,,,,,Freq: 3. Example: PSA 17:12. 
u,,,,,,Freq: 3. Example: PSA 18:34. 
hapapadiamu,,,,,,Freq: 3. Example: PSA 19:8. 
hamue,,,,,,Freq: 3. Example: PSA 22:7. 
haheude-heudeamu,,,,,,Freq: 3. Example: PSA 29:8. 
ihi-ihiraidia,,,,,,Freq: 3. Example: PSA 31:18. 
marediamu,,,,,,Freq: 3. Example: PSA 37:14. 
ḡadeḡademu,,,,,,Freq: 3. Example: PSA 38:6. 
haḡaiamu,,,,,,Freq: 3. Example: PSA 38:13. 
ihahisigu,,,,,,Freq: 3. Example: PSA 40:14. 
hahisidiava,,,,,,Freq: 3. Example: PSA 44:2. 
hahemaraimai,,,,,,Freq: 3. Example: PSA 44:9. 
idavalaidia,,,,,,Freq: 3. Example: PSA 44:12. 
laumamai,,,,,,Freq: 3. Example: PSA 44:25. 
raho,,,,,,Freq: 3. Example: PSA 45:2. 
rami-heboudia,,,,,,Freq: 3. Example: PSA 45:14. 
regerege,,,,,,Freq: 3. Example: PSA 46:3. 
hadokodiamu,,,,,,Freq: 3. Example: PSA 46:9. 
heagilaimu,,,,,,Freq: 3. Example: PSA 49:6. 
malamui,,,,,,Freq: 3. Example: PSA 50:19. 
hahonugu,,,,,,Freq: 3. Example: PSA 51:8. 
moaleda,,,,,,Freq: 3. Example: PSA 55:14. 
haketodia,,,,,,Freq: 3. Example: PSA 59:11. 
bibina,,,,,,Freq: 3. Example: PSA 63:5. 
hamaurimaimu,,,,,,Freq: 3. Example: PSA 65:5. 
daudau-hereadia,,,,,,Freq: 3. Example: PSA 65:5. 
hamanokadiamu,,,,,,Freq: 3. Example: PSA 65:10. 
gwau-hemuri,,,,,,Freq: 3. Example: PSA 66:7. 
wax,,,,,,Freq: 3. Example: PSA 68:2. 
haurahaura,,,,,,Freq: 3. Example: PSA 69:3. 
kahaudia,,,,,,Freq: 3. Example: PSA 69:31. 
imatauraigu,,,,,,Freq: 3. Example: PSA 71:21. 
hekohutani,,,,,,Freq: 3. Example: PSA 74:3. 
dina-dae,,,,,,Freq: 3. Example: PSA 75:6. 
kevarua,,,,,,Freq: 3. Example: PSA 77:17. 
hahedinaraiva,,,,,,Freq: 3. Example: PSA 78:11. 
dibava,,,,,,Freq: 3. Example: PSA 78:44. 
duava,,,,,,Freq: 3. Example: PSA 90:2. 
tutuhia,,,,,,Freq: 3. Example: PSA 91:12. 
duhu,,,,,,Freq: 3. Example: PSA 92:6. 
hahedokilaiamu,,,,,,Freq: 3. Example: PSA 93:1. 
rikirikina,,,,,,Freq: 3. Example: PSA 94:13. 
h,,,,,,Freq: 3. Example: PSA 95:7. 
hadiburaia,,,,,,Freq: 3. Example: PSA 105:28. 
hatoaia,,,,,,Freq: 3. Example: PSA 107:25. 
vea,,,,,,Freq: 3. Example: PSA 107:29. 
gugubadia,,,,,,Freq: 3. Example: PSA 109:16. 
hanamo,,,,,,Freq: 3. Example: PSA 112:2. 
iḡuigu,,,,,,Freq: 3. Example: PSA 116:16. 
ḡamoḡa,,,,,,Freq: 3. Example: PSA 119:96. 
haero-haero,,,,,,Freq: 3. Example: PSA 119:97. 
imudagu,,,,,,Freq: 3. Example: PSA 119:116. 
ikehodia,,,,,,Freq: 3. Example: PSA 119:130. 
hedibagani,,,,,,Freq: 3. Example: PSA 120:2. 
igimamu,,,,,,Freq: 3. Example: PSA 121:3. 
lagamu,,,,,,Freq: 3. Example: PSA 127:2. 
maona,,,,,,Freq: 3. Example: PSA 137:6. 
haevaia,,,,,,Freq: 3. Example: PSA 144:5. 
heḡaeḡaelaiamu,,,,,,Freq: 3. Example: PSA 147:8. 
gagevadia,,,,,,Freq: 3. Example: PRO 2:15. 
dimairi,,,,,,Freq: 3. Example: PRO 6:6. 
boiva,,,,,,Freq: 3. Example: PRO 7:9. 
tawla,,,,,,Freq: 3. Example: PRO 10:16. 
hadaudauamu,,,,,,Freq: 3. Example: PRO 10:27. 
lalo-ihunu,,,,,,Freq: 3. Example: PRO 11:13. 
hitoloamu,,,,,,Freq: 3. Example: PRO 12:9. 
manadana,,,,,,Freq: 3. Example: PRO 15:4. 
auka-hereana,,,,,,Freq: 3. Example: PRO 15:10. 
kamonaiamu,,,,,,Freq: 3. Example: PRO 15:29. 
idounai,,,,,,Freq: 3. Example: PRO 16:3. 
ihavavalaidia,,,,,,Freq: 3. Example: PRO 17:6. 
heḡeregere,,,,,,Freq: 3. Example: PRO 17:7. 
ikehona,,,,,,Freq: 3. Example: PRO 17:14. 
tapodia,,,,,,Freq: 3. Example: PRO 20:26. 
darodia,,,,,,Freq: 3. Example: PRO 21:7. 
abikau,,,,,,Freq: 3. Example: PRO 21:9. 
dobu-hereana,,,,,,Freq: 3. Example: PRO 22:14. 
hoihoilaia,,,,,,Freq: 3. Example: PRO 23:23. 
tutudia,,,,,,Freq: 3. Example: PRO 26:18. 
ḡeiamu,,,,,,Freq: 3. Example: PRO 26:27. 
ḡoremu,,,,,,Freq: 3. Example: PRO 30:9. 
uduguiraidiamu,,,,,,Freq: 3. Example: PRO 30:11. 
headavamu,,,,,,Freq: 3. Example: PRO 30:23. 
oreoredia,,,,,,Freq: 3. Example: ECC 2:3. 
iturina,,,,,,Freq: 3. Example: ECC 3:7. 
hametaudiamu,,,,,,Freq: 3. Example: ECC 6:1. 
hagoadaiamu,,,,,,Freq: 3. Example: ECC 7:19. 
ededia,,,,,,Freq: 3. Example: ECC 8:5. 
pavapavamu,,,,,,Freq: 3. Example: ECC 10:16. 
laoho,,,,,,Freq: 3. Example: ECC 12:3. 
hedahu,,,,,,Freq: 3. Example: SNG 1:3. 
hamasegumu,,,,,,Freq: 3. Example: SNG 2:5. 
nerede,,,,,,Freq: 3. Example: SNG 4:13. 
ialokau,,,,,,Freq: 3. Example: SNG 5:2. 
buatau,,,,,,Freq: 3. Example: SNG 7:7. 
ha-inulaimu,,,,,,Freq: 3. Example: SNG 8:2. 
atai-herea,,,,,,Freq: 3. Example: ISA 2:2. 
migu,,,,,,Freq: 3. Example: ISA 2:20. 
nadi-hagadia,,,,,,Freq: 3. Example: ISA 2:21. 
itaolaidia,,,,,,Freq: 3. Example: ISA 5:2. 
vinedia,,,,,,Freq: 3. Example: ISA 5:2. 
hakekerodiamu,,,,,,Freq: 3. Example: ISA 5:11. 
nadi-vasiga,,,,,,Freq: 3. Example: ISA 5:28. 
rohova,,,,,,Freq: 3. Example: ISA 6:2. 
mahere-salala-hasa-basa,,,,,,Freq: 3. Example: ISA 8:1. 
hahairaia,,,,,,Freq: 3. Example: ISA 9:1. 
heregu,,,,,,Freq: 3. Example: ISA 9:7. 
gatoidia,,,,,,Freq: 3. Example: ISA 10:14. 
heloḡo,,,,,,Freq: 3. Example: ISA 13:4. 
dagedagena,,,,,,Freq: 3. Example: ISA 13:9. 
hasiahudia,,,,,,Freq: 3. Example: ISA 13:17. 
vevedia,,,,,,Freq: 3. Example: ISA 14:20. 
moimoilaimu,,,,,,Freq: 3. Example: ISA 16:10. 
ikokona,,,,,,Freq: 3. Example: ISA 22:25. 
ahutuna,,,,,,Freq: 3. Example: ISA 27:10. 
gari-badana,,,,,,Freq: 3. Example: ISA 28:19. 
kwadidiamu,,,,,,Freq: 3. Example: ISA 28:27. 
rahurahuna,,,,,,Freq: 3. Example: ISA 29:2. 
hakepulu,,,,,,Freq: 3. Example: ISA 29:9. 
kwanauna,,,,,,Freq: 3. Example: ISA 33:20. 
baraia,,,,,,Freq: 3. Example: ISA 33:21. 
lokuamu,,,,,,Freq: 3. Example: ISA 34:4. 
iha-orena,,,,,,Freq: 3. Example: ISA 34:11. 
lasihi,,,,,,Freq: 3. Example: ISA 34:12. 
hahisihisigumu,,,,,,Freq: 3. Example: ISA 38:14. 
hataora,,,,,,Freq: 3. Example: ISA 40:4. 
q,,,,,,Freq: 3. Example: ISA 41:1. 
hamaorolai,,,,,,Freq: 3. Example: ISA 41:22. 
kuiamu,,,,,,Freq: 3. Example: ISA 41:25. 
ihapapadia,,,,,,Freq: 3. Example: ISA 42:7. 
kudimamu,,,,,,Freq: 3. Example: ISA 42:19. 
bavabiabiraigu,,,,,,Freq: 3. Example: ISA 43:10. 
hadudumu,,,,,,Freq: 3. Example: ISA 44:2. 
loalaidiamu,,,,,,Freq: 3. Example: ISA 45:20. 
rosimui,,,,,,Freq: 3. Example: ISA 46:3. 
vaiamu,,,,,,Freq: 3. Example: ISA 46:6. 
hegana,,,,,,Freq: 3. Example: ISA 47:14. 
haḡoevamu,,,,,,Freq: 3. Example: ISA 48:10. 
suene,,,,,,Freq: 3. Example: ISA 49:12. 
ihabua-tarimu,,,,,,Freq: 3. Example: ISA 49:17. 
havahumu,,,,,,Freq: 3. Example: ISA 49:17. 
hahisihisimu,,,,,,Freq: 3. Example: ISA 49:26. 
bodagamu,,,,,,Freq: 3. Example: ISA 50:2. 
kadakodo,,,,,,Freq: 3. Example: ISA 54:12. 
natu-adora,,,,,,Freq: 3. Example: ISA 56:5. 
doroka-doroka,,,,,,Freq: 3. Example: ISA 56:12. 
gadomui,,,,,,Freq: 3. Example: ISA 58:4. 
dua,,,,,,Freq: 3. Example: ISA 58:10. 
habadelaimaimu,,,,,,Freq: 3. Example: ISA 59:12. 
topo,,,,,,Freq: 3. Example: ISA 60:16. 
nanadailaigu,,,,,,Freq: 3. Example: ISA 65:1. 
ganaganadia,,,,,,Freq: 3. Example: ISA 65:19. 
hahelagaiamu,,,,,,Freq: 3. Example: ISA 66:3. 
lano,,,,,,Freq: 3. Example: JER 2:7. 
ihavahuna,,,,,,Freq: 3. Example: JER 4:7. 
aonegamai,,,,,,Freq: 3. Example: JER 8:8. 
mata-ganigani,,,,,,Freq: 3. Example: JER 8:10. 
imoraia,,,,,,Freq: 3. Example: JER 8:14. 
hadaeamu,,,,,,Freq: 3. Example: JER 10:13. 
gugubamu,,,,,,Freq: 3. Example: JER 13:21. 
itapo,,,,,,Freq: 3. Example: JER 15:7. 
auka-hereadia,,,,,,Freq: 3. Example: JER 16:12. 
tahomui,,,,,,Freq: 3. Example: JER 16:13. 
ihadikalaimui,,,,,,Freq: 3. Example: JER 18:11. 
hoduhodu,,,,,,Freq: 3. Example: JER 19:1. 
gole,,,,,,Freq: 3. Example: JER 19:5. 
badu-garagara,,,,,,Freq: 3. Example: JER 21:5. 
konia,,,,,,Freq: 3. Example: JER 22:24. 
sisisisimu,,,,,,Freq: 3. Example: JER 23:29. 
naudiamu,,,,,,Freq: 3. Example: JER 25:23. 
perovetalaia,,,,,,Freq: 3. Example: JER 26:11. 
igurigu,,,,,,Freq: 3. Example: JER 29:12. 
nehelama,,,,,,Freq: 3. Example: JER 29:24. 
garagarana,,,,,,Freq: 3. Example: JER 30:24. 
kusi,,,,,,Freq: 3. Example: JER 36:14. 
iehudi,,,,,,Freq: 3. Example: JER 36:21. 
hamaorolaimumu,,,,,,Freq: 3. Example: JER 38:20. 
manaugu,,,,,,Freq: 3. Example: JER 38:26. 
habadelaimai,,,,,,Freq: 3. Example: JER 42:5. 
hegonaḡonalai,,,,,,Freq: 3. Example: JER 42:18. 
maurimui,,,,,,Freq: 3. Example: JER 48:6. 
hulalai,,,,,,Freq: 3. Example: JER 49:10. 
uralaiamu,,,,,,Freq: 3. Example: JER 49:20. 
hedabarai,,,,,,Freq: 3. Example: JER 50:43. 
ikahana,,,,,,Freq: 3. Example: LAM 1:7. 
ihamatamatana,,,,,,Freq: 3. Example: LAM 1:11. 
hahavamai,,,,,,Freq: 3. Example: LAM 3:43. 
hanailaia,,,,,,Freq: 3. Example: EZK 1:1. 
esekiel,,,,,,Freq: 3. Example: EZK 1:3. 
kiama-kiama,,,,,,Freq: 3. Example: EZK 1:16. 
helaidia,,,,,,Freq: 3. Example: EZK 2:6. 
vaḡoma,,,,,,Freq: 3. Example: EZK 4:2. 
ikou-ahuna,,,,,,Freq: 3. Example: EZK 4:3. 
aukimu,,,,,,Freq: 3. Example: EZK 5:1. 
dikarohorohodia,,,,,,Freq: 3. Example: EZK 5:11. 
heloḡo-ahuahu,,,,,,Freq: 3. Example: EZK 7:7. 
mukodia,,,,,,Freq: 3. Example: EZK 13:18. 
idoadiamu,,,,,,Freq: 3. Example: EZK 13:20. 
dabuamu,,,,,,Freq: 3. Example: EZK 16:7. 
hadokomu,,,,,,Freq: 3. Example: EZK 16:41. 
tubuamu,,,,,,Freq: 3. Example: EZK 16:43. 
ihahemaorohenidia,,,,,,Freq: 3. Example: EZK 16:52. 
heatokauna,,,,,,Freq: 3. Example: EZK 18:8. 
hahelagadiamu,,,,,,Freq: 3. Example: EZK 20:12. 
taunimanuna,,,,,,Freq: 3. Example: EZK 21:19. 
hedunirai,,,,,,Freq: 3. Example: EZK 22:4. 
guiva,,,,,,Freq: 3. Example: EZK 23:6. 
hamutumu,,,,,,Freq: 3. Example: EZK 26:19. 
heḡege-madai,,,,,,Freq: 3. Example: EZK 27:11. 
neseriki,,,,,,Freq: 3. Example: EZK 27:27. 
kahikahimu,,,,,,Freq: 3. Example: EZK 30:3. 
ihadibadia,,,,,,Freq: 3. Example: EZK 33:3. 
hegogomu,,,,,,Freq: 3. Example: EZK 33:31. 
namo-herea,,,,,,Freq: 3. Example: EZK 33:32. 
haḡoevamui,,,,,,Freq: 3. Example: EZK 36:25. 
durana,,,,,,Freq: 3. Example: EZK 40:13. 
mia-ḡaḡaena,,,,,,Freq: 3. Example: EZK 41:9. 
helaḡa-hereadia,,,,,,Freq: 3. Example: EZK 42:13. 
taununanima,,,,,,Freq: 3. Example: EZK 44:19. 
hasara-enono,,,,,,Freq: 3. Example: EZK 47:17. 
sihi,,,,,,Freq: 3. Example: DAN 1:10. 
hahedinaraidiamu,,,,,,Freq: 3. Example: DAN 2:22. 
hahetamona,,,,,,Freq: 3. Example: DAN 2:43. 
guguru,,,,,,Freq: 3. Example: DAN 5:10. 
mene,,,,,,Freq: 3. Example: DAN 5:25. 
ginigu,,,,,,Freq: 3. Example: DAN 10:13. 
maohenigu,,,,,,Freq: 3. Example: HOS 2:19. 
hatoreda,,,,,,Freq: 3. Example: HOS 6:2. 
haraiva-raivadia,,,,,,Freq: 3. Example: JOL 3:7. 
lalo-davari,,,,,,Freq: 3. Example: JOL 3:14. 
pala,,,,,,Freq: 3. Example: AMO 1:8. 
ilohiana,,,,,,Freq: 3. Example: OBA 1:21. 
kakaia,,,,,,Freq: 3. Example: JON 2:10. 
gwaugwaumu,,,,,,Freq: 3. Example: MIC 2:6. 
kouda,,,,,,Freq: 3. Example: MIC 5:1. 
laumui,,,,,,Freq: 3. Example: MIC 6:9. 
hururu-hururumu,,,,,,Freq: 3. Example: NAM 3:3. 
habakuku,,,,,,Freq: 3. Example: HAB 1:1. 
gogodiamu,,,,,,Freq: 3. Example: HAB 2:5. 
ḡabu,,,,,,Freq: 3. Example: HAB 3:11. 
hamatamatamu,,,,,,Freq: 3. Example: ZEP 3:17. 
bapatisomuimu,,,,,,Freq: 3. Example: MAT 3:11. 
hatadikaia,,,,,,Freq: 3. Example: MAT 5:13. 
leta,,,,,,Freq: 3. Example: MAT 5:18. 
hatataia,,,,,,Freq: 3. Example: MAT 5:45. 
hohoa,,,,,,Freq: 3. Example: MAT 7:25. 
nuanuava,,,,,,Freq: 3. Example: MAT 8:30. 
maloa,,,,,,Freq: 3. Example: MAT 8:32. 
hapou,,,,,,Freq: 3. Example: MAT 9:17. 
batolomeo,,,,,,Freq: 3. Example: MAT 10:3. 
maraḡimaraḡidia,,,,,,Freq: 3. Example: MAT 10:42. 
dikamui,,,,,,Freq: 3. Example: MAT 12:34. 
vaimu,,,,,,Freq: 3. Example: MAT 12:35. 
heuda-hanaina,,,,,,Freq: 3. Example: MAT 12:39. 
giḡi,,,,,,Freq: 3. Example: MAT 13:4. 
ila,,,,,,Freq: 3. Example: MAT 13:13. 
tahahaia,,,,,,Freq: 3. Example: MAT 14:4. 
domua,,,,,,Freq: 3. Example: MAT 15:11. 
hekeiva,,,,,,Freq: 3. Example: MAT 17:9. 
ihamatamatadia,,,,,,Freq: 3. Example: MAT 17:11. 
ilulu-ohona,,,,,,Freq: 3. Example: MAT 17:19. 
kobi,,,,,,Freq: 3. Example: MAT 19:24. 
betefage,,,,,,Freq: 3. Example: MAT 21:1. 
ikoilaidia,,,,,,Freq: 3. Example: MAT 23:14. 
ihahekwakwanaidia,,,,,,Freq: 3. Example: MAT 24:24. 
hodava,,,,,,Freq: 3. Example: MAT 24:32. 
diaranu,,,,,,Freq: 3. Example: MAT 25:3. 
abilai,,,,,,Freq: 3. Example: MAT 25:16. 
avani,,,,,,Freq: 3. Example: MAT 26:45. 
karevamui,,,,,,Freq: 3. Example: MAT 26:55. 
idabai-taogu,,,,,,Freq: 3. Example: MAT 26:55. 
ihamomokanilaidia,,,,,,Freq: 3. Example: MAT 26:56. 
golgota,,,,,,Freq: 3. Example: MAT 27:33. 
puta,,,,,,Freq: 3. Example: MAT 27:48. 
dibaḡaniava,,,,,,Freq: 3. Example: MRK 1:13. 
hatororo-tororoa,,,,,,Freq: 3. Example: MRK 1:26. 
lesu,,,,,,Freq: 3. Example: MRK 1:34. 
gerasa,,,,,,Freq: 3. Example: MRK 5:1. 
boloamu,,,,,,Freq: 3. Example: MRK 9:17. 
bapatisolaigu,,,,,,Freq: 3. Example: MRK 10:38. 
leriko,,,,,,Freq: 3. Example: MRK 10:45. 
rakataniava,,,,,,Freq: 3. Example: MRK 11:19. 
riki,,,,,,Freq: 3. Example: MRK 14:6. 
hadibamuiva,,,,,,Freq: 3. Example: LUK 1:4. 
iperitomena,,,,,,Freq: 3. Example: LUK 1:59. 
ihatore-isidia,,,,,,Freq: 3. Example: LUK 2:34. 
pontio,,,,,,Freq: 3. Example: LUK 3:1. 
dorimui,,,,,,Freq: 3. Example: LUK 13:28. 
tore-isina,,,,,,Freq: 3. Example: LUK 14:14. 
gini-dae,,,,,,Freq: 3. Example: LUK 17:20. 
sakaio,,,,,,Freq: 3. Example: LUK 19:2. 
laona,,,,,,Freq: 3. Example: LUK 19:36. 
hahebapatisomu,,,,,,Freq: 3. Example: JHN 1:26. 
mesia,,,,,,Freq: 3. Example: JHN 1:41. 
bapatisova,,,,,,Freq: 3. Example: JHN 3:22. 
tiberia,,,,,,Freq: 3. Example: JHN 6:1. 
bolomu,,,,,,Freq: 3. Example: JHN 8:48. 
manea,,,,,,Freq: 3. Example: JHN 9:6. 
taoele,,,,,,Freq: 3. Example: JHN 13:4. 
huahuamui,,,,,,Freq: 3. Example: JHN 15:8. 
nounumu,,,,,,Freq: 3. Example: JHN 17:9. 
ihamomokanilaina,,,,,,Freq: 3. Example: JHN 19:28. 
tamanua,,,,,,Freq: 3. Example: JHN 20:17. 
morutania,,,,,,Freq: 3. Example: ACT 1:25. 
pentekoste,,,,,,Freq: 3. Example: ACT 2:1. 
ponto,,,,,,Freq: 3. Example: ACT 2:9. 
frugia,,,,,,Freq: 3. Example: ACT 2:10. 
afrika,,,,,,Freq: 3. Example: ACT 2:10. 
dekeda,,,,,,Freq: 3. Example: ACT 2:29. 
gwauraiva,,,,,,Freq: 3. Example: ACT 3:24. 
hadikadiava,,,,,,Freq: 3. Example: ACT 9:21. 
iseudia,,,,,,Freq: 3. Example: ACT 9:43. 
klaudio,,,,,,Freq: 3. Example: ACT 11:28. 
gadodiai,,,,,,Freq: 3. Example: ACT 14:11. 
deo,,,,,,Freq: 3. Example: ACT 14:12. 
daramai,,,,,,Freq: 3. Example: ACT 14:15. 
lohiabadana,,,,,,Freq: 3. Example: ACT 14:23. 
ha-idauda,,,,,,Freq: 3. Example: ACT 15:9. 
areo,,,,,,Freq: 3. Example: ACT 17:19. 
hadibalaidiava,,,,,,Freq: 3. Example: ACT 18:11. 
galio,,,,,,Freq: 3. Example: ACT 18:12. 
alesandria,,,,,,Freq: 3. Example: ACT 18:24. 
erasto,,,,,,Freq: 3. Example: ACT 19:22. 
demetrio,,,,,,Freq: 3. Example: ACT 19:24. 
trofimo,,,,,,Freq: 3. Example: ACT 20:4. 
mileto,,,,,,Freq: 3. Example: ACT 20:15. 
lusia,,,,,,Freq: 3. Example: ACT 23:26. 
berenike,,,,,,Freq: 3. Example: ACT 25:13. 
daradaralaia,,,,,,Freq: 3. Example: ACT 25:20. 
bapatisoda,,,,,,Freq: 3. Example: ROM 6:3. 
huahuada,,,,,,Freq: 3. Example: ROM 7:4. 
dogoda,,,,,,Freq: 3. Example: ROM 7:6. 
dabai,,,,,,Freq: 3. Example: ROM 11:17. 
olivena,,,,,,Freq: 3. Example: ROM 11:17. 
haduamuimu,,,,,,Freq: 3. Example: ROM 12:3. 
vasilaia,,,,,,Freq: 3. Example: ROM 15:29. 
taihuda,,,,,,Freq: 3. Example: ROM 16:1. 
stefana,,,,,,Freq: 3. Example: 1CO 1:16. 
iseuna,,,,,,Freq: 3. Example: 1CO 3:10. 
dihotania,,,,,,Freq: 3. Example: 1CO 7:10. 
haheaukalai,,,,,,Freq: 3. Example: 1CO 9:12. 
heau-helulu,,,,,,Freq: 3. Example: 1CO 9:24. 
heautani,,,,,,Freq: 3. Example: 1CO 10:14. 
ḡaruḡaru,,,,,,Freq: 3. Example: 1CO 14:20. 
heigo-ita,,,,,,Freq: 3. Example: 2CO 7:4. 
hematauraimui,,,,,,Freq: 3. Example: 2CO 7:15. 
ikahalaina,,,,,,Freq: 3. Example: GAL 2:17. 
ierusalemana,,,,,,Freq: 3. Example: GAL 4:25. 
havarada,,,,,,Freq: 3. Example: EPH 2:10. 
garugaru,,,,,,Freq: 3. Example: EPH 4:16. 
dosiamu,,,,,,Freq: 3. Example: EPH 5:29. 
epafrodito,,,,,,Freq: 3. Example: PHP 2:24. 
epafra,,,,,,Freq: 3. Example: COL 1:7. 
helaḡamui,,,,,,Freq: 3. Example: COL 1:22. 
tutukatutuka,,,,,,Freq: 3. Example: COL 1:23. 
hakeru,,,,,,Freq: 3. Example: COL 4:8. 
dema,,,,,,Freq: 3. Example: COL 4:14. 
haḡoimai,,,,,,Freq: 3. Example: 1TH 1:6. 
hamaorolaimuiva,,,,,,Freq: 3. Example: 2TH 2:5. 
tarikatarika,,,,,,Freq: 3. Example: 2TI 1:13. 
ganodia,,,,,,Freq: 3. Example: HEB 4:12. 
ihakaumui,,,,,,Freq: 3. Example: HEB 13:7. 
semurana,,,,,,Freq: 3. Example: REV 1:11. 
peregamo,,,,,,Freq: 3. Example: REV 1:11. 
sadi,,,,,,Freq: 3. Example: REV 1:11. 
filadelfia,,,,,,Freq: 3. Example: REV 1:11. 
lodulai,,,,,,Freq: 3. Example: REV 2:4. 
moimoi,,,,,,Freq: 3. Example: REV 14:19. 
kuroka-kurokadia,,,,,,Freq: 3. Example: REV 15:6. 
we,,,,,,Freq: 2. Example: GEN 2:5. 
varahu,,,,,,Freq: 2. Example: GEN 2:6. 
tigris,,,,,,Freq: 2. Example: GEN 2:14. 
iaomu,,,,,,Freq: 2. Example: GEN 2:14. 
ish,,,,,,Freq: 2. Example: GEN 2:23. 
isha,,,,,,Freq: 2. Example: GEN 2:23. 
ḡaḡaegu,,,,,,Freq: 2. Example: GEN 3:10. 
haheinai,,,,,,Freq: 2. Example: GEN 3:15. 
hanai-hanai,,,,,,Freq: 2. Example: GEN 3:22. 
irad,,,,,,Freq: 2. Example: GEN 4:18. 
mehuiael,,,,,,Freq: 2. Example: GEN 4:18. 
metusael,,,,,,Freq: 2. Example: GEN 4:18. 
tubala-kain,,,,,,Freq: 2. Example: GEN 4:22. 
hahitu-ahui,,,,,,Freq: 2. Example: GEN 4:24. 
ḡaḡau-babadadia,,,,,,Freq: 2. Example: GEN 6:4. 
demadia,,,,,,Freq: 2. Example: GEN 6:14. 
keni,,,,,,Freq: 2. Example: GEN 7:17. 
idoudiai,,,,,,Freq: 2. Example: GEN 8:19. 
hae,,,,,,Freq: 2. Example: GEN 9:7. 
madai,,,,,,Freq: 2. Example: GEN 10:2. 
tira,,,,,,Freq: 2. Example: GEN 10:2. 
togarama,,,,,,Freq: 2. Example: GEN 10:3. 
dodanim,,,,,,Freq: 2. Example: GEN 10:4. 
misraim,,,,,,Freq: 2. Example: GEN 10:6. 
sabata,,,,,,Freq: 2. Example: GEN 10:7. 
sabateka,,,,,,Freq: 2. Example: GEN 10:7. 
hetaraki,,,,,,Freq: 2. Example: GEN 10:9. 
ereke,,,,,,Freq: 2. Example: GEN 10:10. 
kalne,,,,,,Freq: 2. Example: GEN 10:10. 
kala,,,,,,Freq: 2. Example: GEN 10:11. 
ludim,,,,,,Freq: 2. Example: GEN 10:13. 
anamim,,,,,,Freq: 2. Example: GEN 10:13. 
lehabim,,,,,,Freq: 2. Example: GEN 10:13. 
napatuhim,,,,,,Freq: 2. Example: GEN 10:13. 
patarusim,,,,,,Freq: 2. Example: GEN 10:14. 
het,,,,,,Freq: 2. Example: GEN 10:15. 
araka,,,,,,Freq: 2. Example: GEN 10:17. 
sini,,,,,,Freq: 2. Example: GEN 10:17. 
semara,,,,,,Freq: 2. Example: GEN 10:18. 
hulu,,,,,,Freq: 2. Example: GEN 10:23. 
getere,,,,,,Freq: 2. Example: GEN 10:23. 
alamodad,,,,,,Freq: 2. Example: GEN 10:26. 
selefe,,,,,,Freq: 2. Example: GEN 10:26. 
hasaramavete,,,,,,Freq: 2. Example: GEN 10:26. 
iera,,,,,,Freq: 2. Example: GEN 10:26. 
hadoram,,,,,,Freq: 2. Example: GEN 10:27. 
dikila,,,,,,Freq: 2. Example: GEN 10:27. 
abimael,,,,,,Freq: 2. Example: GEN 10:28. 
harida,,,,,,Freq: 2. Example: GEN 11:4. 
hediba,,,,,,Freq: 2. Example: GEN 11:7. 
amarafel,,,,,,Freq: 2. Example: GEN 14:1. 
elasara,,,,,,Freq: 2. Example: GEN 14:1. 
tidala,,,,,,Freq: 2. Example: GEN 14:1. 
hasasono-tamara,,,,,,Freq: 2. Example: GEN 14:7. 
adorana,,,,,,Freq: 2. Example: GEN 15:4. 
gurimu,,,,,,Freq: 2. Example: GEN 15:15. 
kerekere,,,,,,Freq: 2. Example: GEN 15:17. 
diravamu,,,,,,Freq: 2. Example: GEN 16:13. 
taurahaniahui,,,,,,Freq: 2. Example: GEN 16:16. 
lagamui,,,,,,Freq: 2. Example: GEN 18:4. 
malakamalaka,,,,,,Freq: 2. Example: GEN 19:11. 
taolara,,,,,,Freq: 2. Example: GEN 19:23. 
adavada,,,,,,Freq: 2. Example: GEN 19:31. 
toreisi,,,,,,Freq: 2. Example: GEN 19:33. 
hagabanidia,,,,,,Freq: 2. Example: GEN 20:18. 
moria,,,,,,Freq: 2. Example: GEN 22:2. 
iehova-ire,,,,,,Freq: 2. Example: GEN 22:14. 
taurahaniosi,,,,,,Freq: 2. Example: GEN 22:23. 
sinahuhani,,,,,,Freq: 2. Example: GEN 23:15. 
basiato,,,,,,Freq: 2. Example: GEN 24:50. 
rugu,,,,,,Freq: 2. Example: GEN 24:56. 
bere-lahai-roi,,,,,,Freq: 2. Example: GEN 24:62. 
govaia,,,,,,Freq: 2. Example: GEN 24:65. 
simuran,,,,,,Freq: 2. Example: GEN 25:2. 
medan,,,,,,Freq: 2. Example: GEN 25:2. 
isabak,,,,,,Freq: 2. Example: GEN 25:2. 
eldaha,,,,,,Freq: 2. Example: GEN 25:4. 
hituahui,,,,,,Freq: 2. Example: GEN 25:7. 
adabeel,,,,,,Freq: 2. Example: GEN 25:13. 
ieturu,,,,,,Freq: 2. Example: GEN 25:15. 
kedema,,,,,,Freq: 2. Example: GEN 25:15. 
gwautararuosi,,,,,,Freq: 2. Example: GEN 25:16. 
sinahuta,,,,,,Freq: 2. Example: GEN 25:17. 
manorina,,,,,,Freq: 2. Example: GEN 25:29. 
naduamu,,,,,,Freq: 2. Example: GEN 25:30. 
hitologu,,,,,,Freq: 2. Example: GEN 25:30. 
sihari,,,,,,Freq: 2. Example: GEN 26:8. 
sitina,,,,,,Freq: 2. Example: GEN 26:21. 
beresieba,,,,,,Freq: 2. Example: GEN 26:22. 
hadikamai,,,,,,Freq: 2. Example: GEN 26:29. 
be-eri,,,,,,Freq: 2. Example: GEN 26:34. 
uduguiraigu,,,,,,Freq: 2. Example: GEN 27:12. 
mahalata,,,,,,Freq: 2. Example: GEN 28:9. 
hane-guna,,,,,,Freq: 2. Example: GEN 29:26. 
hapetapetalai,,,,,,Freq: 2. Example: GEN 31:15. 
heaulaidia,,,,,,Freq: 2. Example: GEN 31:26. 
goreregumu,,,,,,Freq: 2. Example: GEN 31:35. 
alaguva,,,,,,Freq: 2. Example: GEN 31:40. 
legara-sahaduta,,,,,,Freq: 2. Example: GEN 31:47. 
peniel,,,,,,Freq: 2. Example: GEN 32:30. 
el-elohe-israel,,,,,,Freq: 2. Example: GEN 33:20. 
ḡaḡaia,,,,,,Freq: 2. Example: GEN 34:2. 
el-betele,,,,,,Freq: 2. Example: GEN 35:7. 
alono-bakutu,,,,,,Freq: 2. Example: GEN 35:8. 
benoni,,,,,,Freq: 2. Example: GEN 35:18. 
eseban,,,,,,Freq: 2. Example: GEN 36:26. 
keran,,,,,,Freq: 2. Example: GEN 36:26. 
saavan,,,,,,Freq: 2. Example: GEN 36:27. 
aran,,,,,,Freq: 2. Example: GEN 36:28. 
dinihaba,,,,,,Freq: 2. Example: GEN 36:32. 
bedad,,,,,,Freq: 2. Example: GEN 36:35. 
aviti,,,,,,Freq: 2. Example: GEN 36:35. 
masareka,,,,,,Freq: 2. Example: GEN 36:36. 
matared,,,,,,Freq: 2. Example: GEN 36:39. 
mesahab,,,,,,Freq: 2. Example: GEN 36:39. 
alava,,,,,,Freq: 2. Example: GEN 36:40. 
pinon,,,,,,Freq: 2. Example: GEN 36:41. 
mibsara,,,,,,Freq: 2. Example: GEN 36:42. 
magdiel,,,,,,Freq: 2. Example: GEN 36:43. 
iram,,,,,,Freq: 2. Example: GEN 36:43. 
reḡuva,,,,,,Freq: 2. Example: GEN 37:2. 
potifara,,,,,,Freq: 2. Example: GEN 37:36. 
hakavakavagu,,,,,,Freq: 2. Example: GEN 39:17. 
boseadia,,,,,,Freq: 2. Example: GEN 40:16. 
vavaroda-vavaroda,,,,,,Freq: 2. Example: GEN 41:3. 
agani,,,,,,Freq: 2. Example: GEN 41:26. 
rogedia,,,,,,Freq: 2. Example: GEN 41:48. 
helalo-boio,,,,,,Freq: 2. Example: GEN 41:51. 
ilalolaidia,,,,,,Freq: 2. Example: GEN 41:51. 
besegu,,,,,,Freq: 2. Example: GEN 41:52. 
nanadaimai,,,,,,Freq: 2. Example: GEN 43:7. 
ihabadelaida,,,,,,Freq: 2. Example: GEN 43:18. 
ihurilaidia,,,,,,Freq: 2. Example: GEN 43:24. 
narimui,,,,,,Freq: 2. Example: GEN 45:11. 
hetai,,,,,,Freq: 2. Example: GEN 45:14. 
reruedia,,,,,,Freq: 2. Example: GEN 45:27. 
iemuel,,,,,,Freq: 2. Example: GEN 46:10. 
ohad,,,,,,Freq: 2. Example: GEN 46:10. 
puva,,,,,,Freq: 2. Example: GEN 46:13. 
esbon,,,,,,Freq: 2. Example: GEN 46:16. 
isva,,,,,,Freq: 2. Example: GEN 46:17. 
hupim,,,,,,Freq: 2. Example: GEN 46:21. 
hahohomu,,,,,,Freq: 2. Example: GEN 48:4. 
iatuna,,,,,,Freq: 2. Example: GEN 49:10. 
kakakana,,,,,,Freq: 2. Example: GEN 49:11. 
dabarai,,,,,,Freq: 2. Example: GEN 49:20. 
hanamolaidia,,,,,,Freq: 2. Example: GEN 49:28. 
atad,,,,,,Freq: 2. Example: GEN 50:10. 
abele-misraim,,,,,,Freq: 2. Example: GEN 50:11. 
hahekwarahidiava,,,,,,Freq: 2. Example: EXO 1:13. 
matauria,,,,,,Freq: 2. Example: EXO 1:21. 
bautama,,,,,,Freq: 2. Example: EXO 2:3. 
raria,,,,,,Freq: 2. Example: EXO 2:12. 
durumai,,,,,,Freq: 2. Example: EXO 2:19. 
hakapuamu,,,,,,Freq: 2. Example: EXO 4:11. 
hapapaiamu,,,,,,Freq: 2. Example: EXO 4:11. 
taunibunai,,,,,,Freq: 2. Example: EXO 4:12. 
buloamu,,,,,,Freq: 2. Example: EXO 5:7. 
dahuka,,,,,,Freq: 2. Example: EXO 5:14. 
elsafan,,,,,,Freq: 2. Example: EXO 6:22. 
tona,,,,,,Freq: 2. Example: EXO 7:6. 
iohururudia,,,,,,Freq: 2. Example: EXO 9:11. 
hagari,,,,,,Freq: 2. Example: EXO 9:25. 
dogomui,,,,,,Freq: 2. Example: EXO 9:28. 
is,,,,,,Freq: 2. Example: EXO 9:34. 
tubumui,,,,,,Freq: 2. Example: EXO 10:6. 
didiari,,,,,,Freq: 2. Example: EXO 10:23. 
kwaru,,,,,,Freq: 2. Example: EXO 11:7. 
kasirina,,,,,,Freq: 2. Example: EXO 12:9. 
iboudia,,,,,,Freq: 2. Example: EXO 12:12. 
idabarana,,,,,,Freq: 2. Example: EXO 12:16. 
hekouva,,,,,,Freq: 2. Example: EXO 12:29. 
kui,,,,,,Freq: 2. Example: EXO 12:34. 
nanadu,,,,,,Freq: 2. Example: EXO 12:39. 
rakatanidiava,,,,,,Freq: 2. Example: EXO 13:22. 
vairani,,,,,,Freq: 2. Example: EXO 14:9. 
asiato,,,,,,Freq: 2. Example: EXO 14:12. 
mavarudia,,,,,,Freq: 2. Example: EXO 15:20. 
ihakunudia,,,,,,Freq: 2. Example: EXO 16:8. 
sisidia,,,,,,Freq: 2. Example: EXO 16:17. 
gaigai-gaigaina,,,,,,Freq: 2. Example: EXO 16:20. 
ubulaimui,,,,,,Freq: 2. Example: EXO 16:32. 
dibaḡaniamu,,,,,,Freq: 2. Example: EXO 17:2. 
halai,,,,,,Freq: 2. Example: EXO 17:12. 
iehova-nisi,,,,,,Freq: 2. Example: EXO 17:15. 
hepapahuahumu,,,,,,Freq: 2. Example: EXO 18:16. 
gwata,,,,,,Freq: 2. Example: EXO 18:21. 
hatonia,,,,,,Freq: 2. Example: EXO 18:27. 
ko,,,,,,Freq: 2. Example: EXO 20:16. 
ḡahusi,,,,,,Freq: 2. Example: EXO 20:17. 
hamaraḡi,,,,,,Freq: 2. Example: EXO 21:10. 
ihamakohina,,,,,,Freq: 2. Example: EXO 22:2. 
laloani,,,,,,Freq: 2. Example: EXO 23:8. 
hakepuludiamu,,,,,,Freq: 2. Example: EXO 23:8. 
holo,,,,,,Freq: 2. Example: EXO 24:4. 
lahasia,,,,,,Freq: 2. Example: EXO 25:11. 
hakerukerua,,,,,,Freq: 2. Example: EXO 25:20. 
hedabara,,,,,,Freq: 2. Example: EXO 25:30. 
sirina,,,,,,Freq: 2. Example: EXO 25:36. 
siridia,,,,,,Freq: 2. Example: EXO 26:15. 
rarorarona,,,,,,Freq: 2. Example: EXO 26:28. 
idogo-taodia,,,,,,Freq: 2. Example: EXO 26:29. 
gagana,,,,,,Freq: 2. Example: EXO 27:3. 
rina,,,,,,Freq: 2. Example: EXO 27:4. 
hahela,,,,,,Freq: 2. Example: EXO 28:3. 
aga,,,,,,Freq: 2. Example: EXO 28:3. 
ha-inuamu,,,,,,Freq: 2. Example: EXO 28:4. 
akate,,,,,,Freq: 2. Example: EXO 28:19. 
matu,,,,,,Freq: 2. Example: EXO 28:32. 
turimu,,,,,,Freq: 2. Example: EXO 28:32. 
turilai,,,,,,Freq: 2. Example: EXO 28:33. 
mairina,,,,,,Freq: 2. Example: EXO 28:36. 
iḡeḡelaidia,,,,,,Freq: 2. Example: EXO 28:40. 
abodia,,,,,,Freq: 2. Example: EXO 29:20. 
davedavelaia,,,,,,Freq: 2. Example: EXO 29:26. 
itahunina,,,,,,Freq: 2. Example: EXO 29:36. 
itoi-hanaidia,,,,,,Freq: 2. Example: EXO 30:4. 
karuhidia,,,,,,Freq: 2. Example: EXO 30:6. 
karaimu,,,,,,Freq: 2. Example: EXO 30:25. 
natafa,,,,,,Freq: 2. Example: EXO 30:34. 
sekelete,,,,,,Freq: 2. Example: EXO 30:34. 
kelebena,,,,,,Freq: 2. Example: EXO 30:34. 
ihorodia,,,,,,Freq: 2. Example: EXO 31:11. 
herohemainona,,,,,,Freq: 2. Example: EXO 31:16. 
hereva-herevalai,,,,,,Freq: 2. Example: EXO 31:18. 
kadidiha,,,,,,Freq: 2. Example: EXO 32:15. 
herehera,,,,,,Freq: 2. Example: EXO 33:6. 
hururu-hururuva,,,,,,Freq: 2. Example: EXO 34:30. 
taigadia,,,,,,Freq: 2. Example: EXO 35:5. 
herehia,,,,,,Freq: 2. Example: EXO 35:5. 
udu-ahudia,,,,,,Freq: 2. Example: EXO 37:16. 
gimava,,,,,,Freq: 2. Example: EXO 38:8. 
turituri,,,,,,Freq: 2. Example: EXO 38:23. 
ituridia,,,,,,Freq: 2. Example: EXO 38:23. 
domaga-tauratoi,,,,,,Freq: 2. Example: EXO 38:26. 
ḡasidia,,,,,,Freq: 2. Example: EXO 39:6. 
koronana,,,,,,Freq: 2. Example: EXO 39:30. 
haḡugurua,,,,,,Freq: 2. Example: EXO 39:42. 
doru,,,,,,Freq: 2. Example: LEV 3:9. 
hakerere,,,,,,Freq: 2. Example: LEV 5:15. 
taunaena,,,,,,Freq: 2. Example: LEV 5:18. 
unubadana,,,,,,Freq: 2. Example: LEV 6:5. 
horolaidia,,,,,,Freq: 2. Example: LEV 8:10. 
heḡole,,,,,,Freq: 2. Example: LEV 10:16. 
lori,,,,,,Freq: 2. Example: LEV 11:3. 
ḡauamu,,,,,,Freq: 2. Example: LEV 11:3. 
ugava-bada,,,,,,Freq: 2. Example: LEV 11:13. 
larata,,,,,,Freq: 2. Example: LEV 11:13. 
pivai,,,,,,Freq: 2. Example: LEV 11:14. 
kanaḡe,,,,,,Freq: 2. Example: LEV 11:16. 
kipa,,,,,,Freq: 2. Example: LEV 11:16. 
manubada,,,,,,Freq: 2. Example: LEV 11:17. 
kema,,,,,,Freq: 2. Example: LEV 11:18. 
lokoru,,,,,,Freq: 2. Example: LEV 11:18. 
turumu,,,,,,Freq: 2. Example: LEV 11:19. 
taunana,,,,,,Freq: 2. Example: LEV 11:25. 
vaboha,,,,,,Freq: 2. Example: LEV 11:30. 
taoha,,,,,,Freq: 2. Example: LEV 13:2. 
goeva,,,,,,Freq: 2. Example: LEV 13:2. 
ḡouna,,,,,,Freq: 2. Example: LEV 13:11. 
gadoka-gadokana,,,,,,Freq: 2. Example: LEV 13:49. 
idavaridia,,,,,,Freq: 2. Example: LEV 14:21. 
boubounabona,,,,,,Freq: 2. Example: LEV 14:22. 
ḡoevana,,,,,,Freq: 2. Example: LEV 14:57. 
mahutalai,,,,,,Freq: 2. Example: LEV 15:24. 
miromu,,,,,,Freq: 2. Example: LEV 15:32. 
lalamu,,,,,,Freq: 2. Example: LEV 18:12. 
hahemiromu,,,,,,Freq: 2. Example: LEV 18:24. 
loridia,,,,,,Freq: 2. Example: LEV 18:25. 
lorimui,,,,,,Freq: 2. Example: LEV 18:28. 
hahetoholaia,,,,,,Freq: 2. Example: LEV 19:36. 
beseamo,,,,,,Freq: 2. Example: LEV 20:3. 
bavatu,,,,,,Freq: 2. Example: LEV 22:2. 
hakereredia,,,,,,Freq: 2. Example: LEV 22:16. 
naiehova,,,,,,Freq: 2. Example: LEV 23:3. 
ihiriridia,,,,,,Freq: 2. Example: LEV 23:24. 
gabi-ruma,,,,,,Freq: 2. Example: LEV 25:34. 
ediatano,,,,,,Freq: 2. Example: LEV 25:34. 
ubulaia,,,,,,Freq: 2. Example: LEV 25:37. 
dihimui,,,,,,Freq: 2. Example: LEV 25:46. 
hagarimui,,,,,,Freq: 2. Example: LEV 26:6. 
ilailaidia,,,,,,Freq: 2. Example: LEV 26:10. 
vahudinadia,,,,,,Freq: 2. Example: LEV 26:34. 
havadiamu,,,,,,Freq: 2. Example: LEV 26:37. 
bonaedia,,,,,,Freq: 2. Example: LEV 26:45. 
oiese,,,,,,Freq: 2. Example: LEV 27:2. 
idurumui,,,,,,Freq: 2. Example: NUM 1:5. 
helaḡanaena,,,,,,Freq: 2. Example: NUM 3:50. 
kumilai,,,,,,Freq: 2. Example: NUM 4:9. 
gwau-hamatana,,,,,,Freq: 2. Example: NUM 6:2. 
maedana,,,,,,Freq: 2. Example: NUM 6:19. 
herahiaḡaudia,,,,,,Freq: 2. Example: NUM 7:37. 
karadika,,,,,,Freq: 2. Example: NUM 7:58. 
herevahereva,,,,,,Freq: 2. Example: NUM 7:89. 
haḡanilaigu,,,,,,Freq: 2. Example: NUM 9:8. 
daetanidia,,,,,,Freq: 2. Example: NUM 9:21. 
hobab,,,,,,Freq: 2. Example: NUM 10:29. 
heḡeḡae,,,,,,Freq: 2. Example: NUM 10:29. 
hagogo,,,,,,Freq: 2. Example: NUM 11:8. 
eledad,,,,,,Freq: 2. Example: NUM 11:26. 
medad,,,,,,Freq: 2. Example: NUM 11:26. 
rahobada,,,,,,Freq: 2. Example: NUM 11:28. 
gado-mase,,,,,,Freq: 2. Example: NUM 11:34. 
gunalaidiamu,,,,,,Freq: 2. Example: NUM 14:14. 
taunirnanima,,,,,,Freq: 2. Example: NUM 14:22. 
haherou-heroudia,,,,,,Freq: 2. Example: NUM 14:36. 
aiala,,,,,,Freq: 2. Example: NUM 14:40. 
karoagwauta,,,,,,Freq: 2. Example: NUM 15:6. 
badaranuna,,,,,,Freq: 2. Example: NUM 16:14. 
hadonoda,,,,,,Freq: 2. Example: NUM 16:34. 
hedavarimu,,,,,,Freq: 2. Example: NUM 17:4. 
horomui,,,,,,Freq: 2. Example: NUM 18:8. 
taubuna,,,,,,Freq: 2. Example: NUM 19:19. 
sukena,,,,,,Freq: 2. Example: NUM 20:5. 
butumai,,,,,,Freq: 2. Example: NUM 20:14. 
ie-abarim,,,,,,Freq: 2. Example: NUM 21:11. 
bere,,,,,,Freq: 2. Example: NUM 21:16. 
hadobua,,,,,,Freq: 2. Example: NUM 21:18. 
nahaliele,,,,,,Freq: 2. Example: NUM 21:19. 
bamoto,,,,,,Freq: 2. Example: NUM 21:19. 
petoro,,,,,,Freq: 2. Example: NUM 22:5. 
badinabe,,,,,,Freq: 2. Example: NUM 22:32. 
bamoto-baal,,,,,,Freq: 2. Example: NUM 22:41. 
noho-edea,,,,,,Freq: 2. Example: NUM 23:9. 
hagaua,,,,,,Freq: 2. Example: NUM 23:10. 
hekapu,,,,,,Freq: 2. Example: NUM 24:10. 
maiedia,,,,,,Freq: 2. Example: NUM 25:3. 
kosobi,,,,,,Freq: 2. Example: NUM 25:15. 
sefon,,,,,,Freq: 2. Example: NUM 26:15. 
osni,,,,,,Freq: 2. Example: NUM 26:16. 
arod,,,,,,Freq: 2. Example: NUM 26:17. 
eran,,,,,,Freq: 2. Example: NUM 26:36. 
ahiram,,,,,,Freq: 2. Example: NUM 26:38. 
hufam,,,,,,Freq: 2. Example: NUM 26:39. 
lahaidia,,,,,,Freq: 2. Example: NUM 27:10. 
tanoḡaḡaena,,,,,,Freq: 2. Example: NUM 27:14. 
efata,,,,,,Freq: 2. Example: NUM 28:9. 
evi,,,,,,Freq: 2. Example: NUM 31:8. 
rekem,,,,,,Freq: 2. Example: NUM 31:8. 
reba,,,,,,Freq: 2. Example: NUM 31:8. 
henumai,,,,,,Freq: 2. Example: NUM 31:49. 
ihelalolaidia,,,,,,Freq: 2. Example: NUM 31:54. 
logobeha,,,,,,Freq: 2. Example: NUM 32:35. 
bete-nimra,,,,,,Freq: 2. Example: NUM 32:36. 
kenat,,,,,,Freq: 2. Example: NUM 32:42. 
noba,,,,,,Freq: 2. Example: NUM 32:42. 
dofka,,,,,,Freq: 2. Example: NUM 33:12. 
alusu,,,,,,Freq: 2. Example: NUM 33:13. 
ritma,,,,,,Freq: 2. Example: NUM 33:18. 
rimon-perese,,,,,,Freq: 2. Example: NUM 33:19. 
risa,,,,,,Freq: 2. Example: NUM 33:21. 
kehelata,,,,,,Freq: 2. Example: NUM 33:22. 
sefere,,,,,,Freq: 2. Example: NUM 33:23. 
harada,,,,,,Freq: 2. Example: NUM 33:24. 
makeloto,,,,,,Freq: 2. Example: NUM 33:25. 
mitka,,,,,,Freq: 2. Example: NUM 33:28. 
hasamona,,,,,,Freq: 2. Example: NUM 33:29. 
moseroto,,,,,,Freq: 2. Example: NUM 33:30. 
horo-hagidigad,,,,,,Freq: 2. Example: NUM 33:32. 
abrona,,,,,,Freq: 2. Example: NUM 33:34. 
salmona,,,,,,Freq: 2. Example: NUM 33:41. 
punon,,,,,,Freq: 2. Example: NUM 33:42. 
dibon-gad,,,,,,Freq: 2. Example: NUM 33:45. 
sedad,,,,,,Freq: 2. Example: NUM 34:8. 
hasara-enan,,,,,,Freq: 2. Example: NUM 34:9. 
sefam,,,,,,Freq: 2. Example: NUM 34:10. 
semuel,,,,,,Freq: 2. Example: NUM 34:20. 
haniel,,,,,,Freq: 2. Example: NUM 34:23. 
paltiel,,,,,,Freq: 2. Example: NUM 34:26. 
ahihud,,,,,,Freq: 2. Example: NUM 34:27. 
danuba,,,,,,Freq: 2. Example: NUM 35:6. 
heiriheiri,,,,,,Freq: 2. Example: DEU 1:12. 
hamaorolaida,,,,,,Freq: 2. Example: DEU 1:25. 
alada,,,,,,Freq: 2. Example: DEU 1:27. 
geiamu,,,,,,Freq: 2. Example: DEU 1:31. 
halaolao,,,,,,Freq: 2. Example: DEU 1:40. 
verimui,,,,,,Freq: 2. Example: DEU 4:20. 
bonabonamu,,,,,,Freq: 2. Example: DEU 4:28. 
ihadokona,,,,,,Freq: 2. Example: DEU 4:43. 
memetau,,,,,,Freq: 2. Example: DEU 6:22. 
haboiodia,,,,,,Freq: 2. Example: DEU 7:24. 
iheralaidia,,,,,,Freq: 2. Example: DEU 7:25. 
hamanaumui,,,,,,Freq: 2. Example: DEU 8:3. 
hahitolomui,,,,,,Freq: 2. Example: DEU 8:3. 
boga-kunu,,,,,,Freq: 2. Example: DEU 8:9. 
ediakara,,,,,,Freq: 2. Example: DEU 9:27. 
gudugoda,,,,,,Freq: 2. Example: DEU 10:7. 
hadabualaiamu,,,,,,Freq: 2. Example: DEU 10:18. 
rakavareai,,,,,,Freq: 2. Example: DEU 11:10. 
bagumui,,,,,,Freq: 2. Example: DEU 11:18. 
bonaemui,,,,,,Freq: 2. Example: DEU 12:6. 
pararadia,,,,,,Freq: 2. Example: DEU 14:6. 
ihahitudia,,,,,,Freq: 2. Example: DEU 15:1. 
hagorua,,,,,,Freq: 2. Example: DEU 15:7. 
hahekidaia,,,,,,Freq: 2. Example: DEU 15:8. 
haḡaukaraia,,,,,,Freq: 2. Example: DEU 15:19. 
habadea,,,,,,Freq: 2. Example: DEU 17:7. 
hahanedia,,,,,,Freq: 2. Example: DEU 18:11. 
ha-abia,,,,,,Freq: 2. Example: DEU 19:12. 
bamomuimu,,,,,,Freq: 2. Example: DEU 20:1. 
aiaia,,,,,,Freq: 2. Example: DEU 21:1. 
eremai,,,,,,Freq: 2. Example: DEU 21:20. 
helaoahu,,,,,,Freq: 2. Example: DEU 22:8. 
usina,,,,,,Freq: 2. Example: DEU 23:1. 
hamurimuri,,,,,,Freq: 2. Example: DEU 23:12. 
hahisimai,,,,,,Freq: 2. Example: DEU 26:6. 
paḡamai,,,,,,Freq: 2. Example: DEU 26:6. 
imatauraimui,,,,,,Freq: 2. Example: DEU 26:19. 
raḡaiamu,,,,,,Freq: 2. Example: DEU 27:17. 
lalo-hesiku,,,,,,Freq: 2. Example: DEU 28:20. 
gesegese,,,,,,Freq: 2. Example: DEU 28:22. 
tanobadana,,,,,,Freq: 2. Example: DEU 28:23. 
ruru,,,,,,Freq: 2. Example: DEU 28:40. 
garilaidiamu,,,,,,Freq: 2. Example: DEU 28:60. 
hadauredia,,,,,,Freq: 2. Example: DEU 28:65. 
garilai,,,,,,Freq: 2. Example: DEU 28:67. 
hegwau-hamata,,,,,,Freq: 2. Example: DEU 29:12. 
pariparina,,,,,,Freq: 2. Example: DEU 29:19. 
hahisilaia,,,,,,Freq: 2. Example: DEU 29:22. 
garada,,,,,,Freq: 2. Example: DEU 29:29. 
badibadimu,,,,,,Freq: 2. Example: DEU 30:14. 
unukahai,,,,,,Freq: 2. Example: DEU 30:18. 
habadelaimuimu,,,,,,Freq: 2. Example: DEU 30:19. 
heruha-nege,,,,,,Freq: 2. Example: DEU 31:10. 
ihabadelaimui,,,,,,Freq: 2. Example: DEU 31:28. 
medumedu,,,,,,Freq: 2. Example: DEU 32:2. 
laloduhu,,,,,,Freq: 2. Example: DEU 32:6. 
latalatana,,,,,,Freq: 2. Example: DEU 32:13. 
papapapana,,,,,,Freq: 2. Example: DEU 32:18. 
ilalotaodia,,,,,,Freq: 2. Example: DEU 32:26. 
vine-ranudia,,,,,,Freq: 2. Example: DEU 32:38. 
haberodiamu,,,,,,Freq: 2. Example: DEU 32:39. 
kumidiamu,,,,,,Freq: 2. Example: DEU 32:39. 
meribata-kade,,,,,,Freq: 2. Example: DEU 32:51. 
hahelaḡagu,,,,,,Freq: 2. Example: DEU 32:51. 
hegogova,,,,,,Freq: 2. Example: DEU 33:5. 
tauta,,,,,,Freq: 2. Example: DEU 34:6. 
ahuahu,,,,,,Freq: 2. Example: JOS 1:18. 
di,,,,,,Freq: 2. Example: JOS 2:11. 
kudoumai,,,,,,Freq: 2. Example: JOS 2:11. 
uno,,,,,,Freq: 2. Example: JOS 3:4. 
gwautararua,,,,,,Freq: 2. Example: JOS 3:12. 
iahara,,,,,,Freq: 2. Example: JOS 5:1. 
haḡeḡea,,,,,,Freq: 2. Example: JOS 6:11. 
hahekwarahidia,,,,,,Freq: 2. Example: JOS 7:3. 
tuana,,,,,,Freq: 2. Example: JOS 7:24. 
havaia,,,,,,Freq: 2. Example: JOS 8:16. 
haseriseria,,,,,,Freq: 2. Example: JOS 8:28. 
siahu-siahuna,,,,,,Freq: 2. Example: JOS 9:12. 
mamatamata,,,,,,Freq: 2. Example: JOS 9:13. 
koimai,,,,,,Freq: 2. Example: JOS 9:22. 
ḡelo,,,,,,Freq: 2. Example: JOS 10:13. 
laramutu,,,,,,Freq: 2. Example: JOS 10:23. 
auima,,,,,,Freq: 2. Example: JOS 10:26. 
madon,,,,,,Freq: 2. Example: JOS 11:1. 
merom,,,,,,Freq: 2. Example: JOS 11:5. 
misirefoto-maimi,,,,,,Freq: 2. Example: JOS 11:8. 
halak,,,,,,Freq: 2. Example: JOS 11:17. 
baditanona,,,,,,Freq: 2. Example: JOS 11:17. 
anab,,,,,,Freq: 2. Example: JOS 11:21. 
labok,,,,,,Freq: 2. Example: JOS 12:2. 
gedere,,,,,,Freq: 2. Example: JOS 12:13. 
nafata-doro,,,,,,Freq: 2. Example: JOS 12:23. 
lahasa,,,,,,Freq: 2. Example: JOS 13:18. 
safon,,,,,,Freq: 2. Example: JOS 13:27. 
bohan,,,,,,Freq: 2. Example: JOS 15:6. 
adumimi,,,,,,Freq: 2. Example: JOS 15:7. 
en-semese,,,,,,Freq: 2. Example: JOS 15:7. 
badibadidia,,,,,,Freq: 2. Example: JOS 15:7. 
nefetoa,,,,,,Freq: 2. Example: JOS 15:9. 
labnele,,,,,,Freq: 2. Example: JOS 15:11. 
telem,,,,,,Freq: 2. Example: JOS 15:24. 
bealoto,,,,,,Freq: 2. Example: JOS 15:24. 
bete-pelete,,,,,,Freq: 2. Example: JOS 15:27. 
eltolad,,,,,,Freq: 2. Example: JOS 15:30. 
madamana,,,,,,Freq: 2. Example: JOS 15:31. 
en-ganim,,,,,,Freq: 2. Example: JOS 15:34. 
hadasa,,,,,,Freq: 2. Example: JOS 15:37. 
lokotele,,,,,,Freq: 2. Example: JOS 15:38. 
boskata,,,,,,Freq: 2. Example: JOS 15:39. 
gederoto,,,,,,Freq: 2. Example: JOS 15:41. 
bete-dagon,,,,,,Freq: 2. Example: JOS 15:41. 
etere,,,,,,Freq: 2. Example: JOS 15:42. 
arab,,,,,,Freq: 2. Example: JOS 15:52. 
luta,,,,,,Freq: 2. Example: JOS 15:55. 
kiriata-baal,,,,,,Freq: 2. Example: JOS 15:60. 
kiriat-ieanmi,,,,,,Freq: 2. Example: JOS 15:60. 
ataroto-adara,,,,,,Freq: 2. Example: JOS 16:5. 
mikimetata,,,,,,Freq: 2. Example: JOS 16:6. 
lanoa,,,,,,Freq: 2. Example: JOS 16:6. 
dara-daena,,,,,,Freq: 2. Example: JOS 18:17. 
semaraim,,,,,,Freq: 2. Example: JOS 18:22. 
bete-makaboto,,,,,,Freq: 2. Example: JOS 19:5. 
saridi,,,,,,Freq: 2. Example: JOS 19:10. 
daberata,,,,,,Freq: 2. Example: JOS 19:13. 
gata-hefere,,,,,,Freq: 2. Example: JOS 19:13. 
nea,,,,,,Freq: 2. Example: JOS 19:13. 
iftahele,,,,,,Freq: 2. Example: JOS 19:14. 
nahalala,,,,,,Freq: 2. Example: JOS 19:15. 
dogoro,,,,,,Freq: 2. Example: JOS 19:16. 
sunem,,,,,,Freq: 2. Example: JOS 19:18. 
kision,,,,,,Freq: 2. Example: JOS 19:20. 
helkat,,,,,,Freq: 2. Example: JOS 19:25. 
misala,,,,,,Freq: 2. Example: JOS 19:26. 
hamon,,,,,,Freq: 2. Example: JOS 19:28. 
elteke,,,,,,Freq: 2. Example: JOS 19:44. 
timnata-sera,,,,,,Freq: 2. Example: JOS 19:50. 
heharilai,,,,,,Freq: 2. Example: JOS 22:8. 
garamai,,,,,,Freq: 2. Example: JOS 22:27. 
ohemui,,,,,,Freq: 2. Example: JOS 23:13. 
hamauridava,,,,,,Freq: 2. Example: JOS 24:17. 
gunalaimai,,,,,,Freq: 2. Example: JDG 1:1. 
sefata,,,,,,Freq: 2. Example: JDG 1:17. 
bamodiava,,,,,,Freq: 2. Example: JDG 1:19. 
ivareaina,,,,,,Freq: 2. Example: JDG 1:24. 
here,,,,,,Freq: 2. Example: JDG 1:35. 
saalbim,,,,,,Freq: 2. Example: JDG 1:35. 
ḡanaḡanava,,,,,,Freq: 2. Example: JDG 2:18. 
hisiva,,,,,,Freq: 2. Example: JDG 2:18. 
haḡaraḡaraia,,,,,,Freq: 2. Example: JDG 2:20. 
kusan-risataimi,,,,,,Freq: 2. Example: JDG 3:8. 
mei,,,,,,Freq: 2. Example: JDG 3:24. 
ki,,,,,,Freq: 2. Example: JDG 3:25. 
samgara,,,,,,Freq: 2. Example: JDG 3:31. 
anata,,,,,,Freq: 2. Example: JDG 3:31. 
hahemaorova,,,,,,Freq: 2. Example: JDG 4:4. 
iaele,,,,,,Freq: 2. Example: JDG 4:17. 
gauka,,,,,,Freq: 2. Example: JDG 4:18. 
ura-kwalimudia,,,,,,Freq: 2. Example: JDG 5:2. 
doḡorodia,,,,,,Freq: 2. Example: JDG 5:15. 
halaheva,,,,,,Freq: 2. Example: JDG 5:17. 
meroso,,,,,,Freq: 2. Example: JDG 5:23. 
iehova-salom,,,,,,Freq: 2. Example: JDG 6:24. 
paripari,,,,,,Freq: 2. Example: JDG 6:40. 
taunumanima,,,,,,Freq: 2. Example: JDG 7:4. 
abele-mehola,,,,,,Freq: 2. Example: JDG 7:22. 
bete-bara,,,,,,Freq: 2. Example: JDG 7:24. 
gava,,,,,,Freq: 2. Example: JDG 8:4. 
ḡinigini,,,,,,Freq: 2. Example: JDG 8:7. 
tau-eregabena,,,,,,Freq: 2. Example: JDG 8:14. 
huahuagu,,,,,,Freq: 2. Example: JDG 9:9. 
ikerukerugu,,,,,,Freq: 2. Example: JDG 9:15. 
laloava,,,,,,Freq: 2. Example: JDG 9:17. 
moalelaimui,,,,,,Freq: 2. Example: JDG 9:19. 
aruma,,,,,,Freq: 2. Example: JDG 9:31. 
tebese,,,,,,Freq: 2. Example: JDG 9:50. 
heautanidia,,,,,,Freq: 2. Example: JDG 11:3. 
mavaruna,,,,,,Freq: 2. Example: JDG 11:34. 
asioma,,,,,,Freq: 2. Example: JDG 12:2. 
ibisan,,,,,,Freq: 2. Example: JDG 12:8. 
hilele,,,,,,Freq: 2. Example: JDG 12:13. 
dogomu,,,,,,Freq: 2. Example: JDG 13:15. 
vavemai,,,,,,Freq: 2. Example: JDG 14:15. 
enehetomana,,,,,,Freq: 2. Example: JDG 15:7. 
ramata-lehi,,,,,,Freq: 2. Example: JDG 15:17. 
en-hakore,,,,,,Freq: 2. Example: JDG 15:19. 
motumu,,,,,,Freq: 2. Example: JDG 16:9. 
pania,,,,,,Freq: 2. Example: JDG 16:13. 
hatuava,,,,,,Freq: 2. Example: JDG 16:14. 
louiou,,,,,,Freq: 2. Example: JDG 16:16. 
ipanina,,,,,,Freq: 2. Example: JDG 16:19. 
raivaraiva,,,,,,Freq: 2. Example: JDG 18:7. 
bete-rehob,,,,,,Freq: 2. Example: JDG 18:28. 
ḡelomu,,,,,,Freq: 2. Example: JDG 19:9. 
ibani-henina,,,,,,Freq: 2. Example: JDG 20:36. 
noha,,,,,,Freq: 2. Example: JDG 20:43. 
oropa,,,,,,Freq: 2. Example: RUT 1:4. 
hapararada,,,,,,Freq: 2. Example: RUT 1:17. 
gogova,,,,,,Freq: 2. Example: RUT 2:3. 
gorumu,,,,,,Freq: 2. Example: RUT 2:12. 
hahedokia,,,,,,Freq: 2. Example: RUT 3:3. 
diniga,,,,,,Freq: 2. Example: 1SA 2:13. 
keikei,,,,,,Freq: 2. Example: 1SA 2:14. 
hapiuamu,,,,,,Freq: 2. Example: 1SA 2:24. 
bavatogu,,,,,,Freq: 2. Example: 1SA 2:36. 
momova,,,,,,Freq: 2. Example: 1SA 3:1. 
heḡara-heḡara,,,,,,Freq: 2. Example: 1SA 3:11. 
hetahava,,,,,,Freq: 2. Example: 1SA 4:13. 
helou,,,,,,Freq: 2. Example: 1SA 4:18. 
ikure-ahuna,,,,,,Freq: 2. Example: 1SA 5:4. 
bitadia,,,,,,Freq: 2. Example: 1SA 6:5. 
hakavakavadia,,,,,,Freq: 2. Example: 1SA 6:6. 
iverina,,,,,,Freq: 2. Example: 1SA 6:7. 
betesemese,,,,,,Freq: 2. Example: 1SA 6:12. 
ḡoudia,,,,,,Freq: 2. Example: 1SA 6:12. 
utuava,,,,,,Freq: 2. Example: 1SA 6:13. 
b,,,,,,Freq: 2. Example: 1SA 7:3. 
lesana,,,,,,Freq: 2. Example: 1SA 7:12. 
seroro,,,,,,Freq: 2. Example: 1SA 9:1. 
bekorata,,,,,,Freq: 2. Example: 1SA 9:1. 
maraḡi-herea,,,,,,Freq: 2. Example: 1SA 9:21. 
lada-isi,,,,,,Freq: 2. Example: 1SA 10:12. 
hamaurimuimu,,,,,,Freq: 2. Example: 1SA 10:19. 
matri,,,,,,Freq: 2. Example: 1SA 10:21. 
labese,,,,,,Freq: 2. Example: 1SA 11:3. 
hahisihisimai,,,,,,Freq: 2. Example: 1SA 12:4. 
siaidiava,,,,,,Freq: 2. Example: 1SA 12:11. 
heḡonu,,,,,,Freq: 2. Example: 1SA 13:1. 
sual,,,,,,Freq: 2. Example: 1SA 13:17. 
unukaha,,,,,,Freq: 2. Example: 1SA 14:1. 
migron,,,,,,Freq: 2. Example: 1SA 14:2. 
haga-nadidia,,,,,,Freq: 2. Example: 1SA 14:4. 
lagava,,,,,,Freq: 2. Example: 1SA 14:15. 
hahisimumu,,,,,,Freq: 2. Example: 1SA 16:15. 
cheese,,,,,,Freq: 2. Example: 1SA 17:18. 
lalo-tamona,,,,,,Freq: 2. Example: 1SA 18:1. 
hataiava,,,,,,Freq: 2. Example: 1SA 18:10. 
dekea,,,,,,Freq: 2. Example: 1SA 18:11. 
adriele,,,,,,Freq: 2. Example: 1SA 18:19. 
mehola,,,,,,Freq: 2. Example: 1SA 18:19. 
ikwinana,,,,,,Freq: 2. Example: 1SA 19:13. 
etahuamu,,,,,,Freq: 2. Example: 1SA 20:1. 
daḡa,,,,,,Freq: 2. Example: 1SA 20:3. 
unukahamu,,,,,,Freq: 2. Example: 1SA 20:22. 
legamu,,,,,,Freq: 2. Example: 1SA 20:38. 
heude-heudena,,,,,,Freq: 2. Example: 1SA 21:1. 
kavaiamu,,,,,,Freq: 2. Example: 1SA 21:14. 
tamarisk,,,,,,Freq: 2. Example: 1SA 22:6. 
taudiaedia,,,,,,Freq: 2. Example: 1SA 22:19. 
garimai,,,,,,Freq: 2. Example: 1SA 23:3. 
lesimono,,,,,,Freq: 2. Example: 1SA 23:19. 
iesimono,,,,,,Freq: 2. Example: 1SA 23:24. 
tuarilaiamu,,,,,,Freq: 2. Example: 1SA 25:28. 
itahumu,,,,,,Freq: 2. Example: 1SA 25:29. 
lalo-maoro,,,,,,Freq: 2. Example: 1SA 25:33. 
galimi,,,,,,Freq: 2. Example: 1SA 25:44. 
manena,,,,,,Freq: 2. Example: 1SA 30:12. 
asitala,,,,,,Freq: 2. Example: 1SA 30:22. 
mun,,,,,,Freq: 2. Example: 2SA 1:7. 
gwadamu,,,,,,Freq: 2. Example: 2SA 2:22. 
abitala,,,,,,Freq: 2. Example: 2SA 3:4. 
itireama,,,,,,Freq: 2. Example: 2SA 3:5. 
egla,,,,,,Freq: 2. Example: 2SA 3:5. 
vena,,,,,,Freq: 2. Example: 2SA 3:12. 
mao,,,,,,Freq: 2. Example: 2SA 3:14. 
hedokilai,,,,,,Freq: 2. Example: 2SA 3:31. 
gitaimi,,,,,,Freq: 2. Example: 2SA 4:3. 
heauna,,,,,,Freq: 2. Example: 2SA 4:4. 
ḡaraia,,,,,,Freq: 2. Example: 2SA 4:6. 
elisua,,,,,,Freq: 2. Example: 2SA 5:15. 
ihaheḡiḡi-dobidia,,,,,,Freq: 2. Example: 2SA 5:20. 
irahu-masena,,,,,,Freq: 2. Example: 2SA 6:8. 
ialomu,,,,,,Freq: 2. Example: 2SA 7:3. 
hamanaudia,,,,,,Freq: 2. Example: 2SA 8:1. 
ere-ere,,,,,,Freq: 2. Example: 2SA 8:2. 
mamudia,,,,,,Freq: 2. Example: 2SA 8:4. 
labora-laboradia,,,,,,Freq: 2. Example: 2SA 8:8. 
helam,,,,,,Freq: 2. Example: 2SA 10:16. 
sobaka,,,,,,Freq: 2. Example: 2SA 10:16. 
komukau,,,,,,Freq: 2. Example: 2SA 11:1. 
henanadaina,,,,,,Freq: 2. Example: 2SA 11:3. 
eliama,,,,,,Freq: 2. Example: 2SA 11:3. 
hadibadibaia,,,,,,Freq: 2. Example: 2SA 11:19. 
tarakimui,,,,,,Freq: 2. Example: 2SA 11:20. 
hadareremai,,,,,,Freq: 2. Example: 2SA 11:23. 
bavadavadia,,,,,,Freq: 2. Example: 2SA 12:8. 
ihamaorolaina,,,,,,Freq: 2. Example: 2SA 12:18. 
iradia,,,,,,Freq: 2. Example: 2SA 12:31. 
iau,,,,,,Freq: 2. Example: 2SA 13:6. 
ihi-ihiraiava,,,,,,Freq: 2. Example: 2SA 13:15. 
hahekwarahimu,,,,,,Freq: 2. Example: 2SA 13:25. 
iha-idaudia,,,,,,Freq: 2. Example: 2SA 14:20. 
hametaugu,,,,,,Freq: 2. Example: 2SA 15:33. 
hegaga-hehenina,,,,,,Freq: 2. Example: 2SA 16:13. 
raka-vareaidia,,,,,,Freq: 2. Example: 2SA 17:17. 
rogelim,,,,,,Freq: 2. Example: 2SA 17:27. 
guḡuru,,,,,,Freq: 2. Example: 2SA 18:8. 
headai,,,,,,Freq: 2. Example: 2SA 18:9. 
lapaia,,,,,,Freq: 2. Example: 2SA 18:11. 
ilaohaina,,,,,,Freq: 2. Example: 2SA 18:22. 
rakirakidia,,,,,,Freq: 2. Example: 2SA 19:3. 
tauhaumu,,,,,,Freq: 2. Example: 2SA 19:7. 
iherevalaina,,,,,,Freq: 2. Example: 2SA 19:43. 
kara-kava,,,,,,Freq: 2. Example: 2SA 20:1. 
bete-maka,,,,,,Freq: 2. Example: 2SA 20:14. 
adorama,,,,,,Freq: 2. Example: 2SA 20:24. 
haḡaukaradiava,,,,,,Freq: 2. Example: 2SA 20:24. 
seva,,,,,,Freq: 2. Example: 2SA 20:25. 
gob,,,,,,Freq: 2. Example: 2SA 21:18. 
hagariguva,,,,,,Freq: 2. Example: 2SA 22:5. 
huodia,,,,,,Freq: 2. Example: 2SA 22:6. 
hekoulaia,,,,,,Freq: 2. Example: 2SA 22:12. 
dubana,,,,,,Freq: 2. Example: 2SA 22:12. 
guba-rahua,,,,,,Freq: 2. Example: 2SA 22:14. 
halailaia,,,,,,Freq: 2. Example: 2SA 22:33. 
isisibadia,,,,,,Freq: 2. Example: 2SA 23:1. 
negediamu,,,,,,Freq: 2. Example: 2SA 23:6. 
lentil,,,,,,Freq: 2. Example: 2SA 23:11. 
lalo-hekisehekisena,,,,,,Freq: 2. Example: 2SA 23:15. 
ribai,,,,,,Freq: 2. Example: 2SA 23:29. 
eliaba,,,,,,Freq: 2. Example: 2SA 23:32. 
saalbon,,,,,,Freq: 2. Example: 2SA 23:32. 
ahiama,,,,,,Freq: 2. Example: 2SA 23:33. 
hesero,,,,,,Freq: 2. Example: 2SA 23:35. 
seleke,,,,,,Freq: 2. Example: 2SA 23:37. 
naharai,,,,,,Freq: 2. Example: 2SA 23:37. 
hahida,,,,,,Freq: 2. Example: 2SA 24:2. 
rara-hebubu,,,,,,Freq: 2. Example: 1KI 2:32. 
halahuia,,,,,,Freq: 2. Example: 1KI 2:32. 
kemegu,,,,,,Freq: 2. Example: 1KI 3:20. 
goevaḡoeva,,,,,,Freq: 2. Example: 1KI 3:21. 
adoniram,,,,,,Freq: 2. Example: 1KI 4:6. 
abda,,,,,,Freq: 2. Example: 1KI 4:6. 
kalakolo,,,,,,Freq: 2. Example: 1KI 4:31. 
darada,,,,,,Freq: 2. Example: 1KI 4:31. 
herevalaidiava,,,,,,Freq: 2. Example: 1KI 4:33. 
husopo,,,,,,Freq: 2. Example: 1KI 4:33. 
keridia,,,,,,Freq: 2. Example: 1KI 5:9. 
rai,,,,,,Freq: 2. Example: 1KI 5:9. 
sivi,,,,,,Freq: 2. Example: 1KI 6:1. 
lalo-ikouna,,,,,,Freq: 2. Example: 1KI 6:9. 
toidaedia,,,,,,Freq: 2. Example: 1KI 6:15. 
toidae,,,,,,Freq: 2. Example: 1KI 6:16. 
iharuadia,,,,,,Freq: 2. Example: 1KI 6:27. 
bagubagu,,,,,,Freq: 2. Example: 1KI 6:31. 
hahelokudia,,,,,,Freq: 2. Example: 1KI 6:34. 
iridia,,,,,,Freq: 2. Example: 1KI 7:9. 
hekunu,,,,,,Freq: 2. Example: 1KI 7:25. 
kapa,,,,,,Freq: 2. Example: 1KI 7:28. 
haheradia,,,,,,Freq: 2. Example: 1KI 7:29. 
habahabana,,,,,,Freq: 2. Example: 1KI 7:31. 
habahaba,,,,,,Freq: 2. Example: 1KI 7:32. 
ito,,,,,,Freq: 2. Example: 1KI 7:33. 
lada-tao,,,,,,Freq: 2. Example: 1KI 7:35. 
ikahi,,,,,,Freq: 2. Example: 1KI 7:49. 
goevaḡoevana,,,,,,Freq: 2. Example: 1KI 7:50. 
ihahelai-dobidia,,,,,,Freq: 2. Example: 1KI 7:50. 
irutahunana,,,,,,Freq: 2. Example: 1KI 8:8. 
heudamu,,,,,,Freq: 2. Example: 1KI 8:21. 
iguidia,,,,,,Freq: 2. Example: 1KI 8:46. 
hama,,,,,,Freq: 2. Example: 1KI 8:65. 
edehetomadia,,,,,,Freq: 2. Example: 1KI 9:13. 
hahelaimu,,,,,,Freq: 2. Example: 1KI 10:9. 
maniki,,,,,,Freq: 2. Example: 1KI 10:22. 
sukedia,,,,,,Freq: 2. Example: 1KI 10:27. 
genubata,,,,,,Freq: 2. Example: 1KI 11:20. 
sereda,,,,,,Freq: 2. Example: 1KI 11:26. 
haheganidia,,,,,,Freq: 2. Example: 1KI 11:38. 
ihoudiai,,,,,,Freq: 2. Example: 1KI 11:38. 
herlidia,,,,,,Freq: 2. Example: 1KI 13:3. 
giḡia,,,,,,Freq: 2. Example: 1KI 13:3. 
haganigu,,,,,,Freq: 2. Example: 1KI 13:9. 
henege-dobina,,,,,,Freq: 2. Example: 1KI 13:25. 
taitaia,,,,,,Freq: 2. Example: 1KI 13:29. 
goeva-daedia,,,,,,Freq: 2. Example: 1KI 14:26. 
loulaidiava,,,,,,Freq: 2. Example: 1KI 14:28. 
atodiava,,,,,,Freq: 2. Example: 1KI 14:28. 
abisalomo,,,,,,Freq: 2. Example: 1KI 15:2. 
momokaniva,,,,,,Freq: 2. Example: 1KI 15:3. 
abele-bete-maka,,,,,,Freq: 2. Example: 1KI 15:20. 
arasa,,,,,,Freq: 2. Example: 1KI 16:9. 
ihatoiahui-taurahanina,,,,,,Freq: 2. Example: 1KI 16:29. 
keriti,,,,,,Freq: 2. Example: 1KI 17:3. 
mailaiva,,,,,,Freq: 2. Example: 1KI 17:6. 
tohena,,,,,,Freq: 2. Example: 1KI 17:14. 
kaurakaura,,,,,,Freq: 2. Example: 1KI 17:14. 
diholaia,,,,,,Freq: 2. Example: 1KI 17:23. 
iharaivana,,,,,,Freq: 2. Example: 1KI 18:17. 
heivava,,,,,,Freq: 2. Example: 1KI 18:28. 
auhani,,,,,,Freq: 2. Example: 1KI 18:33. 
orina,,,,,,Freq: 2. Example: 1KI 18:45. 
avaniani,,,,,,Freq: 2. Example: 1KI 19:5. 
ḡigidia,,,,,,Freq: 2. Example: 1KI 19:14. 
ibolomu,,,,,,Freq: 2. Example: 1KI 19:16. 
hetalai,,,,,,Freq: 2. Example: 1KI 20:29. 
ikumilaina,,,,,,Freq: 2. Example: 1KI 20:38. 
ihekwarahilaidia,,,,,,Freq: 2. Example: 1KI 20:40. 
lalo-metauna,,,,,,Freq: 2. Example: 1KI 20:43. 
lalo-ḡaraḡarana,,,,,,Freq: 2. Example: 1KI 21:4. 
dokilaidia,,,,,,Freq: 2. Example: 1KI 21:27. 
aela,,,,,,Freq: 2. Example: 1KI 22:17. 
taraki,,,,,,Freq: 2. Example: 1KI 22:34. 
heaulaiava,,,,,,Freq: 2. Example: 1KI 22:34. 
silihi,,,,,,Freq: 2. Example: 1KI 22:42. 
hedagwa,,,,,,Freq: 2. Example: 2KI 1:2. 
ḡolemui,,,,,,Freq: 2. Example: 2KI 1:10. 
haperedia,,,,,,Freq: 2. Example: 2KI 3:4. 
kiri-haresete,,,,,,Freq: 2. Example: 2KI 3:25. 
tubu-kau,,,,,,Freq: 2. Example: 2KI 4:17. 
asimana,,,,,,Freq: 2. Example: 2KI 4:35. 
buna,,,,,,Freq: 2. Example: 2KI 5:26. 
hamaorolaiamu,,,,,,Freq: 2. Example: 2KI 6:12. 
ihadikada,,,,,,Freq: 2. Example: 2KI 7:12. 
taotao,,,,,,Freq: 2. Example: 2KI 7:17. 
regudiava,,,,,,Freq: 2. Example: 2KI 10:6. 
bet-ekede,,,,,,Freq: 2. Example: 2KI 10:12. 
iehonadab,,,,,,Freq: 2. Example: 2KI 10:15. 
kariti,,,,,,Freq: 2. Example: 2KI 11:4. 
hiririva,,,,,,Freq: 2. Example: 2KI 11:14. 
budua,,,,,,Freq: 2. Example: 2KI 12:9. 
somere,,,,,,Freq: 2. Example: 2KI 12:21. 
ihatoiahui-hituna,,,,,,Freq: 2. Example: 2KI 13:10. 
ihadarerena,,,,,,Freq: 2. Example: 2KI 13:17. 
hahisihisidiava,,,,,,Freq: 2. Example: 2KI 13:22. 
ioahasa,,,,,,Freq: 2. Example: 2KI 14:1. 
aitame,,,,,,Freq: 2. Example: 2KI 14:8. 
ava-ḡiniḡinina,,,,,,Freq: 2. Example: 2KI 14:9. 
uda-boromana,,,,,,Freq: 2. Example: 2KI 14:9. 
heimodaina,,,,,,Freq: 2. Example: 2KI 14:10. 
amitai,,,,,,Freq: 2. Example: 2KI 14:25. 
asineto,,,,,,Freq: 2. Example: 2KI 14:27. 
lekolia,,,,,,Freq: 2. Example: 2KI 15:2. 
hagorerea,,,,,,Freq: 2. Example: 2KI 15:5. 
ihatoiahui-taurahani-tana,,,,,,Freq: 2. Example: 2KI 15:13. 
lono,,,,,,Freq: 2. Example: 2KI 15:29. 
ierusa,,,,,,Freq: 2. Example: 2KI 15:33. 
guhiguhina,,,,,,Freq: 2. Example: 2KI 16:18. 
salmanesere,,,,,,Freq: 2. Example: 2KI 17:3. 
hehuniva,,,,,,Freq: 2. Example: 2KI 17:9. 
asima,,,,,,Freq: 2. Example: 2KI 17:30. 
utuva,,,,,,Freq: 2. Example: 2KI 18:12. 
ihaerolaina,,,,,,Freq: 2. Example: 2KI 18:20. 
kwaiduna,,,,,,Freq: 2. Example: 2KI 18:21. 
hetao-kau,,,,,,Freq: 2. Example: 2KI 18:21. 
meimui,,,,,,Freq: 2. Example: 2KI 18:27. 
vau,,,,,,Freq: 2. Example: 2KI 19:3. 
tirihaka,,,,,,Freq: 2. Example: 2KI 19:9. 
koilaimu,,,,,,Freq: 2. Example: 2KI 19:10. 
resef,,,,,,Freq: 2. Example: 2KI 19:12. 
tel-asara,,,,,,Freq: 2. Example: 2KI 19:12. 
ḡonaḡonalaimumu,,,,,,Freq: 2. Example: 2KI 19:21. 
helari,,,,,,Freq: 2. Example: 2KI 19:22. 
gonaḡonalaia,,,,,,Freq: 2. Example: 2KI 19:23. 
lata-hereadia,,,,,,Freq: 2. Example: 2KI 19:23. 
udu-aurina,,,,,,Freq: 2. Example: 2KI 19:28. 
haloumu,,,,,,Freq: 2. Example: 2KI 19:28. 
nisrok,,,,,,Freq: 2. Example: 2KI 19:37. 
heabidadamagu,,,,,,Freq: 2. Example: 2KI 20:3. 
gelona,,,,,,Freq: 2. Example: 2KI 20:11. 
merodak-baladan,,,,,,Freq: 2. Example: 2KI 20:12. 
baladan,,,,,,Freq: 2. Example: 2KI 20:12. 
daidaidia,,,,,,Freq: 2. Example: 2KI 21:6. 
hirua,,,,,,Freq: 2. Example: 2KI 21:14. 
rakalaiva,,,,,,Freq: 2. Example: 2KI 21:21. 
toiahui-ta,,,,,,Freq: 2. Example: 2KI 22:1. 
asalia,,,,,,Freq: 2. Example: 2KI 22:3. 
hagau,,,,,,Freq: 2. Example: 2KI 22:4. 
ibanilaina,,,,,,Freq: 2. Example: 2KI 22:6. 
igaukaralaidia,,,,,,Freq: 2. Example: 2KI 22:7. 
hulda,,,,,,Freq: 2. Example: 2KI 22:14. 
tikva,,,,,,Freq: 2. Example: 2KI 22:14. 
noho-bou,,,,,,Freq: 2. Example: 2KI 23:5. 
badu-garaḡara,,,,,,Freq: 2. Example: 2KI 23:26. 
leremia,,,,,,Freq: 2. Example: 2KI 23:31. 
sisi-sisi,,,,,,Freq: 2. Example: 2KI 24:13. 
ihagwauta-taurahani-tana,,,,,,Freq: 2. Example: 2KI 25:8. 
tanahumete,,,,,,Freq: 2. Example: 2KI 25:23. 
evil-merodak,,,,,,Freq: 2. Example: 2KI 25:27. 
sefi,,,,,,Freq: 2. Example: 1CH 1:36. 
batasua,,,,,,Freq: 2. Example: 1CH 2:3. 
rava-maraḡina,,,,,,Freq: 2. Example: 1CH 2:4. 
oseme,,,,,,Freq: 2. Example: 1CH 2:15. 
asahuru,,,,,,Freq: 2. Example: 1CH 2:24. 
abisuru,,,,,,Freq: 2. Example: 1CH 2:28. 
selede,,,,,,Freq: 2. Example: 1CH 2:30. 
ahalai,,,,,,Freq: 2. Example: 1CH 2:31. 
iaraha,,,,,,Freq: 2. Example: 1CH 2:34. 
efelala,,,,,,Freq: 2. Example: 1CH 2:37. 
sisimai,,,,,,Freq: 2. Example: 1CH 2:40. 
lerahamele,,,,,,Freq: 2. Example: 1CH 2:42. 
rahama,,,,,,Freq: 2. Example: 1CH 2:44. 
gasese,,,,,,Freq: 2. Example: 1CH 2:46. 
pelet,,,,,,Freq: 2. Example: 1CH 2:47. 
saafa,,,,,,Freq: 2. Example: 1CH 2:47. 
sorata,,,,,,Freq: 2. Example: 1CH 2:53. 
lahata,,,,,,Freq: 2. Example: 1CH 4:2. 
koso,,,,,,Freq: 2. Example: 1CH 4:8. 
kelubu,,,,,,Freq: 2. Example: 1CH 4:11. 
esetono,,,,,,Freq: 2. Example: 1CH 4:11. 
tehina,,,,,,Freq: 2. Example: 1CH 4:12. 
meonotai,,,,,,Freq: 2. Example: 1CH 4:13. 
dibakana,,,,,,Freq: 2. Example: 1CH 4:14. 
iru,,,,,,Freq: 2. Example: 1CH 4:15. 
iehalelele,,,,,,Freq: 2. Example: 1CH 4:16. 
merede,,,,,,Freq: 2. Example: 1CH 4:17. 
sarafa,,,,,,Freq: 2. Example: 1CH 4:22. 
iaribi,,,,,,Freq: 2. Example: 1CH 4:24. 
asiele,,,,,,Freq: 2. Example: 1CH 4:35. 
alono,,,,,,Freq: 2. Example: 1CH 4:37. 
iaroa,,,,,,Freq: 2. Example: 1CH 5:14. 
iesisai,,,,,,Freq: 2. Example: 1CH 5:14. 
hara,,,,,,Freq: 2. Example: 1CH 5:26. 
ahimoto,,,,,,Freq: 2. Example: 1CH 6:25. 
sofai,,,,,,Freq: 2. Example: 1CH 6:26. 
loel,,,,,,Freq: 2. Example: 1CH 6:28. 
hagia,,,,,,Freq: 2. Example: 1CH 6:30. 
gaukarana,,,,,,Freq: 2. Example: 1CH 6:31. 
baaseia,,,,,,Freq: 2. Example: 1CH 6:40. 
eteni,,,,,,Freq: 2. Example: 1CH 6:41. 
kisi,,,,,,Freq: 2. Example: 1CH 6:44. 
iahasaha,,,,,,Freq: 2. Example: 1CH 6:78. 
isirahia,,,,,,Freq: 2. Example: 1CH 7:3. 
refa,,,,,,Freq: 2. Example: 1CH 7:25. 
resefe,,,,,,Freq: 2. Example: 1CH 7:25. 
tela,,,,,,Freq: 2. Example: 1CH 7:25. 
hotama,,,,,,Freq: 2. Example: 1CH 7:32. 
sofa,,,,,,Freq: 2. Example: 1CH 7:35. 
ula,,,,,,Freq: 2. Example: 1CH 7:39. 
sasaka,,,,,,Freq: 2. Example: 1CH 8:14. 
loha,,,,,,Freq: 2. Example: 1CH 8:16. 
siletai,,,,,,Freq: 2. Example: 1CH 8:20. 
esebaal,,,,,,Freq: 2. Example: 1CH 8:33. 
pitono,,,,,,Freq: 2. Example: 1CH 8:35. 
melek,,,,,,Freq: 2. Example: 1CH 8:35. 
tarea,,,,,,Freq: 2. Example: 1CH 8:35. 
iehoada,,,,,,Freq: 2. Example: 1CH 8:36. 
bokeru,,,,,,Freq: 2. Example: 1CH 8:38. 
searia,,,,,,Freq: 2. Example: 1CH 8:38. 
utai,,,,,,Freq: 2. Example: 1CH 9:4. 
ieuele,,,,,,Freq: 2. Example: 1CH 9:6. 
sinahutaurahanita,,,,,,Freq: 2. Example: 1CH 9:9. 
iehoiaribi,,,,,,Freq: 2. Example: 1CH 9:10. 
iahasera,,,,,,Freq: 2. Example: 1CH 9:12. 
mesilemiti,,,,,,Freq: 2. Example: 1CH 9:12. 
lese,,,,,,Freq: 2. Example: 1CH 10:14. 
hakamoni,,,,,,Freq: 2. Example: 1CH 11:11. 
sakara,,,,,,Freq: 2. Example: 1CH 11:35. 
iosafat,,,,,,Freq: 2. Example: 1CH 11:43. 
isimaia,,,,,,Freq: 2. Example: 1CH 12:4. 
alai,,,,,,Freq: 2. Example: 1CH 12:11. 
ihaerona,,,,,,Freq: 2. Example: 1CH 12:32. 
reḡereḡe,,,,,,Freq: 2. Example: 1CH 15:16. 
elifelehu,,,,,,Freq: 2. Example: 1CH 15:18. 
mikineia,,,,,,Freq: 2. Example: 1CH 15:18. 
alamoto,,,,,,Freq: 2. Example: 1CH 15:20. 
seminiti,,,,,,Freq: 2. Example: 1CH 15:21. 
haboumai,,,,,,Freq: 2. Example: 1CH 16:35. 
gogogogo,,,,,,Freq: 2. Example: 1CH 16:35. 
tou,,,,,,Freq: 2. Example: 1CH 18:9. 
hadorama,,,,,,Freq: 2. Example: 1CH 18:10. 
sofaka,,,,,,Freq: 2. Example: 1CH 19:16. 
setama,,,,,,Freq: 2. Example: 1CH 23:8. 
ieria,,,,,,Freq: 2. Example: 1CH 23:19. 
lekameama,,,,,,Freq: 2. Example: 1CH 23:19. 
hesiri,,,,,,Freq: 2. Example: 1CH 24:15. 
ihagwauta-taurahanitana,,,,,,Freq: 2. Example: 1CH 24:16. 
iharuahuiruana,,,,,,Freq: 2. Example: 1CH 24:17. 
maasia,,,,,,Freq: 2. Example: 1CH 24:18. 
iehedeia,,,,,,Freq: 2. Example: 1CH 24:20. 
isihara,,,,,,Freq: 2. Example: 1CH 24:22. 
iaasia,,,,,,Freq: 2. Example: 1CH 24:26. 
beno,,,,,,Freq: 2. Example: 1CH 24:26. 
bukia,,,,,,Freq: 2. Example: 1CH 25:4. 
eliata,,,,,,Freq: 2. Example: 1CH 25:4. 
gidalti,,,,,,Freq: 2. Example: 1CH 25:4. 
romamatiesere,,,,,,Freq: 2. Example: 1CH 25:4. 
iosobekasa,,,,,,Freq: 2. Example: 1CH 25:4. 
maloti,,,,,,Freq: 2. Example: 1CH 25:4. 
hotiri,,,,,,Freq: 2. Example: 1CH 25:4. 
mahasioto,,,,,,Freq: 2. Example: 1CH 25:4. 
iduanaidia,,,,,,Freq: 2. Example: 1CH 25:8. 
eliehoenai,,,,,,Freq: 2. Example: 1CH 26:3. 
iehieli,,,,,,Freq: 2. Example: 1CH 26:21. 
inanatalaina,,,,,,Freq: 2. Example: 1CH 26:27. 
sabdiele,,,,,,Freq: 2. Example: 1CH 27:2. 
meronoto,,,,,,Freq: 2. Example: 1CH 27:30. 
gwau-sisiba,,,,,,Freq: 2. Example: 1CH 27:32. 
lalo-ura,,,,,,Freq: 2. Example: 1CH 28:21. 
ura-kwalimuna,,,,,,Freq: 2. Example: 1CH 29:5. 
imatauraimu,,,,,,Freq: 2. Example: 2CH 1:11. 
idibakana,,,,,,Freq: 2. Example: 2CH 2:13. 
huram-abi,,,,,,Freq: 2. Example: 2CH 2:13. 
hakwadogia,,,,,,Freq: 2. Example: 2CH 3:3. 
helaga-herea,,,,,,Freq: 2. Example: 2CH 4:22. 
hataidia,,,,,,Freq: 2. Example: 2CH 7:6. 
palaka-palaka,,,,,,Freq: 2. Example: 2CH 9:15. 
haharagaia,,,,,,Freq: 2. Example: 2CH 10:4. 
gerebu-tauratoi,,,,,,Freq: 2. Example: 2CH 12:3. 
domaga-taurahani,,,,,,Freq: 2. Example: 2CH 13:3. 
ikwaramai,,,,,,Freq: 2. Example: 2CH 13:12. 
domaga-ima,,,,,,Freq: 2. Example: 2CH 13:17. 
neneamu,,,,,,Freq: 2. Example: 2CH 16:9. 
lehohanan,,,,,,Freq: 2. Example: 2CH 17:15. 
gvauraidia,,,,,,Freq: 2. Example: 2CH 20:21. 
tan,,,,,,Freq: 2. Example: 2CH 20:23. 
iehosabea,,,,,,Freq: 2. Example: 2CH 22:11. 
ḡaukaralaidia,,,,,,Freq: 2. Example: 2CH 24:7. 
laohaiava,,,,,,Freq: 2. Example: 2CH 24:11. 
nomu,,,,,,Freq: 2. Example: 2CH 26:10. 
asuna,,,,,,Freq: 2. Example: 2CH 28:21. 
habododia,,,,,,Freq: 2. Example: 2CH 29:7. 
lalo-maoromaorona,,,,,,Freq: 2. Example: 2CH 29:34. 
helaoreadia,,,,,,Freq: 2. Example: 2CH 31:2. 
boga-aukana,,,,,,Freq: 2. Example: 2CH 32:5. 
hekwarahilai,,,,,,Freq: 2. Example: 2CH 35:14. 
rohe-ahulaia,,,,,,Freq: 2. Example: 2CH 35:25. 
hevasehalaidia,,,,,,Freq: 2. Example: 2CH 36:16. 
haḡaḡaea,,,,,,Freq: 2. Example: 2CH 36:21. 
mitredata,,,,,,Freq: 2. Example: EZR 1:8. 
bilsan,,,,,,Freq: 2. Example: EZR 2:2. 
pahatamoab,,,,,,Freq: 2. Example: EZR 2:6. 
sakai,,,,,,Freq: 2. Example: EZR 2:9. 
mikma,,,,,,Freq: 2. Example: EZR 2:27. 
senaha,,,,,,Freq: 2. Example: EZR 2:35. 
toiahui,,,,,,Freq: 2. Example: EZR 2:35. 
hatita,,,,,,Freq: 2. Example: EZR 2:42. 
sobai,,,,,,Freq: 2. Example: EZR 2:42. 
hasufa,,,,,,Freq: 2. Example: EZR 2:43. 
tabaoto,,,,,,Freq: 2. Example: EZR 2:43. 
kero,,,,,,Freq: 2. Example: EZR 2:44. 
padono,,,,,,Freq: 2. Example: EZR 2:44. 
lebana,,,,,,Freq: 2. Example: EZR 2:45. 
hagaba,,,,,,Freq: 2. Example: EZR 2:46. 
gahara,,,,,,Freq: 2. Example: EZR 2:47. 
gasama,,,,,,Freq: 2. Example: EZR 2:48. 
bakabuku,,,,,,Freq: 2. Example: EZR 2:51. 
hakufa,,,,,,Freq: 2. Example: EZR 2:51. 
harahuru,,,,,,Freq: 2. Example: EZR 2:51. 
mehida,,,,,,Freq: 2. Example: EZR 2:52. 
harasa,,,,,,Freq: 2. Example: EZR 2:52. 
barako,,,,,,Freq: 2. Example: EZR 2:53. 
nesia,,,,,,Freq: 2. Example: EZR 2:54. 
hatifa,,,,,,Freq: 2. Example: EZR 2:54. 
sotai,,,,,,Freq: 2. Example: EZR 2:55. 
darakono,,,,,,Freq: 2. Example: EZR 2:56. 
hatili,,,,,,Freq: 2. Example: EZR 2:57. 
pokerete-hasabaimi,,,,,,Freq: 2. Example: EZR 2:57. 
tele-mela,,,,,,Freq: 2. Example: EZR 2:59. 
tele-harasa,,,,,,Freq: 2. Example: EZR 2:59. 
kerubu,,,,,,Freq: 2. Example: EZR 2:59. 
henemai,,,,,,Freq: 2. Example: EZR 2:61. 
gwau-maoro,,,,,,Freq: 2. Example: EZR 3:7. 
losadak,,,,,,Freq: 2. Example: EZR 3:8. 
haginiava,,,,,,Freq: 2. Example: EZR 4:1. 
bouamu,,,,,,Freq: 2. Example: EZR 4:2. 
tabele,,,,,,Freq: 2. Example: EZR 4:7. 
ihadikalaina,,,,,,Freq: 2. Example: EZR 4:22. 
ihadibalaimu,,,,,,Freq: 2. Example: EZR 5:10. 
laohaidiamu,,,,,,Freq: 2. Example: EZR 6:3. 
haganimuimu,,,,,,Freq: 2. Example: EZR 6:8. 
iboulaina,,,,,,Freq: 2. Example: EZR 6:9. 
hahegoeva,,,,,,Freq: 2. Example: EZR 6:20. 
goḡoeva-ḡoḡoeva,,,,,,Freq: 2. Example: EZR 6:20. 
babulon,,,,,,Freq: 2. Example: EZR 7:16. 
gaukaralaia,,,,,,Freq: 2. Example: EZR 7:17. 
haganilai,,,,,,Freq: 2. Example: EZR 7:23. 
hadibamuimu,,,,,,Freq: 2. Example: EZR 7:24. 
ruahui-taurahani,,,,,,Freq: 2. Example: EZR 8:11. 
kasifia,,,,,,Freq: 2. Example: EZR 8:17. 
inoina,,,,,,Freq: 2. Example: EZR 8:22. 
noadia,,,,,,Freq: 2. Example: EZR 8:33. 
hedaredia,,,,,,Freq: 2. Example: EZR 9:5. 
kakakakamu,,,,,,Freq: 2. Example: EZR 9:6. 
gvaurai,,,,,,Freq: 2. Example: EZR 10:1. 
elasa,,,,,,Freq: 2. Example: EZR 10:22. 
sabai,,,,,,Freq: 2. Example: EZR 10:28. 
matata,,,,,,Freq: 2. Example: EZR 10:33. 
hakalia,,,,,,Freq: 2. Example: NEH 1:1. 
kisleve,,,,,,Freq: 2. Example: NEH 1:1. 
herohemainomu,,,,,,Freq: 2. Example: NEH 1:5. 
nisan,,,,,,Freq: 2. Example: NEH 2:1. 
siahumui,,,,,,Freq: 2. Example: NEH 2:20. 
ibulodia,,,,,,Freq: 2. Example: NEH 3:8. 
hasabaneia,,,,,,Freq: 2. Example: NEH 3:10. 
halohese,,,,,,Freq: 2. Example: NEH 3:12. 
goada-dikadika,,,,,,Freq: 2. Example: NEH 3:16. 
habadumu,,,,,,Freq: 2. Example: NEH 4:5. 
huhutuma,,,,,,Freq: 2. Example: NEH 5:2. 
hidiomai,,,,,,Freq: 2. Example: NEH 5:5. 
hoidiamu,,,,,,Freq: 2. Example: NEH 5:8. 
vaurai,,,,,,Freq: 2. Example: NEH 5:11. 
davedavedia,,,,,,Freq: 2. Example: NEH 5:13. 
ihatoiahui-ruana,,,,,,Freq: 2. Example: NEH 5:14. 
hegaeḡaelai,,,,,,Freq: 2. Example: NEH 5:18. 
ihagarigu,,,,,,Freq: 2. Example: NEH 6:14. 
harifi,,,,,,Freq: 2. Example: NEH 7:24. 
patapatana,,,,,,Freq: 2. Example: NEH 8:4. 
anaia,,,,,,Freq: 2. Example: NEH 8:4. 
hadorodia,,,,,,Freq: 2. Example: NEH 8:11. 
gubadia,,,,,,Freq: 2. Example: NEH 9:6. 
dabudabu,,,,,,Freq: 2. Example: NEH 9:29. 
ginetono,,,,,,Freq: 2. Example: NEH 10:6. 
tora,,,,,,Freq: 2. Example: NEH 10:31. 
inanatalaidia,,,,,,Freq: 2. Example: NEH 10:33. 
herekwa,,,,,,Freq: 2. Example: NEH 10:39. 
hasaia,,,,,,Freq: 2. Example: NEH 11:5. 
itiele,,,,,,Freq: 2. Example: NEH 11:7. 
salai,,,,,,Freq: 2. Example: NEH 11:8. 
pelalia,,,,,,Freq: 2. Example: NEH 11:12. 
ahasai,,,,,,Freq: 2. Example: NEH 11:13. 
imatamana,,,,,,Freq: 2. Example: NEH 11:17. 
amok,,,,,,Freq: 2. Example: NEH 12:7. 
ladua,,,,,,Freq: 2. Example: NEH 12:11. 
hahenamodia,,,,,,Freq: 2. Example: NEH 12:27. 
dabaimui,,,,,,Freq: 2. Example: NEH 13:21. 
india,,,,,,Freq: 2. Example: EST 1:1. 
harabona,,,,,,Freq: 2. Example: EST 1:10. 
setara,,,,,,Freq: 2. Example: EST 1:10. 
bigitana,,,,,,Freq: 2. Example: EST 2:21. 
terese,,,,,,Freq: 2. Example: EST 2:21. 
hanamolaigu,,,,,,Freq: 2. Example: EST 5:13. 
hoimai,,,,,,Freq: 2. Example: EST 7:4. 
ege-diho,,,,,,Freq: 2. Example: EST 7:8. 
heau-dikadika,,,,,,Freq: 2. Example: EST 8:10. 
ihag,,,,,,Freq: 2. Example: EST 9:18. 
vauta-hanina,,,,,,Freq: 2. Example: EST 9:18. 
idadidia,,,,,,Freq: 2. Example: JOB 1:17. 
huhu,,,,,,Freq: 2. Example: JOB 1:19. 
gagaegu,,,,,,Freq: 2. Example: JOB 1:21. 
egwa,,,,,,Freq: 2. Example: JOB 3:3. 
rotoamu,,,,,,Freq: 2. Example: JOB 3:9. 
hepunimu,,,,,,Freq: 2. Example: JOB 3:21. 
maḡua,,,,,,Freq: 2. Example: JOB 3:23. 
kaubebe,,,,,,Freq: 2. Example: JOB 4:19. 
kimoremoredia,,,,,,Freq: 2. Example: JOB 5:7. 
heḡuiheḡui,,,,,,Freq: 2. Example: JOB 5:13. 
goumu,,,,,,Freq: 2. Example: JOB 6:5. 
heaḡilai,,,,,,Freq: 2. Example: JOB 6:10. 
hadiburadiamu,,,,,,Freq: 2. Example: JOB 6:16. 
kamelodia,,,,,,Freq: 2. Example: JOB 6:18. 
helarova,,,,,,Freq: 2. Example: JOB 6:20. 
hepapahuahulai,,,,,,Freq: 2. Example: JOB 6:27. 
helarodia,,,,,,Freq: 2. Example: JOB 7:6. 
hagarigumu,,,,,,Freq: 2. Example: JOB 7:14. 
ragaia,,,,,,Freq: 2. Example: JOB 8:16. 
haganiamu,,,,,,Freq: 2. Example: JOB 9:7. 
hahonugumu,,,,,,Freq: 2. Example: JOB 9:18. 
oromagu,,,,,,Freq: 2. Example: JOB 10:8. 
vabura-vaburana,,,,,,Freq: 2. Example: JOB 10:21. 
gonaḡona,,,,,,Freq: 2. Example: JOB 11:3. 
ḡoeva-daemu,,,,,,Freq: 2. Example: JOB 12:5. 
hakavakavadiamu,,,,,,Freq: 2. Example: JOB 12:17. 
hamorudiamu,,,,,,Freq: 2. Example: JOB 12:19. 
hakapudiamu,,,,,,Freq: 2. Example: JOB 12:20. 
kehodiamu,,,,,,Freq: 2. Example: JOB 12:22. 
hahutumadiamu,,,,,,Freq: 2. Example: JOB 12:23. 
eregabegu,,,,,,Freq: 2. Example: JOB 13:26. 
houka-houkamu,,,,,,Freq: 2. Example: JOB 13:28. 
haturiaia,,,,,,Freq: 2. Example: JOB 14:6. 
hevarure,,,,,,Freq: 2. Example: JOB 14:18. 
mamiamu,,,,,,Freq: 2. Example: JOB 14:22. 
halari,,,,,,Freq: 2. Example: JOB 16:9. 
vahagu,,,,,,Freq: 2. Example: JOB 16:10. 
huarigu,,,,,,Freq: 2. Example: JOB 16:12. 
nadinadigu,,,,,,Freq: 2. Example: JOB 16:13. 
vabura-vabura,,,,,,Freq: 2. Example: JOB 16:16. 
ihamomokanigu,,,,,,Freq: 2. Example: JOB 16:19. 
hahebadu,,,,,,Freq: 2. Example: JOB 17:2. 
hakwadogidia,,,,,,Freq: 2. Example: JOB 18:7. 
hahisihisigu,,,,,,Freq: 2. Example: JOB 19:2. 
magua,,,,,,Freq: 2. Example: JOB 19:8. 
vadivadidia,,,,,,Freq: 2. Example: JOB 19:15. 
topoamu,,,,,,Freq: 2. Example: JOB 20:16. 
ani-gunita,,,,,,Freq: 2. Example: JOB 20:20. 
kimoremorena,,,,,,Freq: 2. Example: JOB 20:25. 
verevai,,,,,,Freq: 2. Example: JOB 21:16. 
habodoamu,,,,,,Freq: 2. Example: JOB 21:17. 
tahunidiamu,,,,,,Freq: 2. Example: JOB 21:26. 
raki,,,,,,Freq: 2. Example: JOB 24:8. 
mairumairu,,,,,,Freq: 2. Example: JOB 24:15. 
heubumu,,,,,,Freq: 2. Example: JOB 24:21. 
adadia,,,,,,Freq: 2. Example: JOB 24:24. 
vala,,,,,,Freq: 2. Example: JOB 26:13. 
vero,,,,,,Freq: 2. Example: JOB 26:13. 
udu-baubaugu,,,,,,Freq: 2. Example: JOB 27:3. 
vabudia,,,,,,Freq: 2. Example: JOB 27:15. 
poupou,,,,,,Freq: 2. Example: JOB 27:23. 
nd,,,,,,Freq: 2. Example: JOB 28:2. 
ḡeidiamu,,,,,,Freq: 2. Example: JOB 28:4. 
urumu,,,,,,Freq: 2. Example: JOB 28:11. 
peninimi,,,,,,Freq: 2. Example: JOB 28:18. 
haḡadia,,,,,,Freq: 2. Example: JOB 29:23. 
hamarumarudiamu,,,,,,Freq: 2. Example: JOB 29:25. 
hevasehalaigumu,,,,,,Freq: 2. Example: JOB 30:1. 
koupadia,,,,,,Freq: 2. Example: JOB 30:6. 
kanudi,,,,,,Freq: 2. Example: JOB 30:10. 
ḡuigumu,,,,,,Freq: 2. Example: JOB 30:18. 
koremana,,,,,,Freq: 2. Example: JOB 30:30. 
hehuni-hehuni,,,,,,Freq: 2. Example: JOB 31:27. 
barakele,,,,,,Freq: 2. Example: JOB 32:2. 
tahudiava,,,,,,Freq: 2. Example: JOB 32:11. 
hasinadodiamu,,,,,,Freq: 2. Example: JOB 33:11. 
rauadiamu,,,,,,Freq: 2. Example: JOB 33:18. 
ḡuriamu,,,,,,Freq: 2. Example: JOB 33:26. 
ihamoalelaina,,,,,,Freq: 2. Example: JOB 34:9. 
huaridiamu,,,,,,Freq: 2. Example: JOB 34:24. 
boiboilaiamu,,,,,,Freq: 2. Example: JOB 35:9. 
dibaḡanimu,,,,,,Freq: 2. Example: JOB 36:18. 
sisimu,,,,,,Freq: 2. Example: JOB 37:6. 
paraka,,,,,,Freq: 2. Example: JOB 37:9. 
dagadagadia,,,,,,Freq: 2. Example: JOB 37:11. 
mareremu,,,,,,Freq: 2. Example: JOB 37:17. 
sivaraimai,,,,,,Freq: 2. Example: JOB 37:19. 
masaroto,,,,,,Freq: 2. Example: JOB 38:32. 
bavala,,,,,,Freq: 2. Example: JOB 38:39. 
hakunudia,,,,,,Freq: 2. Example: JOB 38:39. 
taritarimu,,,,,,Freq: 2. Example: JOB 39:24. 
hiririamu,,,,,,Freq: 2. Example: JOB 39:25. 
kereregu,,,,,,Freq: 2. Example: JOB 40:8. 
ninina-namo,,,,,,Freq: 2. Example: JOB 40:10. 
behemoto,,,,,,Freq: 2. Example: JOB 40:15. 
hakerukeruamu,,,,,,Freq: 2. Example: JOB 40:22. 
karaudi,,,,,,Freq: 2. Example: JOB 41:7. 
daidaimu,,,,,,Freq: 2. Example: JOB 41:20. 
ganoka-ganokadia,,,,,,Freq: 2. Example: JOB 41:30. 
halohilohiamu,,,,,,Freq: 2. Example: JOB 41:31. 
lalo-dibura,,,,,,Freq: 2. Example: PSA 2:1. 
etomu,,,,,,Freq: 2. Example: PSA 3:2. 
lasigu,,,,,,Freq: 2. Example: PSA 7:5. 
durava,,,,,,Freq: 2. Example: PSA 7:6. 
laloḡoevaḡoeva,,,,,,Freq: 2. Example: PSA 7:10. 
dobumu,,,,,,Freq: 2. Example: PSA 7:15. 
heagilaiamu,,,,,,Freq: 2. Example: PSA 10:3. 
hekokorokuna,,,,,,Freq: 2. Example: PSA 10:4. 
hamuea,,,,,,Freq: 2. Example: PSA 10:11. 
kahadiamu,,,,,,Freq: 2. Example: PSA 10:14. 
hamaorogumu,,,,,,Freq: 2. Example: PSA 11:1. 
maora,,,,,,Freq: 2. Example: PSA 11:2. 
lalo-rua,,,,,,Freq: 2. Example: PSA 12:2. 
malada,,,,,,Freq: 2. Example: PSA 12:4. 
hereagu,,,,,,Freq: 2. Example: PSA 13:2. 
anidiamu,,,,,,Freq: 2. Example: PSA 14:4. 
hadibagumu,,,,,,Freq: 2. Example: PSA 16:7. 
haheitalaigumu,,,,,,Freq: 2. Example: PSA 16:11. 
lahi-hururuhururu,,,,,,Freq: 2. Example: PSA 18:12. 
haraiamu,,,,,,Freq: 2. Example: PSA 18:28. 
kerere-kereredia,,,,,,Freq: 2. Example: PSA 19:12. 
hehuni-hehunidia,,,,,,Freq: 2. Example: PSA 19:12. 
havavalaiamu,,,,,,Freq: 2. Example: PSA 21:3. 
hadaudau,,,,,,Freq: 2. Example: PSA 21:4. 
hagorugu,,,,,,Freq: 2. Example: PSA 22:15. 
dabaraiamu,,,,,,Freq: 2. Example: PSA 23:5. 
inoho-henina,,,,,,Freq: 2. Example: PSA 24:1. 
ikoukoumui,,,,,,Freq: 2. Example: PSA 24:7. 
ialoa,,,,,,Freq: 2. Example: PSA 25:7. 
maoromaorogu,,,,,,Freq: 2. Example: PSA 26:1. 
bibia,,,,,,Freq: 2. Example: PSA 26:9. 
heatolaidia,,,,,,Freq: 2. Example: PSA 29:1. 
tano-gaḡaena,,,,,,Freq: 2. Example: PSA 29:8. 
makohina,,,,,,Freq: 2. Example: PSA 31:12. 
hahanemumu,,,,,,Freq: 2. Example: PSA 31:17. 
metaimu,,,,,,Freq: 2. Example: PSA 31:19. 
varoda-varodava,,,,,,Freq: 2. Example: PSA 32:3. 
hisidae,,,,,,Freq: 2. Example: PSA 32:11. 
aoto,,,,,,Freq: 2. Example: PSA 35:3. 
dedidedi,,,,,,Freq: 2. Example: PSA 35:6. 
dadihaiamu,,,,,,Freq: 2. Example: PSA 35:10. 
nanadailaigumu,,,,,,Freq: 2. Example: PSA 35:11. 
igo-diho,,,,,,Freq: 2. Example: PSA 35:14. 
ibunidia,,,,,,Freq: 2. Example: PSA 35:19. 
ha-inudiamu,,,,,,Freq: 2. Example: PSA 36:8. 
igwaurai-maoromu,,,,,,Freq: 2. Example: PSA 37:6. 
hariharimu,,,,,,Freq: 2. Example: PSA 37:26. 
haheaukagu,,,,,,Freq: 2. Example: PSA 40:1. 
torelaigu,,,,,,Freq: 2. Example: PSA 40:7. 
iabi,,,,,,Freq: 2. Example: PSA 40:14. 
lalogumu,,,,,,Freq: 2. Example: PSA 40:17. 
hemaunulai,,,,,,Freq: 2. Example: PSA 41:7. 
lahagu,,,,,,Freq: 2. Example: PSA 41:9. 
sinaia,,,,,,Freq: 2. Example: PSA 42:7. 
moalelaidiava,,,,,,Freq: 2. Example: PSA 44:3. 
alamaimu,,,,,,Freq: 2. Example: PSA 44:22. 
duahimaimu,,,,,,Freq: 2. Example: PSA 44:22. 
pen,,,,,,Freq: 2. Example: PSA 45:1. 
horolaimu,,,,,,Freq: 2. Example: PSA 45:7. 
kasia,,,,,,Freq: 2. Example: PSA 45:8. 
raivaraivamu,,,,,,Freq: 2. Example: PSA 46:6. 
hakwaiduamu,,,,,,Freq: 2. Example: PSA 46:9. 
aeda,,,,,,Freq: 2. Example: PSA 47:3. 
maragimu,,,,,,Freq: 2. Example: PSA 52:3. 
huarimu,,,,,,Freq: 2. Example: PSA 52:5. 
hanohoamu,,,,,,Freq: 2. Example: PSA 54:3. 
hahekwakwanaigumu,,,,,,Freq: 2. Example: PSA 55:3. 
irurumatagu,,,,,,Freq: 2. Example: PSA 56:8. 
arana,,,,,,Freq: 2. Example: PSA 62:3. 
tohomai,,,,,,Freq: 2. Example: PSA 66:10. 
koekoemai,,,,,,Freq: 2. Example: PSA 66:11. 
hahanemu,,,,,,Freq: 2. Example: PSA 69:13. 
urudia,,,,,,Freq: 2. Example: PSA 71:18. 
demari,,,,,,Freq: 2. Example: PSA 72:9. 
gorerediamu,,,,,,Freq: 2. Example: PSA 73:5. 
dina-diho,,,,,,Freq: 2. Example: PSA 75:6. 
igari-henimu,,,,,,Freq: 2. Example: PSA 76:7. 
irakalaina,,,,,,Freq: 2. Example: PSA 78:10. 
kerehaiva,,,,,,Freq: 2. Example: PSA 78:34. 
hahisihisiava,,,,,,Freq: 2. Example: PSA 78:40. 
hetari,,,,,,Freq: 2. Example: PSA 78:47. 
aitupto,,,,,,Freq: 2. Example: PSA 78:51. 
heabi-mauri,,,,,,Freq: 2. Example: PSA 78:61. 
ihi-ihiraimaimu,,,,,,Freq: 2. Example: PSA 79:4. 
ḡonaḡonalaimaimu,,,,,,Freq: 2. Example: PSA 79:4. 
hakauamu,,,,,,Freq: 2. Example: PSA 80:1. 
ihi-ihirai,,,,,,Freq: 2. Example: PSA 80:6. 
hakerukerudia,,,,,,Freq: 2. Example: PSA 80:10. 
burukimu,,,,,,Freq: 2. Example: PSA 80:12. 
ganaḡanamu,,,,,,Freq: 2. Example: PSA 84:2. 
hagaudiamu,,,,,,Freq: 2. Example: PSA 87:6. 
ialo-hisihisi,,,,,,Freq: 2. Example: PSA 88:9. 
habuagu,,,,,,Freq: 2. Example: PSA 88:16. 
hahebua-tarina,,,,,,Freq: 2. Example: PSA 91:6. 
havahuradia,,,,,,Freq: 2. Example: PSA 94:23. 
anemui,,,,,,Freq: 2. Example: PSA 100:2. 
lalo-ḡoevaḡoevagu,,,,,,Freq: 2. Example: PSA 101:2. 
edeana,,,,,,Freq: 2. Example: PSA 102:7. 
hagadoidia,,,,,,Freq: 2. Example: PSA 102:23. 
hamaurimumu,,,,,,Freq: 2. Example: PSA 103:3. 
rauaiamu,,,,,,Freq: 2. Example: PSA 103:4. 
heuraheni,,,,,,Freq: 2. Example: PSA 103:4. 
hamatamataiamu,,,,,,Freq: 2. Example: PSA 103:5. 
odaiamu,,,,,,Freq: 2. Example: PSA 103:16. 
mukurodia,,,,,,Freq: 2. Example: PSA 104:3. 
hururudia,,,,,,Freq: 2. Example: PSA 104:4. 
hagahagadia,,,,,,Freq: 2. Example: PSA 104:18. 
goevaḡoevamu,,,,,,Freq: 2. Example: PSA 106:3. 
oro,,,,,,Freq: 2. Example: PSA 106:30. 
turiariki,,,,,,Freq: 2. Example: PSA 106:33. 
diburava,,,,,,Freq: 2. Example: PSA 107:10. 
hametaudia,,,,,,Freq: 2. Example: PSA 107:12. 
madai-madai,,,,,,Freq: 2. Example: PSA 107:27. 
metai,,,,,,Freq: 2. Example: PSA 107:30. 
hanohodiamu,,,,,,Freq: 2. Example: PSA 107:36. 
ihapararana,,,,,,Freq: 2. Example: PSA 108:7. 
ihurilaina,,,,,,Freq: 2. Example: PSA 108:9. 
momomokakani,,,,,,Freq: 2. Example: PSA 111:7. 
mamaoromamaoro,,,,,,Freq: 2. Example: PSA 111:7. 
mareremarere,,,,,,Freq: 2. Example: PSA 112:6. 
hahedaimu,,,,,,Freq: 2. Example: PSA 112:10. 
reḡereḡerena,,,,,,Freq: 2. Example: PSA 115:17. 
masemasedia,,,,,,Freq: 2. Example: PSA 119:70. 
vaburamu,,,,,,Freq: 2. Example: PSA 119:82. 
irohana,,,,,,Freq: 2. Example: PSA 119:123. 
davemu,,,,,,Freq: 2. Example: PSA 119:128. 
hodi,,,,,,Freq: 2. Example: PSA 119:131. 
kiniamu,,,,,,Freq: 2. Example: PSA 119:147. 
ihahemetaimu,,,,,,Freq: 2. Example: PSA 121:5. 
teronodia,,,,,,Freq: 2. Example: PSA 122:5. 
ududa,,,,,,Freq: 2. Example: PSA 126:2. 
ihadodia,,,,,,Freq: 2. Example: PSA 126:6. 
hisi-daena,,,,,,Freq: 2. Example: PSA 126:6. 
halatadia,,,,,,Freq: 2. Example: PSA 129:3. 
rosiamu,,,,,,Freq: 2. Example: PSA 129:7. 
ḡaukaralaidiamu,,,,,,Freq: 2. Example: PSA 131:1. 
hamahutadia,,,,,,Freq: 2. Example: PSA 132:4. 
natu-roboadia,,,,,,Freq: 2. Example: PSA 135:8. 
ḡuimai,,,,,,Freq: 2. Example: PSA 137:3. 
hadailaimu,,,,,,Freq: 2. Example: PSA 140:2. 
ihahetutuhidia,,,,,,Freq: 2. Example: PSA 140:4. 
hamakohiamu,,,,,,Freq: 2. Example: PSA 141:7. 
hanamolaia,,,,,,Freq: 2. Example: PSA 145:4. 
nunumaidia,,,,,,Freq: 2. Example: PSA 145:14. 
hakunudiamu,,,,,,Freq: 2. Example: PSA 145:16. 
halodiamu,,,,,,Freq: 2. Example: PSA 147:3. 
hahonumumu,,,,,,Freq: 2. Example: PSA 147:14. 
kara-balaheni,,,,,,Freq: 2. Example: PRO 2:11. 
hadaudaudia,,,,,,Freq: 2. Example: PRO 3:2. 
hesikulaia,,,,,,Freq: 2. Example: PRO 3:11. 
heabimu,,,,,,Freq: 2. Example: PRO 3:14. 
heḡui-heḡui,,,,,,Freq: 2. Example: PRO 3:32. 
maraḡigu,,,,,,Freq: 2. Example: PRO 4:3. 
davaridiamu,,,,,,Freq: 2. Example: PRO 4:22. 
mageva,,,,,,Freq: 2. Example: PRO 4:27. 
lohilohina,,,,,,Freq: 2. Example: PRO 5:18. 
anara,,,,,,Freq: 2. Example: PRO 5:20. 
ḡuiamu,,,,,,Freq: 2. Example: PRO 5:22. 
hahekwinaia,,,,,,Freq: 2. Example: PRO 6:10. 
hakunumaiamu,,,,,,Freq: 2. Example: PRO 6:13. 
mata-kunumai,,,,,,Freq: 2. Example: PRO 6:15. 
hiridia,,,,,,Freq: 2. Example: PRO 7:3. 
kinamono,,,,,,Freq: 2. Example: PRO 7:17. 
ha-uraiamu,,,,,,Freq: 2. Example: PRO 7:21. 
gwadaiamu,,,,,,Freq: 2. Example: PRO 7:23. 
inai-henina,,,,,,Freq: 2. Example: PRO 8:13. 
ima-lalo-ani,,,,,,Freq: 2. Example: PRO 8:18. 
anigu,,,,,,Freq: 2. Example: PRO 8:19. 
ilalo-taona,,,,,,Freq: 2. Example: PRO 10:7. 
udu-mauri,,,,,,Freq: 2. Example: PRO 10:8. 
gugurumu,,,,,,Freq: 2. Example: PRO 10:28. 
baiamu,,,,,,Freq: 2. Example: PRO 11:7. 
tutukamu,,,,,,Freq: 2. Example: PRO 12:3. 
hahedikamu,,,,,,Freq: 2. Example: PRO 13:3. 
heaonegamu,,,,,,Freq: 2. Example: PRO 13:20. 
lava-dae,,,,,,Freq: 2. Example: PRO 14:26. 
hamanokaiamu,,,,,,Freq: 2. Example: PRO 14:30. 
lalo-moale,,,,,,Freq: 2. Example: PRO 15:15. 
heinai-hehenina,,,,,,Freq: 2. Example: PRO 15:17. 
avohana,,,,,,Freq: 2. Example: PRO 15:19. 
oru,,,,,,Freq: 2. Example: PRO 16:10. 
bonegita,,,,,,Freq: 2. Example: PRO 16:27. 
lahu,,,,,,Freq: 2. Example: PRO 17:6. 
lalo-metau,,,,,,Freq: 2. Example: PRO 17:22. 
vaveamu,,,,,,Freq: 2. Example: PRO 18:6. 
hahehonumu,,,,,,Freq: 2. Example: PRO 18:20. 
hedaro-boubou,,,,,,Freq: 2. Example: PRO 18:24. 
haḡoevadiamu,,,,,,Freq: 2. Example: PRO 20:30. 
iabi-hidina,,,,,,Freq: 2. Example: PRO 22:1. 
hadibalaimumu,,,,,,Freq: 2. Example: PRO 22:19. 
ani-lavadae,,,,,,Freq: 2. Example: PRO 23:21. 
heaimu,,,,,,Freq: 2. Example: PRO 23:29. 
bulodiamu,,,,,,Freq: 2. Example: PRO 23:30. 
manada-manadamu,,,,,,Freq: 2. Example: PRO 23:31. 
hekorimu,,,,,,Freq: 2. Example: PRO 23:32. 
au-tubuana,,,,,,Freq: 2. Example: PRO 23:34. 
ig,,,,,,Freq: 2. Example: PRO 25:11. 
dodinai,,,,,,Freq: 2. Example: PRO 25:16. 
vatuamu,,,,,,Freq: 2. Example: PRO 26:10. 
mumutana,,,,,,Freq: 2. Example: PRO 26:11. 
heaḡilaidia,,,,,,Freq: 2. Example: PRO 27:1. 
ikahu-taona,,,,,,Freq: 2. Example: PRO 27:16. 
segeamu,,,,,,Freq: 2. Example: PRO 27:17. 
itohona,,,,,,Freq: 2. Example: PRO 27:21. 
hekoki,,,,,,Freq: 2. Example: PRO 27:22. 
havahuamu,,,,,,Freq: 2. Example: PRO 29:4. 
takutaku,,,,,,Freq: 2. Example: PRO 29:20. 
miḡu,,,,,,Freq: 2. Example: PRO 30:26. 
lemuele,,,,,,Freq: 2. Example: PRO 31:1. 
linen,,,,,,Freq: 2. Example: PRO 31:22. 
hisihisilaiva,,,,,,Freq: 2. Example: ECC 2:17. 
reḡereḡeda,,,,,,Freq: 2. Example: ECC 3:7. 
heinai-heheni,,,,,,Freq: 2. Example: ECC 3:8. 
paru,,,,,,Freq: 2. Example: ECC 5:12. 
tudaga,,,,,,Freq: 2. Example: ECC 5:17. 
kara-maoromaoro,,,,,,Freq: 2. Example: ECC 7:20. 
edh,,,,,,Freq: 2. Example: ECC 8:10. 
badirla,,,,,,Freq: 2. Example: ECC 9:10. 
hetoamu,,,,,,Freq: 2. Example: ECC 9:12. 
heidoamu,,,,,,Freq: 2. Example: ECC 9:12. 
diagau,,,,,,Freq: 2. Example: ECC 9:18. 
kohumu,,,,,,Freq: 2. Example: ECC 10:18. 
haherahuna,,,,,,Freq: 2. Example: SNG 1:2. 
vatagadia,,,,,,Freq: 2. Example: SNG 1:8. 
ratagu,,,,,,Freq: 2. Example: SNG 1:13. 
hahekwinagu,,,,,,Freq: 2. Example: SNG 2:6. 
rosigu,,,,,,Freq: 2. Example: SNG 2:6. 
ivitoto,,,,,,Freq: 2. Example: SNG 3:7. 
isemu,,,,,,Freq: 2. Example: SNG 4:2. 
karakomo,,,,,,Freq: 2. Example: SNG 4:14. 
mauri-ranuna,,,,,,Freq: 2. Example: SNG 4:15. 
pidipidimu,,,,,,Freq: 2. Example: SNG 5:2. 
punedia,,,,,,Freq: 2. Example: SNG 5:12. 
sulama,,,,,,Freq: 2. Example: SNG 6:13. 
hudomu,,,,,,Freq: 2. Example: SNG 7:2. 
isegu,,,,,,Freq: 2. Example: SNG 7:9. 
imailaina,,,,,,Freq: 2. Example: SNG 8:10. 
hadodoa,,,,,,Freq: 2. Example: ISA 1:6. 
heḡerḡerena,,,,,,Freq: 2. Example: ISA 1:18. 
kwama-kwama,,,,,,Freq: 2. Example: ISA 2:4. 
kaiadia,,,,,,Freq: 2. Example: ISA 2:4. 
hetahuni,,,,,,Freq: 2. Example: ISA 2:10. 
ḡau-latalatadia,,,,,,Freq: 2. Example: ISA 2:13. 
hapuki,,,,,,Freq: 2. Example: ISA 2:18. 
ihagarina,,,,,,Freq: 2. Example: ISA 2:19. 
isenudia,,,,,,Freq: 2. Example: ISA 3:6. 
moimoilaidiamu,,,,,,Freq: 2. Example: ISA 3:15. 
toradia,,,,,,Freq: 2. Example: ISA 3:20. 
torana,,,,,,Freq: 2. Example: ISA 3:24. 
hevale,,,,,,Freq: 2. Example: ISA 3:26. 
guriguri,,,,,,Freq: 2. Example: ISA 5:2. 
veriamu,,,,,,Freq: 2. Example: ISA 5:18. 
ha-iditaia,,,,,,Freq: 2. Example: ISA 5:20. 
houka-houka,,,,,,Freq: 2. Example: ISA 5:24. 
heoda,,,,,,Freq: 2. Example: ISA 5:24. 
hioga,,,,,,Freq: 2. Example: ISA 5:26. 
serapi,,,,,,Freq: 2. Example: ISA 6:2. 
miroka,,,,,,Freq: 2. Example: ISA 6:5. 
terebinth,,,,,,Freq: 2. Example: ISA 6:13. 
dekedekedai,,,,,,Freq: 2. Example: ISA 7:15. 
hekada,,,,,,Freq: 2. Example: ISA 7:16. 
heruhadia,,,,,,Freq: 2. Example: ISA 7:25. 
henegadia,,,,,,Freq: 2. Example: ISA 8:12. 
hadibadibalaidia,,,,,,Freq: 2. Example: ISA 8:16. 
hahedibalaimu,,,,,,Freq: 2. Example: ISA 9:15. 
perovetana,,,,,,Freq: 2. Example: ISA 9:15. 
kwalahudia,,,,,,Freq: 2. Example: ISA 9:18. 
tagadia,,,,,,Freq: 2. Example: ISA 10:14. 
tuhutuhu,,,,,,Freq: 2. Example: ISA 11:1. 
igegelaina,,,,,,Freq: 2. Example: ISA 11:5. 
idiba-maorona,,,,,,Freq: 2. Example: ISA 11:9. 
vagege,,,,,,Freq: 2. Example: ISA 11:13. 
dinai,,,,,,Freq: 2. Example: ISA 12:4. 
kalodia,,,,,,Freq: 2. Example: ISA 13:2. 
heḡereḡeremai,,,,,,Freq: 2. Example: ISA 14:10. 
hisiuna,,,,,,Freq: 2. Example: ISA 14:12. 
hadihomu,,,,,,Freq: 2. Example: ISA 14:15. 
auki,,,,,,Freq: 2. Example: ISA 15:2. 
riomu,,,,,,Freq: 2. Example: ISA 15:3. 
heau-mauri,,,,,,Freq: 2. Example: ISA 15:5. 
eglata-selisia,,,,,,Freq: 2. Example: ISA 15:5. 
luhiti,,,,,,Freq: 2. Example: ISA 15:5. 
nimirimi,,,,,,Freq: 2. Example: ISA 15:6. 
iharoho-mauridia,,,,,,Freq: 2. Example: ISA 16:4. 
hatubudia,,,,,,Freq: 2. Example: ISA 17:11. 
unukahadia,,,,,,Freq: 2. Example: ISA 18:1. 
mamanada-mamanada,,,,,,Freq: 2. Example: ISA 18:2. 
hodadia,,,,,,Freq: 2. Example: ISA 19:7. 
hatumu,,,,,,Freq: 2. Example: ISA 19:9. 
gaukaramu,,,,,,Freq: 2. Example: ISA 19:10. 
tamakana,,,,,,Freq: 2. Example: ISA 20:2. 
koekoegu,,,,,,Freq: 2. Example: ISA 21:3. 
iḡiḡi-dobidia,,,,,,Freq: 2. Example: ISA 22:5. 
dabaimu,,,,,,Freq: 2. Example: ISA 22:17. 
heatolaidiamu,,,,,,Freq: 2. Example: ISA 23:8. 
tuiamu,,,,,,Freq: 2. Example: ISA 25:5. 
tuia,,,,,,Freq: 2. Example: ISA 25:5. 
nurinurina,,,,,,Freq: 2. Example: ISA 25:6. 
hedaga,,,,,,Freq: 2. Example: ISA 26:7. 
hualana,,,,,,Freq: 2. Example: ISA 27:1. 
kwarakauna,,,,,,Freq: 2. Example: ISA 28:1. 
mage,,,,,,Freq: 2. Example: ISA 28:4. 
ha-ani,,,,,,Freq: 2. Example: ISA 28:12. 
ranu-masena,,,,,,Freq: 2. Example: ISA 29:8. 
itadamu,,,,,,Freq: 2. Example: ISA 29:15. 
hadavalaidia,,,,,,Freq: 2. Example: ISA 30:5. 
hisihisi-bada,,,,,,Freq: 2. Example: ISA 30:6. 
palaka-palakana,,,,,,Freq: 2. Example: ISA 30:8. 
ikoidia,,,,,,Freq: 2. Example: ISA 30:10. 
kahira-kahiramu,,,,,,Freq: 2. Example: ISA 30:13. 
badu-ḡaraḡarana,,,,,,Freq: 2. Example: ISA 30:30. 
haloudiamu,,,,,,Freq: 2. Example: ISA 31:2. 
laḡaḡa,,,,,,Freq: 2. Example: ISA 31:9. 
lanalana,,,,,,Freq: 2. Example: ISA 32:4. 
hakunua,,,,,,Freq: 2. Example: ISA 32:6. 
hatalaimu,,,,,,Freq: 2. Example: ISA 32:7. 
isisiba-henidia,,,,,,Freq: 2. Example: ISA 32:8. 
ilalodia,,,,,,Freq: 2. Example: ISA 32:12. 
kara-dibaka,,,,,,Freq: 2. Example: ISA 33:1. 
rohana,,,,,,Freq: 2. Example: ISA 33:17. 
palai,,,,,,Freq: 2. Example: ISA 33:20. 
heloku,,,,,,Freq: 2. Example: ISA 34:4. 
gatoi,,,,,,Freq: 2. Example: ISA 34:15. 
kasiri,,,,,,Freq: 2. Example: ISA 35:9. 
davalaidia,,,,,,Freq: 2. Example: ISA 35:10. 
pavana,,,,,,Freq: 2. Example: ISA 37:9. 
gudu-isidia,,,,,,Freq: 2. Example: ISA 40:4. 
hahetariamu,,,,,,Freq: 2. Example: ISA 40:19. 
hadodiamu,,,,,,Freq: 2. Example: ISA 40:24. 
golemu,,,,,,Freq: 2. Example: ISA 43:2. 
igwaurai-maorodia,,,,,,Freq: 2. Example: ISA 43:9. 
puri,,,,,,Freq: 2. Example: ISA 44:13. 
nauamu,,,,,,Freq: 2. Example: ISA 44:13. 
heganamu,,,,,,Freq: 2. Example: ISA 44:15. 
gabuamu,,,,,,Freq: 2. Example: ISA 44:16. 
badimu,,,,,,Freq: 2. Example: ISA 44:28. 
hahenemailaimu,,,,,,Freq: 2. Example: ISA 45:4. 
ḡaulatalatadia,,,,,,Freq: 2. Example: ISA 45:14. 
irauana,,,,,,Freq: 2. Example: ISA 46:2. 
haheḡereḡeremai,,,,,,Freq: 2. Example: ISA 46:5. 
reḡereḡemu,,,,,,Freq: 2. Example: ISA 47:5. 
siahu-herea,,,,,,Freq: 2. Example: ISA 47:9. 
hamamaia,,,,,,Freq: 2. Example: ISA 47:11. 
henemailaiamu,,,,,,Freq: 2. Example: ISA 48:1. 
hakaumumu,,,,,,Freq: 2. Example: ISA 48:17. 
ihaginimu,,,,,,Freq: 2. Example: ISA 49:17. 
hanohogu,,,,,,Freq: 2. Example: ISA 49:21. 
hakororoamu,,,,,,Freq: 2. Example: ISA 50:2. 
durugumu,,,,,,Freq: 2. Example: ISA 50:7. 
ha-aramu,,,,,,Freq: 2. Example: ISA 50:11. 
dorumui,,,,,,Freq: 2. Example: ISA 51:23. 
rakamui,,,,,,Freq: 2. Example: ISA 51:23. 
huahaida,,,,,,Freq: 2. Example: ISA 53:4. 
mumu,,,,,,Freq: 2. Example: ISA 53:7. 
huahaidia,,,,,,Freq: 2. Example: ISA 53:11. 
ikoukoumu,,,,,,Freq: 2. Example: ISA 54:12. 
hahururuamu,,,,,,Freq: 2. Example: ISA 54:16. 
bibigu,,,,,,Freq: 2. Example: ISA 56:3. 
asioto,,,,,,Freq: 2. Example: ISA 57:10. 
haduhuamu,,,,,,Freq: 2. Example: ISA 57:20. 
heatumu,,,,,,Freq: 2. Example: ISA 58:4. 
anivagana,,,,,,Freq: 2. Example: ISA 58:5. 
ihanamo-loumu,,,,,,Freq: 2. Example: ISA 58:8. 
hahebubudia,,,,,,Freq: 2. Example: ISA 59:7. 
haraḡaharaḡamu,,,,,,Freq: 2. Example: ISA 59:7. 
hagagevadia,,,,,,Freq: 2. Example: ISA 59:8. 
irauamu,,,,,,Freq: 2. Example: ISA 60:16. 
hadiarimu,,,,,,Freq: 2. Example: ISA 60:19. 
maragi-maragina,,,,,,Freq: 2. Example: ISA 60:22. 
hekoumu,,,,,,Freq: 2. Example: ISA 61:1. 
kuma,,,,,,Freq: 2. Example: ISA 62:6. 
hisihisilai,,,,,,Freq: 2. Example: ISA 63:9. 
dosidia,,,,,,Freq: 2. Example: ISA 63:9. 
larova,,,,,,Freq: 2. Example: ISA 64:3. 
lauma-daure,,,,,,Freq: 2. Example: ISA 65:14. 
haheḡoevamu,,,,,,Freq: 2. Example: ISA 66:17. 
hahelagamu,,,,,,Freq: 2. Example: JER 1:5. 
hevaira-henidia,,,,,,Freq: 2. Example: JER 1:15. 
asieto,,,,,,Freq: 2. Example: JER 2:6. 
dibura-masemase,,,,,,Freq: 2. Example: JER 2:6. 
kerereva,,,,,,Freq: 2. Example: JER 2:8. 
kone-tanodia,,,,,,Freq: 2. Example: JER 2:10. 
igari-henigu,,,,,,Freq: 2. Example: JER 2:19. 
hebogahisigu,,,,,,Freq: 2. Example: JER 3:12. 
eregabemai,,,,,,Freq: 2. Example: JER 3:24. 
itapona,,,,,,Freq: 2. Example: JER 4:11. 
idaena,,,,,,Freq: 2. Example: JER 4:16. 
tabubu-tabubu,,,,,,Freq: 2. Example: JER 4:24. 
haoredia,,,,,,Freq: 2. Example: JER 5:17. 
puradia,,,,,,Freq: 2. Example: JER 5:24. 
ibani-henidia,,,,,,Freq: 2. Example: JER 5:26. 
taudh,,,,,,Freq: 2. Example: JER 5:26. 
rahimu,,,,,,Freq: 2. Example: JER 6:4. 
kerekeremu,,,,,,Freq: 2. Example: JER 6:4. 
deḡedeḡena-rahu,,,,,,Freq: 2. Example: JER 6:8. 
gugulaimu,,,,,,Freq: 2. Example: JER 6:13. 
lamai-lamai,,,,,,Freq: 2. Example: JER 6:14. 
ḡeḡeda,,,,,,Freq: 2. Example: JER 6:25. 
habadugumu,,,,,,Freq: 2. Example: JER 7:18. 
vairava,,,,,,Freq: 2. Example: JER 7:24. 
nu,,,,,,Freq: 2. Example: JER 8:12. 
laimui,,,,,,Freq: 2. Example: JER 9:4. 
hakorena,,,,,,Freq: 2. Example: JER 9:8. 
lalo-aukadia,,,,,,Freq: 2. Example: JER 9:14. 
ufasa,,,,,,Freq: 2. Example: JER 10:9. 
heguruamu,,,,,,Freq: 2. Example: JER 10:13. 
haero-kerere,,,,,,Freq: 2. Example: JER 10:15. 
ihabua-tarimui,,,,,,Freq: 2. Example: JER 11:15. 
hadomui,,,,,,Freq: 2. Example: JER 11:17. 
vahuna,,,,,,Freq: 2. Example: JER 12:11. 
herio,,,,,,Freq: 2. Example: JER 13:11. 
hodudia,,,,,,Freq: 2. Example: JER 13:11. 
loa-kava,,,,,,Freq: 2. Example: JER 14:10. 
inanadailaina,,,,,,Freq: 2. Example: JER 15:5. 
gari-bada,,,,,,Freq: 2. Example: JER 15:8. 
hekakasi,,,,,,Freq: 2. Example: JER 16:6. 
raraidiamu,,,,,,Freq: 2. Example: JER 16:17. 
pavapavamui,,,,,,Freq: 2. Example: JER 17:20. 
hegaegaelaiamu,,,,,,Freq: 2. Example: JER 18:11. 
hahitolodia,,,,,,Freq: 2. Example: JER 18:21. 
havabudia,,,,,,Freq: 2. Example: JER 18:21. 
davada,,,,,,Freq: 2. Example: JER 20:10. 
ihahisihisina,,,,,,Freq: 2. Example: JER 21:12. 
vagivagina,,,,,,Freq: 2. Example: JER 22:24. 
haguguru,,,,,,Freq: 2. Example: JER 23:20. 
lalo-pararalaia,,,,,,Freq: 2. Example: JER 23:20. 
rorohoroho,,,,,,Freq: 2. Example: JER 24:2. 
hegonagonalai,,,,,,Freq: 2. Example: JER 24:9. 
iboudhi,,,,,,Freq: 2. Example: JER 25:2. 
ho,,,,,,Freq: 2. Example: JER 25:11. 
kavadia,,,,,,Freq: 2. Example: JER 25:16. 
ḡaba,,,,,,Freq: 2. Example: JER 25:30. 
moresete,,,,,,Freq: 2. Example: JER 26:18. 
gunalaida,,,,,,Freq: 2. Example: JER 28:8. 
igwau-edeede-henina,,,,,,Freq: 2. Example: JER 28:16. 
lalomumu,,,,,,Freq: 2. Example: JER 30:14. 
horea-horea,,,,,,Freq: 2. Example: JER 30:14. 
haguḡuru,,,,,,Freq: 2. Example: JER 30:24. 
efrai,,,,,,Freq: 2. Example: JER 31:9. 
urimu,,,,,,Freq: 2. Example: JER 31:29. 
heraga,,,,,,Freq: 2. Example: JER 31:40. 
ihagvautana,,,,,,Freq: 2. Example: JER 32:1. 
mahaseia,,,,,,Freq: 2. Example: JER 32:12. 
hetabirana,,,,,,Freq: 2. Example: JER 32:44. 
noho-maino,,,,,,Freq: 2. Example: JER 33:6. 
haganilaimai,,,,,,Freq: 2. Example: JER 35:8. 
haganilaimui,,,,,,Freq: 2. Example: JER 35:18. 
iria,,,,,,Freq: 2. Example: JER 37:13. 
neregala-saresere,,,,,,Freq: 2. Example: JER 39:3. 
rabmaga,,,,,,Freq: 2. Example: JER 39:3. 
ruhamu,,,,,,Freq: 2. Example: JER 40:4. 
dagibadadia,,,,,,Freq: 2. Example: JER 42:8. 
gigimui,,,,,,Freq: 2. Example: JER 42:10. 
lasimui,,,,,,Freq: 2. Example: JER 42:16. 
hagoevaiamu,,,,,,Freq: 2. Example: JER 43:12. 
pupudia,,,,,,Freq: 2. Example: JER 43:13. 
namomai,,,,,,Freq: 2. Example: JER 44:17. 
gadoidia,,,,,,Freq: 2. Example: JER 44:28. 
herumu,,,,,,Freq: 2. Example: JER 45:5. 
apisi,,,,,,Freq: 2. Example: JER 46:5. 
regeregemu,,,,,,Freq: 2. Example: JER 47:6. 
kerioto,,,,,,Freq: 2. Example: JER 48:24. 
dobudobu,,,,,,Freq: 2. Example: JER 48:28. 
hedai-dobi,,,,,,Freq: 2. Example: JER 48:43. 
lahedia,,,,,,Freq: 2. Example: JER 49:2. 
hamaraḡimu,,,,,,Freq: 2. Example: JER 49:15. 
haheaudia,,,,,,Freq: 2. Example: JER 49:19. 
haerolaia,,,,,,Freq: 2. Example: JER 49:20. 
gugubadiamu,,,,,,Freq: 2. Example: JER 49:23. 
lagaga,,,,,,Freq: 2. Example: JER 49:24. 
merodak,,,,,,Freq: 2. Example: JER 50:2. 
hakore,,,,,,Freq: 2. Example: JER 50:9. 
deḡedeḡena,,,,,,Freq: 2. Example: JER 50:12. 
maremu,,,,,,Freq: 2. Example: JER 50:14. 
pekodo,,,,,,Freq: 2. Example: JER 50:21. 
hebogahisidia,,,,,,Freq: 2. Example: JER 50:42. 
lololaia,,,,,,Freq: 2. Example: JER 51:14. 
hahegaegaedia,,,,,,Freq: 2. Example: JER 51:27. 
heiri-heirimu,,,,,,Freq: 2. Example: JER 51:46. 
hehda,,,,,,Freq: 2. Example: JER 51:47. 
irurumatana,,,,,,Freq: 2. Example: LAM 1:2. 
ḡanaganamu,,,,,,Freq: 2. Example: LAM 1:8. 
miro-hereana,,,,,,Freq: 2. Example: LAM 1:17. 
maurigu,,,,,,Freq: 2. Example: LAM 3:53. 
manoka-manokadia,,,,,,Freq: 2. Example: LAM 4:5. 
idokilaidia,,,,,,Freq: 2. Example: LAM 4:5. 
mata-kepuludia,,,,,,Freq: 2. Example: LAM 4:14. 
dokomai,,,,,,Freq: 2. Example: LAM 4:18. 
hanohomu,,,,,,Freq: 2. Example: LAM 4:22. 
ialomai,,,,,,Freq: 2. Example: LAM 5:17. 
n,,,,,,Freq: 2. Example: EZK 1:11. 
hagaia,,,,,,Freq: 2. Example: EZK 2:8. 
hulalaia,,,,,,Freq: 2. Example: EZK 2:10. 
ha-aukamu,,,,,,Freq: 2. Example: EZK 3:7. 
vaira-auka,,,,,,Freq: 2. Example: EZK 3:8. 
oda-oda,,,,,,Freq: 2. Example: EZK 5:2. 
gevena,,,,,,Freq: 2. Example: EZK 5:3. 
turidia,,,,,,Freq: 2. Example: EZK 5:3. 
hageremui,,,,,,Freq: 2. Example: EZK 5:11. 
daemui,,,,,,Freq: 2. Example: EZK 5:17. 
lebulebudia,,,,,,Freq: 2. Example: EZK 6:9. 
hoihoilaimu,,,,,,Freq: 2. Example: EZK 7:12. 
hotuhotu,,,,,,Freq: 2. Example: EZK 7:13. 
mamanomu,,,,,,Freq: 2. Example: EZK 7:17. 
badahereadia,,,,,,Freq: 2. Example: EZK 8:9. 
tamusu,,,,,,Freq: 2. Example: EZK 8:14. 
haheabigu,,,,,,Freq: 2. Example: EZK 11:1. 
ialo-manada,,,,,,Freq: 2. Example: EZK 11:19. 
lasilaia,,,,,,Freq: 2. Example: EZK 12:4. 
mauruna,,,,,,Freq: 2. Example: EZK 12:5. 
ihaḡuḡurudia,,,,,,Freq: 2. Example: EZK 12:23. 
perovetalaimu,,,,,,Freq: 2. Example: EZK 13:2. 
al,,,,,,Freq: 2. Example: EZK 13:6. 
ganadia,,,,,,Freq: 2. Example: EZK 13:18. 
gu,,,,,,Freq: 2. Example: EZK 13:18. 
damumui,,,,,,Freq: 2. Example: EZK 13:21. 
dahumu,,,,,,Freq: 2. Example: EZK 16:4. 
tarumu,,,,,,Freq: 2. Example: EZK 16:4. 
haheralaimu,,,,,,Freq: 2. Example: EZK 16:11. 
lebulebulai,,,,,,Freq: 2. Example: EZK 16:17. 
henitaomu,,,,,,Freq: 2. Example: EZK 16:31. 
rigirigina,,,,,,Freq: 2. Example: EZK 17:4. 
raga,,,,,,Freq: 2. Example: EZK 17:6. 
lata-hereana,,,,,,Freq: 2. Example: EZK 17:22. 
halataiamu,,,,,,Freq: 2. Example: EZK 17:24. 
gwaurai-lagau,,,,,,Freq: 2. Example: EZK 18:18. 
badu-hebubugu,,,,,,Freq: 2. Example: EZK 20:33. 
ganaḡana,,,,,,Freq: 2. Example: EZK 21:6. 
kevaru-kevaru,,,,,,Freq: 2. Example: EZK 21:10. 
lapalapa,,,,,,Freq: 2. Example: EZK 21:16. 
hahelalolaidia,,,,,,Freq: 2. Example: EZK 21:23. 
tutu,,,,,,Freq: 2. Example: EZK 22:13. 
havevemui,,,,,,Freq: 2. Example: EZK 22:20. 
hadokidia,,,,,,Freq: 2. Example: EZK 23:26. 
havavalaidia,,,,,,Freq: 2. Example: EZK 23:42. 
hagugurua,,,,,,Freq: 2. Example: EZK 24:13. 
miahanaihanai,,,,,,Freq: 2. Example: EZK 25:15. 
kikiri,,,,,,Freq: 2. Example: EZK 26:4. 
kohoromu,,,,,,Freq: 2. Example: EZK 26:9. 
inoholaimu,,,,,,Freq: 2. Example: EZK 26:17. 
baramu,,,,,,Freq: 2. Example: EZK 27:6. 
reireimu,,,,,,Freq: 2. Example: EZK 27:6. 
bete-togarama,,,,,,Freq: 2. Example: EZK 27:14. 
rodo,,,,,,Freq: 2. Example: EZK 27:15. 
eboni,,,,,,Freq: 2. Example: EZK 27:15. 
loku,,,,,,Freq: 2. Example: EZK 27:24. 
ḡovamu,,,,,,Freq: 2. Example: EZK 28:13. 
kerubina,,,,,,Freq: 2. Example: EZK 28:14. 
padapadadia,,,,,,Freq: 2. Example: EZK 28:14. 
ḡiniḡinina,,,,,,Freq: 2. Example: EZK 28:24. 
vahumu,,,,,,Freq: 2. Example: EZK 29:12. 
pelusio,,,,,,Freq: 2. Example: EZK 30:15. 
unuheheto,,,,,,Freq: 2. Example: EZK 31:18. 
geḡea,,,,,,Freq: 2. Example: EZK 32:22. 
ḡaunaimui,,,,,,Freq: 2. Example: EZK 36:3. 
hesede-hesede,,,,,,Freq: 2. Example: EZK 37:7. 
hatoremui,,,,,,Freq: 2. Example: EZK 37:12. 
hamono-gog,,,,,,Freq: 2. Example: EZK 39:11. 
at,,,,,,Freq: 2. Example: EZK 40:16. 
haheḡeḡedia,,,,,,Freq: 2. Example: EZK 40:25. 
dehedia,,,,,,Freq: 2. Example: EZK 42:5. 
hekouna,,,,,,Freq: 2. Example: EZK 44:2. 
efadia,,,,,,Freq: 2. Example: EZK 46:5. 
maḡumaḡudia,,,,,,Freq: 2. Example: EZK 46:21. 
daehai,,,,,,Freq: 2. Example: EZK 47:9. 
hetelono,,,,,,Freq: 2. Example: EZK 47:15. 
sibiraimi,,,,,,Freq: 2. Example: EZK 47:16. 
haurana,,,,,,Freq: 2. Example: EZK 47:16. 
inogodia,,,,,,Freq: 2. Example: EZK 48:10. 
gabiruma,,,,,,Freq: 2. Example: EZK 48:15. 
gwauria,,,,,,Freq: 2. Example: DAN 2:4. 
duavana,,,,,,Freq: 2. Example: DAN 2:18. 
hadailai,,,,,,Freq: 2. Example: DAN 2:29. 
kasiri-kasiri,,,,,,Freq: 2. Example: DAN 4:12. 
irevana,,,,,,Freq: 2. Example: DAN 4:17. 
haparipariava,,,,,,Freq: 2. Example: DAN 4:33. 
demaia,,,,,,Freq: 2. Example: DAN 5:2. 
laboraia,,,,,,Freq: 2. Example: DAN 5:6. 
laboramu,,,,,,Freq: 2. Example: DAN 5:10. 
ihamaoromaorodia,,,,,,Freq: 2. Example: DAN 5:12. 
hadabualaimu,,,,,,Freq: 2. Example: DAN 5:16. 
tekele,,,,,,Freq: 2. Example: DAN 5:25. 
ihakeruna,,,,,,Freq: 2. Example: DAN 6:18. 
haheḡanimu,,,,,,Freq: 2. Example: DAN 6:26. 
ulai,,,,,,Freq: 2. Example: DAN 8:2. 
heimodaiva,,,,,,Freq: 2. Example: DAN 8:4. 
nuaia,,,,,,Freq: 2. Example: DAN 8:7. 
pavapavaia,,,,,,Freq: 2. Example: DAN 9:1. 
matahanai,,,,,,Freq: 2. Example: DAN 9:24. 
heude-heudegu,,,,,,Freq: 2. Example: DAN 10:10. 
talaina,,,,,,Freq: 2. Example: DAN 11:18. 
maivalo,,,,,,Freq: 2. Example: DAN 11:24. 
ravamui,,,,,,Freq: 2. Example: HOS 4:13. 
barokodia,,,,,,Freq: 2. Example: HOS 6:3. 
hurea,,,,,,Freq: 2. Example: HOS 7:8. 
taitailaia,,,,,,Freq: 2. Example: HOS 10:5. 
avene,,,,,,Freq: 2. Example: HOS 10:8. 
gou,,,,,,Freq: 2. Example: HOS 11:10. 
ima-idibakadia,,,,,,Freq: 2. Example: HOS 13:2. 
herevamui,,,,,,Freq: 2. Example: HOS 14:2. 
rau-ani,,,,,,Freq: 2. Example: JOL 1:4. 
vakadia,,,,,,Freq: 2. Example: JOL 1:7. 
hakurokurodia,,,,,,Freq: 2. Example: JOL 1:7. 
dabuamui,,,,,,Freq: 2. Example: JOL 1:13. 
hesede-hesedemu,,,,,,Freq: 2. Example: JOL 2:8. 
nakamu,,,,,,Freq: 2. Example: JOL 2:10. 
tutuna,,,,,,Freq: 2. Example: AMO 4:11. 
nanadaimuimu,,,,,,Freq: 2. Example: AMO 6:3. 
deremu,,,,,,Freq: 2. Example: AMO 6:4. 
heḡaeḡaeva,,,,,,Freq: 2. Example: AMO 7:1. 
maḡedia,,,,,,Freq: 2. Example: AMO 8:1. 
maḡe,,,,,,Freq: 2. Example: AMO 8:2. 
ihaharaḡana,,,,,,Freq: 2. Example: JON 1:5. 
hauna,,,,,,Freq: 2. Example: JON 3:3. 
lolo-lolo,,,,,,Freq: 2. Example: JON 3:8. 
hadikalaidia,,,,,,Freq: 2. Example: JON 3:10. 
hagau-hagaumu,,,,,,Freq: 2. Example: MIC 2:4. 
hahedibamu,,,,,,Freq: 2. Example: MIC 3:11. 
hehure-hehure,,,,,,Freq: 2. Example: MIC 4:10. 
botaiamu,,,,,,Freq: 2. Example: MIC 5:1. 
ihabuadia,,,,,,Freq: 2. Example: MIC 7:4. 
kopukopudia,,,,,,Freq: 2. Example: MIC 7:10. 
nahumu,,,,,,Freq: 2. Example: NAM 1:1. 
hatalaia,,,,,,Freq: 2. Example: NAM 1:11. 
kiama-kiamamu,,,,,,Freq: 2. Example: NAM 2:4. 
hahekwakwanaidiamu,,,,,,Freq: 2. Example: NAM 3:4. 
uda-sisiadia,,,,,,Freq: 2. Example: HAB 1:8. 
ihahemaoro-henimai,,,,,,Freq: 2. Example: HAB 1:12. 
lalo-manada,,,,,,Freq: 2. Example: ZEP 3:12. 
miroka-mirokadia,,,,,,Freq: 2. Example: ZEC 3:3. 
auri-metauna,,,,,,Freq: 2. Example: ZEC 5:7. 
noholaidiava,,,,,,Freq: 2. Example: ZEC 7:7. 
anivagadia,,,,,,Freq: 2. Example: ZEC 8:19. 
rubedia,,,,,,Freq: 2. Example: ZEC 9:13. 
helo,,,,,,Freq: 2. Example: ZEC 9:15. 
taomai,,,,,,Freq: 2. Example: MAL 1:4. 
moalelaimuimu,,,,,,Freq: 2. Example: MAL 1:10. 
dadihaigumu,,,,,,Freq: 2. Example: MAL 3:8. 
hahemaurina,,,,,,Freq: 2. Example: MAL 4:2. 
hesrom,,,,,,Freq: 2. Example: MAT 1:3. 
abiud,,,,,,Freq: 2. Example: MAT 1:13. 
asoro,,,,,,Freq: 2. Example: MAT 1:13. 
akim,,,,,,Freq: 2. Example: MAT 1:14. 
eliud,,,,,,Freq: 2. Example: MAT 1:14. 
kogena,,,,,,Freq: 2. Example: MAT 4:5. 
laumeva,,,,,,Freq: 2. Example: MAT 4:21. 
hitolomu,,,,,,Freq: 2. Example: MAT 5:6. 
tadika,,,,,,Freq: 2. Example: MAT 5:13. 
rohamu,,,,,,Freq: 2. Example: MAT 5:45. 
hadikamaimu,,,,,,Freq: 2. Example: MAT 6:12. 
taboromu,,,,,,Freq: 2. Example: MAT 6:26. 
hatuhatumu,,,,,,Freq: 2. Example: MAT 6:28. 
hadabualaimui,,,,,,Freq: 2. Example: MAT 6:30. 
rourou,,,,,,Freq: 2. Example: MAT 8:32. 
tadeo,,,,,,Freq: 2. Example: MAT 10:3. 
heinaruna,,,,,,Freq: 2. Example: MAT 10:10. 
bavatuatu,,,,,,Freq: 2. Example: MAT 10:14. 
ihadibana,,,,,,Freq: 2. Example: MAT 10:24. 
ḡova,,,,,,Freq: 2. Example: MAT 10:26. 
manada-manadana,,,,,,Freq: 2. Example: MAT 11:8. 
dokilaimu,,,,,,Freq: 2. Example: MAT 11:8. 
korasin,,,,,,Freq: 2. Example: MAT 11:21. 
davahadia,,,,,,Freq: 2. Example: MAT 11:21. 
burukiva,,,,,,Freq: 2. Example: MAT 12:1. 
severana,,,,,,Freq: 2. Example: MAT 13:5. 
habubuni,,,,,,Freq: 2. Example: MAT 13:7. 
kukudima,,,,,,Freq: 2. Example: MAT 13:15. 
igahusina,,,,,,Freq: 2. Example: MAT 13:22. 
habubuniamu,,,,,,Freq: 2. Example: MAT 13:22. 
tubutanimu,,,,,,Freq: 2. Example: MAT 13:32. 
tahuva,,,,,,Freq: 2. Example: MAT 13:45. 
masia,,,,,,Freq: 2. Example: MAT 14:19. 
hahegure-hegurea,,,,,,Freq: 2. Example: MAT 14:24. 
veravai,,,,,,Freq: 2. Example: MAT 15:8. 
sisia-sisia,,,,,,Freq: 2. Example: MAT 15:27. 
ima-doko,,,,,,Freq: 2. Example: MAT 15:30. 
herome,,,,,,Freq: 2. Example: MAT 16:3. 
tarikatarikamu,,,,,,Freq: 2. Example: MAT 16:25. 
ilulu-ohodia,,,,,,Freq: 2. Example: MAT 17:21. 
memero-memerodia,,,,,,Freq: 2. Example: MAT 18:6. 
hahekapudia,,,,,,Freq: 2. Example: MAT 19:6. 
gwautaruaosi,,,,,,Freq: 2. Example: MAT 19:28. 
c,,,,,,Freq: 2. Example: MAT 20:6. 
seudiamu,,,,,,Freq: 2. Example: MAT 20:23. 
halohiadiamu,,,,,,Freq: 2. Example: MAT 20:25. 
kwaki-kwakidia,,,,,,Freq: 2. Example: MAT 23:4. 
hagwautamu,,,,,,Freq: 2. Example: MAT 23:23. 
hododiamu,,,,,,Freq: 2. Example: MAT 23:37. 
headavava,,,,,,Freq: 2. Example: MAT 24:38. 
bank,,,,,,Freq: 2. Example: MAT 25:27. 
hitologuva,,,,,,Freq: 2. Example: MAT 25:35. 
maseguva,,,,,,Freq: 2. Example: MAT 25:35. 
igogu,,,,,,Freq: 2. Example: MAT 25:36. 
hitolova,,,,,,Freq: 2. Example: MAT 25:37. 
gorereva,,,,,,Freq: 2. Example: MAT 25:39. 
maraḡi-maraḡi-hereana,,,,,,Freq: 2. Example: MAT 25:40. 
vainana-negai,,,,,,Freq: 2. Example: MAT 26:2. 
ḡaunabunai,,,,,,Freq: 2. Example: MAT 26:48. 
hahebadena,,,,,,Freq: 2. Example: MAT 26:65. 
dekedekena,,,,,,Freq: 2. Example: MAT 26:71. 
lama,,,,,,Freq: 2. Example: MAT 27:46. 
sabaktani,,,,,,Freq: 2. Example: MAT 27:46. 
bapatisodiava,,,,,,Freq: 2. Example: MRK 1:5. 
ialamai,,,,,,Freq: 2. Example: MRK 1:24. 
ḡabana,,,,,,Freq: 2. Example: MRK 1:26. 
hahediha,,,,,,Freq: 2. Example: MRK 2:17. 
gadeana,,,,,,Freq: 2. Example: MRK 5:3. 
hamotuva,,,,,,Freq: 2. Example: MRK 5:4. 
namova,,,,,,Freq: 2. Example: MRK 5:26. 
haturiaiamu,,,,,,Freq: 2. Example: MRK 5:35. 
losef,,,,,,Freq: 2. Example: MRK 6:3. 
laḡada,,,,,,Freq: 2. Example: MRK 6:31. 
kanudina,,,,,,Freq: 2. Example: MRK 7:33. 
dalmanuta,,,,,,Freq: 2. Example: MRK 8:10. 
hakurokuroa,,,,,,Freq: 2. Example: MRK 9:3. 
gwara-gwaramu,,,,,,Freq: 2. Example: MRK 9:18. 
laoda,,,,,,Freq: 2. Example: MRK 9:40. 
kahadamu,,,,,,Freq: 2. Example: MRK 9:40. 
boirimumu,,,,,,Freq: 2. Example: MRK 10:49. 
hemata-kauna,,,,,,Freq: 2. Example: MRK 11:2. 
lato,,,,,,Freq: 2. Example: MRK 11:16. 
hoalaiva,,,,,,Freq: 2. Example: MRK 11:18. 
natu-adorana,,,,,,Freq: 2. Example: MRK 12:6. 
dibaḡanigumu,,,,,,Freq: 2. Example: MRK 12:15. 
cent,,,,,,Freq: 2. Example: MRK 12:42. 
haguhi,,,,,,Freq: 2. Example: MRK 13:11. 
iravaia,,,,,,Freq: 2. Example: MRK 14:15. 
rufo,,,,,,Freq: 2. Example: MRK 15:21. 
salome,,,,,,Freq: 2. Example: MRK 15:40. 
galuma-galumana,,,,,,Freq: 2. Example: MRK 16:2. 
teofilo,,,,,,Freq: 2. Example: LUK 1:1. 
henidava,,,,,,Freq: 2. Example: LUK 1:2. 
iadana,,,,,,Freq: 2. Example: LUK 1:49. 
tubuda,,,,,,Freq: 2. Example: LUK 1:72. 
igoda,,,,,,Freq: 2. Example: LUK 1:78. 
hadibada,,,,,,Freq: 2. Example: LUK 2:15. 
ihadiarilaidia,,,,,,Freq: 2. Example: LUK 2:32. 
ihaketodia,,,,,,Freq: 2. Example: LUK 2:34. 
heiri,,,,,,Freq: 2. Example: LUK 2:34. 
hamanada,,,,,,Freq: 2. Example: LUK 3:5. 
matat,,,,,,Freq: 2. Example: LUK 3:24. 
melki,,,,,,Freq: 2. Example: LUK 3:24. 
matatia,,,,,,Freq: 2. Example: LUK 3:25. 
kwadilaia,,,,,,Freq: 2. Example: LUK 4:35. 
bone,,,,,,Freq: 2. Example: LUK 5:5. 
ivareailaina,,,,,,Freq: 2. Example: LUK 5:18. 
irogonina,,,,,,Freq: 2. Example: LUK 5:29. 
ima-heveri,,,,,,Freq: 2. Example: LUK 6:8. 
hadikamuimu,,,,,,Freq: 2. Example: LUK 6:27. 
haparipari,,,,,,Freq: 2. Example: LUK 7:38. 
harahu,,,,,,Freq: 2. Example: LUK 7:38. 
ioana,,,,,,Freq: 2. Example: LUK 8:3. 
lasitania,,,,,,Freq: 2. Example: LUK 8:35. 
dadaraimuimu,,,,,,Freq: 2. Example: LUK 10:16. 
hekikwo,,,,,,Freq: 2. Example: LUK 10:29. 
iubulaina,,,,,,Freq: 2. Example: LUK 11:6. 
ua,,,,,,Freq: 2. Example: LUK 12:49. 
anina-doko,,,,,,Freq: 2. Example: LUK 14:13. 
budoa,,,,,,Freq: 2. Example: LUK 17:6. 
nanadailaimui,,,,,,Freq: 2. Example: LUK 20:3. 
hapapahuahu,,,,,,Freq: 2. Example: LUK 22:24. 
ihagoadana,,,,,,Freq: 2. Example: LUK 22:43. 
hetutu,,,,,,Freq: 2. Example: LUK 23:27. 
paradiso,,,,,,Freq: 2. Example: LUK 23:43. 
emausa,,,,,,Freq: 2. Example: LUK 24:12. 
lerusalem,,,,,,Freq: 2. Example: LUK 24:33. 
hamaoromuiva,,,,,,Freq: 2. Example: LUK 24:44. 
guha,,,,,,Freq: 2. Example: LUK 24:49. 
bapatisodiamu,,,,,,Freq: 2. Example: JHN 1:25. 
hahebapatisova,,,,,,Freq: 2. Example: JHN 1:28. 
hahebapatiso,,,,,,Freq: 2. Example: JHN 1:33. 
nuia,,,,,,Freq: 2. Example: JHN 2:10. 
laḡau-hanai,,,,,,Freq: 2. Example: JHN 2:12. 
ihoidia,,,,,,Freq: 2. Example: JHN 2:14. 
hereva-herevamu,,,,,,Freq: 2. Example: JHN 4:27. 
gabugabudia,,,,,,Freq: 2. Example: JHN 6:9. 
unlui,,,,,,Freq: 2. Example: JHN 9:27. 
mata-papa,,,,,,Freq: 2. Example: JHN 9:39. 
abiabiraiava,,,,,,Freq: 2. Example: JHN 12:11. 
haduhu,,,,,,Freq: 2. Example: JHN 12:40. 
pelro,,,,,,Freq: 2. Example: JHN 13:9. 
gwauraimuimu,,,,,,Freq: 2. Example: JHN 13:18. 
haheitalaimai,,,,,,Freq: 2. Example: JHN 14:8. 
heatolaigu,,,,,,Freq: 2. Example: JHN 16:14. 
toḡea,,,,,,Freq: 2. Example: JHN 19:34. 
barasaba,,,,,,Freq: 2. Example: ACT 1:23. 
iusto,,,,,,Freq: 2. Example: ACT 1:23. 
matia,,,,,,Freq: 2. Example: ACT 1:23. 
kapadokia,,,,,,Freq: 2. Example: ACT 2:9. 
taritariva,,,,,,Freq: 2. Example: ACT 2:42. 
raraimai,,,,,,Freq: 2. Example: ACT 3:4. 
vadodia,,,,,,Freq: 2. Example: ACT 6:1. 
hahutumadiava,,,,,,Freq: 2. Example: ACT 6:7. 
loalaiva,,,,,,Freq: 2. Example: ACT 7:43. 
duahiava,,,,,,Freq: 2. Example: ACT 8:28. 
ialamasena,,,,,,Freq: 2. Example: ACT 9:23. 
raniva,,,,,,Freq: 2. Example: ACT 9:24. 
gaba-matuna,,,,,,Freq: 2. Example: ACT 9:25. 
aenea,,,,,,Freq: 2. Example: ACT 9:33. 
tabita,,,,,,Freq: 2. Example: ACT 9:36. 
doreka,,,,,,Freq: 2. Example: ACT 9:36. 
goadalaiva,,,,,,Freq: 2. Example: ACT 9:36. 
ḡuriava,,,,,,Freq: 2. Example: ACT 10:2. 
agabo,,,,,,Freq: 2. Example: ACT 11:28. 
pafo,,,,,,Freq: 2. Example: ACT 13:6. 
eluma,,,,,,Freq: 2. Example: ACT 13:8. 
perega,,,,,,Freq: 2. Example: ACT 13:14. 
pisidia,,,,,,Freq: 2. Example: ACT 13:14. 
gwauhamatadia,,,,,,Freq: 2. Example: ACT 13:34. 
lukaonia,,,,,,Freq: 2. Example: ACT 14:6. 
hereme,,,,,,Freq: 2. Example: ACT 14:12. 
peritomemui,,,,,,Freq: 2. Example: ACT 15:1. 
haraivadia,,,,,,Freq: 2. Example: ACT 15:19. 
ita-taodia,,,,,,Freq: 2. Example: ACT 15:23. 
pauio,,,,,,Freq: 2. Example: ACT 15:34. 
ekalesiana,,,,,,Freq: 2. Example: ACT 16:4. 
musia,,,,,,Freq: 2. Example: ACT 16:7. 
bitunia,,,,,,Freq: 2. Example: ACT 16:7. 
ludia,,,,,,Freq: 2. Example: ACT 16:14. 
hoiva,,,,,,Freq: 2. Example: ACT 16:14. 
noimai,,,,,,Freq: 2. Example: ACT 16:15. 
uhea,,,,,,Freq: 2. Example: ACT 17:6. 
bonal,,,,,,Freq: 2. Example: ACT 17:27. 
haduadiamu,,,,,,Freq: 2. Example: ACT 17:30. 
krispo,,,,,,Freq: 2. Example: ACT 18:8. 
sostene,,,,,,Freq: 2. Example: ACT 18:17. 
kenkrea,,,,,,Freq: 2. Example: ACT 18:18. 
aso,,,,,,Freq: 2. Example: ACT 20:13. 
tolemaia,,,,,,Freq: 2. Example: ACT 21:7. 
kaladia,,,,,,Freq: 2. Example: ACT 22:3. 
goadalaiava,,,,,,Freq: 2. Example: ACT 22:3. 
ḡuidiava,,,,,,Freq: 2. Example: ACT 22:4. 
koudiava,,,,,,Freq: 2. Example: ACT 22:4. 
habadelaiava,,,,,,Freq: 2. Example: ACT 23:28. 
teretulo,,,,,,Freq: 2. Example: ACT 24:1. 
gaubada,,,,,,Freq: 2. Example: ACT 25:14. 
enoenona,,,,,,Freq: 2. Example: ACT 27:4. 
hekwarahimai,,,,,,Freq: 2. Example: ACT 27:7. 
laomai,,,,,,Freq: 2. Example: ACT 27:7. 
dobitania,,,,,,Freq: 2. Example: ACT 27:12. 
idamana,,,,,,Freq: 2. Example: ACT 27:30. 
publio,,,,,,Freq: 2. Example: ACT 28:7. 
loi,,,,,,Freq: 2. Example: ACT 28:11. 
hahelagagu,,,,,,Freq: 2. Example: ROM 1:1. 
boirimuimu,,,,,,Freq: 2. Example: ROM 1:6. 
hahekora,,,,,,Freq: 2. Example: ROM 1:20. 
hebore,,,,,,Freq: 2. Example: ROM 1:29. 
loalaimu,,,,,,Freq: 2. Example: ROM 3:13. 
tohotohoamu,,,,,,Freq: 2. Example: ROM 4:12. 
havaraiava,,,,,,Freq: 2. Example: ROM 5:21. 
kahuda,,,,,,Freq: 2. Example: ROM 7:6. 
ima-doa,,,,,,Freq: 2. Example: ROM 8:12. 
hamase,,,,,,Freq: 2. Example: ROM 8:13. 
gwauraidamu,,,,,,Freq: 2. Example: ROM 8:16. 
haheaukada,,,,,,Freq: 2. Example: ROM 8:25. 
bibida,,,,,,Freq: 2. Example: ROM 8:35. 
vara-kava,,,,,,Freq: 2. Example: ROM 11:17. 
hirimu,,,,,,Freq: 2. Example: ROM 11:17. 
spania,,,,,,Freq: 2. Example: ROM 15:24. 
badiholo,,,,,,Freq: 2. Example: ROM 16:23. 
taunimanuma,,,,,,Freq: 2. Example: 1CO 1:25. 
ihanamoda,,,,,,Freq: 2. Example: 1CO 2:7. 
lalo-hadailai,,,,,,Freq: 2. Example: 1CO 2:9. 
idairina,,,,,,Freq: 2. Example: 1CO 3:7. 
mamanoka-mamanoka,,,,,,Freq: 2. Example: 1CO 4:10. 
maoromui,,,,,,Freq: 2. Example: 1CO 6:11. 
vadona,,,,,,Freq: 2. Example: 1CO 7:11. 
iḡeḡena,,,,,,Freq: 2. Example: 1CO 9:25. 
tutuamu,,,,,,Freq: 2. Example: 1CO 9:26. 
hasio,,,,,,Freq: 2. Example: 1CO 10:21. 
kumiamu,,,,,,Freq: 2. Example: 1CO 11:4. 
imatauraidia,,,,,,Freq: 2. Example: 1CO 12:23. 
gini-gunadia,,,,,,Freq: 2. Example: 1CO 12:28. 
laromu,,,,,,Freq: 2. Example: 1CO 13:7. 
heida-ida,,,,,,Freq: 2. Example: 1CO 13:12. 
hiririmu,,,,,,Freq: 2. Example: 1CO 14:7. 
kibina,,,,,,Freq: 2. Example: 1CO 14:8. 
hadibalaimuimu,,,,,,Freq: 2. Example: 1CO 15:1. 
tauhalona,,,,,,Freq: 2. Example: 2CO 1:6. 
hururuhururuna,,,,,,Freq: 2. Example: 2CO 3:7. 
mata-tuna,,,,,,Freq: 2. Example: 2CO 4:18. 
haheroheda,,,,,,Freq: 2. Example: 2CO 5:18. 
hahenamomu,,,,,,Freq: 2. Example: 2CO 10:12. 
hanaiamu,,,,,,Freq: 2. Example: 2CO 10:14. 
hahekwarahimuiva,,,,,,Freq: 2. Example: 2CO 11:9. 
hasataurogu,,,,,,Freq: 2. Example: GAL 2:20. 
loma,,,,,,Freq: 2. Example: GAL 4:22. 
ruhada,,,,,,Freq: 2. Example: GAL 5:1. 
haraivamuimu,,,,,,Freq: 2. Example: GAL 5:10. 
haḡuḡurumu,,,,,,Freq: 2. Example: EPH 1:23. 
hatamonada,,,,,,Freq: 2. Example: EPH 2:14. 
noho-hedoahedoa,,,,,,Freq: 2. Example: EPH 2:19. 
larebamui,,,,,,Freq: 2. Example: EPH 2:22. 
harana-latana,,,,,,Freq: 2. Example: EPH 3:18. 
hahonumui,,,,,,Freq: 2. Example: EPH 3:19. 
hureda,,,,,,Freq: 2. Example: EPH 4:14. 
gagevagagevadia,,,,,,Freq: 2. Example: EPH 4:14. 
didibura,,,,,,Freq: 2. Example: EPH 4:18. 
mami,,,,,,Freq: 2. Example: EPH 4:19. 
koilaimui,,,,,,Freq: 2. Example: EPH 5:6. 
lalomuimu,,,,,,Freq: 2. Example: PHP 1:3. 
toutoumui,,,,,,Freq: 2. Example: PHP 2:15. 
kahagumu,,,,,,Freq: 2. Example: PHP 4:3. 
davariva,,,,,,Freq: 2. Example: PHP 4:9. 
hataḡadia,,,,,,Freq: 2. Example: COL 2:2. 
ere-dika,,,,,,Freq: 2. Example: COL 3:8. 
onesimo,,,,,,Freq: 2. Example: COL 4:9. 
haḡanimuiva,,,,,,Freq: 2. Example: 1TH 2:11. 
iruna,,,,,,Freq: 2. Example: 2TH 2:6. 
havara-havaramu,,,,,,Freq: 2. Example: 2TH 3:6. 
gado-dae,,,,,,Freq: 2. Example: 2TH 3:11. 
humenaio,,,,,,Freq: 2. Example: 1TI 1:20. 
hematauraidia,,,,,,Freq: 2. Example: 1TI 2:9. 
hepapahuahudia,,,,,,Freq: 2. Example: 1TI 6:20. 
unelaiamu,,,,,,Freq: 2. Example: 2TI 1:4. 
tamodia,,,,,,Freq: 2. Example: TIT 1:6. 
migomigo,,,,,,Freq: 2. Example: TIT 2:12. 
hahematamata,,,,,,Freq: 2. Example: TIT 3:5. 
kamonaina,,,,,,Freq: 2. Example: HEB 3:5. 
dibaḡanidamu,,,,,,Freq: 2. Example: HEB 4:15. 
diariva,,,,,,Freq: 2. Example: HEB 6:4. 
dadabadiamu,,,,,,Freq: 2. Example: HEB 12:6. 
gimamuimu,,,,,,Freq: 2. Example: 1PE 1:5. 
lebulebuva,,,,,,Freq: 2. Example: 1PE 4:3. 
hagagevamu,,,,,,Freq: 2. Example: 2PE 3:16. 
horolaimui,,,,,,Freq: 2. Example: 1JN 2:27. 
nikolaita,,,,,,Freq: 2. Example: REV 2:6. 
milion,,,,,,Freq: 2. Example: REV 9:16. 
huakina,,,,,,Freq: 2. Example: REV 9:17. 
loria,,,,,,Freq: 2. Example: REV 12:15. 
kibodia,,,,,,Freq: 2. Example: REV 15:7. 
idouna,,,,,,Freq: 2. Example: REV 18:9. 
amomo,,,,,,Freq: 2. Example: REV 18:13. 
tumiamata,,,,,,Freq: 2. Example: REV 18:13. 
roha-maorona,,,,,,Freq: 2. Example: REV 21:16. 
kalakedo,,,,,,Freq: 2. Example: REV 21:19. 
sadonu,,,,,,Freq: 2. Example: REV 21:20. 
alefa,,,,,,Freq: 2. Example: REV 22:13. 
omega,,,,,,Freq: 2. Example: REV 22:13. 
rui,,,,,,Freq: 1. Example: GEN 1:21. 
laulaugu,,,,,,Freq: 1. Example: GEN 1:26. 
heida-idagu,,,,,,Freq: 1. Example: GEN 1:26. 
ibiru-henina,,,,,,Freq: 1. Example: GEN 2:5. 
idibaladia,,,,,,Freq: 1. Example: GEN 2:9. 
pison,,,,,,Freq: 1. Example: GEN 2:11. 
henis,,,,,,Freq: 1. Example: GEN 2:15. 
idibalaidia,,,,,,Freq: 1. Example: GEN 2:17. 
hamahutaia,,,,,,Freq: 1. Example: GEN 2:21. 
ruduna,,,,,,Freq: 1. Example: GEN 2:21. 
hamaorumu,,,,,,Freq: 1. Example: GEN 3:11. 
kopamu,,,,,,Freq: 1. Example: GEN 3:14. 
hehenimui,,,,,,Freq: 1. Example: GEN 3:15. 
hehenidia,,,,,,Freq: 1. Example: GEN 3:15. 
ḡiniḡinidia,,,,,,Freq: 1. Example: GEN 3:18. 
bana,,,,,,Freq: 1. Example: GEN 3:22. 
nod,,,,,,Freq: 1. Example: GEN 4:16. 
iabal,,,,,,Freq: 1. Example: GEN 4:20. 
iubal,,,,,,Freq: 1. Example: GEN 4:21. 
gwautarua,,,,,,Freq: 1. Example: GEN 5:8. 
havaridia,,,,,,Freq: 1. Example: GEN 6:7. 
ḡuḡuruva,,,,,,Freq: 1. Example: GEN 6:9. 
havamo,,,,,,Freq: 1. Example: GEN 6:9. 
veda,,,,,,Freq: 1. Example: GEN 6:13. 
gaba-maurana,,,,,,Freq: 1. Example: GEN 6:16. 
taravagu,,,,,,Freq: 1. Example: GEN 6:18. 
ḡoevaoḡoevadia,,,,,,Freq: 1. Example: GEN 7:8. 
ihasinahu-tauratoina,,,,,,Freq: 1. Example: GEN 7:11. 
hureva,,,,,,Freq: 1. Example: GEN 7:18. 
meduna,,,,,,Freq: 1. Example: GEN 8:2. 
roho-kau,,,,,,Freq: 1. Example: GEN 8:9. 
sioahu,,,,,,Freq: 1. Example: GEN 8:22. 
havaraida,,,,,,Freq: 1. Example: GEN 9:7. 
bokomakau,,,,,,Freq: 1. Example: GEN 9:10. 
hadagahulaia,,,,,,Freq: 1. Example: GEN 9:14. 
tatoisi,,,,,,Freq: 1. Example: GEN 10:1. 
rifat,,,,,,Freq: 1. Example: GEN 10:3. 
akad,,,,,,Freq: 1. Example: GEN 10:10. 
resene,,,,,,Freq: 1. Example: GEN 10:12. 
lasa,,,,,,Freq: 1. Example: GEN 10:19. 
obala,,,,,,Freq: 1. Example: GEN 10:28. 
sefara,,,,,,Freq: 1. Example: GEN 10:30. 
rarodia,,,,,,Freq: 1. Example: GEN 11:3. 
rarokaka,,,,,,Freq: 1. Example: GEN 11:3. 
biata,,,,,,Freq: 1. Example: GEN 11:4. 
latebaia,,,,,,Freq: 1. Example: GEN 11:5. 
hitu-hitu,,,,,,Freq: 1. Example: GEN 11:26. 
iska,,,,,,Freq: 1. Example: GEN 11:29. 
sinahurua,,,,,,Freq: 1. Example: GEN 11:32. 
dimura-dimuradia,,,,,,Freq: 1. Example: GEN 13:16. 
birisa,,,,,,Freq: 1. Example: GEN 14:2. 
sinab,,,,,,Freq: 1. Example: GEN 14:2. 
semebere,,,,,,Freq: 1. Example: GEN 14:2. 
astaroto-karanaimi,,,,,,Freq: 1. Example: GEN 14:5. 
susim,,,,,,Freq: 1. Example: GEN 14:5. 
savekiriataimi,,,,,,Freq: 1. Example: GEN 14:5. 
el-paran,,,,,,Freq: 1. Example: GEN 14:6. 
en-mispat,,,,,,Freq: 1. Example: GEN 14:7. 
laima-osi,,,,,,Freq: 1. Example: GEN 14:9. 
badibadi-diai,,,,,,Freq: 1. Example: GEN 14:13. 
hoba,,,,,,Freq: 1. Example: GEN 14:15. 
save,,,,,,Freq: 1. Example: GEN 14:17. 
eksol,,,,,,Freq: 1. Example: GEN 14:24. 
kadamono,,,,,,Freq: 1. Example: GEN 15:19. 
eregumu,,,,,,Freq: 1. Example: GEN 16:13. 
taurahanai-ta-ahui,,,,,,Freq: 1. Example: GEN 17:1. 
laḡanidiana,,,,,,Freq: 1. Example: GEN 17:17. 
taurahanita,,,,,,Freq: 1. Example: GEN 17:24. 
pentomedia,,,,,,Freq: 1. Example: GEN 17:27. 
burukagu,,,,,,Freq: 1. Example: GEN 18:13. 
iherevahenina,,,,,,Freq: 1. Example: GEN 18:27. 
noilaiamu,,,,,,Freq: 1. Example: GEN 19:21. 
harogorogodia,,,,,,Freq: 1. Example: GEN 19:36. 
ben-ami,,,,,,Freq: 1. Example: GEN 19:38. 
imaḡu,,,,,,Freq: 1. Example: GEN 20:5. 
hamaoro-laidia,,,,,,Freq: 1. Example: GEN 20:8. 
hakereremai,,,,,,Freq: 1. Example: GEN 20:9. 
iahuna,,,,,,Freq: 1. Example: GEN 21:7. 
ehaloa,,,,,,Freq: 1. Example: GEN 21:14. 
diba-ḡania,,,,,,Freq: 1. Example: GEN 22:1. 
lakwaia,,,,,,Freq: 1. Example: GEN 22:9. 
ruava,,,,,,Freq: 1. Example: GEN 22:12. 
bonaharihari,,,,,,Freq: 1. Example: GEN 22:14. 
kesed,,,,,,Freq: 1. Example: GEN 22:22. 
haso,,,,,,Freq: 1. Example: GEN 22:22. 
pilidasa,,,,,,Freq: 1. Example: GEN 22:22. 
idilapa,,,,,,Freq: 1. Example: GEN 22:22. 
reuma,,,,,,Freq: 1. Example: GEN 22:24. 
teba,,,,,,Freq: 1. Example: GEN 22:24. 
gaham,,,,,,Freq: 1. Example: GEN 22:24. 
tahasa,,,,,,Freq: 1. Example: GEN 22:24. 
sarana,,,,,,Freq: 1. Example: GEN 23:2. 
sekeleheḡereḡeredia,,,,,,Freq: 1. Example: GEN 23:16. 
dihu-lata,,,,,,Freq: 1. Example: GEN 24:20. 
ranugurina,,,,,,Freq: 1. Example: GEN 24:20. 
hahinenana,,,,,,Freq: 1. Example: GEN 24:24. 
rumataudia,,,,,,Freq: 1. Example: GEN 24:28. 
asuri,,,,,,Freq: 1. Example: GEN 25:3. 
letusi,,,,,,Freq: 1. Example: GEN 25:3. 
leumi,,,,,,Freq: 1. Example: GEN 25:3. 
hedavelai,,,,,,Freq: 1. Example: GEN 25:22. 
konenoho,,,,,,Freq: 1. Example: GEN 25:27. 
gabamauru,,,,,,Freq: 1. Example: GEN 26:8. 
hereamai,,,,,,Freq: 1. Example: GEN 26:16. 
ahusata,,,,,,Freq: 1. Example: GEN 26:26. 
ḡereḡeremai,,,,,,Freq: 1. Example: GEN 26:29. 
iuditi,,,,,,Freq: 1. Example: GEN 26:34. 
seitaia,,,,,,Freq: 1. Example: GEN 27:1. 
darahugu,,,,,,Freq: 1. Example: GEN 27:12. 
havavalai,,,,,,Freq: 1. Example: GEN 27:16. 
darahumu,,,,,,Freq: 1. Example: GEN 27:21. 
bologu,,,,,,Freq: 1. Example: GEN 27:36. 
itai-taina,,,,,,Freq: 1. Example: GEN 27:41. 
vavamu,,,,,,Freq: 1. Example: GEN 28:2. 
abrahame,,,,,,Freq: 1. Example: GEN 28:4. 
ikwina,,,,,,Freq: 1. Example: GEN 28:11. 
mahutalaiamu,,,,,,Freq: 1. Example: GEN 28:13. 
hainulaidia,,,,,,Freq: 1. Example: GEN 29:2. 
ekurea,,,,,,Freq: 1. Example: GEN 29:3. 
nae,,,,,,Freq: 1. Example: GEN 29:8. 
kamnonai,,,,,,Freq: 1. Example: GEN 29:13. 
haheadavaia,,,,,,Freq: 1. Example: GEN 29:26. 
purana,,,,,,Freq: 1. Example: GEN 29:27. 
lalo-,,,,,,Freq: 1. Example: GEN 29:32. 
noho-tari,,,,,,Freq: 1. Example: GEN 30:20. 
ihataḡadia,,,,,,Freq: 1. Example: GEN 30:30. 
mamarauendia,,,,,,Freq: 1. Example: GEN 31:10. 
harogorogodiamu,,,,,,Freq: 1. Example: GEN 31:12. 
davamai,,,,,,Freq: 1. Example: GEN 31:15. 
abimauri,,,,,,Freq: 1. Example: GEN 31:26. 
modadia,,,,,,Freq: 1. Example: GEN 31:34. 
tamanae,,,,,,Freq: 1. Example: GEN 31:35. 
habero,,,,,,Freq: 1. Example: GEN 31:39. 
hadikaguva,,,,,,Freq: 1. Example: GEN 31:40. 
ima-kavakava,,,,,,Freq: 1. Example: GEN 31:42. 
nene,,,,,,Freq: 1. Example: GEN 31:42. 
hereva-hedinarai,,,,,,Freq: 1. Example: GEN 31:47. 
aramaik,,,,,,Freq: 1. Example: GEN 31:47. 
hereva-,,,,,,Freq: 1. Example: GEN 31:47. 
gimada,,,,,,Freq: 1. Example: GEN 31:49. 
golea,,,,,,Freq: 1. Example: GEN 31:54. 
sinahu-ruabona,,,,,,Freq: 1. Example: GEN 32:14. 
gunalai,,,,,,Freq: 1. Example: GEN 32:21. 
gwauta-ta-osi,,,,,,Freq: 1. Example: GEN 32:22. 
hanailai,,,,,,Freq: 1. Example: GEN 32:23. 
henanadailaiamu,,,,,,Freq: 1. Example: GEN 32:29. 
sinahuhaniosi,,,,,,Freq: 1. Example: GEN 33:1. 
dinagu,,,,,,Freq: 1. Example: GEN 33:11. 
anirla,,,,,,Freq: 1. Example: GEN 33:17. 
igo-itadia,,,,,,Freq: 1. Example: GEN 34:1. 
badudia,,,,,,Freq: 1. Example: GEN 34:7. 
heman,,,,,,Freq: 1. Example: GEN 36:22. 
alavan,,,,,,Freq: 1. Example: GEN 36:23. 
hemudan,,,,,,Freq: 1. Example: GEN 36:26. 
iokab,,,,,,Freq: 1. Example: GEN 36:34. 
hadara,,,,,,Freq: 1. Example: GEN 36:39. 
ietete,,,,,,Freq: 1. Example: GEN 36:40. 
gwautahitu,,,,,,Freq: 1. Example: GEN 37:2. 
gwauta-taese,,,,,,Freq: 1. Example: GEN 37:9. 
etahoa,,,,,,Freq: 1. Example: GEN 37:24. 
kesib,,,,,,Freq: 1. Example: GEN 38:5. 
adavanaai,,,,,,Freq: 1. Example: GEN 38:6. 
harogorogogu,,,,,,Freq: 1. Example: GEN 38:25. 
rumumu,,,,,,Freq: 1. Example: GEN 39:9. 
ihakavakavada,,,,,,Freq: 1. Example: GEN 39:14. 
nihirai,,,,,,Freq: 1. Example: GEN 40:5. 
dagimu,,,,,,Freq: 1. Example: GEN 40:13. 
oradia,,,,,,Freq: 1. Example: GEN 40:16. 
dabuae,,,,,,Freq: 1. Example: GEN 41:14. 
anidiadikadia,,,,,,Freq: 1. Example: GEN 41:27. 
safenat-panea,,,,,,Freq: 1. Example: GEN 41:45. 
nihiraidia,,,,,,Freq: 1. Example: GEN 42:9. 
hasinadoamu,,,,,,Freq: 1. Example: GEN 42:11. 
gado-hanai,,,,,,Freq: 1. Example: GEN 42:23. 
bainadiba,,,,,,Freq: 1. Example: GEN 42:34. 
nanadailai,,,,,,Freq: 1. Example: GEN 43:7. 
au-huahuadia,,,,,,Freq: 1. Example: GEN 43:11. 
euda,,,,,,Freq: 1. Example: GEN 43:18. 
ḡuida,,,,,,Freq: 1. Example: GEN 43:18. 
moama,,,,,,Freq: 1. Example: GEN 43:20. 
hatagadia,,,,,,Freq: 1. Example: GEN 43:23. 
haḡaeḡaelai,,,,,,Freq: 1. Example: GEN 43:26. 
ha-ima,,,,,,Freq: 1. Example: GEN 43:34. 
baguhaoro,,,,,,Freq: 1. Example: GEN 44:5. 
emase,,,,,,Freq: 1. Example: GEN 44:20. 
tau-buruka,,,,,,Freq: 1. Example: GEN 44:31. 
belau,,,,,,Freq: 1. Example: GEN 44:32. 
hebadu,,,,,,Freq: 1. Example: GEN 45:5. 
baota,,,,,,Freq: 1. Example: GEN 45:9. 
iobo,,,,,,Freq: 1. Example: GEN 46:13. 
sifion,,,,,,Freq: 1. Example: GEN 46:16. 
arodi,,,,,,Freq: 1. Example: GEN 46:16. 
ehi,,,,,,Freq: 1. Example: GEN 46:21. 
ros,,,,,,Freq: 1. Example: GEN 46:21. 
mupim,,,,,,Freq: 1. Example: GEN 46:21. 
meromai,,,,,,Freq: 1. Example: GEN 46:34. 
ogogamiva,,,,,,Freq: 1. Example: GEN 47:12. 
koimumu,,,,,,Freq: 1. Example: GEN 47:18. 
tanomo,,,,,,Freq: 1. Example: GEN 47:18. 
laḡeni,,,,,,Freq: 1. Example: GEN 47:28. 
bainahalaomu,,,,,,Freq: 1. Example: GEN 48:4. 
padan,,,,,,Freq: 1. Example: GEN 48:7. 
valahuvalahu,,,,,,Freq: 1. Example: GEN 48:10. 
laio-hadai,,,,,,Freq: 1. Example: GEN 48:14. 
toiroro,,,,,,Freq: 1. Example: GEN 48:14. 
regugu,,,,,,Freq: 1. Example: GEN 48:15. 
bada-hereanabaine,,,,,,Freq: 1. Example: GEN 48:19. 
koriamu,,,,,,Freq: 1. Example: GEN 49:17. 
herevadiabini,,,,,,Freq: 1. Example: GEN 49:28. 
ihaḡanidia,,,,,,Freq: 1. Example: GEN 49:33. 
tomova,,,,,,Freq: 1. Example: GEN 50:20. 
tauna-bunai,,,,,,Freq: 1. Example: GEN 50:21. 
bahisidia,,,,,,Freq: 1. Example: EXO 1:11. 
parao,,,,,,Freq: 1. Example: EXO 1:11. 
pitom,,,,,,Freq: 1. Example: EXO 1:11. 
raamese,,,,,,Freq: 1. Example: EXO 1:11. 
ihakamo-taodia,,,,,,Freq: 1. Example: EXO 1:14. 
sifra,,,,,,Freq: 1. Example: EXO 1:15. 
hamaradia,,,,,,Freq: 1. Example: EXO 1:16. 
hagwaroto,,,,,,Freq: 1. Example: EXO 1:18. 
rogogogo,,,,,,Freq: 1. Example: EXO 2:2. 
ihunina,,,,,,Freq: 1. Example: EXO 2:3. 
nini,,,,,,Freq: 1. Example: EXO 2:3. 
hihinena,,,,,,Freq: 1. Example: EXO 2:7. 
hininena,,,,,,Freq: 1. Example: EXO 2:8. 
ne,,,,,,Freq: 1. Example: EXO 2:11. 
dadabaiamu,,,,,,Freq: 1. Example: EXO 2:13. 
halaiva,,,,,,Freq: 1. Example: EXO 2:15. 
istarel,,,,,,Freq: 1. Example: EXO 3:12. 
hakudimaiamu,,,,,,Freq: 1. Example: EXO 4:11. 
hakepuluamu,,,,,,Freq: 1. Example: EXO 4:11. 
siailai,,,,,,Freq: 1. Example: EXO 4:28. 
hamaoro-laia,,,,,,Freq: 1. Example: EXO 4:30. 
dehaka,,,,,,Freq: 1. Example: EXO 5:2. 
gogoa,,,,,,Freq: 1. Example: EXO 5:7. 
lalahedo,,,,,,Freq: 1. Example: EXO 5:8. 
hunimui,,,,,,Freq: 1. Example: EXO 5:10. 
hamaoromaimu,,,,,,Freq: 1. Example: EXO 5:16. 
he-geremui,,,,,,Freq: 1. Example: EXO 5:21. 
ialalaimai,,,,,,Freq: 1. Example: EXO 5:21. 
moibe,,,,,,Freq: 1. Example: EXO 6:1. 
pa-gamui,,,,,,Freq: 1. Example: EXO 6:6. 
tsrael,,,,,,Freq: 1. Example: EXO 6:13. 
bvae,,,,,,Freq: 1. Example: EXO 6:13. 
iokedbed,,,,,,Freq: 1. Example: EXO 6:20. 
sitiri,,,,,,Freq: 1. Example: EXO 6:22. 
elisebae,,,,,,Freq: 1. Example: EXO 6:23. 
abiasafa,,,,,,Freq: 1. Example: EXO 6:24. 
putiele,,,,,,Freq: 1. Example: EXO 6:25. 
tanua,,,,,,Freq: 1. Example: EXO 7:1. 
diadiai,,,,,,Freq: 1. Example: EXO 7:11. 
siadia,,,,,,Freq: 1. Example: EXO 8:2. 
me,,,,,,Freq: 1. Example: EXO 8:5. 
hadikalaiava,,,,,,Freq: 1. Example: EXO 8:12. 
dirave,,,,,,Freq: 1. Example: EXO 8:19. 
hodomai,,,,,,Freq: 1. Example: EXO 8:26. 
frao,,,,,,Freq: 1. Example: EXO 9:12. 
ikahu-negedia,,,,,,Freq: 1. Example: EXO 9:17. 
bogaragtidiai,,,,,,Freq: 1. Example: EXO 10:1. 
ieova,,,,,,Freq: 1. Example: EXO 10:3. 
hahekwakwanaida,,,,,,Freq: 1. Example: EXO 10:7. 
rumui,,,,,,Freq: 1. Example: EXO 10:10. 
dabi,,,,,,Freq: 1. Example: EXO 10:13. 
adoinai,,,,,,Freq: 1. Example: EXO 10:15. 
now,,,,,,Freq: 1. Example: EXO 10:18. 
ihataurahanai-tana,,,,,,Freq: 1. Example: EXO 10:20. 
imama,,,,,,Freq: 1. Example: EXO 10:22. 
hemimai,,,,,,Freq: 1. Example: EXO 10:25. 
maurinai,,,,,,Freq: 1. Example: EXO 11:1. 
giroamu,,,,,,Freq: 1. Example: EXO 11:5. 
iani-orena,,,,,,Freq: 1. Example: EXO 12:4. 
hakere,,,,,,Freq: 1. Example: EXO 12:6. 
lagaumui,,,,,,Freq: 1. Example: EXO 12:13. 
lalaidai,,,,,,Freq: 1. Example: EXO 12:16. 
isreal,,,,,,Freq: 1. Example: EXO 12:19. 
ihua-ihuama,,,,,,Freq: 1. Example: EXO 12:22. 
daene,,,,,,Freq: 1. Example: EXO 12:23. 
lagaua,,,,,,Freq: 1. Example: EXO 12:23. 
bavatua,,,,,,Freq: 1. Example: EXO 12:24. 
malokihina,,,,,,Freq: 1. Example: EXO 12:29. 
kwabu,,,,,,Freq: 1. Example: EXO 12:30. 
kuikui,,,,,,Freq: 1. Example: EXO 12:34. 
dibu,,,,,,Freq: 1. Example: EXO 12:34. 
marinai,,,,,,Freq: 1. Example: EXO 12:44. 
hareva,,,,,,Freq: 1. Example: EXO 14:1. 
hehiri-hehirimu,,,,,,Freq: 1. Example: EXO 14:3. 
haboioboio,,,,,,Freq: 1. Example: EXO 14:3. 
halalo,,,,,,Freq: 1. Example: EXO 14:5. 
isiaida,,,,,,Freq: 1. Example: EXO 14:5. 
hamaurilaimui,,,,,,Freq: 1. Example: EXO 14:13. 
ranuaia,,,,,,Freq: 1. Example: EXO 14:22. 
idibidia,,,,,,Freq: 1. Example: EXO 14:22. 
hahekwarahdia,,,,,,Freq: 1. Example: EXO 14:24. 
uilidia,,,,,,Freq: 1. Example: EXO 14:25. 
hamaloadia,,,,,,Freq: 1. Example: EXO 15:4. 
hanahanai,,,,,,Freq: 1. Example: EXO 15:18. 
ḡḡaena,,,,,,Freq: 1. Example: EXO 16:3. 
maumauauriamu,,,,,,Freq: 1. Example: EXO 16:8. 
taruhu,,,,,,Freq: 1. Example: EXO 16:13. 
bavalamai,,,,,,Freq: 1. Example: EXO 17:3. 
dekedekeda,,,,,,Freq: 1. Example: EXO 17:7. 
eiva,,,,,,Freq: 1. Example: EXO 17:7. 
tamnana,,,,,,Freq: 1. Example: EXO 18:4. 
ose,,,,,,Freq: 1. Example: EXO 18:13. 
benia,,,,,,Freq: 1. Example: EXO 18:16. 
korokori,,,,,,Freq: 1. Example: EXO 19:5. 
taunimania,,,,,,Freq: 1. Example: EXO 19:11. 
latani,,,,,,Freq: 1. Example: EXO 19:18. 
hakamu,,,,,,Freq: 1. Example: EXO 20:2. 
iehovva,,,,,,Freq: 1. Example: EXO 20:11. 
ikoi,,,,,,Freq: 1. Example: EXO 20:16. 
hataha,,,,,,Freq: 1. Example: EXO 20:18. 
henamomu,,,,,,Freq: 1. Example: EXO 20:24. 
iutulaidia,,,,,,Freq: 1. Example: EXO 20:25. 
baigugu,,,,,,Freq: 1. Example: EXO 21:5. 
bonanatugu,,,,,,Freq: 1. Example: EXO 21:5. 
hadabua,,,,,,Freq: 1. Example: EXO 21:11. 
heailai,,,,,,Freq: 1. Example: EXO 22:9. 
hoi-asi,,,,,,Freq: 1. Example: EXO 22:15. 
imaohenina,,,,,,Freq: 1. Example: EXO 22:16. 
doi,,,,,,Freq: 1. Example: EXO 22:17. 
sa,,,,,,Freq: 1. Example: EXO 22:19. 
ogoḡamidia,,,,,,Freq: 1. Example: EXO 22:25. 
igwaurina,,,,,,Freq: 1. Example: EXO 23:1. 
matauna,,,,,,Freq: 1. Example: EXO 23:5. 
mata-kito,,,,,,Freq: 1. Example: EXO 23:8. 
bba,,,,,,Freq: 1. Example: EXO 23:16. 
simamu,,,,,,Freq: 1. Example: EXO 23:20. 
heḡaḡae,,,,,,Freq: 1. Example: EXO 23:20. 
vaitanil,,,,,,Freq: 1. Example: EXO 24:4. 
idududia,,,,,,Freq: 1. Example: EXO 24:4. 
herohemano,,,,,,Freq: 1. Example: EXO 24:5. 
taudiavairadiai,,,,,,Freq: 1. Example: EXO 24:7. 
israeltau-badadia,,,,,,Freq: 1. Example: EXO 24:11. 
hro-nadidia,,,,,,Freq: 1. Example: EXO 24:12. 
ihadibaladia,,,,,,Freq: 1. Example: EXO 24:12. 
tau-badidia,,,,,,Freq: 1. Example: EXO 24:14. 
labalaba,,,,,,Freq: 1. Example: EXO 25:25. 
hebveru,,,,,,Freq: 1. Example: EXO 25:39. 
ihaheraladia,,,,,,Freq: 1. Example: EXO 26:1. 
bhani,,,,,,Freq: 1. Example: EXO 26:2. 
ha-ere-ruaia,,,,,,Freq: 1. Example: EXO 26:9. 
frame,,,,,,Freq: 1. Example: EXO 26:15. 
ruahuiosi,,,,,,Freq: 1. Example: EXO 26:19. 
hahelai,,,,,,Freq: 1. Example: EXO 26:25. 
seses,,,,,,Freq: 1. Example: EXO 26:33. 
ikado-laina,,,,,,Freq: 1. Example: EXO 27:3. 
itatau,,,,,,Freq: 1. Example: EXO 27:14. 
sinahu-tu,,,,,,Freq: 1. Example: EXO 27:18. 
iḡe,,,,,,Freq: 1. Example: EXO 28:4. 
ḡelaina,,,,,,Freq: 1. Example: EXO 28:4. 
vairuri,,,,,,Freq: 1. Example: EXO 28:8. 
hururuhururudia,,,,,,Freq: 1. Example: EXO 28:11. 
ḡasidiamu,,,,,,Freq: 1. Example: EXO 28:11. 
bas,,,,,,Freq: 1. Example: EXO 28:11. 
ḡasi,,,,,,Freq: 1. Example: EXO 28:21. 
haleḡana,,,,,,Freq: 1. Example: EXO 29:5. 
dabuna,,,,,,Freq: 1. Example: EXO 29:6. 
korona,,,,,,Freq: 1. Example: EXO 29:6. 
ḡeḡelaidia,,,,,,Freq: 1. Example: EXO 29:9. 
davedavelai,,,,,,Freq: 1. Example: EXO 29:24. 
dave-dave,,,,,,Freq: 1. Example: EXO 29:26. 
halaḡadia,,,,,,Freq: 1. Example: EXO 29:29. 
hairaiagu,,,,,,Freq: 1. Example: EXO 29:43. 
herehiana,,,,,,Freq: 1. Example: EXO 30:15. 
itahundia,,,,,,Freq: 1. Example: EXO 30:16. 
hegadia,,,,,,Freq: 1. Example: EXO 30:20. 
sekelesinahu-ima,,,,,,Freq: 1. Example: EXO 30:23. 
delaḡana,,,,,,Freq: 1. Example: EXO 30:25. 
kariai,,,,,,Freq: 1. Example: EXO 30:33. 
kara-kara,,,,,,Freq: 1. Example: EXO 31:6. 
idoidaia,,,,,,Freq: 1. Example: EXO 31:16. 
badeidia,,,,,,Freq: 1. Example: EXO 32:2. 
ehonimu,,,,,,Freq: 1. Example: EXO 32:18. 
lebu-lebudia,,,,,,Freq: 1. Example: EXO 32:22. 
kwadogi-kwadogi,,,,,,Freq: 1. Example: EXO 33:5. 
mamarunedia,,,,,,Freq: 1. Example: EXO 34:19. 
mua,,,,,,Freq: 1. Example: EXO 34:26. 
vvairana,,,,,,Freq: 1. Example: EXO 34:35. 
hahe-gani,,,,,,Freq: 1. Example: EXO 35:1. 
taura-toi,,,,,,Freq: 1. Example: EXO 35:2. 
lamepu,,,,,,Freq: 1. Example: EXO 35:8. 
iseseahulaina,,,,,,Freq: 1. Example: EXO 35:12. 
pini,,,,,,Freq: 1. Example: EXO 35:22. 
eida,,,,,,Freq: 1. Example: EXO 35:24. 
karaioa,,,,,,Freq: 1. Example: EXO 36:1. 
heririu,,,,,,Freq: 1. Example: EXO 36:22. 
hahelai-ku,,,,,,Freq: 1. Example: EXO 36:30. 
haheriaia,,,,,,Freq: 1. Example: EXO 37:12. 
henuanai,,,,,,Freq: 1. Example: EXO 37:14. 
anmo,,,,,,Freq: 1. Example: EXO 37:23. 
ihulaina,,,,,,Freq: 1. Example: EXO 38:7. 
hevarivaridia,,,,,,Freq: 1. Example: EXO 38:8. 
ruahu,,,,,,Freq: 1. Example: EXO 38:10. 
mirigina,,,,,,Freq: 1. Example: EXO 38:11. 
ḡaudara,,,,,,Freq: 1. Example: EXO 38:21. 
kapalai,,,,,,Freq: 1. Example: EXO 38:28. 
hehelai-kau,,,,,,Freq: 1. Example: EXO 38:31. 
ha-ere,,,,,,Freq: 1. Example: EXO 39:9. 
hasiriudia,,,,,,Freq: 1. Example: EXO 39:20. 
baiurina,,,,,,Freq: 1. Example: EXO 39:21. 
ḡudia,,,,,,Freq: 1. Example: EXO 39:40. 
halaḡana,,,,,,Freq: 1. Example: EXO 39:41. 
hahelaikau,,,,,,Freq: 1. Example: EXO 40:18. 
heḡere,,,,,,Freq: 1. Example: EXO 40:23. 
herena,,,,,,Freq: 1. Example: EXO 40:23. 
havaira,,,,,,Freq: 1. Example: EXO 40:24. 
eseboromakau,,,,,,Freq: 1. Example: LEV 1:3. 
helaorana,,,,,,Freq: 1. Example: LEV 1:3. 
kopaia,,,,,,Freq: 1. Example: LEV 1:6. 
serinaeiava,,,,,,Freq: 1. Example: LEV 1:10. 
damenadia,,,,,,Freq: 1. Example: LEV 2:13. 
bainehenia,,,,,,Freq: 1. Example: LEV 4:3. 
boromakaudanu,,,,,,Freq: 1. Example: LEV 4:20. 
bainealaia,,,,,,Freq: 1. Example: LEV 4:24. 
boubouḡauna,,,,,,Freq: 1. Example: LEV 4:25. 
enakara-rea,,,,,,Freq: 1. Example: LEV 4:33. 
iharuanana,,,,,,Freq: 1. Example: LEV 5:10. 
seialatanai,,,,,,Freq: 1. Example: LEV 5:11. 
iheni-louna,,,,,,Freq: 1. Example: LEV 6:2. 
davanabema,,,,,,Freq: 1. Example: LEV 6:5. 
bouboudiaḡaudia,,,,,,Freq: 1. Example: LEV 6:25. 
guramu,,,,,,Freq: 1. Example: LEV 7:9. 
nadumu,,,,,,Freq: 1. Example: LEV 7:9. 
dehoroida,,,,,,Freq: 1. Example: LEV 7:12. 
maidigarana,,,,,,Freq: 1. Example: LEV 7:30. 
daveamu,,,,,,Freq: 1. Example: LEV 7:34. 
ioḡora,,,,,,Freq: 1. Example: LEV 7:34. 
hakaralai,,,,,,Freq: 1. Example: LEV 8:7. 
nanega,,,,,,Freq: 1. Example: LEV 8:11. 
hakaralaidia,,,,,,Freq: 1. Example: LEV 8:13. 
lkava,,,,,,Freq: 1. Example: LEV 8:26. 
tau-aninae,,,,,,Freq: 1. Example: LEV 9:13. 
regea,,,,,,Freq: 1. Example: LEV 9:13. 
gadomanu,,,,,,Freq: 1. Example: LEV 11:17. 
hataubumui,,,,,,Freq: 1. Example: LEV 11:24. 
pusina,,,,,,Freq: 1. Example: LEV 11:29. 
ariha,,,,,,Freq: 1. Example: LEV 11:29. 
hohoduka,,,,,,Freq: 1. Example: LEV 11:30. 
variga,,,,,,Freq: 1. Example: LEV 11:30. 
gesoa,,,,,,Freq: 1. Example: LEV 11:30. 
baemoru,,,,,,Freq: 1. Example: LEV 11:38. 
kurokuromu,,,,,,Freq: 1. Example: LEV 13:10. 
totototona,,,,,,Freq: 1. Example: LEV 13:30. 
kurokakuroka,,,,,,Freq: 1. Example: LEV 13:39. 
medena,,,,,,Freq: 1. Example: LEV 13:41. 
rama-boha,,,,,,Freq: 1. Example: LEV 13:41. 
seidau,,,,,,Freq: 1. Example: LEV 13:55. 
ihurina,,,,,,Freq: 1. Example: LEV 13:56. 
hatulaina,,,,,,Freq: 1. Example: LEV 13:59. 
ibounai,,,,,,Freq: 1. Example: LEV 14:18. 
herohe-maino,,,,,,Freq: 1. Example: LEV 14:18. 
ḡoie-oho,,,,,,Freq: 1. Example: LEV 14:19. 
gadoka-gadokadia,,,,,,Freq: 1. Example: LEV 14:37. 
hura,,,,,,Freq: 1. Example: LEV 15:3. 
mahutalaia,,,,,,Freq: 1. Example: LEV 15:4. 
hurana,,,,,,Freq: 1. Example: LEV 15:13. 
vesi,,,,,,Freq: 1. Example: LEV 15:17. 
hekurelai,,,,,,Freq: 1. Example: LEV 15:20. 
vesi-aru,,,,,,Freq: 1. Example: LEV 15:32. 
maruanene,,,,,,Freq: 1. Example: LEV 16:5. 
bege,,,,,,Freq: 1. Example: LEV 16:10. 
iehoa,,,,,,Freq: 1. Example: LEV 16:12. 
ihaboulana,,,,,,Freq: 1. Example: LEV 16:20. 
mirunai,,,,,,Freq: 1. Example: LEV 16:26. 
udaḡauna,,,,,,Freq: 1. Example: LEV 17:13. 
noholaiva,,,,,,Freq: 1. Example: LEV 18:3. 
hidiotamona,,,,,,Freq: 1. Example: LEV 18:12. 
ihamu,,,,,,Freq: 1. Example: LEV 18:16. 
taiakudima,,,,,,Freq: 1. Example: LEV 19:14. 
piupiulai,,,,,,Freq: 1. Example: LEV 19:16. 
dekemutauna,,,,,,Freq: 1. Example: LEV 19:18. 
idau-idaubasio,,,,,,Freq: 1. Example: LEV 19:19. 
haheḡodaḡodadia,,,,,,Freq: 1. Example: LEV 19:19. 
unuseniai,,,,,,Freq: 1. Example: LEV 19:23. 
taese,,,,,,Freq: 1. Example: LEV 20:2. 
raradiana,,,,,,Freq: 1. Example: LEV 20:12. 
mauriḡaudia,,,,,,Freq: 1. Example: LEV 20:25. 
vadana,,,,,,Freq: 1. Example: LEV 20:26. 
hidimui,,,,,,Freq: 1. Example: LEV 20:26. 
mata-kepulutauna,,,,,,Freq: 1. Example: LEV 21:18. 
doru-laoho,,,,,,Freq: 1. Example: LEV 21:20. 
kwadogi-herea,,,,,,Freq: 1. Example: LEV 21:20. 
mata-gegeva,,,,,,Freq: 1. Example: LEV 21:20. 
kopi-hemaihemai,,,,,,Freq: 1. Example: LEV 21:20. 
benakaroa,,,,,,Freq: 1. Example: LEV 22:14. 
lalo-namodainai,,,,,,Freq: 1. Example: LEV 22:21. 
kuhikuhina,,,,,,Freq: 1. Example: LEV 22:22. 
gwau-hamatadavana,,,,,,Freq: 1. Example: LEV 22:23. 
idavena,,,,,,Freq: 1. Example: LEV 23:12. 
oroḡami,,,,,,Freq: 1. Example: LEV 23:22. 
dinanahelaḡana,,,,,,Freq: 1. Example: LEV 23:24. 
hau,,,,,,Freq: 1. Example: LEV 23:35. 
bouboudiaiboudiai,,,,,,Freq: 1. Example: LEV 23:38. 
iboudiaiba,,,,,,Freq: 1. Example: LEV 23:39. 
dibri,,,,,,Freq: 1. Example: LEV 24:11. 
emutano,,,,,,Freq: 1. Example: LEV 25:4. 
dinanaihagwautana,,,,,,Freq: 1. Example: LEV 25:9. 
bainehelaḡa,,,,,,Freq: 1. Example: LEV 25:10. 
tabasio,,,,,,Freq: 1. Example: LEV 25:23. 
iabi-lounabaine,,,,,,Freq: 1. Example: LEV 25:26. 
bainebirulaia,,,,,,Freq: 1. Example: LEV 25:28. 
dekemuai,,,,,,Freq: 1. Example: LEV 25:40. 
nohohedoa,,,,,,Freq: 1. Example: LEV 25:47. 
hehoilai,,,,,,Freq: 1. Example: LEV 25:51. 
aido,,,,,,Freq: 1. Example: LEV 26:9. 
henimuitoma,,,,,,Freq: 1. Example: LEV 26:16. 
havaroda-varodamui,,,,,,Freq: 1. Example: LEV 26:16. 
laboralaborana,,,,,,Freq: 1. Example: LEV 26:19. 
hagadoimui,,,,,,Freq: 1. Example: LEV 26:22. 
itatautuna,,,,,,Freq: 1. Example: LEV 26:25. 
benainaimui,,,,,,Freq: 1. Example: LEV 26:25. 
tau-anidiamasedia,,,,,,Freq: 1. Example: LEV 26:30. 
laumaguese,,,,,,Freq: 1. Example: LEV 26:30. 
giḡidia,,,,,,Freq: 1. Example: LEV 26:31. 
noholaiavanegadia,,,,,,Freq: 1. Example: LEV 26:35. 
hadonomui,,,,,,Freq: 1. Example: LEV 26:38. 
laḡa-anibaine,,,,,,Freq: 1. Example: LEV 26:43. 
gabuhelaḡana,,,,,,Freq: 1. Example: LEV 27:3. 
fl,,,,,,Freq: 1. Example: LEV 27:3. 
aogoḡami,,,,,,Freq: 1. Example: LEV 27:8. 
laohaiaha,,,,,,Freq: 1. Example: LEV 27:11. 
homerena,,,,,,Freq: 1. Example: LEV 27:16. 
idudu,,,,,,Freq: 1. Example: NUM 1:5. 
hatodia,,,,,,Freq: 1. Example: NUM 1:17. 
tatudia,,,,,,Freq: 1. Example: NUM 1:28. 
hataruhaia,,,,,,Freq: 1. Example: NUM 1:50. 
laolaolaia,,,,,,Freq: 1. Example: NUM 1:51. 
ha-oda,,,,,,Freq: 1. Example: NUM 1:52. 
taruhaiaheḡeḡe,,,,,,Freq: 1. Example: NUM 1:53. 
dubunana,,,,,,Freq: 1. Example: NUM 1:53. 
haḡana,,,,,,Freq: 1. Example: NUM 1:54. 
pepedia,,,,,,Freq: 1. Example: NUM 2:2. 
suriele,,,,,,Freq: 1. Example: NUM 3:35. 
ikokobona,,,,,,Freq: 1. Example: NUM 3:37. 
taruah,,,,,,Freq: 1. Example: NUM 3:38. 
bakara,,,,,,Freq: 1. Example: NUM 3:46. 
bololaidia,,,,,,Freq: 1. Example: NUM 3:49. 
iahaia,,,,,,Freq: 1. Example: NUM 4:7. 
kavabudia,,,,,,Freq: 1. Example: NUM 4:9. 
latanaiihaboulaina,,,,,,Freq: 1. Example: NUM 4:14. 
gagadia,,,,,,Freq: 1. Example: NUM 4:14. 
kalaganaḡaukaradia,,,,,,Freq: 1. Example: NUM 4:30. 
ihua-ihuamai,,,,,,Freq: 1. Example: NUM 4:31. 
ihahelaikaudia,,,,,,Freq: 1. Example: NUM 4:32. 
duanailai,,,,,,Freq: 1. Example: NUM 4:32. 
ikaradiamai,,,,,,Freq: 1. Example: NUM 4:35. 
heboukalagana,,,,,,Freq: 1. Example: NUM 4:39. 
ḡaukaradiaikaradia,,,,,,Freq: 1. Example: NUM 4:47. 
ediaie,,,,,,Freq: 1. Example: NUM 5:2. 
biona,,,,,,Freq: 1. Example: NUM 5:17. 
toanaai,,,,,,Freq: 1. Example: NUM 5:21. 
baineabia,,,,,,Freq: 1. Example: NUM 6:2. 
iboudiaiia,,,,,,Freq: 1. Example: NUM 6:8. 
mamoemaruanena,,,,,,Freq: 1. Example: NUM 6:12. 
bonamamoe,,,,,,Freq: 1. Example: NUM 6:14. 
nakara-dika,,,,,,Freq: 1. Example: NUM 6:14. 
maruanenata,,,,,,Freq: 1. Example: NUM 6:14. 
hadiarimui,,,,,,Freq: 1. Example: NUM 6:25. 
rumarumadia,,,,,,Freq: 1. Example: NUM 7:3. 
mamaruanena,,,,,,Freq: 1. Example: NUM 7:3. 
sekelehitu-ahui,,,,,,Freq: 1. Example: NUM 7:13. 
na-,,,,,,Freq: 1. Example: NUM 7:21. 
naruanena,,,,,,Freq: 1. Example: NUM 7:27. 
enaherahia,,,,,,Freq: 1. Example: NUM 7:61. 
merekidiata,,,,,,Freq: 1. Example: NUM 7:85. 
kibokibodiata,,,,,,Freq: 1. Example: NUM 7:85. 
ediametau,,,,,,Freq: 1. Example: NUM 7:85. 
bonadiae,,,,,,Freq: 1. Example: NUM 7:86. 
begwauta-rua,,,,,,Freq: 1. Example: NUM 7:87. 
bouboudiaida,,,,,,Freq: 1. Example: NUM 7:87. 
mamarua,,,,,,Freq: 1. Example: NUM 7:88. 
nedia,,,,,,Freq: 1. Example: NUM 7:88. 
tamonaḡaudia,,,,,,Freq: 1. Example: NUM 7:88. 
nahebou,,,,,,Freq: 1. Example: NUM 8:9. 
idurulaida,,,,,,Freq: 1. Example: NUM 8:22. 
ḡaḡaenaai,,,,,,Freq: 1. Example: NUM 9:1. 
korikoriai,,,,,,Freq: 1. Example: NUM 9:2. 
tauria,,,,,,Freq: 1. Example: NUM 9:10. 
dinaihagwauta-hanina,,,,,,Freq: 1. Example: NUM 9:11. 
bonadaba,,,,,,Freq: 1. Example: NUM 9:15. 
ikokina,,,,,,Freq: 1. Example: NUM 10:2. 
tore-isitoana,,,,,,Freq: 1. Example: NUM 10:6. 
hahelaḡadiamai,,,,,,Freq: 1. Example: NUM 10:10. 
hahekerukerudia,,,,,,Freq: 1. Example: NUM 10:34. 
melon,,,,,,Freq: 1. Example: NUM 11:5. 
liki,,,,,,Freq: 1. Example: NUM 11:5. 
onion,,,,,,Freq: 1. Example: NUM 11:5. 
galik,,,,,,Freq: 1. Example: NUM 11:5. 
manemane,,,,,,Freq: 1. Example: NUM 11:8. 
laloḡaraḡara,,,,,,Freq: 1. Example: NUM 11:10. 
lmamu,,,,,,Freq: 1. Example: NUM 11:12. 
henilaidia,,,,,,Freq: 1. Example: NUM 11:12. 
imaumauraina,,,,,,Freq: 1. Example: NUM 12:8. 
miriamae,,,,,,Freq: 1. Example: NUM 12:10. 
rafu,,,,,,Freq: 1. Example: NUM 13:9. 
gadiel,,,,,,Freq: 1. Example: NUM 13:10. 
sodi,,,,,,Freq: 1. Example: NUM 13:10. 
susi,,,,,,Freq: 1. Example: NUM 13:11. 
gemali,,,,,,Freq: 1. Example: NUM 13:12. 
seturu,,,,,,Freq: 1. Example: NUM 13:13. 
nabi,,,,,,Freq: 1. Example: NUM 13:14. 
vopsi,,,,,,Freq: 1. Example: NUM 13:14. 
gevele,,,,,,Freq: 1. Example: NUM 13:15. 
maki,,,,,,Freq: 1. Example: NUM 13:15. 
rimona,,,,,,Freq: 1. Example: NUM 13:23. 
tanoanidia,,,,,,Freq: 1. Example: NUM 13:26. 
gaḡau-babadadia,,,,,,Freq: 1. Example: NUM 13:33. 
nefili,,,,,,Freq: 1. Example: NUM 13:33. 
evara,,,,,,Freq: 1. Example: NUM 13:33. 
taunimanirna,,,,,,Freq: 1. Example: NUM 14:11. 
habuadiatari,,,,,,Freq: 1. Example: NUM 14:12. 
eitadia,,,,,,Freq: 1. Example: NUM 14:22. 
baeiraka,,,,,,Freq: 1. Example: NUM 14:30. 
aiedia,,,,,,Freq: 1. Example: NUM 14:33. 
barnomuimu,,,,,,Freq: 1. Example: NUM 14:42. 
arnalek,,,,,,Freq: 1. Example: NUM 14:45. 
bahalaoa,,,,,,Freq: 1. Example: NUM 15:8. 
baineabi,,,,,,Freq: 1. Example: NUM 15:9. 
baehalaoa,,,,,,Freq: 1. Example: NUM 15:24. 
kara-dikaiabi-ohona,,,,,,Freq: 1. Example: NUM 15:25. 
baineheni,,,,,,Freq: 1. Example: NUM 15:27. 
halebulebu,,,,,,Freq: 1. Example: NUM 15:39. 
onu,,,,,,Freq: 1. Example: NUM 16:1. 
vadao,,,,,,Freq: 1. Example: NUM 16:13. 
maibonadia,,,,,,Freq: 1. Example: NUM 16:35. 
aibaela,,,,,,Freq: 1. Example: NUM 16:38. 
bakaraia,,,,,,Freq: 1. Example: NUM 16:46. 
kalagaana,,,,,,Freq: 1. Example: NUM 16:50. 
imaumauraimu,,,,,,Freq: 1. Example: NUM 17:5. 
aaronena,,,,,,Freq: 1. Example: NUM 17:6. 
kahiramu,,,,,,Freq: 1. Example: NUM 17:13. 
bonanatumu,,,,,,Freq: 1. Example: NUM 18:9. 
ḡautamona,,,,,,Freq: 1. Example: NUM 18:15. 
karoamu,,,,,,Freq: 1. Example: NUM 18:21. 
dikaboubouna,,,,,,Freq: 1. Example: NUM 19:9. 
bainedaua,,,,,,Freq: 1. Example: NUM 19:13. 
dairilaia,,,,,,Freq: 1. Example: NUM 19:13. 
ikaruhidia,,,,,,Freq: 1. Example: NUM 19:15. 
baemase,,,,,,Freq: 1. Example: NUM 20:4. 
rimonona,,,,,,Freq: 1. Example: NUM 20:5. 
ḡaudiaba,,,,,,Freq: 1. Example: NUM 20:8. 
imanae,,,,,,Freq: 1. Example: NUM 20:11. 
atarim,,,,,,Freq: 1. Example: NUM 21:1. 
hebua-tari,,,,,,Freq: 1. Example: NUM 21:3. 
maumauraimu,,,,,,Freq: 1. Example: NUM 21:7. 
raraiatao,,,,,,Freq: 1. Example: NUM 21:9. 
ḡaḡaenana,,,,,,Freq: 1. Example: NUM 21:11. 
tatuha,,,,,,Freq: 1. Example: NUM 21:12. 
wahebe,,,,,,Freq: 1. Example: NUM 21:14. 
sufa,,,,,,Freq: 1. Example: NUM 21:14. 
ege-egedia,,,,,,Freq: 1. Example: NUM 21:15. 
isisibana,,,,,,Freq: 1. Example: NUM 21:27. 
nofa,,,,,,Freq: 1. Example: NUM 21:30. 
amawa,,,,,,Freq: 1. Example: NUM 22:5. 
rugumu,,,,,,Freq: 1. Example: NUM 22:13. 
basinamahabadaia,,,,,,Freq: 1. Example: NUM 22:18. 
iboirimu,,,,,,Freq: 1. Example: NUM 22:20. 
hekahina,,,,,,Freq: 1. Example: NUM 22:24. 
taai,,,,,,Freq: 1. Example: NUM 22:26. 
kiriata-husoto,,,,,,Freq: 1. Example: NUM 22:39. 
balaan,,,,,,Freq: 1. Example: NUM 22:41. 
nadekegu,,,,,,Freq: 1. Example: NUM 23:3. 
sofimi,,,,,,Freq: 1. Example: NUM 23:14. 
gwauriadiamu,,,,,,Freq: 1. Example: NUM 23:26. 
henuidia,,,,,,Freq: 1. Example: NUM 24:1. 
hakapuna,,,,,,Freq: 1. Example: NUM 24:4. 
namonata,,,,,,Freq: 1. Example: NUM 24:13. 
kahirana,,,,,,Freq: 1. Example: NUM 24:17. 
nena,,,,,,Freq: 1. Example: NUM 25:5. 
vaḡeḡena,,,,,,Freq: 1. Example: NUM 25:13. 
punu,,,,,,Freq: 1. Example: NUM 26:23. 
sefufam,,,,,,Freq: 1. Example: NUM 26:39. 
sufam,,,,,,Freq: 1. Example: NUM 26:39. 
iokebed,,,,,,Freq: 1. Example: NUM 26:59. 
iehovavairanai,,,,,,Freq: 1. Example: NUM 26:61. 
bogaragadiai,,,,,,Freq: 1. Example: NUM 27:7. 
rimodaigu,,,,,,Freq: 1. Example: NUM 27:14. 
v,,,,,,Freq: 1. Example: NUM 27:21. 
benaflaoa,,,,,,Freq: 1. Example: NUM 28:5. 
bonaena,,,,,,Freq: 1. Example: NUM 28:10. 
heniatoma,,,,,,Freq: 1. Example: NUM 28:11. 
toibe,,,,,,Freq: 1. Example: NUM 28:12. 
namoḡaudia,,,,,,Freq: 1. Example: NUM 28:13. 
iasie,,,,,,Freq: 1. Example: NUM 28:17. 
bedehoro,,,,,,Freq: 1. Example: NUM 28:20. 
bevaia,,,,,,Freq: 1. Example: NUM 28:23. 
dinaihahituna,,,,,,Freq: 1. Example: NUM 28:25. 
bahahelaḡaia,,,,,,Freq: 1. Example: NUM 28:27. 
herohemaina,,,,,,Freq: 1. Example: NUM 28:30. 
babulo,,,,,,Freq: 1. Example: NUM 29:3. 
helaḡanata,,,,,,Freq: 1. Example: NUM 29:12. 
gwauta-toiosi,,,,,,Freq: 1. Example: NUM 29:14. 
gwauta-haniosi,,,,,,Freq: 1. Example: NUM 29:15. 
natudiamamaruanedia,,,,,,Freq: 1. Example: NUM 29:17. 
baheni,,,,,,Freq: 1. Example: NUM 29:37. 
rdaha-rua,,,,,,Freq: 1. Example: NUM 31:5. 
amovada,,,,,,Freq: 1. Example: NUM 31:14. 
tin,,,,,,Freq: 1. Example: NUM 31:22. 
lead,,,,,,Freq: 1. Example: NUM 31:22. 
bonaorea,,,,,,Freq: 1. Example: NUM 31:26. 
ehididia,,,,,,Freq: 1. Example: NUM 31:42. 
hahalaḡa,,,,,,Freq: 1. Example: NUM 31:54. 
nimra,,,,,,Freq: 1. Example: NUM 32:3. 
sebam,,,,,,Freq: 1. Example: NUM 32:3. 
beon,,,,,,Freq: 1. Example: NUM 32:3. 
atroto-sofan,,,,,,Freq: 1. Example: NUM 32:35. 
bete-haran,,,,,,Freq: 1. Example: NUM 32:36. 
ladadiae,,,,,,Freq: 1. Example: NUM 32:38. 
bonanoba,,,,,,Freq: 1. Example: NUM 32:42. 
sivaraidiae,,,,,,Freq: 1. Example: NUM 33:2. 
hahiroto,,,,,,Freq: 1. Example: NUM 33:8. 
etore,,,,,,Freq: 1. Example: NUM 33:21. 
bene-iakan,,,,,,Freq: 1. Example: NUM 33:31. 
beneiakan,,,,,,Freq: 1. Example: NUM 33:32. 
ladanata,,,,,,Freq: 1. Example: NUM 33:36. 
ororonaai,,,,,,Freq: 1. Example: NUM 33:39. 
ie,,,,,,Freq: 1. Example: NUM 33:45. 
almon-diblataim,,,,,,Freq: 1. Example: NUM 33:46. 
almon,,,,,,Freq: 1. Example: NUM 33:47. 
diblataim,,,,,,Freq: 1. Example: NUM 33:47. 
abele-sitim,,,,,,Freq: 1. Example: NUM 33:49. 
hasara-adara,,,,,,Freq: 1. Example: NUM 34:4. 
sifron,,,,,,Freq: 1. Example: NUM 34:9. 
elidad,,,,,,Freq: 1. Example: NUM 34:21. 
kislon,,,,,,Freq: 1. Example: NUM 34:21. 
iogli,,,,,,Freq: 1. Example: NUM 34:22. 
efod,,,,,,Freq: 1. Example: NUM 34:23. 
siftan,,,,,,Freq: 1. Example: NUM 34:24. 
paranaka,,,,,,Freq: 1. Example: NUM 34:25. 
asan,,,,,,Freq: 1. Example: NUM 34:26. 
selomi,,,,,,Freq: 1. Example: NUM 34:27. 
pedahele,,,,,,Freq: 1. Example: NUM 34:28. 
naediai,,,,,,Freq: 1. Example: NUM 35:6. 
sinaavaina,,,,,,Freq: 1. Example: NUM 35:10. 
hanuatoi,,,,,,Freq: 1. Example: NUM 35:14. 
rohomauri,,,,,,Freq: 1. Example: NUM 35:15. 
tutulaia,,,,,,Freq: 1. Example: NUM 35:17. 
taunabadana,,,,,,Freq: 1. Example: NUM 35:28. 
habubua,,,,,,Freq: 1. Example: NUM 35:33. 
iduhuta,,,,,,Freq: 1. Example: NUM 36:9. 
tofele,,,,,,Freq: 1. Example: DEU 1:1. 
disahab,,,,,,Freq: 1. Example: DEU 1:1. 
iaolao,,,,,,Freq: 1. Example: DEU 1:2. 
bemagwauta-ta,,,,,,Freq: 1. Example: DEU 1:2. 
ihagwauta-tanaena,,,,,,Freq: 1. Example: DEU 1:3. 
haḡanilaimuiva,,,,,,Freq: 1. Example: DEU 1:18. 
dika-hereanaamo,,,,,,Freq: 1. Example: DEU 1:19. 
naamoro,,,,,,Freq: 1. Example: DEU 1:20. 
negeda,,,,,,Freq: 1. Example: DEU 1:27. 
hagarida,,,,,,Freq: 1. Example: DEU 1:28. 
kwakwadogi,,,,,,Freq: 1. Example: DEU 1:28. 
bamomuiva,,,,,,Freq: 1. Example: DEU 2:7. 
sinavainata,,,,,,Freq: 1. Example: DEU 2:14. 
unauru,,,,,,Freq: 1. Example: DEU 2:14. 
samsumim,,,,,,Freq: 1. Example: DEU 2:20. 
nasiaidia,,,,,,Freq: 1. Example: DEU 2:26. 
gwauda,,,,,,Freq: 1. Example: DEU 2:30. 
emabona,,,,,,Freq: 1. Example: DEU 3:14. 
umuidanu,,,,,,Freq: 1. Example: DEU 3:20. 
besetaudia,,,,,,Freq: 1. Example: DEU 3:28. 
amobae,,,,,,Freq: 1. Example: DEU 4:6. 
baekamonai,,,,,,Freq: 1. Example: DEU 4:6. 
ororoamo,,,,,,Freq: 1. Example: DEU 4:11. 
etoredia,,,,,,Freq: 1. Example: DEU 4:13. 
laulauana,,,,,,Freq: 1. Example: DEU 4:25. 
vairarnui,,,,,,Freq: 1. Example: DEU 4:34. 
vairamuiai,,,,,,Freq: 1. Example: DEU 4:38. 
toe,,,,,,Freq: 1. Example: DEU 4:42. 
umuiese,,,,,,Freq: 1. Example: DEU 5:23. 
aramai,,,,,,Freq: 1. Example: DEU 5:25. 
bemalaloa,,,,,,Freq: 1. Example: DEU 5:29. 
arumutanona,,,,,,Freq: 1. Example: DEU 6:3. 
henemui,,,,,,Freq: 1. Example: DEU 6:10. 
haḡanilaida,,,,,,Freq: 1. Example: DEU 6:25. 
hititaudia,,,,,,Freq: 1. Example: DEU 7:1. 
baḡiḡi,,,,,,Freq: 1. Example: DEU 7:5. 
kohikohi,,,,,,Freq: 1. Example: DEU 7:5. 
helaḡadiaba,,,,,,Freq: 1. Example: DEU 7:5. 
hanamomomui,,,,,,Freq: 1. Example: DEU 7:14. 
silver-na,,,,,,Freq: 1. Example: DEU 7:25. 
henibona,,,,,,Freq: 1. Example: DEU 7:25. 
ihamanaumui,,,,,,Freq: 1. Example: DEU 8:2. 
iboudiailalodiai,,,,,,Freq: 1. Example: DEU 8:4. 
tanoena,,,,,,Freq: 1. Example: DEU 8:9. 
tane,,,,,,Freq: 1. Example: DEU 8:16. 
ubumuiva,,,,,,Freq: 1. Example: DEU 8:16. 
bavabilaia,,,,,,Freq: 1. Example: DEU 8:18. 
hari-ahuiororo,,,,,,Freq: 1. Example: DEU 9:9. 
taudiavada,,,,,,Freq: 1. Example: DEU 9:12. 
ruaosina,,,,,,Freq: 1. Example: DEU 9:17. 
nagoru,,,,,,Freq: 1. Example: DEU 9:25. 
daralai,,,,,,Freq: 1. Example: DEU 10:3. 
bene-iaakan,,,,,,Freq: 1. Example: DEU 10:6. 
ranu-guridia,,,,,,Freq: 1. Example: DEU 10:6. 
bonamosera,,,,,,Freq: 1. Example: DEU 10:6. 
noho-hedoatauna,,,,,,Freq: 1. Example: DEU 10:18. 
tanonaai,,,,,,Freq: 1. Example: DEU 10:19. 
ihapariparina,,,,,,Freq: 1. Example: DEU 11:14. 
idauidaudia,,,,,,Freq: 1. Example: DEU 12:6. 
haḡailaimui,,,,,,Freq: 1. Example: DEU 12:11. 
emuiuit,,,,,,Freq: 1. Example: DEU 12:17. 
tohomuimu,,,,,,Freq: 1. Example: DEU 13:3. 
kamonaihenia,,,,,,Freq: 1. Example: DEU 13:8. 
ramamui,,,,,,Freq: 1. Example: DEU 14:1. 
boge,,,,,,Freq: 1. Example: DEU 14:18. 
henimuḡaudia,,,,,,Freq: 1. Example: DEU 14:26. 
rogena,,,,,,Freq: 1. Example: DEU 14:28. 
taunabona,,,,,,Freq: 1. Example: DEU 14:29. 
igwau-taodiavada,,,,,,Freq: 1. Example: DEU 15:2. 
bonarimamu,,,,,,Freq: 1. Example: DEU 15:7. 
ogoḡaminaba,,,,,,Freq: 1. Example: DEU 15:9. 
karaaukana,,,,,,Freq: 1. Example: DEU 15:18. 
adorahiai,,,,,,Freq: 1. Example: DEU 16:6. 
emuhanua,,,,,,Freq: 1. Example: DEU 16:14. 
hakoikoidiamu,,,,,,Freq: 1. Example: DEU 16:19. 
enadika,,,,,,Freq: 1. Example: DEU 17:1. 
eḡerena,,,,,,Freq: 1. Example: DEU 17:11. 
bouboudiabona,,,,,,Freq: 1. Example: DEU 18:1. 
boukana,,,,,,Freq: 1. Example: DEU 18:3. 
ediabese,,,,,,Freq: 1. Example: DEU 18:18. 
holoahuna,,,,,,Freq: 1. Example: DEU 19:14. 
basiehadibamui,,,,,,Freq: 1. Example: DEU 20:18. 
maisinavaina,,,,,,Freq: 1. Example: DEU 21:4. 
benaboma,,,,,,Freq: 1. Example: DEU 21:11. 
ketona,,,,,,Freq: 1. Example: DEU 22:4. 
ihagini-torenaai,,,,,,Freq: 1. Example: DEU 22:4. 
dadariamu,,,,,,Freq: 1. Example: DEU 22:5. 
bonahuahua,,,,,,Freq: 1. Example: DEU 22:9. 
boumurinai,,,,,,Freq: 1. Example: DEU 22:13. 
tahotaholaia,,,,,,Freq: 1. Example: DEU 22:14. 
bonasinana,,,,,,Freq: 1. Example: DEU 22:15. 
baehahedinarai,,,,,,Freq: 1. Example: DEU 22:15. 
papaia,,,,,,Freq: 1. Example: DEU 22:17. 
hanuatau-badadia,,,,,,Freq: 1. Example: DEU 22:18. 
kereredavana,,,,,,Freq: 1. Example: DEU 22:19. 
tamanabae,,,,,,Freq: 1. Example: DEU 22:19. 
ladanavada,,,,,,Freq: 1. Example: DEU 22:19. 
rami-heboutoadia,,,,,,Freq: 1. Example: DEU 22:20. 
enoboudia,,,,,,Freq: 1. Example: DEU 22:22. 
hanualalonai,,,,,,Freq: 1. Example: DEU 22:23. 
bahodoa,,,,,,Freq: 1. Example: DEU 22:24. 
taunabunaiasi,,,,,,Freq: 1. Example: DEU 22:26. 
hanaimui,,,,,,Freq: 1. Example: DEU 23:4. 
iuduguiraimui,,,,,,Freq: 1. Example: DEU 23:5. 
ihamainodia,,,,,,Freq: 1. Example: DEU 23:6. 
kukuri,,,,,,Freq: 1. Example: DEU 23:13. 
hadikaiana,,,,,,Freq: 1. Example: DEU 25:3. 
dekediabainela,,,,,,Freq: 1. Example: DEU 25:7. 
ihagu,,,,,,Freq: 1. Example: DEU 25:7. 
benaena,,,,,,Freq: 1. Example: DEU 25:8. 
veri-oho,,,,,,Freq: 1. Example: DEU 25:10. 
utui,,,,,,Freq: 1. Example: DEU 25:12. 
boerava,,,,,,Freq: 1. Example: DEU 25:18. 
heveriveriva,,,,,,Freq: 1. Example: DEU 25:18. 
kwabu-kwabudiaida,,,,,,Freq: 1. Example: DEU 26:5. 
gadomai,,,,,,Freq: 1. Example: DEU 26:7. 
mae,,,,,,Freq: 1. Example: DEU 26:18. 
ḡaunaamo,,,,,,Freq: 1. Example: DEU 27:2. 
senemuiedia,,,,,,Freq: 1. Example: DEU 27:3. 
bouboudiaba,,,,,,Freq: 1. Example: DEU 27:6. 
uduguriaia,,,,,,Freq: 1. Example: DEU 27:24. 
hanemailaimui,,,,,,Freq: 1. Example: DEU 28:10. 
aibaine,,,,,,Freq: 1. Example: DEU 28:20. 
tau-varoda,,,,,,Freq: 1. Example: DEU 28:22. 
bonakeru,,,,,,Freq: 1. Example: DEU 28:22. 
ḡoudae-ḡoudae,,,,,,Freq: 1. Example: DEU 28:22. 
bonavalavala,,,,,,Freq: 1. Example: DEU 28:22. 
masemui,,,,,,Freq: 1. Example: DEU 28:26. 
kuhikuhi,,,,,,Freq: 1. Example: DEU 28:27. 
hakavamui,,,,,,Freq: 1. Example: DEU 28:28. 
hedarahu,,,,,,Freq: 1. Example: DEU 28:29. 
irudia,,,,,,Freq: 1. Example: DEU 28:32. 
hakavamu,,,,,,Freq: 1. Example: DEU 28:34. 
tuimu,,,,,,Freq: 1. Example: DEU 28:35. 
bahado,,,,,,Freq: 1. Example: DEU 28:39. 
hedahulai,,,,,,Freq: 1. Example: DEU 28:40. 
momoemui,,,,,,Freq: 1. Example: DEU 28:47. 
hitolomui,,,,,,Freq: 1. Example: DEU 28:48. 
ranu-masemui,,,,,,Freq: 1. Example: DEU 28:48. 
badabu,,,,,,Freq: 1. Example: DEU 28:48. 
idiodia,,,,,,Freq: 1. Example: DEU 28:52. 
karabaine,,,,,,Freq: 1. Example: DEU 28:54. 
hamareremu,,,,,,Freq: 1. Example: DEU 28:56. 
gugubamui,,,,,,Freq: 1. Example: DEU 28:60. 
ihahutumamui,,,,,,Freq: 1. Example: DEU 28:63. 
ihamasemui,,,,,,Freq: 1. Example: DEU 28:63. 
idau-idauiboudiai,,,,,,Freq: 1. Example: DEU 28:64. 
mata-itaita,,,,,,Freq: 1. Example: DEU 29:4. 
taia-kamonai,,,,,,Freq: 1. Example: DEU 29:4. 
nado,,,,,,Freq: 1. Example: DEU 29:4. 
nahakaumui,,,,,,Freq: 1. Example: DEU 29:5. 
ranu-ututaudia,,,,,,Freq: 1. Example: DEU 29:11. 
taudiaai,,,,,,Freq: 1. Example: DEU 29:13. 
hahemarumaru,,,,,,Freq: 1. Example: DEU 29:19. 
bogaragidiaie,,,,,,Freq: 1. Example: DEU 30:3. 
hebounegana,,,,,,Freq: 1. Example: DEU 31:11. 
bogadiabae,,,,,,Freq: 1. Example: DEU 31:20. 
dinaai,,,,,,Freq: 1. Example: DEU 31:27. 
eseini,,,,,,Freq: 1. Example: DEU 31:28. 
gesegesena,,,,,,Freq: 1. Example: DEU 32:10. 
dosia,,,,,,Freq: 1. Example: DEU 32:10. 
harohodiamu,,,,,,Freq: 1. Example: DEU 32:11. 
batana,,,,,,Freq: 1. Example: DEU 32:14. 
rumurumu,,,,,,Freq: 1. Example: DEU 32:15. 
ḡaubadabada,,,,,,Freq: 1. Example: DEU 32:15. 
havaḡeḡegu,,,,,,Freq: 1. Example: DEU 32:21. 
havaḡeḡedia,,,,,,Freq: 1. Example: DEU 32:21. 
dobu-hereadia,,,,,,Freq: 1. Example: DEU 32:22. 
doudiamu,,,,,,Freq: 1. Example: DEU 32:22. 
havarodadia,,,,,,Freq: 1. Example: DEU 32:24. 
hekorina,,,,,,Freq: 1. Example: DEU 32:33. 
lalonamo,,,,,,Freq: 1. Example: DEU 33:23. 
sisivamu,,,,,,Freq: 1. Example: DEU 33:29. 
kahan,,,,,,Freq: 1. Example: JOS 1:15. 
haḡanilaimai,,,,,,Freq: 1. Example: JOS 1:16. 
rauamai,,,,,,Freq: 1. Example: JOS 2:13. 
tumai,,,,,,Freq: 1. Example: JOS 2:18. 
ihanaina,,,,,,Freq: 1. Example: JOS 3:14. 
gibeata-haraloto,,,,,,Freq: 1. Example: JOS 5:3. 
tanoml,,,,,,Freq: 1. Example: JOS 5:6. 
tamo,,,,,,Freq: 1. Example: JOS 5:12. 
habouhabou,,,,,,Freq: 1. Example: JOS 6:19. 
haboudiava,,,,,,Freq: 1. Example: JOS 6:24. 
sebarimi,,,,,,Freq: 1. Example: JOS 7:5. 
doḡorona,,,,,,Freq: 1. Example: JOS 7:14. 
hahekwarahimai,,,,,,Freq: 1. Example: JOS 7:25. 
hahekwarahimumu,,,,,,Freq: 1. Example: JOS 7:25. 
senusenua,,,,,,Freq: 1. Example: JOS 7:26. 
havamai,,,,,,Freq: 1. Example: JOS 8:6. 
dobudobuna,,,,,,Freq: 1. Example: JOS 8:11. 
hekeidihona,,,,,,Freq: 1. Example: JOS 8:14. 
lanua,,,,,,Freq: 1. Example: JOS 8:17. 
ihua-pada,,,,,,Freq: 1. Example: JOS 8:22. 
hilrihari,,,,,,Freq: 1. Example: JOS 8:28. 
senusenu,,,,,,Freq: 1. Example: JOS 8:29. 
ihabiulaina,,,,,,Freq: 1. Example: JOS 8:31. 
adoni-sedek,,,,,,Freq: 1. Example: JOS 10:1. 
adonisedek,,,,,,Freq: 1. Example: JOS 10:3. 
hohama,,,,,,Freq: 1. Example: JOS 10:3. 
pirama,,,,,,Freq: 1. Example: JOS 10:3. 
hetaridia,,,,,,Freq: 1. Example: JOS 10:11. 
amasedia,,,,,,Freq: 1. Example: JOS 10:11. 
iasara,,,,,,Freq: 1. Example: JOS 10:13. 
keidia,,,,,,Freq: 1. Example: JOS 10:18. 
horama,,,,,,Freq: 1. Example: JOS 10:33. 
aiadia,,,,,,Freq: 1. Example: JOS 11:20. 
halohiaiava,,,,,,Freq: 1. Example: JOS 12:2. 
halohiadiava,,,,,,Freq: 1. Example: JOS 12:5. 
lasarono,,,,,,Freq: 1. Example: JOS 12:18. 
simrono-meron,,,,,,Freq: 1. Example: JOS 12:20. 
meara,,,,,,Freq: 1. Example: JOS 13:4. 
bete-baal-meono,,,,,,Freq: 1. Example: JOS 13:17. 
seretesahara,,,,,,Freq: 1. Example: JOS 13:19. 
basielia,,,,,,Freq: 1. Example: JOS 13:21. 
deḡoro,,,,,,Freq: 1. Example: JOS 13:23. 
ramata-mispe,,,,,,Freq: 1. Example: JOS 13:26. 
betonimi,,,,,,Freq: 1. Example: JOS 13:26. 
bete-haram,,,,,,Freq: 1. Example: JOS 13:27. 
kadebaranea,,,,,,Freq: 1. Example: JOS 14:6. 
hamanokadiava,,,,,,Freq: 1. Example: JOS 14:8. 
tarika-tarikava,,,,,,Freq: 1. Example: JOS 14:8. 
karaka,,,,,,Freq: 1. Example: JOS 15:3. 
kiriatiearimi,,,,,,Freq: 1. Example: JOS 15:9. 
learimi,,,,,,Freq: 1. Example: JOS 15:10. 
kesalono,,,,,,Freq: 1. Example: JOS 15:10. 
sikerono,,,,,,Freq: 1. Example: JOS 15:11. 
kiriatasefere,,,,,,Freq: 1. Example: JOS 15:15. 
hen,,,,,,Freq: 1. Example: JOS 15:19. 
laguru,,,,,,Freq: 1. Example: JOS 15:21. 
dimona,,,,,,Freq: 1. Example: JOS 15:22. 
adada,,,,,,Freq: 1. Example: JOS 15:22. 
itnan,,,,,,Freq: 1. Example: JOS 15:23. 
hasoro-hadata,,,,,,Freq: 1. Example: JOS 15:25. 
kerioto-hesron,,,,,,Freq: 1. Example: JOS 15:25. 
amama,,,,,,Freq: 1. Example: JOS 15:26. 
hasara-gada,,,,,,Freq: 1. Example: JOS 15:27. 
hesemon,,,,,,Freq: 1. Example: JOS 15:27. 
bisiotia,,,,,,Freq: 1. Example: JOS 15:28. 
imi,,,,,,Freq: 1. Example: JOS 15:29. 
sansana,,,,,,Freq: 1. Example: JOS 15:31. 
lebaoto,,,,,,Freq: 1. Example: JOS 15:32. 
silihim,,,,,,Freq: 1. Example: JOS 15:32. 
enam,,,,,,Freq: 1. Example: JOS 15:34. 
aditaim,,,,,,Freq: 1. Example: JOS 15:36. 
gederotaim,,,,,,Freq: 1. Example: JOS 15:36. 
senan,,,,,,Freq: 1. Example: JOS 15:37. 
migdal-gad,,,,,,Freq: 1. Example: JOS 15:37. 
dilean,,,,,,Freq: 1. Example: JOS 15:38. 
kabon,,,,,,Freq: 1. Example: JOS 15:40. 
lahamam,,,,,,Freq: 1. Example: JOS 15:40. 
kitilisi,,,,,,Freq: 1. Example: JOS 15:40. 
ifta,,,,,,Freq: 1. Example: JOS 15:43. 
nesib,,,,,,Freq: 1. Example: JOS 15:43. 
dana,,,,,,Freq: 1. Example: JOS 15:49. 
kiriata-sana,,,,,,Freq: 1. Example: JOS 15:49. 
estemo,,,,,,Freq: 1. Example: JOS 15:50. 
anim,,,,,,Freq: 1. Example: JOS 15:50. 
esan,,,,,,Freq: 1. Example: JOS 15:52. 
lanim,,,,,,Freq: 1. Example: JOS 15:53. 
bete-tapua,,,,,,Freq: 1. Example: JOS 15:53. 
afeka,,,,,,Freq: 1. Example: JOS 15:53. 
humuta,,,,,,Freq: 1. Example: JOS 15:54. 
sioro,,,,,,Freq: 1. Example: JOS 15:54. 
iokodeam,,,,,,Freq: 1. Example: JOS 15:56. 
halahulu,,,,,,Freq: 1. Example: JOS 15:58. 
maarata,,,,,,Freq: 1. Example: JOS 15:59. 
bet-anoto,,,,,,Freq: 1. Example: JOS 15:59. 
el-tekon,,,,,,Freq: 1. Example: JOS 15:59. 
midin,,,,,,Freq: 1. Example: JOS 15:61. 
sekaka,,,,,,Freq: 1. Example: JOS 15:61. 
nibsan,,,,,,Freq: 1. Example: JOS 15:62. 
taanata-silo,,,,,,Freq: 1. Example: JOS 16:6. 
ianoa,,,,,,Freq: 1. Example: JOS 16:7. 
hetere,,,,,,Freq: 1. Example: JOS 17:2. 
selofehas,,,,,,Freq: 1. Example: JOS 17:3. 
lubuna,,,,,,Freq: 1. Example: JOS 17:3. 
en-tapua,,,,,,Freq: 1. Example: JOS 17:7. 
sega,,,,,,Freq: 1. Example: JOS 17:15. 
geliloto,,,,,,Freq: 1. Example: JOS 18:17. 
emekesi,,,,,,Freq: 1. Example: JOS 18:21. 
para,,,,,,Freq: 1. Example: JOS 18:23. 
kefaramoni,,,,,,Freq: 1. Example: JOS 18:24. 
ofni,,,,,,Freq: 1. Example: JOS 18:24. 
iripele,,,,,,Freq: 1. Example: JOS 18:27. 
tarala,,,,,,Freq: 1. Example: JOS 18:27. 
ha-elaf,,,,,,Freq: 1. Example: JOS 18:28. 
bala,,,,,,Freq: 1. Example: JOS 19:3. 
betulu,,,,,,Freq: 1. Example: JOS 19:4. 
siklaḡ,,,,,,Freq: 1. Example: JOS 19:5. 
hasara-susa,,,,,,Freq: 1. Example: JOS 19:5. 
bete-lebaoto,,,,,,Freq: 1. Example: JOS 19:6. 
saruhene,,,,,,Freq: 1. Example: JOS 19:6. 
baalata-bere,,,,,,Freq: 1. Example: JOS 19:8. 
mareala,,,,,,Freq: 1. Example: JOS 19:11. 
dabesete,,,,,,Freq: 1. Example: JOS 19:11. 
kisloto-taboro,,,,,,Freq: 1. Example: JOS 19:12. 
ete-kasin,,,,,,Freq: 1. Example: JOS 19:13. 
hanaton,,,,,,Freq: 1. Example: JOS 19:14. 
katata,,,,,,Freq: 1. Example: JOS 19:15. 
idala,,,,,,Freq: 1. Example: JOS 19:15. 
kesuloto,,,,,,Freq: 1. Example: JOS 19:18. 
hafaraim,,,,,,Freq: 1. Example: JOS 19:19. 
sion,,,,,,Freq: 1. Example: JOS 19:19. 
anaharata,,,,,,Freq: 1. Example: JOS 19:19. 
rabiti,,,,,,Freq: 1. Example: JOS 19:20. 
ebe,,,,,,Freq: 1. Example: JOS 19:20. 
remete,,,,,,Freq: 1. Example: JOS 19:21. 
en-hada,,,,,,Freq: 1. Example: JOS 19:21. 
bete-pase,,,,,,Freq: 1. Example: JOS 19:21. 
sahasuma,,,,,,Freq: 1. Example: JOS 19:22. 
gwautatauratoi,,,,,,Freq: 1. Example: JOS 19:22. 
hali,,,,,,Freq: 1. Example: JOS 19:25. 
betene,,,,,,Freq: 1. Example: JOS 19:25. 
alamelek,,,,,,Freq: 1. Example: JOS 19:26. 
amad,,,,,,Freq: 1. Example: JOS 19:26. 
sihoro-libnata,,,,,,Freq: 1. Example: JOS 19:26. 
bet-emek,,,,,,Freq: 1. Example: JOS 19:27. 
neiele,,,,,,Freq: 1. Example: JOS 19:27. 
ebron,,,,,,Freq: 1. Example: JOS 19:28. 
mahalab,,,,,,Freq: 1. Example: JOS 19:29. 
umaha,,,,,,Freq: 1. Example: JOS 19:30. 
helef,,,,,,Freq: 1. Example: JOS 19:33. 
saananim,,,,,,Freq: 1. Example: JOS 19:33. 
adaminekeb,,,,,,Freq: 1. Example: JOS 19:33. 
lakumu,,,,,,Freq: 1. Example: JOS 19:33. 
asnoto-taboro,,,,,,Freq: 1. Example: JOS 19:34. 
hukok,,,,,,Freq: 1. Example: JOS 19:34. 
sere,,,,,,Freq: 1. Example: JOS 19:35. 
rakata,,,,,,Freq: 1. Example: JOS 19:35. 
adama,,,,,,Freq: 1. Example: JOS 19:36. 
enhasoro,,,,,,Freq: 1. Example: JOS 19:37. 
irono,,,,,,Freq: 1. Example: JOS 19:38. 
migdalele,,,,,,Freq: 1. Example: JOS 19:38. 
horeme,,,,,,Freq: 1. Example: JOS 19:38. 
bete-seme,,,,,,Freq: 1. Example: JOS 19:38. 
iri-semese,,,,,,Freq: 1. Example: JOS 19:41. 
saalabin,,,,,,Freq: 1. Example: JOS 19:42. 
itla,,,,,,Freq: 1. Example: JOS 19:42. 
lehud,,,,,,Freq: 1. Example: JOS 19:45. 
beneberak,,,,,,Freq: 1. Example: JOS 19:45. 
gatarimon,,,,,,Freq: 1. Example: JOS 19:45. 
meiakon,,,,,,Freq: 1. Example: JOS 19:46. 
rakon,,,,,,Freq: 1. Example: JOS 19:46. 
leseme,,,,,,Freq: 1. Example: JOS 19:47. 
leseme-dan,,,,,,Freq: 1. Example: JOS 19:47. 
ororo-tanodia,,,,,,Freq: 1. Example: JOS 19:50. 
hapididia,,,,,,Freq: 1. Example: JOS 20:3. 
korikon,,,,,,Freq: 1. Example: JOS 20:6. 
ororo-taorana,,,,,,Freq: 1. Example: JOS 20:8. 
alamon,,,,,,Freq: 1. Example: JOS 21:18. 
kibsaim,,,,,,Freq: 1. Example: JOS 21:22. 
be-estera,,,,,,Freq: 1. Example: JOS 21:27. 
enganim,,,,,,Freq: 1. Example: JOS 21:29. 
hamoto-doro,,,,,,Freq: 1. Example: JOS 21:32. 
karatan,,,,,,Freq: 1. Example: JOS 21:32. 
lokoneam,,,,,,Freq: 1. Example: JOS 21:34. 
karata,,,,,,Freq: 1. Example: JOS 21:34. 
dimna,,,,,,Freq: 1. Example: JOS 21:35. 
kohumui,,,,,,Freq: 1. Example: JOS 22:8. 
idaidana,,,,,,Freq: 1. Example: JOS 22:28. 
iarebaia,,,,,,Freq: 1. Example: JOS 22:29. 
ibolidiai,,,,,,Freq: 1. Example: JOS 23:3. 
iluludia,,,,,,Freq: 1. Example: JOS 23:10. 
hosigui,,,,,,Freq: 1. Example: JOS 24:6. 
kamonaimui,,,,,,Freq: 1. Example: JOS 24:14. 
genese,,,,,,Freq: 1. Example: JOS 24:32. 
kitron,,,,,,Freq: 1. Example: JDG 1:30. 
nahalolo,,,,,,Freq: 1. Example: JDG 1:30. 
ako,,,,,,Freq: 1. Example: JDG 1:31. 
alab,,,,,,Freq: 1. Example: JDG 1:31. 
helba,,,,,,Freq: 1. Example: JDG 1:31. 
afik,,,,,,Freq: 1. Example: JDG 1:31. 
idoamui,,,,,,Freq: 1. Example: JDG 2:3. 
timnata-here,,,,,,Freq: 1. Example: JDG 2:9. 
masetanidia,,,,,,Freq: 1. Example: JDG 2:21. 
rakalaiava,,,,,,Freq: 1. Example: JDG 2:22. 
baalheremon,,,,,,Freq: 1. Example: JDG 3:3. 
uhaudia,,,,,,Freq: 1. Example: JDG 3:6. 
aseroto,,,,,,Freq: 1. Example: JDG 3:7. 
kuibit,,,,,,Freq: 1. Example: JDG 3:16. 
nadi-pupudia,,,,,,Freq: 1. Example: JDG 3:19. 
munmuri,,,,,,Freq: 1. Example: JDG 3:19. 
idibala,,,,,,Freq: 1. Example: JDG 3:21. 
tage,,,,,,Freq: 1. Example: JDG 3:22. 
kununa,,,,,,Freq: 1. Example: JDG 3:22. 
nadipupudia,,,,,,Freq: 1. Example: JDG 3:26. 
seira,,,,,,Freq: 1. Example: JDG 3:26. 
ikododia,,,,,,Freq: 1. Example: JDG 3:31. 
lapidoto,,,,,,Freq: 1. Example: JDG 4:4. 
sanamim,,,,,,Freq: 1. Example: JDG 4:11. 
udunadia,,,,,,Freq: 1. Example: JDG 5:10. 
arudia,,,,,,Freq: 1. Example: JDG 5:21. 
kwadiava,,,,,,Freq: 1. Example: JDG 6:11. 
rakua,,,,,,Freq: 1. Example: JDG 6:26. 
ablesere,,,,,,Freq: 1. Example: JDG 6:34. 
liapatali,,,,,,Freq: 1. Example: JDG 6:35. 
lahaiamu,,,,,,Freq: 1. Example: JDG 6:37. 
mutua,,,,,,Freq: 1. Example: JDG 6:38. 
an-o,,,,,,Freq: 1. Example: JDG 7:5. 
kado,,,,,,Freq: 1. Example: JDG 7:6. 
dikeana,,,,,,Freq: 1. Example: JDG 7:13. 
bamoma,,,,,,Freq: 1. Example: JDG 7:14. 
tohotohogu,,,,,,Freq: 1. Example: JDG 7:17. 
hegini-dava,,,,,,Freq: 1. Example: JDG 7:19. 
bete-sita,,,,,,Freq: 1. Example: JDG 7:22. 
serera,,,,,,Freq: 1. Example: JDG 7:22. 
tabata,,,,,,Freq: 1. Example: JDG 7:22. 
hahegereḡeredia,,,,,,Freq: 1. Example: JDG 8:2. 
noilaidia,,,,,,Freq: 1. Example: JDG 8:8. 
karakoro,,,,,,Freq: 1. Example: JDG 8:10. 
ida-idamu,,,,,,Freq: 1. Example: JDG 8:18. 
avalamai,,,,,,Freq: 1. Example: JDG 8:21. 
mairidia,,,,,,Freq: 1. Example: JDG 8:21. 
hadina,,,,,,Freq: 1. Example: JDG 8:24. 
moalemai,,,,,,Freq: 1. Example: JDG 8:25. 
natu-adoradia,,,,,,Freq: 1. Example: JDG 8:30. 
baalberiti,,,,,,Freq: 1. Example: JDG 8:33. 
baal-beriti,,,,,,Freq: 1. Example: JDG 9:4. 
hituahui-osi,,,,,,Freq: 1. Example: JDG 9:5. 
osi,,,,,,Freq: 1. Example: JDG 9:18. 
abimalek,,,,,,Freq: 1. Example: JDG 9:18. 
aramui,,,,,,Freq: 1. Example: JDG 9:20. 
taolai,,,,,,Freq: 1. Example: JDG 9:27. 
lerubu-baal,,,,,,Freq: 1. Example: JDG 9:28. 
itaitadia,,,,,,Freq: 1. Example: JDG 9:36. 
el-beriti,,,,,,Freq: 1. Example: JDG 9:46. 
kamon,,,,,,Freq: 1. Example: JDG 10:5. 
lefeta,,,,,,Freq: 1. Example: JDG 11:10. 
londane,,,,,,Freq: 1. Example: JDG 11:22. 
leieta,,,,,,Freq: 1. Example: JDG 11:29. 
kwalimugu,,,,,,Freq: 1. Example: JDG 11:31. 
miniti,,,,,,Freq: 1. Example: JDG 11:33. 
abele-keramim,,,,,,Freq: 1. Example: JDG 11:33. 
rami-hebougu,,,,,,Freq: 1. Example: JDG 11:37. 
shibboleth,,,,,,Freq: 1. Example: JDG 12:6. 
sibboleth,,,,,,Freq: 1. Example: JDG 12:6. 
daha-ma,,,,,,Freq: 1. Example: JDG 12:6. 
nasin,,,,,,Freq: 1. Example: JDG 13:5. 
iala-maseda,,,,,,Freq: 1. Example: JDG 13:23. 
iheai-henidia,,,,,,Freq: 1. Example: JDG 14:4. 
lalodikava,,,,,,Freq: 1. Example: JDG 14:7. 
pipitaia,,,,,,Freq: 1. Example: JDG 14:9. 
iha-ogogamimai,,,,,,Freq: 1. Example: JDG 14:15. 
auki-turiana,,,,,,Freq: 1. Example: JDG 15:17. 
soreke,,,,,,Freq: 1. Example: JDG 16:4. 
hamanadamu,,,,,,Freq: 1. Example: JDG 16:6. 
haurahaurana,,,,,,Freq: 1. Example: JDG 16:9. 
guigu,,,,,,Freq: 1. Example: JDG 16:11. 
hatuamu,,,,,,Freq: 1. Example: JDG 16:13. 
hauraia,,,,,,Freq: 1. Example: JDG 16:19. 
gibo,,,,,,Freq: 1. Example: JDG 16:21. 
giroava,,,,,,Freq: 1. Example: JDG 16:21. 
ikirikirilaina,,,,,,Freq: 1. Example: JDG 16:27. 
iḡaukaralaiana,,,,,,Freq: 1. Example: JDG 17:4. 
sinahutauratoiosi,,,,,,Freq: 1. Example: JDG 18:17. 
laulauna-e,,,,,,Freq: 1. Example: JDG 18:18. 
badu-haraḡa,,,,,,Freq: 1. Example: JDG 18:25. 
raivaraivava,,,,,,Freq: 1. Example: JDG 18:27. 
laioava,,,,,,Freq: 1. Example: JDG 18:27. 
donih,,,,,,Freq: 1. Example: JDG 19:10. 
helai-kau,,,,,,Freq: 1. Example: JDG 19:10. 
botabotaia,,,,,,Freq: 1. Example: JDG 19:22. 
talau,,,,,,Freq: 1. Example: JDG 20:2. 
ima-lauri,,,,,,Freq: 1. Example: JDG 20:16. 
baal-tamara,,,,,,Freq: 1. Example: JDG 20:33. 
gidomo,,,,,,Freq: 1. Example: JDG 20:45. 
baiato,,,,,,Freq: 1. Example: JDG 21:22. 
haḡeregumu,,,,,,Freq: 1. Example: RUT 2:10. 
balina,,,,,,Freq: 1. Example: RUT 2:14. 
tapoamu,,,,,,Freq: 1. Example: RUT 3:2. 
gwadagwada,,,,,,Freq: 1. Example: RUT 3:3. 
gwaduna,,,,,,Freq: 1. Example: RUT 3:7. 
tarugu,,,,,,Freq: 1. Example: RUT 3:9. 
kara-namo,,,,,,Freq: 1. Example: RUT 3:11. 
dokiamu,,,,,,Freq: 1. Example: RUT 3:15. 
iloia,,,,,,Freq: 1. Example: RUT 4:4. 
ramataim-sofimi,,,,,,Freq: 1. Example: 1SA 1:1. 
tae,,,,,,Freq: 1. Example: 1SA 1:1. 
bonase,,,,,,Freq: 1. Example: 1SA 1:7. 
marere-marereva,,,,,,Freq: 1. Example: 1SA 1:13. 
kekeromuramurana,,,,,,Freq: 1. Example: 1SA 1:15. 
topoanege,,,,,,Freq: 1. Example: 1SA 1:23. 
hahetohodiamu,,,,,,Freq: 1. Example: 1SA 2:3. 
hahelaidiamu,,,,,,Freq: 1. Example: 1SA 2:8. 
henidiarnu,,,,,,Freq: 1. Example: 1SA 2:8. 
harahurahu,,,,,,Freq: 1. Example: 1SA 2:10. 
naduava,,,,,,Freq: 1. Example: 1SA 2:13. 
oburo,,,,,,Freq: 1. Example: 1SA 2:14. 
kodoa,,,,,,Freq: 1. Example: 1SA 2:14. 
kodo,,,,,,Freq: 1. Example: 1SA 2:14. 
hadokia,,,,,,Freq: 1. Example: 1SA 2:28. 
hakunulaimu,,,,,,Freq: 1. Example: 1SA 2:29. 
bonaia,,,,,,Freq: 1. Example: 1SA 2:35. 
hereahia,,,,,,Freq: 1. Example: 1SA 3:14. 
eseisrael,,,,,,Freq: 1. Example: 1SA 4:2. 
hatarurea,,,,,,Freq: 1. Example: 1SA 4:5. 
hegedu,,,,,,Freq: 1. Example: 1SA 4:18. 
benahegwaroto,,,,,,Freq: 1. Example: 1SA 4:20. 
tau-aninamo,,,,,,Freq: 1. Example: 1SA 5:4. 
ialada,,,,,,Freq: 1. Example: 1SA 5:10. 
bavabihaidia,,,,,,Freq: 1. Example: 1SA 6:7. 
gududia,,,,,,Freq: 1. Example: 1SA 6:11. 
losua,,,,,,Freq: 1. Example: 1SA 6:14. 
ealadia,,,,,,Freq: 1. Example: 1SA 6:19. 
baalona,,,,,,Freq: 1. Example: 1SA 7:4. 
inoi-henina,,,,,,Freq: 1. Example: 1SA 7:8. 
daidaibasio,,,,,,Freq: 1. Example: 1SA 7:8. 
rata-inuna,,,,,,Freq: 1. Example: 1SA 7:9. 
taihenia,,,,,,Freq: 1. Example: 1SA 7:9. 
bete-kara,,,,,,Freq: 1. Example: 1SA 7:11. 
arnoro,,,,,,Freq: 1. Example: 1SA 7:14. 
gunalairnai,,,,,,Freq: 1. Example: 1SA 8:20. 
afia,,,,,,Freq: 1. Example: 1SA 9:1. 
malaḡana,,,,,,Freq: 1. Example: 1SA 9:2. 
salisa,,,,,,Freq: 1. Example: 1SA 9:4. 
saalim,,,,,,Freq: 1. Example: 1SA 9:4. 
sekelena,,,,,,Freq: 1. Example: 1SA 9:8. 
rakaguna,,,,,,Freq: 1. Example: 1SA 9:19. 
iboudiaibaina,,,,,,Freq: 1. Example: 1SA 9:19. 
uralaimu,,,,,,Freq: 1. Example: 1SA 9:20. 
maraḡi-hereana,,,,,,Freq: 1. Example: 1SA 9:21. 
egudogoro,,,,,,Freq: 1. Example: 1SA 9:21. 
hako,,,,,,Freq: 1. Example: 1SA 9:24. 
baribarana,,,,,,Freq: 1. Example: 1SA 9:24. 
selesa,,,,,,Freq: 1. Example: 1SA 10:2. 
hakerehaia,,,,,,Freq: 1. Example: 1SA 10:9. 
tama-lahaina,,,,,,Freq: 1. Example: 1SA 10:16. 
hahisimuiva,,,,,,Freq: 1. Example: 1SA 10:18. 
gibodia,,,,,,Freq: 1. Example: 1SA 11:2. 
halohiada,,,,,,Freq: 1. Example: 1SA 11:12. 
habadegu,,,,,,Freq: 1. Example: 1SA 12:3. 
ihakepululaina,,,,,,Freq: 1. Example: 1SA 12:3. 
samuele,,,,,,Freq: 1. Example: 1SA 12:11. 
hamaurimuiva,,,,,,Freq: 1. Example: 1SA 12:11. 
halohiamuimu,,,,,,Freq: 1. Example: 1SA 12:14. 
bonamedu,,,,,,Freq: 1. Example: 1SA 12:17. 
bibimui,,,,,,Freq: 1. Example: 1SA 12:25. 
nalalodia,,,,,,Freq: 1. Example: 1SA 13:6. 
matamava,,,,,,Freq: 1. Example: 1SA 13:8. 
bouboudiana,,,,,,Freq: 1. Example: 1SA 13:9. 
karohomu,,,,,,Freq: 1. Example: 1SA 13:11. 
soma,,,,,,Freq: 1. Example: 1SA 13:11. 
natano,,,,,,Freq: 1. Example: 1SA 13:18. 
iseḡedia,,,,,,Freq: 1. Example: 1SA 13:20. 
iseḡelaidia,,,,,,Freq: 1. Example: 1SA 13:21. 
tanohetoana,,,,,,Freq: 1. Example: 1SA 14:2. 
sinahu-tauratoisisivana,,,,,,Freq: 1. Example: 1SA 14:2. 
rakaiahanai,,,,,,Freq: 1. Example: 1SA 14:4. 
makanana,,,,,,Freq: 1. Example: 1SA 14:4. 
bose,,,,,,Freq: 1. Example: 1SA 14:4. 
enakesi,,,,,,Freq: 1. Example: 1SA 14:14. 
loalaiava,,,,,,Freq: 1. Example: 1SA 14:18. 
hetuturuva,,,,,,Freq: 1. Example: 1SA 14:26. 
telaimi,,,,,,Freq: 1. Example: 1SA 15:4. 
namo-hereadiabona,,,,,,Freq: 1. Example: 1SA 15:15. 
taia-kirara,,,,,,Freq: 1. Example: 1SA 15:22. 
dadaraiadainai,,,,,,Freq: 1. Example: 1SA 15:23. 
hereamumu,,,,,,Freq: 1. Example: 1SA 15:28. 
enaidita,,,,,,Freq: 1. Example: 1SA 15:32. 
kudou-hetahadiaida,,,,,,Freq: 1. Example: 1SA 16:4. 
efese-damim,,,,,,Freq: 1. Example: 1SA 17:1. 
hahedokinaena,,,,,,Freq: 1. Example: 1SA 17:5. 
vaḡivaḡidiana,,,,,,Freq: 1. Example: 1SA 17:6. 
namurinai,,,,,,Freq: 1. Example: 1SA 17:6. 
hatuhatu,,,,,,Freq: 1. Example: 1SA 17:7. 
isiaimai,,,,,,Freq: 1. Example: 1SA 17:9. 
honeva,,,,,,Freq: 1. Example: 1SA 17:20. 
ihare-henina,,,,,,Freq: 1. Example: 1SA 17:25. 
hataḡaia,,,,,,Freq: 1. Example: 1SA 17:25. 
herevanae,,,,,,Freq: 1. Example: 1SA 17:28. 
eabidia,,,,,,Freq: 1. Example: 1SA 17:40. 
mamoe-reḡu,,,,,,Freq: 1. Example: 1SA 17:40. 
ihahekwakwalaina,,,,,,Freq: 1. Example: 1SA 18:21. 
pavapavaese,,,,,,Freq: 1. Example: 1SA 18:25. 
seku,,,,,,Freq: 1. Example: 1SA 19:22. 
lasihigu,,,,,,Freq: 1. Example: 1SA 20:6. 
esele,,,,,,Freq: 1. Example: 1SA 20:19. 
inikahamu,,,,,,Freq: 1. Example: 1SA 20:21. 
ohenai,,,,,,Freq: 1. Example: 1SA 20:25. 
nao,,,,,,Freq: 1. Example: 1SA 20:30. 
ha-aukaiadavid,,,,,,Freq: 1. Example: 1SA 20:33. 
garagu,,,,,,Freq: 1. Example: 1SA 20:42. 
harnaoroa,,,,,,Freq: 1. Example: 1SA 21:2. 
abiaoho,,,,,,Freq: 1. Example: 1SA 21:6. 
hekumi,,,,,,Freq: 1. Example: 1SA 21:9. 
hadailaidia,,,,,,Freq: 1. Example: 1SA 21:12. 
ha-idauaidia,,,,,,Freq: 1. Example: 1SA 21:13. 
kakasi,,,,,,Freq: 1. Example: 1SA 21:13. 
tabana,,,,,,Freq: 1. Example: 1SA 21:13. 
herete,,,,,,Freq: 1. Example: 1SA 22:5. 
helalolaigu,,,,,,Freq: 1. Example: 1SA 22:15. 
helalolaimai,,,,,,Freq: 1. Example: 1SA 22:15. 
irnana,,,,,,Freq: 1. Example: 1SA 23:14. 
tarnagu,,,,,,Freq: 1. Example: 1SA 23:17. 
davarirnu,,,,,,Freq: 1. Example: 1SA 23:17. 
oreataudia,,,,,,Freq: 1. Example: 1SA 23:26. 
engedi,,,,,,Freq: 1. Example: 1SA 23:29. 
namamoe,,,,,,Freq: 1. Example: 1SA 24:3. 
gunigunina,,,,,,Freq: 1. Example: 1SA 24:3. 
hadavalai,,,,,,Freq: 1. Example: 1SA 24:17. 
komu-namo,,,,,,Freq: 1. Example: 1SA 24:22. 
gabamui,,,,,,Freq: 1. Example: 1SA 25:13. 
maḡumai,,,,,,Freq: 1. Example: 1SA 25:16. 
uiti,,,,,,Freq: 1. Example: 1SA 25:18. 
helavahuna,,,,,,Freq: 1. Example: 1SA 25:20. 
nahanamomumu,,,,,,Freq: 1. Example: 1SA 25:33. 
adavaiatotona,,,,,,Freq: 1. Example: 1SA 25:39. 
iaitahuna,,,,,,Freq: 1. Example: 1SA 26:3. 
ha-aukaiaegu,,,,,,Freq: 1. Example: 1SA 26:19. 
hagereamu,,,,,,Freq: 1. Example: 1SA 26:20. 
maoko,,,,,,Freq: 1. Example: 1SA 27:2. 
girisi,,,,,,Freq: 1. Example: 1SA 27:8. 
henanadaiva,,,,,,Freq: 1. Example: 1SA 27:10. 
haereva,,,,,,Freq: 1. Example: 1SA 27:10. 
ihamasegu,,,,,,Freq: 1. Example: 1SA 28:9. 
burukanata,,,,,,Freq: 1. Example: 1SA 28:14. 
hadaegu,,,,,,Freq: 1. Example: 1SA 28:15. 
taunadanu,,,,,,Freq: 1. Example: 1SA 28:20. 
alaiaharaga,,,,,,Freq: 1. Example: 1SA 28:24. 
bamomuva,,,,,,Freq: 1. Example: 1SA 29:10. 
ihodona,,,,,,Freq: 1. Example: 1SA 30:6. 
abi-maun,,,,,,Freq: 1. Example: 1SA 30:8. 
aeregabe,,,,,,Freq: 1. Example: 1SA 30:17. 
tau-manori,,,,,,Freq: 1. Example: 1SA 30:21. 
murinaiasie,,,,,,Freq: 1. Example: 1SA 30:21. 
sifimoto,,,,,,Freq: 1. Example: 1SA 30:28. 
rakala,,,,,,Freq: 1. Example: 1SA 30:29. 
borasana,,,,,,Freq: 1. Example: 1SA 30:30. 
ataka,,,,,,Freq: 1. Example: 1SA 30:30. 
dabaridia,,,,,,Freq: 1. Example: 1SA 31:8. 
rtnona,,,,,,Freq: 1. Example: 1SA 31:9. 
hagabudia,,,,,,Freq: 1. Example: 1SA 31:12. 
vagava,,,,,,Freq: 1. Example: 2SA 1:12. 
lasara,,,,,,Freq: 1. Example: 2SA 1:18. 
ororomui,,,,,,Freq: 1. Example: 2SA 1:21. 
animui,,,,,,Freq: 1. Example: 2SA 1:21. 
ḡahuḡala,,,,,,Freq: 1. Example: 2SA 1:21. 
lalokaudia,,,,,,Freq: 1. Example: 2SA 1:23. 
raho-namodia,,,,,,Freq: 1. Example: 2SA 1:23. 
hadokilaimuiva,,,,,,Freq: 1. Example: 2SA 1:24. 
l-enigu,,,,,,Freq: 1. Example: 2SA 1:26. 
ilalokau-henidia,,,,,,Freq: 1. Example: 2SA 1:26. 
dagae,,,,,,Freq: 1. Example: 2SA 2:16. 
helkatahasurim,,,,,,Freq: 1. Example: 2SA 2:16. 
helekata-hasurim,,,,,,Freq: 1. Example: 2SA 2:16. 
gia,,,,,,Freq: 1. Example: 2SA 2:24. 
kilea,,,,,,Freq: 1. Example: 2SA 3:3. 
herohemalno,,,,,,Freq: 1. Example: 2SA 3:5. 
habadegumu,,,,,,Freq: 1. Example: 2SA 3:8. 
ikoimu,,,,,,Freq: 1. Example: 2SA 3:25. 
siragohugohuna,,,,,,Freq: 1. Example: 2SA 3:26. 
enobougorerena,,,,,,Freq: 1. Example: 2SA 3:29. 
haulua,,,,,,Freq: 1. Example: 2SA 3:33. 
baineme,,,,,,Freq: 1. Example: 2SA 3:33. 
hanhan,,,,,,Freq: 1. Example: 2SA 4:3. 
lohiadava,,,,,,Freq: 1. Example: 2SA 5:2. 
ae-hedairie,,,,,,Freq: 1. Example: 2SA 5:6. 
nadi-koro,,,,,,Freq: 1. Example: 2SA 5:11. 
baale-iuda,,,,,,Freq: 1. Example: 2SA 6:2. 
bota-bota,,,,,,Freq: 1. Example: 2SA 6:5. 
nakono,,,,,,Freq: 1. Example: 2SA 6:6. 
heḡana,,,,,,Freq: 1. Example: 2SA 6:11. 
daralaia,,,,,,Freq: 1. Example: 2SA 6:11. 
roho-isi,,,,,,Freq: 1. Example: 2SA 6:16. 
roho-isiva,,,,,,Freq: 1. Example: 2SA 6:16. 
heruharuha,,,,,,Freq: 1. Example: 2SA 6:20. 
tau-kavakava,,,,,,Freq: 1. Example: 2SA 6:20. 
heruherahamu,,,,,,Freq: 1. Example: 2SA 6:20. 
dahakadainai,,,,,,Freq: 1. Example: 2SA 7:7. 
hanainanai,,,,,,Freq: 1. Example: 2SA 7:16. 
metegama,,,,,,Freq: 1. Example: 2SA 8:1. 
beta,,,,,,Freq: 1. Example: 2SA 8:8. 
berotai,,,,,,Freq: 1. Example: 2SA 8:8. 
lehosafat,,,,,,Freq: 1. Example: 2SA 8:16. 
arniele,,,,,,Freq: 1. Example: 2SA 9:4. 
makin,,,,,,Freq: 1. Example: 2SA 9:5. 
meribosel,,,,,,Freq: 1. Example: 2SA 9:6. 
idunu,,,,,,Freq: 1. Example: 2SA 9:9. 
loaia,,,,,,Freq: 1. Example: 2SA 10:3. 
hagaeḡae,,,,,,Freq: 1. Example: 2SA 10:8. 
boindia,,,,,,Freq: 1. Example: 2SA 10:16. 
diguva,,,,,,Freq: 1. Example: 2SA 11:2. 
haheḡoevava,,,,,,Freq: 1. Example: 2SA 11:4. 
sola,,,,,,Freq: 1. Example: 2SA 11:10. 
ierubeset,,,,,,Freq: 1. Example: 2SA 11:21. 
ituan-henina,,,,,,Freq: 1. Example: 2SA 11:25. 
ledidia,,,,,,Freq: 1. Example: 2SA 12:25. 
iedidia,,,,,,Freq: 1. Example: 2SA 12:25. 
lalonal,,,,,,Freq: 1. Example: 2SA 12:30. 
hegui-heḡui,,,,,,Freq: 1. Example: 2SA 13:3. 
medemu,,,,,,Freq: 1. Example: 2SA 13:4. 
heihi-ihiraina,,,,,,Freq: 1. Example: 2SA 13:15. 
heḡahusina,,,,,,Freq: 1. Example: 2SA 13:15. 
lulugumu,,,,,,Freq: 1. Example: 2SA 13:16. 
hadabuadia,,,,,,Freq: 1. Example: 2SA 13:18. 
ima-lata,,,,,,Freq: 1. Example: 2SA 13:19. 
iolololona,,,,,,Freq: 1. Example: 2SA 13:19. 
dara-dokona,,,,,,Freq: 1. Example: 2SA 13:20. 
baal-hasoro,,,,,,Freq: 1. Example: 2SA 13:23. 
lalo-hisina,,,,,,Freq: 1. Example: 2SA 13:39. 
taula,,,,,,Freq: 1. Example: 2SA 14:2. 
murimuria,,,,,,Freq: 1. Example: 2SA 14:14. 
hamauna,,,,,,Freq: 1. Example: 2SA 14:16. 
mornokani,,,,,,Freq: 1. Example: 2SA 14:19. 
iaḡani,,,,,,Freq: 1. Example: 2SA 14:28. 
haragava,,,,,,Freq: 1. Example: 2SA 15:2. 
unai,,,,,,Freq: 1. Example: 2SA 15:2. 
rna,,,,,,Freq: 1. Example: 2SA 15:4. 
henilaia,,,,,,Freq: 1. Example: 2SA 15:7. 
lalo-goevaḡoevadia,,,,,,Freq: 1. Example: 2SA 15:11. 
uduguiraimumu,,,,,,Freq: 1. Example: 2SA 16:9. 
heuduguiraimu,,,,,,Freq: 1. Example: 2SA 16:10. 
boboera,,,,,,Freq: 1. Example: 2SA 16:14. 
gvvaurai,,,,,,Freq: 1. Example: 2SA 16:20. 
lalo-hadaina,,,,,,Freq: 1. Example: 2SA 17:7. 
harihan,,,,,,Freq: 1. Example: 2SA 17:9. 
iauegu,,,,,,Freq: 1. Example: 2SA 17:15. 
bamoarnu,,,,,,Freq: 1. Example: 2SA 17:16. 
itira,,,,,,Freq: 1. Example: 2SA 17:25. 
sobi,,,,,,Freq: 1. Example: 2SA 17:27. 
lentils,,,,,,Freq: 1. Example: 2SA 17:28. 
butter,,,,,,Freq: 1. Example: 2SA 17:29. 
giti,,,,,,Freq: 1. Example: 2SA 18:2. 
gadoina,,,,,,Freq: 1. Example: 2SA 18:8. 
veriveri,,,,,,Freq: 1. Example: 2SA 18:9. 
absalombe,,,,,,Freq: 1. Example: 2SA 18:29. 
daekauna,,,,,,Freq: 1. Example: 2SA 18:33. 
hanhari,,,,,,Freq: 1. Example: 2SA 19:7. 
hedoria,,,,,,Freq: 1. Example: 2SA 19:9. 
masemaseva,,,,,,Freq: 1. Example: 2SA 19:9. 
kaui,,,,,,Freq: 1. Example: 2SA 19:11. 
rou,,,,,,Freq: 1. Example: 2SA 19:17. 
ihedavan-henina,,,,,,Freq: 1. Example: 2SA 19:24. 
haḡoevadiava,,,,,,Freq: 1. Example: 2SA 19:24. 
huridiava,,,,,,Freq: 1. Example: 2SA 19:24. 
damal,,,,,,Freq: 1. Example: 2SA 19:25. 
ubuava,,,,,,Freq: 1. Example: 2SA 19:32. 
dadihaimai,,,,,,Freq: 1. Example: 2SA 19:41. 
magudia,,,,,,Freq: 1. Example: 2SA 20:6. 
hahekwarahida,,,,,,Freq: 1. Example: 2SA 20:6. 
nadi-bada,,,,,,Freq: 1. Example: 2SA 20:8. 
iḡiḡi-dobina,,,,,,Freq: 1. Example: 2SA 20:15. 
gugu,,,,,,Freq: 1. Example: 2SA 20:15. 
hadikamaiva,,,,,,Freq: 1. Example: 2SA 21:5. 
ihabua-tarimai,,,,,,Freq: 1. Example: 2SA 21:5. 
aramoni,,,,,,Freq: 1. Example: 2SA 21:8. 
nadi-haga,,,,,,Freq: 1. Example: 2SA 21:10. 
alno,,,,,,Freq: 1. Example: 2SA 21:12. 
isibibenob,,,,,,Freq: 1. Example: 2SA 21:16. 
safa,,,,,,Freq: 1. Example: 2SA 21:18. 
iaare-oregimi,,,,,,Freq: 1. Example: 2SA 21:19. 
cata,,,,,,Freq: 1. Example: 2SA 21:22. 
oriorina,,,,,,Freq: 1. Example: 2SA 23:4. 
loseb-basebete,,,,,,Freq: 1. Example: 2SA 23:8. 
takemono,,,,,,Freq: 1. Example: 2SA 23:8. 
age,,,,,,Freq: 1. Example: 2SA 23:11. 
refairn,,,,,,Freq: 1. Example: 2SA 23:13. 
hegereḡere,,,,,,Freq: 1. Example: 2SA 23:16. 
elika,,,,,,Freq: 1. Example: 2SA 23:25. 
mebunai,,,,,,Freq: 1. Example: 2SA 23:27. 
helebe,,,,,,Freq: 1. Example: 2SA 23:29. 
hidai,,,,,,Freq: 1. Example: 2SA 23:30. 
abialabono,,,,,,Freq: 1. Example: 2SA 23:31. 
lasene,,,,,,Freq: 1. Example: 2SA 23:32. 
sarara,,,,,,Freq: 1. Example: 2SA 23:33. 
ahasabai,,,,,,Freq: 1. Example: 2SA 23:34. 
paarai,,,,,,Freq: 1. Example: 2SA 23:35. 
henirnumu,,,,,,Freq: 1. Example: 2SA 24:12. 
siahua,,,,,,Freq: 1. Example: 1KI 1:1. 
palana,,,,,,Freq: 1. Example: 1KI 1:19. 
ihahenamohenina,,,,,,Freq: 1. Example: 1KI 1:47. 
doḡadoḡa,,,,,,Freq: 1. Example: 1KI 2:2. 
hadediba,,,,,,Freq: 1. Example: 1KI 2:3. 
hagwauhamatamu,,,,,,Freq: 1. Example: 1KI 2:42. 
haheganina,,,,,,Freq: 1. Example: 1KI 2:43. 
gabudiava,,,,,,Freq: 1. Example: 1KI 3:3. 
enoa,,,,,,Freq: 1. Example: 1KI 3:19. 
mahutagu,,,,,,Freq: 1. Example: 1KI 3:20. 
elihorefe,,,,,,Freq: 1. Example: 1KI 4:3. 
sabud,,,,,,Freq: 1. Example: 1KI 4:5. 
ahisara,,,,,,Freq: 1. Example: 1KI 4:6. 
ben-huru,,,,,,Freq: 1. Example: 1KI 4:8. 
ben-dekere,,,,,,Freq: 1. Example: 1KI 4:9. 
maka,,,,,,Freq: 1. Example: 1KI 4:9. 
elono-bete-hanana,,,,,,Freq: 1. Example: 1KI 4:9. 
ben-hesed,,,,,,Freq: 1. Example: 1KI 4:10. 
aruboto,,,,,,Freq: 1. Example: 1KI 4:10. 
ben-abinadab,,,,,,Freq: 1. Example: 1KI 4:11. 
tafata,,,,,,Freq: 1. Example: 1KI 4:11. 
lokomeama,,,,,,Freq: 1. Example: 1KI 4:12. 
ben-gebere,,,,,,Freq: 1. Example: 1KI 4:13. 
ahinadab,,,,,,Freq: 1. Example: 1KI 4:14. 
parua,,,,,,Freq: 1. Example: 1KI 4:17. 
gebere,,,,,,Freq: 1. Example: 1KI 4:19. 
mia-kurona,,,,,,Freq: 1. Example: 1KI 4:22. 
tifsa,,,,,,Freq: 1. Example: 1KI 4:24. 
hadabudiava,,,,,,Freq: 1. Example: 1KI 4:27. 
esraha,,,,,,Freq: 1. Example: 1KI 4:31. 
maholo,,,,,,Freq: 1. Example: 1KI 4:31. 
nadi-maḡudia,,,,,,Freq: 1. Example: 1KI 4:33. 
gereburua,,,,,,Freq: 1. Example: 1KI 5:11. 
ninidia,,,,,,Freq: 1. Example: 1KI 5:17. 
rumahagini,,,,,,Freq: 1. Example: 1KI 5:18. 
feet,,,,,,Freq: 1. Example: 1KI 6:2. 
nadi-ḡei,,,,,,Freq: 1. Example: 1KI 6:7. 
law,,,,,,Freq: 1. Example: 1KI 6:7. 
ere-ta,,,,,,Freq: 1. Example: 1KI 6:10. 
siriua,,,,,,Freq: 1. Example: 1KI 6:10. 
lalo-ikoudia,,,,,,Freq: 1. Example: 1KI 6:15. 
seroa,,,,,,Freq: 1. Example: 1KI 6:21. 
ikoro,,,,,,Freq: 1. Example: 1KI 6:32. 
ha-ahudia,,,,,,Freq: 1. Example: 1KI 6:32. 
bulu,,,,,,Freq: 1. Example: 1KI 6:38. 
lalohadailaiva,,,,,,Freq: 1. Example: 1KI 6:38. 
ḡoevagoeva,,,,,,Freq: 1. Example: 1KI 7:9. 
reke-dae,,,,,,Freq: 1. Example: 1KI 7:17. 
moḡedia,,,,,,Freq: 1. Example: 1KI 7:17. 
ilahasi,,,,,,Freq: 1. Example: 1KI 7:20. 
autubua,,,,,,Freq: 1. Example: 1KI 7:22. 
haheḡegea,,,,,,Freq: 1. Example: 1KI 7:24. 
ihaheinidia,,,,,,Freq: 1. Example: 1KI 7:29. 
lalo-heḡeḡe,,,,,,Freq: 1. Example: 1KI 7:31. 
idogo-taolaina,,,,,,Freq: 1. Example: 1KI 7:33. 
tohedia,,,,,,Freq: 1. Example: 1KI 7:38. 
ihagoevadia,,,,,,Freq: 1. Example: 1KI 7:50. 
etanimi,,,,,,Freq: 1. Example: 1KI 8:2. 
ganmu,,,,,,Freq: 1. Example: 1KI 8:40. 
borna,,,,,,Freq: 1. Example: 1KI 8:44. 
irnadia,,,,,,Freq: 1. Example: 1KI 8:46. 
gurirnu,,,,,,Freq: 1. Example: 1KI 8:48. 
dihirnu,,,,,,Freq: 1. Example: 1KI 8:53. 
rakatanida,,,,,,Freq: 1. Example: 1KI 8:57. 
dadaraida,,,,,,Freq: 1. Example: 1KI 8:57. 
lalo-momokanina,,,,,,Freq: 1. Example: 1KI 9:4. 
hadabilaia,,,,,,Freq: 1. Example: 1KI 9:16. 
haguḡurua,,,,,,Freq: 1. Example: 1KI 9:25. 
tons,,,,,,Freq: 1. Example: 1KI 9:28. 
pavapavarta,,,,,,Freq: 1. Example: 1KI 10:17. 
ḡoevaḡoeva-hereana,,,,,,Freq: 1. Example: 1KI 10:18. 
girodia,,,,,,Freq: 1. Example: 1KI 11:2. 
paranlai,,,,,,Freq: 1. Example: 1KI 11:18. 
reson,,,,,,Freq: 1. Example: 1KI 11:23. 
serua,,,,,,Freq: 1. Example: 1KI 11:26. 
hagaukaradia,,,,,,Freq: 1. Example: 1KI 11:28. 
rehohoam,,,,,,Freq: 1. Example: 1KI 12:6. 
gabu-helaḡadia,,,,,,Freq: 1. Example: 1KI 12:32. 
sivaradia,,,,,,Freq: 1. Example: 1KI 13:11. 
haguria,,,,,,Freq: 1. Example: 1KI 13:31. 
haveve,,,,,,Freq: 1. Example: 1KI 14:9. 
karadikalai,,,,,,Freq: 1. Example: 1KI 14:16. 
lav,,,,,,Freq: 1. Example: 1KI 14:17. 
hagabua,,,,,,Freq: 1. Example: 1KI 15:13. 
tabarimono,,,,,,Freq: 1. Example: 1KI 15:18. 
hesiono,,,,,,Freq: 1. Example: 1KI 15:18. 
iono,,,,,,Freq: 1. Example: 1KI 15:20. 
kara-dikalai,,,,,,Freq: 1. Example: 1KI 15:30. 
iharuahui-tauratoina,,,,,,Freq: 1. Example: 1KI 16:8. 
ginata,,,,,,Freq: 1. Example: 1KI 16:21. 
ihatoiahui-tana,,,,,,Freq: 1. Example: 1KI 16:23. 
lesebel,,,,,,Freq: 1. Example: 1KI 16:31. 
etebaal,,,,,,Freq: 1. Example: 1KI 16:31. 
hiele,,,,,,Freq: 1. Example: 1KI 16:34. 
sarepata,,,,,,Freq: 1. Example: 1KI 17:7. 
hakwabua,,,,,,Freq: 1. Example: 1KI 18:10. 
egea,,,,,,Freq: 1. Example: 1KI 18:26. 
lae,,,,,,Freq: 1. Example: 1KI 18:33. 
hatoia,,,,,,Freq: 1. Example: 1KI 18:34. 
dirla,,,,,,Freq: 1. Example: 1KI 18:36. 
dubaia,,,,,,Freq: 1. Example: 1KI 18:45. 
maimu-maimuna,,,,,,Freq: 1. Example: 1KI 19:12. 
abel-mehola,,,,,,Freq: 1. Example: 1KI 19:16. 
vauranai,,,,,,Freq: 1. Example: 1KI 19:18. 
ruaiava,,,,,,Freq: 1. Example: 1KI 19:19. 
taunmanima,,,,,,Freq: 1. Example: 1KI 19:21. 
toiahui-rua,,,,,,Freq: 1. Example: 1KI 20:1. 
hahekwarahidamu,,,,,,Freq: 1. Example: 1KI 20:7. 
lakwa,,,,,,Freq: 1. Example: 1KI 20:27. 
ibotana,,,,,,Freq: 1. Example: 1KI 20:35. 
ihahemaoro-henimu,,,,,,Freq: 1. Example: 1KI 20:40. 
atlaba,,,,,,Freq: 1. Example: 1KI 21:2. 
irneana,,,,,,Freq: 1. Example: 1KI 21:18. 
dikahereadia,,,,,,Freq: 1. Example: 1KI 21:26. 
regereḡeda,,,,,,Freq: 1. Example: 1KI 22:3. 
laurnana,,,,,,Freq: 1. Example: 1KI 22:22. 
digulaia,,,,,,Freq: 1. Example: 1KI 22:38. 
gabuava,,,,,,Freq: 1. Example: 1KI 22:43. 
lehoram,,,,,,Freq: 1. Example: 2KI 1:17. 
noinoilaiamu,,,,,,Freq: 1. Example: 2KI 2:10. 
ruru-nege,,,,,,Freq: 1. Example: 2KI 2:21. 
iehroam,,,,,,Freq: 1. Example: 2KI 3:1. 
atoda,,,,,,Freq: 1. Example: 2KI 3:10. 
dairidia,,,,,,Freq: 1. Example: 2KI 3:11. 
basinarna,,,,,,Freq: 1. Example: 2KI 3:14. 
gohogohudia,,,,,,Freq: 1. Example: 2KI 3:16. 
vedadia,,,,,,Freq: 1. Example: 2KI 4:4. 
haḡavaia,,,,,,Freq: 1. Example: 2KI 4:24. 
siahu-siahu,,,,,,Freq: 1. Example: 2KI 4:34. 
reredia,,,,,,Freq: 1. Example: 2KI 4:39. 
baal-salisa,,,,,,Freq: 1. Example: 2KI 4:42. 
iheai-henigu,,,,,,Freq: 1. Example: 2KI 5:7. 
lepragu,,,,,,Freq: 1. Example: 2KI 5:11. 
abana,,,,,,Freq: 1. Example: 2KI 5:12. 
farapara,,,,,,Freq: 1. Example: 2KI 5:12. 
heuru,,,,,,Freq: 1. Example: 2KI 5:14. 
rirnon,,,,,,Freq: 1. Example: 2KI 5:18. 
tau-eregabedia,,,,,,Freq: 1. Example: 2KI 5:22. 
hahualaidia,,,,,,Freq: 1. Example: 2KI 5:23. 
auau,,,,,,Freq: 1. Example: 2KI 6:6. 
hakenia,,,,,,Freq: 1. Example: 2KI 6:6. 
bamodamu,,,,,,Freq: 1. Example: 2KI 6:16. 
hehvarahi,,,,,,Freq: 1. Example: 2KI 6:33. 
laputani,,,,,,Freq: 1. Example: 2KI 7:7. 
mata-hakanina,,,,,,Freq: 1. Example: 2KI 7:9. 
hehemata,,,,,,Freq: 1. Example: 2KI 7:10. 
hegaeḡaelaia,,,,,,Freq: 1. Example: 2KI 7:12. 
hitolodamu,,,,,,Freq: 1. Example: 2KI 7:12. 
rakalania,,,,,,Freq: 1. Example: 2KI 7:12. 
hepetapetalai,,,,,,Freq: 1. Example: 2KI 7:15. 
hamaorolaiava,,,,,,Freq: 1. Example: 2KI 8:5. 
sairi,,,,,,Freq: 1. Example: 2KI 8:21. 
ravadia,,,,,,Freq: 1. Example: 2KI 8:27. 
gorereava,,,,,,Freq: 1. Example: 2KI 8:29. 
in,,,,,,Freq: 1. Example: 2KI 9:12. 
vadavadadia,,,,,,Freq: 1. Example: 2KI 9:13. 
ihaheauna,,,,,,Freq: 1. Example: 2KI 9:20. 
hetaba,,,,,,Freq: 1. Example: 2KI 9:24. 
bidikara,,,,,,Freq: 1. Example: 2KI 9:25. 
bete-hagana,,,,,,Freq: 1. Example: 2KI 9:27. 
umudia,,,,,,Freq: 1. Example: 2KI 9:30. 
pisipisidia,,,,,,Freq: 1. Example: 2KI 9:33. 
itomadihohenina,,,,,,Freq: 1. Example: 2KI 10:19. 
kobena,,,,,,Freq: 1. Example: 2KI 10:22. 
lehonadab,,,,,,Freq: 1. Example: 2KI 10:23. 
halasihiaia,,,,,,Freq: 1. Example: 2KI 10:28. 
gdead,,,,,,Freq: 1. Example: 2KI 10:33. 
iehoseba,,,,,,Freq: 1. Example: 2KI 11:2. 
hanamolai,,,,,,Freq: 1. Example: 2KI 12:5. 
iosakara,,,,,,Freq: 1. Example: 2KI 12:21. 
hosi-gu,,,,,,Freq: 1. Example: 2KI 13:7. 
rakalaidiava,,,,,,Freq: 1. Example: 2KI 13:11. 
hadadidadiva,,,,,,Freq: 1. Example: 2KI 13:20. 
leho-adini,,,,,,Freq: 1. Example: 2KI 14:2. 
deuteronomi,,,,,,Freq: 1. Example: 2KI 14:6. 
sekana,,,,,,Freq: 1. Example: 2KI 15:7. 
ibleama,,,,,,Freq: 1. Example: 2KI 15:10. 
iha-imahui-ruana,,,,,,Freq: 1. Example: 2KI 15:27. 
iotama,,,,,,Freq: 1. Example: 2KI 15:30. 
nadi-palaka,,,,,,Freq: 1. Example: 2KI 16:17. 
murirnuri,,,,,,Freq: 1. Example: 2KI 16:18. 
kuta,,,,,,Freq: 1. Example: 2KI 17:24. 
sukoto-benoto,,,,,,Freq: 1. Example: 2KI 17:30. 
kutu,,,,,,Freq: 1. Example: 2KI 17:30. 
neregala,,,,,,Freq: 1. Example: 2KI 17:30. 
ekaraia,,,,,,Freq: 1. Example: 2KI 17:30. 
nibihasa,,,,,,Freq: 1. Example: 2KI 17:31. 
tarataka,,,,,,Freq: 1. Example: 2KI 17:31. 
anam-melek,,,,,,Freq: 1. Example: 2KI 17:31. 
nahua-toho,,,,,,Freq: 1. Example: 2KI 17:37. 
nehustana,,,,,,Freq: 1. Example: 2KI 18:4. 
taratana,,,,,,Freq: 1. Example: 2KI 18:17. 
helahalahamu,,,,,,Freq: 1. Example: 2KI 18:19. 
helairnu,,,,,,Freq: 1. Example: 2KI 18:26. 
taḡemui,,,,,,Freq: 1. Example: 2KI 18:27. 
koirnui,,,,,,Freq: 1. Example: 2KI 18:29. 
hahetaomui,,,,,,Freq: 1. Example: 2KI 18:30. 
ituarihenimu,,,,,,Freq: 1. Example: 2KI 19:9. 
hehuni-hereana,,,,,,Freq: 1. Example: 2KI 19:23. 
ha-ikerukerudia,,,,,,Freq: 1. Example: 2KI 20:9. 
haraḡana,,,,,,Freq: 1. Example: 2KI 20:10. 
dina-hahetohona,,,,,,Freq: 1. Example: 2KI 20:11. 
imahai-ima,,,,,,Freq: 1. Example: 2KI 21:1. 
hefisiba,,,,,,Freq: 1. Example: 2KI 21:1. 
haloaloadia,,,,,,Freq: 1. Example: 2KI 21:8. 
mesulemete,,,,,,Freq: 1. Example: 2KI 21:19. 
harusu,,,,,,Freq: 1. Example: 2KI 21:19. 
lotoba,,,,,,Freq: 1. Example: 2KI 21:19. 
arnon,,,,,,Freq: 1. Example: 2KI 21:24. 
henegalala,,,,,,Freq: 1. Example: 2KI 21:24. 
ledida,,,,,,Freq: 1. Example: 2KI 22:1. 
herevada,,,,,,Freq: 1. Example: 2KI 22:13. 
harahasa,,,,,,Freq: 1. Example: 2KI 22:14. 
hanohodiava,,,,,,Freq: 1. Example: 2KI 23:7. 
natana-melek,,,,,,Freq: 1. Example: 2KI 23:11. 
atai-daiutuna,,,,,,Freq: 1. Example: 2KI 23:12. 
haḡaraḡaraiava,,,,,,Freq: 1. Example: 2KI 23:26. 
sebida,,,,,,Freq: 1. Example: 2KI 23:36. 
rumaha,,,,,,Freq: 1. Example: 2KI 23:36. 
lehoiakini,,,,,,Freq: 1. Example: 2KI 24:6. 
gwautataurahani,,,,,,Freq: 1. Example: 2KI 24:8. 
nehusuta,,,,,,Freq: 1. Example: 2KI 24:8. 
heḡeḡeva,,,,,,Freq: 1. Example: 2KI 24:11. 
iehoiakina,,,,,,Freq: 1. Example: 2KI 24:15. 
ihatamahani-tana,,,,,,Freq: 1. Example: 2KI 25:3. 
haheḡigidia,,,,,,Freq: 1. Example: 2KI 25:10. 
labora-laboraidia,,,,,,Freq: 1. Example: 2KI 25:16. 
iaet,,,,,,Freq: 1. Example: 1CH 1:4. 
ifet,,,,,,Freq: 1. Example: 1CH 1:5. 
lavan,,,,,,Freq: 1. Example: 1CH 1:5. 
difata,,,,,,Freq: 1. Example: 1CH 1:6. 
ivan,,,,,,Freq: 1. Example: 1CH 1:7. 
ikotan,,,,,,Freq: 1. Example: 1CH 1:20. 
homam,,,,,,Freq: 1. Example: 1CH 1:39. 
alian,,,,,,Freq: 1. Example: 1CH 1:40. 
hamaran,,,,,,Freq: 1. Example: 1CH 1:41. 
laakan,,,,,,Freq: 1. Example: 1CH 1:42. 
akahoro,,,,,,Freq: 1. Example: 1CH 1:49. 
pai,,,,,,Freq: 1. Example: 1CH 1:50. 
iduhu-lohiadia,,,,,,Freq: 1. Example: 1CH 1:51. 
alia,,,,,,Freq: 1. Example: 1CH 1:51. 
letete,,,,,,Freq: 1. Example: 1CH 1:51. 
iduhulohiadia,,,,,,Freq: 1. Example: 1CH 1:54. 
akara,,,,,,Freq: 1. Example: 1CH 2:7. 
kwasima,,,,,,Freq: 1. Example: 1CH 2:7. 
kelubai,,,,,,Freq: 1. Example: 1CH 2:9. 
radai,,,,,,Freq: 1. Example: 1CH 2:14. 
lerioto,,,,,,Freq: 1. Example: 1CH 2:18. 
aradono,,,,,,Freq: 1. Example: 1CH 2:18. 
tauratoiahui,,,,,,Freq: 1. Example: 1CH 2:23. 
orene,,,,,,Freq: 1. Example: 1CH 2:25. 
atara,,,,,,Freq: 1. Example: 1CH 2:26. 
maasa,,,,,,Freq: 1. Example: 1CH 2:27. 
ekere,,,,,,Freq: 1. Example: 1CH 2:27. 
sarnai,,,,,,Freq: 1. Example: 1CH 2:28. 
ahabana,,,,,,Freq: 1. Example: 1CH 2:29. 
molidi,,,,,,Freq: 1. Example: 1CH 2:29. 
apaimi,,,,,,Freq: 1. Example: 1CH 2:30. 
apairni,,,,,,Freq: 1. Example: 1CH 2:31. 
iada,,,,,,Freq: 1. Example: 1CH 2:32. 
sasa,,,,,,Freq: 1. Example: 1CH 2:33. 
lorokeama,,,,,,Freq: 1. Example: 1CH 2:44. 
iahadai,,,,,,Freq: 1. Example: 1CH 2:47. 
regeme,,,,,,Freq: 1. Example: 1CH 2:47. 
gesana,,,,,,Freq: 1. Example: 1CH 2:47. 
sebere,,,,,,Freq: 1. Example: 1CH 2:48. 
tirihana,,,,,,Freq: 1. Example: 1CH 2:48. 
makabena,,,,,,Freq: 1. Example: 1CH 2:49. 
harefe,,,,,,Freq: 1. Example: 1CH 2:51. 
bete-gadere,,,,,,Freq: 1. Example: 1CH 2:51. 
haroe,,,,,,Freq: 1. Example: 1CH 2:52. 
menuhoto,,,,,,Freq: 1. Example: 1CH 2:52. 
kiriata-iearimi,,,,,,Freq: 1. Example: 1CH 2:53. 
puti,,,,,,Freq: 1. Example: 1CH 2:53. 
sumata,,,,,,Freq: 1. Example: 1CH 2:53. 
misira,,,,,,Freq: 1. Example: 1CH 2:53. 
ataroto-bete-ioab,,,,,,Freq: 1. Example: 1CH 2:54. 
soro,,,,,,Freq: 1. Example: 1CH 2:54. 
tirata,,,,,,Freq: 1. Example: 1CH 2:55. 
sukata,,,,,,Freq: 1. Example: 1CH 2:55. 
malkiram,,,,,,Freq: 1. Example: 1CH 3:18. 
senasara,,,,,,Freq: 1. Example: 1CH 3:18. 
hosama,,,,,,Freq: 1. Example: 1CH 3:18. 
nedabia,,,,,,Freq: 1. Example: 1CH 3:18. 
hasuba,,,,,,Freq: 1. Example: 1CH 3:20. 
ohele,,,,,,Freq: 1. Example: 1CH 3:20. 
hasadia,,,,,,Freq: 1. Example: 1CH 3:20. 
lusaba-hesede,,,,,,Freq: 1. Example: 1CH 3:20. 
aranana,,,,,,Freq: 1. Example: 1CH 3:21. 
baria,,,,,,Freq: 1. Example: 1CH 3:22. 
anani,,,,,,Freq: 1. Example: 1CH 3:24. 
lahada,,,,,,Freq: 1. Example: 1CH 4:2. 
isma,,,,,,Freq: 1. Example: 1CH 4:3. 
idibasa,,,,,,Freq: 1. Example: 1CH 4:3. 
haseleleponi,,,,,,Freq: 1. Example: 1CH 4:3. 
husa,,,,,,Freq: 1. Example: 1CH 4:4. 
ahusama,,,,,,Freq: 1. Example: 1CH 4:6. 
temeni,,,,,,Freq: 1. Example: 1CH 4:6. 
haahasatari,,,,,,Freq: 1. Example: 1CH 4:6. 
serete,,,,,,Freq: 1. Example: 1CH 4:7. 
isara,,,,,,Freq: 1. Example: 1CH 4:7. 
etenana,,,,,,Freq: 1. Example: 1CH 4:7. 
anubu,,,,,,Freq: 1. Example: 1CH 4:8. 
sobeba,,,,,,Freq: 1. Example: 1CH 4:8. 
aharahele,,,,,,Freq: 1. Example: 1CH 4:8. 
harumu,,,,,,Freq: 1. Example: 1CH 4:8. 
suha,,,,,,Freq: 1. Example: 1CH 4:11. 
mehin,,,,,,Freq: 1. Example: 1CH 4:11. 
mehiri,,,,,,Freq: 1. Example: 1CH 4:11. 
bete-rafa,,,,,,Freq: 1. Example: 1CH 4:12. 
irinahasa,,,,,,Freq: 1. Example: 1CH 4:12. 
reka,,,,,,Freq: 1. Example: 1CH 4:12. 
hatata,,,,,,Freq: 1. Example: 1CH 4:13. 
naama,,,,,,Freq: 1. Example: 1CH 4:15. 
sifaha,,,,,,Freq: 1. Example: 1CH 4:16. 
tiria,,,,,,Freq: 1. Example: 1CH 4:16. 
ialono,,,,,,Freq: 1. Example: 1CH 4:17. 
bitia,,,,,,Freq: 1. Example: 1CH 4:17. 
isiba,,,,,,Freq: 1. Example: 1CH 4:17. 
ierede,,,,,,Freq: 1. Example: 1CH 4:18. 
lekutiele,,,,,,Freq: 1. Example: 1CH 4:18. 
nahama,,,,,,Freq: 1. Example: 1CH 4:19. 
garama,,,,,,Freq: 1. Example: 1CH 4:19. 
sirnono,,,,,,Freq: 1. Example: 1CH 4:20. 
benhanana,,,,,,Freq: 1. Example: 1CH 4:20. 
tilono,,,,,,Freq: 1. Example: 1CH 4:20. 
sohete,,,,,,Freq: 1. Example: 1CH 4:20. 
ben-sohete,,,,,,Freq: 1. Example: 1CH 4:20. 
leka,,,,,,Freq: 1. Example: 1CH 4:21. 
laada,,,,,,Freq: 1. Example: 1CH 4:21. 
bet-asabea,,,,,,Freq: 1. Example: 1CH 4:21. 
lokimi,,,,,,Freq: 1. Example: 1CH 4:22. 
koseba,,,,,,Freq: 1. Example: 1CH 4:22. 
leheme,,,,,,Freq: 1. Example: 1CH 4:22. 
netaimi,,,,,,Freq: 1. Example: 1CH 4:23. 
misirna,,,,,,Freq: 1. Example: 1CH 4:25. 
hamuele,,,,,,Freq: 1. Example: 1CH 4:26. 
tolada,,,,,,Freq: 1. Example: 1CH 4:29. 
hasara-susirni,,,,,,Freq: 1. Example: 1CH 4:31. 
bete-biri,,,,,,Freq: 1. Example: 1CH 4:31. 
tokene,,,,,,Freq: 1. Example: 1CH 4:32. 
mesobaba,,,,,,Freq: 1. Example: 1CH 4:34. 
iamlek,,,,,,Freq: 1. Example: 1CH 4:34. 
iosa,,,,,,Freq: 1. Example: 1CH 4:34. 
iosibia,,,,,,Freq: 1. Example: 1CH 4:35. 
iaakoba,,,,,,Freq: 1. Example: 1CH 4:36. 
iesohaia,,,,,,Freq: 1. Example: 1CH 4:36. 
iesimiele,,,,,,Freq: 1. Example: 1CH 4:36. 
sirnri,,,,,,Freq: 1. Example: 1CH 4:37. 
tautauna,,,,,,Freq: 1. Example: 1CH 4:40. 
goḡ,,,,,,Freq: 1. Example: 1CH 5:4. 
asasa,,,,,,Freq: 1. Example: 1CH 5:8. 
safama,,,,,,Freq: 1. Example: 1CH 5:12. 
lanai,,,,,,Freq: 1. Example: 1CH 5:12. 
iorai,,,,,,Freq: 1. Example: 1CH 5:13. 
iakan,,,,,,Freq: 1. Example: 1CH 5:13. 
lado,,,,,,Freq: 1. Example: 1CH 5:14. 
iado,,,,,,Freq: 1. Example: 1CH 5:14. 
ahi,,,,,,Freq: 1. Example: 1CH 5:15. 
abdiele,,,,,,Freq: 1. Example: 1CH 5:15. 
imaredia,,,,,,Freq: 1. Example: 1CH 5:18. 
leturu,,,,,,Freq: 1. Example: 1CH 5:19. 
nodaba,,,,,,Freq: 1. Example: 1CH 5:19. 
baal-heremon,,,,,,Freq: 1. Example: 1CH 5:23. 
iahadiele,,,,,,Freq: 1. Example: 1CH 5:24. 
haḡaraḡara,,,,,,Freq: 1. Example: 1CH 5:26. 
arnram,,,,,,Freq: 1. Example: 1CH 6:3. 
arnaria,,,,,,Freq: 1. Example: 1CH 6:11. 
leaterai,,,,,,Freq: 1. Example: 1CH 6:21. 
sarnuel,,,,,,Freq: 1. Example: 1CH 6:33. 
iatiri,,,,,,Freq: 1. Example: 1CH 6:57. 
hilene,,,,,,Freq: 1. Example: 1CH 6:58. 
iokomeama,,,,,,Freq: 1. Example: 1CH 6:68. 
bileama,,,,,,Freq: 1. Example: 1CH 6:70. 
dabera,,,,,,Freq: 1. Example: 1CH 6:72. 
aneme,,,,,,Freq: 1. Example: 1CH 6:73. 
masala,,,,,,Freq: 1. Example: 1CH 6:74. 
hukoko,,,,,,Freq: 1. Example: 1CH 6:75. 
ieriele,,,,,,Freq: 1. Example: 1CH 7:2. 
iahamai,,,,,,Freq: 1. Example: 1CH 7:2. 
ibsam,,,,,,Freq: 1. Example: 1CH 7:2. 
iaimaosi,,,,,,Freq: 1. Example: 1CH 7:7. 
semira,,,,,,Freq: 1. Example: 1CH 7:8. 
eliesara,,,,,,Freq: 1. Example: 1CH 7:8. 
setana,,,,,,Freq: 1. Example: 1CH 7:10. 
ahisahara,,,,,,Freq: 1. Example: 1CH 7:10. 
heheḡaegae,,,,,,Freq: 1. Example: 1CH 7:11. 
ahere,,,,,,Freq: 1. Example: 1CH 7:12. 
iasiel,,,,,,Freq: 1. Example: 1CH 7:13. 
hupirn,,,,,,Freq: 1. Example: 1CH 7:15. 
perehe,,,,,,Freq: 1. Example: 1CH 7:16. 
uiama,,,,,,Freq: 1. Example: 1CH 7:16. 
rakeme,,,,,,Freq: 1. Example: 1CH 7:16. 
bedana,,,,,,Freq: 1. Example: 1CH 7:17. 
hamolekete,,,,,,Freq: 1. Example: 1CH 7:18. 
isihod,,,,,,Freq: 1. Example: 1CH 7:18. 
ahiana,,,,,,Freq: 1. Example: 1CH 7:19. 
likihi,,,,,,Freq: 1. Example: 1CH 7:19. 
aniama,,,,,,Freq: 1. Example: 1CH 7:19. 
ihenaodia,,,,,,Freq: 1. Example: 1CH 7:21. 
seera,,,,,,Freq: 1. Example: 1CH 7:24. 
usene-sera,,,,,,Freq: 1. Example: 1CH 7:24. 
naaran,,,,,,Freq: 1. Example: 1CH 7:28. 
aiaha,,,,,,Freq: 1. Example: 1CH 7:28. 
birisaiti,,,,,,Freq: 1. Example: 1CH 7:31. 
iaflete,,,,,,Freq: 1. Example: 1CH 7:33. 
pasaka,,,,,,Freq: 1. Example: 1CH 7:33. 
bimihala,,,,,,Freq: 1. Example: 1CH 7:33. 
asavata,,,,,,Freq: 1. Example: 1CH 7:33. 
roga,,,,,,Freq: 1. Example: 1CH 7:34. 
iehuba,,,,,,Freq: 1. Example: 1CH 7:34. 
helere,,,,,,Freq: 1. Example: 1CH 7:35. 
selese,,,,,,Freq: 1. Example: 1CH 7:35. 
amala,,,,,,Freq: 1. Example: 1CH 7:35. 
haranefere,,,,,,Freq: 1. Example: 1CH 7:36. 
beri,,,,,,Freq: 1. Example: 1CH 7:36. 
imra,,,,,,Freq: 1. Example: 1CH 7:36. 
hod,,,,,,Freq: 1. Example: 1CH 7:37. 
silsa,,,,,,Freq: 1. Example: 1CH 7:37. 
pisipa,,,,,,Freq: 1. Example: 1CH 7:38. 
risia,,,,,,Freq: 1. Example: 1CH 7:39. 
ahara,,,,,,Freq: 1. Example: 1CH 8:1. 
abihud,,,,,,Freq: 1. Example: 1CH 8:3. 
ahoa,,,,,,Freq: 1. Example: 1CH 8:4. 
sefufana,,,,,,Freq: 1. Example: 1CH 8:5. 
hegelama,,,,,,Freq: 1. Example: 1CH 8:7. 
saharaimi,,,,,,Freq: 1. Example: 1CH 8:8. 
baara,,,,,,Freq: 1. Example: 1CH 8:8. 
hodese,,,,,,Freq: 1. Example: 1CH 8:9. 
malkam,,,,,,Freq: 1. Example: 1CH 8:9. 
sakia,,,,,,Freq: 1. Example: 1CH 8:10. 
mirima,,,,,,Freq: 1. Example: 1CH 8:10. 
abitub,,,,,,Freq: 1. Example: 1CH 8:11. 
misama,,,,,,Freq: 1. Example: 1CH 8:12. 
semede,,,,,,Freq: 1. Example: 1CH 8:12. 
ispa,,,,,,Freq: 1. Example: 1CH 8:16. 
hiski,,,,,,Freq: 1. Example: 1CH 8:17. 
isimerai,,,,,,Freq: 1. Example: 1CH 8:18. 
islia,,,,,,Freq: 1. Example: 1CH 8:18. 
iakimi,,,,,,Freq: 1. Example: 1CH 8:19. 
elienai,,,,,,Freq: 1. Example: 1CH 8:20. 
beraia,,,,,,Freq: 1. Example: 1CH 8:21. 
simirata,,,,,,Freq: 1. Example: 1CH 8:21. 
isipana,,,,,,Freq: 1. Example: 1CH 8:22. 
antotia,,,,,,Freq: 1. Example: 1CH 8:24. 
ifideia,,,,,,Freq: 1. Example: 1CH 8:25. 
samaserai,,,,,,Freq: 1. Example: 1CH 8:26. 
seharia,,,,,,Freq: 1. Example: 1CH 8:26. 
iaresia,,,,,,Freq: 1. Example: 1CH 8:27. 
sikn,,,,,,Freq: 1. Example: 1CH 8:27. 
sekere,,,,,,Freq: 1. Example: 1CH 8:31. 
ibneia,,,,,,Freq: 1. Example: 1CH 9:8. 
mikri,,,,,,Freq: 1. Example: 1CH 9:8. 
ibnia,,,,,,Freq: 1. Example: 1CH 9:8. 
maasai,,,,,,Freq: 1. Example: 1CH 9:12. 
bakabakara,,,,,,Freq: 1. Example: 1CH 9:15. 
herese,,,,,,Freq: 1. Example: 1CH 9:15. 
hegaeḡaeva,,,,,,Freq: 1. Example: 1CH 9:30. 
heḡaeḡaelaiava,,,,,,Freq: 1. Example: 1CH 9:32. 
simeama,,,,,,Freq: 1. Example: 1CH 9:38. 
simin,,,,,,Freq: 1. Example: 1CH 9:42. 
pasadamimi,,,,,,Freq: 1. Example: 1CH 11:13. 
goadaherea,,,,,,Freq: 1. Example: 1CH 11:18. 
samota,,,,,,Freq: 1. Example: 1CH 11:27. 
ilai,,,,,,Freq: 1. Example: 1CH 11:29. 
helede,,,,,,Freq: 1. Example: 1CH 11:30. 
hurai,,,,,,Freq: 1. Example: 1CH 11:32. 
baharumu,,,,,,Freq: 1. Example: 1CH 11:33. 
haseme,,,,,,Freq: 1. Example: 1CH 11:34. 
gisono,,,,,,Freq: 1. Example: 1CH 11:34. 
sage,,,,,,Freq: 1. Example: 1CH 11:34. 
elifala,,,,,,Freq: 1. Example: 1CH 11:35. 
mekerata,,,,,,Freq: 1. Example: 1CH 11:36. 
naarai,,,,,,Freq: 1. Example: 1CH 11:37. 
esebai,,,,,,Freq: 1. Example: 1CH 11:37. 
mibhara,,,,,,Freq: 1. Example: 1CH 11:38. 
hagri,,,,,,Freq: 1. Example: 1CH 11:38. 
adina,,,,,,Freq: 1. Example: 1CH 11:42. 
mitini,,,,,,Freq: 1. Example: 1CH 11:43. 
tisi,,,,,,Freq: 1. Example: 1CH 11:45. 
mahava,,,,,,Freq: 1. Example: 1CH 11:46. 
ieribai,,,,,,Freq: 1. Example: 1CH 11:46. 
iosavia,,,,,,Freq: 1. Example: 1CH 11:46. 
elnama,,,,,,Freq: 1. Example: 1CH 11:46. 
itima,,,,,,Freq: 1. Example: 1CH 11:46. 
mesoba,,,,,,Freq: 1. Example: 1CH 11:47. 
ikinodia,,,,,,Freq: 1. Example: 1CH 12:2. 
idavedia,,,,,,Freq: 1. Example: 1CH 12:2. 
ima-idibadia,,,,,,Freq: 1. Example: 1CH 12:2. 
ima-lauridia,,,,,,Freq: 1. Example: 1CH 12:2. 
lesiele,,,,,,Freq: 1. Example: 1CH 12:3. 
elusai,,,,,,Freq: 1. Example: 1CH 12:5. 
ierirnoto,,,,,,Freq: 1. Example: 1CH 12:5. 
bealia,,,,,,Freq: 1. Example: 1CH 12:5. 
harufu,,,,,,Freq: 1. Example: 1CH 12:5. 
ioesere,,,,,,Freq: 1. Example: 1CH 12:6. 
ioela,,,,,,Freq: 1. Example: 1CH 12:7. 
misimana,,,,,,Freq: 1. Example: 1CH 12:10. 
makabanai,,,,,,Freq: 1. Example: 1CH 12:13. 
dagimaragi,,,,,,Freq: 1. Example: 1CH 12:14. 
dagi-bada,,,,,,Freq: 1. Example: 1CH 12:14. 
ihedavan-henidia,,,,,,Freq: 1. Example: 1CH 12:17. 
durumumu,,,,,,Freq: 1. Example: 1CH 12:18. 
iodia,,,,,,Freq: 1. Example: 1CH 12:34. 
baitame,,,,,,Freq: 1. Example: 1CH 13:2. 
kidono,,,,,,Freq: 1. Example: 1CH 13:9. 
elpelete,,,,,,Freq: 1. Example: 1CH 14:5. 
beliada,,,,,,Freq: 1. Example: 1CH 14:7. 
dondia,,,,,,Freq: 1. Example: 1CH 14:15. 
ibotadia,,,,,,Freq: 1. Example: 1CH 15:16. 
hadae,,,,,,Freq: 1. Example: 1CH 15:16. 
kusaia,,,,,,Freq: 1. Example: 1CH 15:17. 
aurilaboralabora,,,,,,Freq: 1. Example: 1CH 15:19. 
lehia,,,,,,Freq: 1. Example: 1CH 15:24. 
galaḡalava,,,,,,Freq: 1. Example: 1CH 15:29. 
harohomai,,,,,,Freq: 1. Example: 1CH 16:35. 
lada-bada,,,,,,Freq: 1. Example: 1CH 17:8. 
arrto,,,,,,Freq: 1. Example: 1CH 17:21. 
vairarnu,,,,,,Freq: 1. Example: 1CH 17:24. 
hanlat,,,,,,Freq: 1. Example: 1CH 18:3. 
tibihata,,,,,,Freq: 1. Example: 1CH 18:8. 
savasa,,,,,,Freq: 1. Example: 1CH 18:16. 
arama-maaka,,,,,,Freq: 1. Example: 1CH 19:6. 
sipai,,,,,,Freq: 1. Example: 1CH 20:4. 
lahami,,,,,,Freq: 1. Example: 1CH 20:5. 
kwadiva,,,,,,Freq: 1. Example: 1CH 21:20. 
ihaginilaina,,,,,,Freq: 1. Example: 1CH 22:2. 
hekwarahi-badagu,,,,,,Freq: 1. Example: 1CH 22:14. 
domagagwauta,,,,,,Freq: 1. Example: 1CH 22:14. 
nadi-hagini,,,,,,Freq: 1. Example: 1CH 22:15. 
ima-karakara,,,,,,Freq: 1. Example: 1CH 22:15. 
hagedaia,,,,,,Freq: 1. Example: 1CH 22:18. 
hanamnoa,,,,,,Freq: 1. Example: 1CH 23:5. 
dodidiai,,,,,,Freq: 1. Example: 1CH 23:6. 
hasiele,,,,,,Freq: 1. Example: 1CH 23:9. 
flaoadia,,,,,,Freq: 1. Example: 1CH 23:29. 
itatao,,,,,,Freq: 1. Example: 1CH 24:5. 
seorimi,,,,,,Freq: 1. Example: 1CH 24:8. 
ihagwautaruana,,,,,,Freq: 1. Example: 1CH 24:12. 
lakimi,,,,,,Freq: 1. Example: 1CH 24:12. 
hupa,,,,,,Freq: 1. Example: 1CH 24:13. 
iesebeaba,,,,,,Freq: 1. Example: 1CH 24:13. 
ihagwautahituna,,,,,,Freq: 1. Example: 1CH 24:15. 
hapisese,,,,,,Freq: 1. Example: 1CH 24:15. 
iehesekele,,,,,,Freq: 1. Example: 1CH 24:16. 
gamulu,,,,,,Freq: 1. Example: 1CH 24:17. 
sohama,,,,,,Freq: 1. Example: 1CH 24:27. 
ibri,,,,,,Freq: 1. Example: 1CH 24:27. 
lerimoto,,,,,,Freq: 1. Example: 1CH 24:30. 
man,,,,,,Freq: 1. Example: 1CH 24:31. 
asarela,,,,,,Freq: 1. Example: 1CH 25:2. 
negeregere,,,,,,Freq: 1. Example: 1CH 25:8. 
isiri,,,,,,Freq: 1. Example: 1CH 25:11. 
lesarela,,,,,,Freq: 1. Example: 1CH 25:14. 
lediaele,,,,,,Freq: 1. Example: 1CH 26:2. 
iataniele,,,,,,Freq: 1. Example: 1CH 26:2. 
peuletai,,,,,,Freq: 1. Example: 1CH 26:5. 
otni,,,,,,Freq: 1. Example: 1CH 26:7. 
refaele,,,,,,Freq: 1. Example: 1CH 26:7. 
semakia,,,,,,Freq: 1. Example: 1CH 26:7. 
tebalia,,,,,,Freq: 1. Example: 1CH 26:11. 
iduanai-henidia,,,,,,Freq: 1. Example: 1CH 26:13. 
salekete,,,,,,Freq: 1. Example: 1CH 26:16. 
leria,,,,,,Freq: 1. Example: 1CH 26:31. 
ihahari-ahuina,,,,,,Freq: 1. Example: 1CH 26:31. 
dodai,,,,,,Freq: 1. Example: 1CH 27:4. 
amisabad,,,,,,Freq: 1. Example: 1CH 27:6. 
samahutu,,,,,,Freq: 1. Example: 1CH 27:8. 
isiraha,,,,,,Freq: 1. Example: 1CH 27:8. 
ihataurahanitana,,,,,,Freq: 1. Example: 1CH 27:12. 
iaunimanima,,,,,,Freq: 1. Example: 1CH 27:24. 
esri,,,,,,Freq: 1. Example: 1CH 27:26. 
ramata,,,,,,Freq: 1. Example: 1CH 27:27. 
sifimi,,,,,,Freq: 1. Example: 1CH 27:27. 
sitrai,,,,,,Freq: 1. Example: 1CH 27:29. 
adlai,,,,,,Freq: 1. Example: 1CH 27:29. 
obili,,,,,,Freq: 1. Example: 1CH 27:30. 
iasisi,,,,,,Freq: 1. Example: 1CH 27:30. 
hagere,,,,,,Freq: 1. Example: 1CH 27:30. 
lalo-uramu,,,,,,Freq: 1. Example: 1CH 28:9. 
kibokibo,,,,,,Freq: 1. Example: 1CH 28:17. 
ima-namo,,,,,,Freq: 1. Example: 1CH 29:5. 
lalo-uradia,,,,,,Freq: 1. Example: 1CH 29:9. 
ihabadadia,,,,,,Freq: 1. Example: 1CH 29:12. 
hamiadia,,,,,,Freq: 1. Example: 1CH 29:18. 
lehove,,,,,,Freq: 1. Example: 2CH 1:5. 
sukeaudia,,,,,,Freq: 1. Example: 2CH 1:15. 
atai-dorivadorivana,,,,,,Freq: 1. Example: 2CH 2:6. 
hoa-mase,,,,,,Freq: 1. Example: 2CH 2:9. 
gerehu-hitu,,,,,,Freq: 1. Example: 2CH 2:18. 
laloikoudia,,,,,,Freq: 1. Example: 2CH 3:5. 
paravaimi,,,,,,Freq: 1. Example: 2CH 3:6. 
vaiunna,,,,,,Freq: 1. Example: 2CH 3:14. 
hakamo,,,,,,Freq: 1. Example: 2CH 3:16. 
badahereana,,,,,,Freq: 1. Example: 2CH 4:6. 
iḡegelaidia,,,,,,Freq: 1. Example: 2CH 4:12. 
momo-momo,,,,,,Freq: 1. Example: 2CH 4:18. 
hese,,,,,,Freq: 1. Example: 2CH 6:6. 
atulai,,,,,,Freq: 1. Example: 2CH 6:11. 
maua-helagana,,,,,,Freq: 1. Example: 2CH 6:41. 
hamedea,,,,,,Freq: 1. Example: 2CH 6:42. 
hakirara,,,,,,Freq: 1. Example: 2CH 7:15. 
hamata-soba,,,,,,Freq: 1. Example: 2CH 8:3. 
tadamoro,,,,,,Freq: 1. Example: 2CH 8:4. 
betehorono,,,,,,Freq: 1. Example: 2CH 8:5. 
hagaukaraia,,,,,,Freq: 1. Example: 2CH 8:9. 
adavarnu,,,,,,Freq: 1. Example: 2CH 9:7. 
palakapalaka,,,,,,Freq: 1. Example: 2CH 9:16. 
ae-hadai,,,,,,Freq: 1. Example: 2CH 9:18. 
suke-audia,,,,,,Freq: 1. Example: 2CH 9:27. 
rehoboarn,,,,,,Freq: 1. Example: 2CH 9:31. 
betesuru,,,,,,Freq: 1. Example: 2CH 11:7. 
adoraimi,,,,,,Freq: 1. Example: 2CH 11:9. 
hahedaia,,,,,,Freq: 1. Example: 2CH 11:17. 
leusu,,,,,,Freq: 1. Example: 2CH 11:19. 
sahama,,,,,,Freq: 1. Example: 2CH 11:19. 
gerebutauratoi,,,,,,Freq: 1. Example: 2CH 12:3. 
suki,,,,,,Freq: 1. Example: 2CH 12:3. 
ituari-henimui,,,,,,Freq: 1. Example: 2CH 13:12. 
hahedibadiba,,,,,,Freq: 1. Example: 2CH 15:3. 
ororo-hanuadia,,,,,,Freq: 1. Example: 2CH 15:8. 
hapatapataia,,,,,,Freq: 1. Example: 2CH 15:16. 
ihatoiahui-imana,,,,,,Freq: 1. Example: 2CH 15:19. 
ihatoiahui-tauratoina,,,,,,Freq: 1. Example: 2CH 16:1. 
abele-maimi,,,,,,Freq: 1. Example: 2CH 16:4. 
ihatoiahui-taurahanitana,,,,,,Freq: 1. Example: 2CH 16:12. 
ihahariahui-tana,,,,,,Freq: 1. Example: 2CH 16:13. 
ben-haili,,,,,,Freq: 1. Example: 2CH 17:7. 
lehonatan,,,,,,Freq: 1. Example: 2CH 17:8. 
tobadonia,,,,,,Freq: 1. Example: 2CH 17:8. 
mrava,,,,,,Freq: 1. Example: 2CH 18:13. 
issel,,,,,,Freq: 1. Example: 2CH 18:19. 
sekedia,,,,,,Freq: 1. Example: 2CH 18:23. 
tomarnu,,,,,,Freq: 1. Example: 2CH 18:26. 
hedori,,,,,,Freq: 1. Example: 2CH 18:34. 
ihedavarihenina,,,,,,Freq: 1. Example: 2CH 19:2. 
boga-aukamui,,,,,,Freq: 1. Example: 2CH 19:11. 
hamaunmai,,,,,,Freq: 1. Example: 2CH 20:9. 
ima-dava,,,,,,Freq: 1. Example: 2CH 20:11. 
ituari-henimai,,,,,,Freq: 1. Example: 2CH 20:12. 
ieruele,,,,,,Freq: 1. Example: 2CH 20:16. 
ihahoadia,,,,,,Freq: 1. Example: 2CH 20:22. 
rohadia,,,,,,Freq: 1. Example: 2CH 20:24. 
dodavahu,,,,,,Freq: 1. Example: 2CH 20:37. 
bogaraumu,,,,,,Freq: 1. Example: 2CH 21:15. 
n-ai,,,,,,Freq: 1. Example: 2CH 21:19. 
ha-arava,,,,,,Freq: 1. Example: 2CH 21:19. 
elisafat,,,,,,Freq: 1. Example: 2CH 23:1. 
gunalaiava,,,,,,Freq: 1. Example: 2CH 23:13. 
heloareana,,,,,,Freq: 1. Example: 2CH 23:19. 
bubuava,,,,,,Freq: 1. Example: 2CH 24:11. 
atoava,,,,,,Freq: 1. Example: 2CH 24:11. 
hehaḡani,,,,,,Freq: 1. Example: 2CH 24:20. 
simiriti,,,,,,Freq: 1. Example: 2CH 24:26. 
ieho-adana,,,,,,Freq: 1. Example: 2CH 25:1. 
maorova,,,,,,Freq: 1. Example: 2CH 25:2. 
lalo-ḡoevaḡoevana,,,,,,Freq: 1. Example: 2CH 25:2. 
sinaltu-ta,,,,,,Freq: 1. Example: 2CH 25:6. 
ḡaraḡaradia,,,,,,Freq: 1. Example: 2CH 25:10. 
ava-ḡinigini,,,,,,Freq: 1. Example: 2CH 25:18. 
labne,,,,,,Freq: 1. Example: 2CH 26:6. 
guru-baal,,,,,,Freq: 1. Example: 2CH 26:7. 
haperea,,,,,,Freq: 1. Example: 2CH 26:8. 
diagunidia,,,,,,Freq: 1. Example: 2CH 26:9. 
ikinolaidia,,,,,,Freq: 1. Example: 2CH 26:15. 
ipidi-lasilaidia,,,,,,Freq: 1. Example: 2CH 26:15. 
igabulaina,,,,,,Freq: 1. Example: 2CH 26:19. 
arnoso,,,,,,Freq: 1. Example: 2CH 26:22. 
tohoava,,,,,,Freq: 1. Example: 2CH 27:6. 
irakakahi-henina,,,,,,Freq: 1. Example: 2CH 28:9. 
badumui,,,,,,Freq: 1. Example: 2CH 28:9. 
iehisikia,,,,,,Freq: 1. Example: 2CH 28:12. 
hadalai,,,,,,Freq: 1. Example: 2CH 28:12. 
hakerereda,,,,,,Freq: 1. Example: 2CH 28:13. 
gimiso,,,,,,Freq: 1. Example: 2CH 28:18. 
ruahui-taurahanita,,,,,,Freq: 1. Example: 2CH 29:1. 
maoromaoroava,,,,,,Freq: 1. Example: 2CH 29:2. 
ihoalaidia,,,,,,Freq: 1. Example: 2CH 29:8. 
isi-henidia,,,,,,Freq: 1. Example: 2CH 29:8. 
leuele,,,,,,Freq: 1. Example: 2CH 29:13. 
iehuele,,,,,,Freq: 1. Example: 2CH 29:14. 
ihagwautatauratoina,,,,,,Freq: 1. Example: 2CH 29:17. 
heḡaeḡaelaidia,,,,,,Freq: 1. Example: 2CH 29:19. 
matai-hanai,,,,,,Freq: 1. Example: 2CH 29:30. 
inihohodia,,,,,,Freq: 1. Example: 2CH 29:32. 
nahelaḡa,,,,,,Freq: 1. Example: 2CH 29:34. 
ihatamonadia,,,,,,Freq: 1. Example: 2CH 30:12. 
haheganilai,,,,,,Freq: 1. Example: 2CH 30:12. 
henevarilaia,,,,,,Freq: 1. Example: 2CH 30:16. 
hamia,,,,,,Freq: 1. Example: 2CH 31:10. 
isimakia,,,,,,Freq: 1. Example: 2CH 31:13. 
hadabudia,,,,,,Freq: 1. Example: 2CH 31:16. 
hegigi,,,,,,Freq: 1. Example: 2CH 32:5. 
iḡonagonalaina,,,,,,Freq: 1. Example: 2CH 32:17. 
roḡe,,,,,,Freq: 1. Example: 2CH 32:28. 
dae-laona,,,,,,Freq: 1. Example: 2CH 32:33. 
imahui-ima,,,,,,Freq: 1. Example: 2CH 33:1. 
oirava,,,,,,Freq: 1. Example: 2CH 33:7. 
tauimanima,,,,,,Freq: 1. Example: 2CH 33:17. 
madaidia,,,,,,Freq: 1. Example: 2CH 34:6. 
kapa-kapa,,,,,,Freq: 1. Example: 2CH 34:11. 
ihanamo-loudia,,,,,,Freq: 1. Example: 2CH 34:11. 
mesularna,,,,,,Freq: 1. Example: 2CH 34:12. 
aeto,,,,,,Freq: 1. Example: 2CH 34:15. 
tokohata,,,,,,Freq: 1. Example: 2CH 34:22. 
hasra,,,,,,Freq: 1. Example: 2CH 34:22. 
lalo-haraḡadia,,,,,,Freq: 1. Example: 2CH 35:8. 
henevarilai,,,,,,Freq: 1. Example: 2CH 35:11. 
gara-kau,,,,,,Freq: 1. Example: 2CH 36:10. 
iabi-maurina,,,,,,Freq: 1. Example: 2CH 36:16. 
bogaragirnui,,,,,,Freq: 1. Example: 2CH 36:23. 
laionai,,,,,,Freq: 1. Example: EZR 1:1. 
reelaia,,,,,,Freq: 1. Example: EZR 2:2. 
mispara,,,,,,Freq: 1. Example: EZR 2:2. 
gibara,,,,,,Freq: 1. Example: EZR 2:20. 
kiriat-arimi,,,,,,Freq: 1. Example: EZR 2:25. 
magabisi,,,,,,Freq: 1. Example: EZR 2:30. 
sinahu-tuaratoi,,,,,,Freq: 1. Example: EZR 2:35. 
siaha,,,,,,Freq: 1. Example: EZR 2:44. 
hagabaha,,,,,,Freq: 1. Example: EZR 2:45. 
samalai,,,,,,Freq: 1. Example: EZR 2:46. 
nefisimi,,,,,,Freq: 1. Example: EZR 2:50. 
basalutu,,,,,,Freq: 1. Example: EZR 2:52. 
hasoferete,,,,,,Freq: 1. Example: EZR 2:55. 
peruda,,,,,,Freq: 1. Example: EZR 2:55. 
iaala,,,,,,Freq: 1. Example: EZR 2:56. 
ami,,,,,,Freq: 1. Example: EZR 2:57. 
adana,,,,,,Freq: 1. Example: EZR 2:59. 
habaia,,,,,,Freq: 1. Example: EZR 2:61. 
henadab,,,,,,Freq: 1. Example: EZR 3:9. 
hadava-hadava,,,,,,Freq: 1. Example: EZR 3:11. 
mailaimai,,,,,,Freq: 1. Example: EZR 4:2. 
bisilama,,,,,,Freq: 1. Example: EZR 4:7. 
osonopara,,,,,,Freq: 1. Example: EZR 4:10. 
hadibamumu,,,,,,Freq: 1. Example: EZR 4:16. 
ekebatana,,,,,,Freq: 1. Example: EZR 6:2. 
ihahelagana,,,,,,Freq: 1. Example: EZR 6:17. 
gaukaralai,,,,,,Freq: 1. Example: EZR 7:18. 
ḡuguru,,,,,,Freq: 1. Example: EZR 7:23. 
iosifia,,,,,,Freq: 1. Example: EZR 8:10. 
hakatan,,,,,,Freq: 1. Example: EZR 8:12. 
loiaribi,,,,,,Freq: 1. Example: EZR 8:16. 
vauta-rua,,,,,,Freq: 1. Example: EZR 8:35. 
dika-herea,,,,,,Freq: 1. Example: EZR 9:1. 
aukigu,,,,,,Freq: 1. Example: EZR 9:3. 
rakasidia,,,,,,Freq: 1. Example: EZR 9:3. 
dara-dokogu,,,,,,Freq: 1. Example: EZR 9:4. 
dabuagu,,,,,,Freq: 1. Example: EZR 9:5. 
hahedokigu,,,,,,Freq: 1. Example: EZR 9:5. 
hekamo-kau,,,,,,Freq: 1. Example: EZR 9:8. 
hagoadamai,,,,,,Freq: 1. Example: EZR 9:8. 
imaḡu-ahumai,,,,,,Freq: 1. Example: EZR 9:9. 
ḡaunaiamu,,,,,,Freq: 1. Example: EZR 9:11. 
roho-maurina,,,,,,Freq: 1. Example: EZR 9:14. 
vauhamata,,,,,,Freq: 1. Example: EZR 10:2. 
lahaseia,,,,,,Freq: 1. Example: EZR 10:15. 
laribi,,,,,,Freq: 1. Example: EZR 10:18. 
kelaia,,,,,,Freq: 1. Example: EZR 10:23. 
ramia,,,,,,Freq: 1. Example: EZR 10:25. 
asisa,,,,,,Freq: 1. Example: EZR 10:27. 
atalai,,,,,,Freq: 1. Example: EZR 10:28. 
lasub,,,,,,Freq: 1. Example: EZR 10:29. 
seala,,,,,,Freq: 1. Example: EZR 10:29. 
kelala,,,,,,Freq: 1. Example: EZR 10:30. 
ieremai,,,,,,Freq: 1. Example: EZR 10:33. 
maadai,,,,,,Freq: 1. Example: EZR 10:34. 
uele,,,,,,Freq: 1. Example: EZR 10:34. 
bedeia,,,,,,Freq: 1. Example: EZR 10:35. 
keluhi,,,,,,Freq: 1. Example: EZR 10:35. 
vania,,,,,,Freq: 1. Example: EZR 10:36. 
iaasu,,,,,,Freq: 1. Example: EZR 10:37. 
maknadebai,,,,,,Freq: 1. Example: EZR 10:40. 
sasai,,,,,,Freq: 1. Example: EZR 10:40. 
sebina,,,,,,Freq: 1. Example: EZR 10:43. 
iadai,,,,,,Freq: 1. Example: EZR 10:43. 
tailaiava,,,,,,Freq: 1. Example: NEH 1:4. 
dokodokodia,,,,,,Freq: 1. Example: NEH 1:9. 
hamoroa,,,,,,Freq: 1. Example: NEH 2:3. 
guilaia,,,,,,Freq: 1. Example: NEH 2:12. 
gagae,,,,,,Freq: 1. Example: NEH 2:17. 
gonagonalaimai,,,,,,Freq: 1. Example: NEH 2:19. 
ilalolaimui,,,,,,Freq: 1. Example: NEH 2:20. 
hasena,,,,,,Freq: 1. Example: NEH 3:3. 
besodeia,,,,,,Freq: 1. Example: NEH 3:6. 
melatia,,,,,,Freq: 1. Example: NEH 3:7. 
ladono,,,,,,Freq: 1. Example: NEH 3:7. 
harahaia,,,,,,Freq: 1. Example: NEH 3:8. 
harumafa,,,,,,Freq: 1. Example: NEH 3:10. 
bete-hakereme,,,,,,Freq: 1. Example: NEH 3:14. 
asabuku,,,,,,Freq: 1. Example: NEH 3:16. 
bavai,,,,,,Freq: 1. Example: NEH 3:18. 
palala,,,,,,Freq: 1. Example: NEH 3:25. 
usai,,,,,,Freq: 1. Example: NEH 3:25. 
salafa,,,,,,Freq: 1. Example: NEH 3:30. 
mamanodia,,,,,,Freq: 1. Example: NEH 4:2. 
senusenudia,,,,,,Freq: 1. Example: NEH 4:2. 
ha-ahu,,,,,,Freq: 1. Example: NEH 4:7. 
haheḡonua,,,,,,Freq: 1. Example: NEH 4:8. 
kwadogi-hereadia,,,,,,Freq: 1. Example: NEH 4:13. 
ihiririna,,,,,,Freq: 1. Example: NEH 4:18. 
hamatalaimu,,,,,,Freq: 1. Example: NEH 5:3. 
hamatalai,,,,,,Freq: 1. Example: NEH 5:4. 
duanaigu,,,,,,Freq: 1. Example: NEH 5:14. 
lohiadiava,,,,,,Freq: 1. Example: NEH 5:15. 
kopi-pusedia,,,,,,Freq: 1. Example: NEH 5:18. 
ikeho-hata,,,,,,Freq: 1. Example: NEH 6:5. 
hagarimai,,,,,,Freq: 1. Example: NEH 6:9. 
elulu,,,,,,Freq: 1. Example: NEH 6:15. 
heilatao,,,,,,Freq: 1. Example: NEH 7:5. 
raamia,,,,,,Freq: 1. Example: NEH 7:7. 
nahamani,,,,,,Freq: 1. Example: NEH 7:7. 
misperete,,,,,,Freq: 1. Example: NEH 7:7. 
nehumu,,,,,,Freq: 1. Example: NEH 7:7. 
bet-asamavete,,,,,,Freq: 1. Example: NEH 7:28. 
hodeva,,,,,,Freq: 1. Example: NEH 7:43. 
salmai,,,,,,Freq: 1. Example: NEH 7:48. 
nefusesimi,,,,,,Freq: 1. Example: NEH 7:52. 
basaliti,,,,,,Freq: 1. Example: NEH 7:54. 
soferete,,,,,,Freq: 1. Example: NEH 7:57. 
perida,,,,,,Freq: 1. Example: NEH 7:57. 
laala,,,,,,Freq: 1. Example: NEH 7:58. 
adono,,,,,,Freq: 1. Example: NEH 7:61. 
hobaia,,,,,,Freq: 1. Example: NEH 7:63. 
lada-tore,,,,,,Freq: 1. Example: NEH 7:64. 
hasabadana,,,,,,Freq: 1. Example: NEH 8:4. 
olivedia,,,,,,Freq: 1. Example: NEH 8:15. 
kenani,,,,,,Freq: 1. Example: NEH 9:4. 
hahoria,,,,,,Freq: 1. Example: NEH 9:10. 
haparararaia,,,,,,Freq: 1. Example: NEH 9:11. 
ha-aukava,,,,,,Freq: 1. Example: NEH 9:16. 
edeedeva,,,,,,Freq: 1. Example: NEH 9:17. 
lalodiava,,,,,,Freq: 1. Example: NEH 9:17. 
honuhonu-daemu,,,,,,Freq: 1. Example: NEH 9:17. 
digarava,,,,,,Freq: 1. Example: NEH 9:25. 
daemai,,,,,,Freq: 1. Example: NEH 9:37. 
ḡwau,,,,,,Freq: 1. Example: NEH 9:37. 
bilgai,,,,,,Freq: 1. Example: NEH 10:8. 
asania,,,,,,Freq: 1. Example: NEH 10:9. 
beninu,,,,,,Freq: 1. Example: NEH 10:13. 
nebai,,,,,,Freq: 1. Example: NEH 10:19. 
magapiasa,,,,,,Freq: 1. Example: NEH 10:20. 
iadua,,,,,,Freq: 1. Example: NEH 10:21. 
pilha,,,,,,Freq: 1. Example: NEH 10:24. 
sobek,,,,,,Freq: 1. Example: NEH 10:24. 
hasabana,,,,,,Freq: 1. Example: NEH 10:25. 
anana,,,,,,Freq: 1. Example: NEH 10:26. 
lalopararadia,,,,,,Freq: 1. Example: NEH 10:28. 
karaoadia,,,,,,Freq: 1. Example: NEH 10:38. 
ikaroana,,,,,,Freq: 1. Example: NEH 10:38. 
ihataurahanitadia,,,,,,Freq: 1. Example: NEH 11:1. 
inoho,,,,,,Freq: 1. Example: NEH 11:2. 
ataia,,,,,,Freq: 1. Example: NEH 11:4. 
ioed,,,,,,Freq: 1. Example: NEH 11:7. 
loed,,,,,,Freq: 1. Example: NEH 11:7. 
gabai,,,,,,Freq: 1. Example: NEH 11:8. 
amasahai,,,,,,Freq: 1. Example: NEH 11:13. 
hagedolimi,,,,,,Freq: 1. Example: NEH 11:14. 
losabad,,,,,,Freq: 1. Example: NEH 11:16. 
guriḡurina,,,,,,Freq: 1. Example: NEH 11:17. 
gispa,,,,,,Freq: 1. Example: NEH 11:21. 
ere-gwaurai,,,,,,Freq: 1. Example: NEH 11:24. 
iekabasele,,,,,,Freq: 1. Example: NEH 11:25. 
mekona,,,,,,Freq: 1. Example: NEH 11:28. 
en-rumon,,,,,,Freq: 1. Example: NEH 11:29. 
nebalata,,,,,,Freq: 1. Example: NEH 11:34. 
hataodia,,,,,,Freq: 1. Example: NEH 11:36. 
ginetoi,,,,,,Freq: 1. Example: NEH 12:4. 
maadia,,,,,,Freq: 1. Example: NEH 12:5. 
loiakim,,,,,,Freq: 1. Example: NEH 12:10. 
loiada,,,,,,Freq: 1. Example: NEH 12:10. 
meraia,,,,,,Freq: 1. Example: NEH 12:12. 
maluki,,,,,,Freq: 1. Example: NEH 12:14. 
helekai,,,,,,Freq: 1. Example: NEH 12:15. 
moadia,,,,,,Freq: 1. Example: NEH 12:17. 
pilitai,,,,,,Freq: 1. Example: NEH 12:17. 
iehonatan,,,,,,Freq: 1. Example: NEH 12:18. 
kalai,,,,,,Freq: 1. Example: NEH 12:20. 
bete-gilgal,,,,,,Freq: 1. Example: NEH 12:29. 
milalai,,,,,,Freq: 1. Example: NEH 12:36. 
gilalai,,,,,,Freq: 1. Example: NEH 12:36. 
maai,,,,,,Freq: 1. Example: NEH 12:36. 
nese-dae,,,,,,Freq: 1. Example: NEH 12:37. 
ieselahia,,,,,,Freq: 1. Example: NEH 12:42. 
hamolaedia,,,,,,Freq: 1. Example: NEH 12:43. 
haboulaiva,,,,,,Freq: 1. Example: NEH 13:5. 
ibalahenidia,,,,,,Freq: 1. Example: NEH 13:13. 
iadavadia,,,,,,Freq: 1. Example: NEH 13:27. 
rava-maragina,,,,,,Freq: 1. Example: NEH 13:28. 
au-rakurakudia,,,,,,Freq: 1. Example: NEH 13:31. 
vaiundia,,,,,,Freq: 1. Example: EST 1:6. 
ikekedia,,,,,,Freq: 1. Example: EST 1:6. 
diu,,,,,,Freq: 1. Example: EST 1:7. 
mehumana,,,,,,Freq: 1. Example: EST 1:10. 
bisita,,,,,,Freq: 1. Example: EST 1:10. 
bigita,,,,,,Freq: 1. Example: EST 1:10. 
abagata,,,,,,Freq: 1. Example: EST 1:10. 
karakasa,,,,,,Freq: 1. Example: EST 1:10. 
irefiuna,,,,,,Freq: 1. Example: EST 1:10. 
karasena,,,,,,Freq: 1. Example: EST 1:14. 
adamata,,,,,,Freq: 1. Example: EST 1:14. 
merese,,,,,,Freq: 1. Example: EST 1:14. 
marasena,,,,,,Freq: 1. Example: EST 1:14. 
haheduana,,,,,,Freq: 1. Example: EST 1:19. 
saasagasa,,,,,,Freq: 1. Example: EST 2:14. 
natua,,,,,,Freq: 1. Example: EST 2:15. 
tebete,,,,,,Freq: 1. Example: EST 2:16. 
reguamu,,,,,,Freq: 1. Example: EST 3:9. 
hahane-hahaneva,,,,,,Freq: 1. Example: EST 4:3. 
baule,,,,,,Freq: 1. Example: EST 4:4. 
davandia,,,,,,Freq: 1. Example: EST 4:16. 
taravatua,,,,,,Freq: 1. Example: EST 4:16. 
ginana,,,,,,Freq: 1. Example: EST 5:2. 
hahebadelaidia,,,,,,Freq: 1. Example: EST 6:2. 
ha-oremai,,,,,,Freq: 1. Example: EST 7:4. 
pari,,,,,,Freq: 1. Example: EST 7:4. 
imatana,,,,,,Freq: 1. Example: EST 7:9. 
imatalaina,,,,,,Freq: 1. Example: EST 7:10. 
vaḡivagina,,,,,,Freq: 1. Example: EST 8:8. 
sivana,,,,,,Freq: 1. Example: EST 8:9. 
loalaidia,,,,,,Freq: 1. Example: EST 8:10. 
ḡaukaralaidiava,,,,,,Freq: 1. Example: EST 8:14. 
parasanadata,,,,,,Freq: 1. Example: EST 9:7. 
dalafono,,,,,,Freq: 1. Example: EST 9:7. 
aspata,,,,,,Freq: 1. Example: EST 9:7. 
porata,,,,,,Freq: 1. Example: EST 9:8. 
adalia,,,,,,Freq: 1. Example: EST 9:8. 
aridata,,,,,,Freq: 1. Example: EST 9:8. 
paramasta,,,,,,Freq: 1. Example: EST 9:9. 
arisai,,,,,,Freq: 1. Example: EST 9:9. 
aridai,,,,,,Freq: 1. Example: EST 9:9. 
vaisata,,,,,,Freq: 1. Example: EST 9:9. 
edehohona,,,,,,Freq: 1. Example: EST 9:12. 
garadia-,,,,,,Freq: 1. Example: EST 9:27. 
purumi,,,,,,Freq: 1. Example: EST 9:29. 
lobu,,,,,,Freq: 1. Example: JOB 1:5. 
ruaruava,,,,,,Freq: 1. Example: JOB 1:14. 
henau,,,,,,Freq: 1. Example: JOB 2:8. 
daga-ahu,,,,,,Freq: 1. Example: JOB 3:5. 
halalaḡaia,,,,,,Freq: 1. Example: JOB 3:5. 
ila-itana,,,,,,Freq: 1. Example: JOB 3:8. 
ihaona,,,,,,Freq: 1. Example: JOB 3:8. 
hagabania,,,,,,Freq: 1. Example: JOB 3:10. 
hahelaigu,,,,,,Freq: 1. Example: JOB 3:12. 
helavahu,,,,,,Freq: 1. Example: JOB 3:16. 
hahetuna,,,,,,Freq: 1. Example: JOB 3:17. 
iditamu,,,,,,Freq: 1. Example: JOB 3:20. 
itahina,,,,,,Freq: 1. Example: JOB 3:21. 
daḡedagena,,,,,,Freq: 1. Example: JOB 4:10. 
hemaunulaia,,,,,,Freq: 1. Example: JOB 4:12. 
nihidia,,,,,,Freq: 1. Example: JOB 4:13. 
deragu,,,,,,Freq: 1. Example: JOB 4:15. 
haraga-haragamu,,,,,,Freq: 1. Example: JOB 4:19. 
alaiamu,,,,,,Freq: 1. Example: JOB 5:1. 
pisi,,,,,,Freq: 1. Example: JOB 5:7. 
kerere-kererena,,,,,,Freq: 1. Example: JOB 5:16. 
haheberomu,,,,,,Freq: 1. Example: JOB 5:18. 
kumimu,,,,,,Freq: 1. Example: JOB 5:18. 
herahu,,,,,,Freq: 1. Example: JOB 5:18. 
ikumina,,,,,,Freq: 1. Example: JOB 5:26. 
tarakigu,,,,,,Freq: 1. Example: JOB 6:4. 
siohadia,,,,,,Freq: 1. Example: JOB 6:4. 
batu,,,,,,Freq: 1. Example: JOB 6:6. 
ḡoredia,,,,,,Freq: 1. Example: JOB 6:10. 
oroamu,,,,,,Freq: 1. Example: JOB 6:19. 
davalaigu,,,,,,Freq: 1. Example: JOB 6:23. 
hanuaboidia,,,,,,Freq: 1. Example: JOB 7:3. 
diva,,,,,,Freq: 1. Example: JOB 7:6. 
tabagu,,,,,,Freq: 1. Example: JOB 7:19. 
pariparimu,,,,,,Freq: 1. Example: JOB 8:11. 
gohaiamu,,,,,,Freq: 1. Example: JOB 8:12. 
hemoḡemu,,,,,,Freq: 1. Example: JOB 8:17. 
hebutu,,,,,,Freq: 1. Example: JOB 8:18. 
haheudea,,,,,,Freq: 1. Example: JOB 9:6. 
e-idia,,,,,,Freq: 1. Example: JOB 9:8. 
hadana,,,,,,Freq: 1. Example: JOB 9:13. 
goada-helulu,,,,,,Freq: 1. Example: JOB 9:19. 
taiga-dika,,,,,,Freq: 1. Example: JOB 9:20. 
heiru,,,,,,Freq: 1. Example: JOB 9:26. 
vanaḡidia,,,,,,Freq: 1. Example: JOB 9:26. 
seigu,,,,,,Freq: 1. Example: JOB 10:10. 
ranuka-ranuka,,,,,,Freq: 1. Example: JOB 10:10. 
hahetarigu,,,,,,Freq: 1. Example: JOB 10:10. 
ḡovagu,,,,,,Freq: 1. Example: JOB 10:11. 
nahuagu,,,,,,Freq: 1. Example: JOB 10:14. 
lanudia,,,,,,Freq: 1. Example: JOB 12:15. 
hariolaidiamu,,,,,,Freq: 1. Example: JOB 12:18. 
ruhadiamu,,,,,,Freq: 1. Example: JOB 12:21. 
hararagadiamu,,,,,,Freq: 1. Example: JOB 12:25. 
hereva-herevalaia,,,,,,Freq: 1. Example: JOB 13:3. 
tahumui,,,,,,Freq: 1. Example: JOB 13:9. 
herevara,,,,,,Freq: 1. Example: JOB 13:18. 
hakahidia,,,,,,Freq: 1. Example: JOB 13:27. 
imoidia,,,,,,Freq: 1. Example: JOB 13:27. 
mouka-moukamu,,,,,,Freq: 1. Example: JOB 13:28. 
ikahu-negegu,,,,,,Freq: 1. Example: JOB 14:14. 
ae-dagagu,,,,,,Freq: 1. Example: JOB 14:16. 
dimura-dimuramu,,,,,,Freq: 1. Example: JOB 14:18. 
hehuhu-hehuhumu,,,,,,Freq: 1. Example: JOB 14:19. 
hepui-hepui,,,,,,Freq: 1. Example: JOB 15:2. 
dobirina,,,,,,Freq: 1. Example: JOB 15:2. 
hahehonu,,,,,,Freq: 1. Example: JOB 15:2. 
henega-hebouna,,,,,,Freq: 1. Example: JOB 15:8. 
hui-buruka,,,,,,Freq: 1. Example: JOB 15:10. 
tau-halo,,,,,,Freq: 1. Example: JOB 15:11. 
hahururumu,,,,,,Freq: 1. Example: JOB 15:12. 
hapouta-poutaiamu,,,,,,Freq: 1. Example: JOB 15:27. 
habadika-badikaiamu,,,,,,Freq: 1. Example: JOB 15:27. 
heḡaeḡaelaimu,,,,,,Freq: 1. Example: JOB 15:35. 
hataiko-taiko,,,,,,Freq: 1. Example: JOB 16:4. 
edebadana,,,,,,Freq: 1. Example: JOB 16:6. 
havarodagu,,,,,,Freq: 1. Example: JOB 16:8. 
varoda-varodana,,,,,,Freq: 1. Example: JOB 16:8. 
habaru-habaru,,,,,,Freq: 1. Example: JOB 16:10. 
atogumu,,,,,,Freq: 1. Example: JOB 16:11. 
negegumu,,,,,,Freq: 1. Example: JOB 16:11. 
hamakohigu,,,,,,Freq: 1. Example: JOB 16:12. 
audunagu,,,,,,Freq: 1. Example: JOB 16:13. 
taunimartima,,,,,,Freq: 1. Example: JOB 17:6. 
kanudi-kanudiraigumu,,,,,,Freq: 1. Example: JOB 17:6. 
haḡaraḡaraiamu,,,,,,Freq: 1. Example: JOB 17:8. 
moru-gurina,,,,,,Freq: 1. Example: JOB 18:8. 
helaoahuna,,,,,,Freq: 1. Example: JOB 18:8. 
ibodi-kwanauna,,,,,,Freq: 1. Example: JOB 18:10. 
hahavaiamu,,,,,,Freq: 1. Example: JOB 18:11. 
hamamanoamu,,,,,,Freq: 1. Example: JOB 18:12. 
heiene,,,,,,Freq: 1. Example: JOB 18:15. 
oiari,,,,,,Freq: 1. Example: JOB 18:18. 
lalagalaiamu,,,,,,Freq: 1. Example: JOB 18:20. 
hakereregu,,,,,,Freq: 1. Example: JOB 19:6. 
hadareregumu,,,,,,Freq: 1. Example: JOB 19:10. 
ituari-henigu,,,,,,Freq: 1. Example: JOB 19:12. 
iga-igaraigumu,,,,,,Freq: 1. Example: JOB 19:17. 
horemu,,,,,,Freq: 1. Example: JOB 19:20. 
hdhisigumu,,,,,,Freq: 1. Example: JOB 19:22. 
hahisigumu,,,,,,Freq: 1. Example: JOB 19:22. 
vaduna,,,,,,Freq: 1. Example: JOB 19:24. 
mumutaia,,,,,,Freq: 1. Example: JOB 20:15. 
ihakununa,,,,,,Freq: 1. Example: JOB 20:23. 
audunana,,,,,,Freq: 1. Example: JOB 20:25. 
ihadonodia,,,,,,Freq: 1. Example: JOB 20:26. 
hahururua,,,,,,Freq: 1. Example: JOB 20:26. 
maumauraidiamu,,,,,,Freq: 1. Example: JOB 21:4. 
matadiai,,,,,,Freq: 1. Example: JOB 21:8. 
mavarumu,,,,,,Freq: 1. Example: JOB 21:11. 
ha-aonegaia,,,,,,Freq: 1. Example: JOB 21:22. 
hidorona,,,,,,Freq: 1. Example: JOB 21:24. 
lauma-iditana,,,,,,Freq: 1. Example: JOB 21:25. 
hai,,,,,,Freq: 1. Example: JOB 22:6. 
gari-taku,,,,,,Freq: 1. Example: JOB 22:10. 
lalo-iditagu,,,,,,Freq: 1. Example: JOB 23:2. 
idurulaigu,,,,,,Freq: 1. Example: JOB 23:4. 
halalaḡaḡu,,,,,,Freq: 1. Example: JOB 23:16. 
ḡeḡeḡu,,,,,,Freq: 1. Example: JOB 23:17. 
gwauhamatadavana,,,,,,Freq: 1. Example: JOB 24:3. 
momorudiae,,,,,,Freq: 1. Example: JOB 24:6. 
metaidia,,,,,,Freq: 1. Example: JOB 24:8. 
dadiamu,,,,,,Freq: 1. Example: JOB 24:9. 
moidiamu,,,,,,Freq: 1. Example: JOB 24:11. 
masediamu,,,,,,Freq: 1. Example: JOB 24:11. 
darediamu,,,,,,Freq: 1. Example: JOB 24:16. 
uneadia,,,,,,Freq: 1. Example: JOB 24:18. 
geaka-geaka,,,,,,Freq: 1. Example: JOB 24:19. 
dodomu,,,,,,Freq: 1. Example: JOB 24:19. 
dorivanai,,,,,,Freq: 1. Example: JOB 25:2. 
dobu-masemase,,,,,,Freq: 1. Example: JOB 26:6. 
hahebouamu,,,,,,Freq: 1. Example: JOB 26:8. 
hagaimaia,,,,,,Freq: 1. Example: JOB 26:12. 
lahulahumu,,,,,,Freq: 1. Example: JOB 26:14. 
guba-rahurahu,,,,,,Freq: 1. Example: JOB 26:14. 
korikorirta,,,,,,Freq: 1. Example: JOB 27:2. 
ha-iditaiamu,,,,,,Freq: 1. Example: JOB 27:2. 
basinato,,,,,,Freq: 1. Example: JOB 27:5. 
ano,,,,,,Freq: 1. Example: JOB 28:2. 
ihavevena,,,,,,Freq: 1. Example: JOB 28:2. 
hetahumu,,,,,,Freq: 1. Example: JOB 28:3. 
manodia,,,,,,Freq: 1. Example: JOB 28:11. 
glass,,,,,,Freq: 1. Example: JOB 28:17. 
iahulahu,,,,,,Freq: 1. Example: JOB 28:22. 
kevaruna,,,,,,Freq: 1. Example: JOB 28:26. 
bamoguva,,,,,,Freq: 1. Example: JOB 29:5. 
vataḡadia,,,,,,Freq: 1. Example: JOB 29:6. 
maodia,,,,,,Freq: 1. Example: JOB 29:10. 
dodomana,,,,,,Freq: 1. Example: JOB 29:17. 
ramugu,,,,,,Freq: 1. Example: JOB 29:19. 
rigigu,,,,,,Freq: 1. Example: JOB 29:19. 
matamatamu,,,,,,Freq: 1. Example: JOB 29:20. 
henariva,,,,,,Freq: 1. Example: JOB 29:21. 
ḡauaiamu,,,,,,Freq: 1. Example: JOB 30:3. 
bagubagumu,,,,,,Freq: 1. Example: JOB 30:10. 
maorana,,,,,,Freq: 1. Example: JOB 30:11. 
hearuru,,,,,,Freq: 1. Example: JOB 30:12. 
mukona,,,,,,Freq: 1. Example: JOB 30:18. 
hakoremaia,,,,,,Freq: 1. Example: JOB 30:28. 
hevaka,,,,,,Freq: 1. Example: JOB 30:30. 
morumorumu,,,,,,Freq: 1. Example: JOB 30:30. 
itadiaimu,,,,,,Freq: 1. Example: JOB 31:4. 
duahidiamu,,,,,,Freq: 1. Example: JOB 31:4. 
hahetohogu,,,,,,Freq: 1. Example: JOB 31:6. 
riria,,,,,,Freq: 1. Example: JOB 31:10. 
havalahu-valahua,,,,,,Freq: 1. Example: JOB 31:16. 
gunita,,,,,,Freq: 1. Example: JOB 31:17. 
larolarogu,,,,,,Freq: 1. Example: JOB 31:22. 
hahisina,,,,,,Freq: 1. Example: JOB 31:23. 
haduagumu,,,,,,Freq: 1. Example: JOB 32:18. 
inai-henigu,,,,,,Freq: 1. Example: JOB 33:10. 
itadiava,,,,,,Freq: 1. Example: JOB 33:21. 
aonga,,,,,,Freq: 1. Example: JOB 34:2. 
patapatadiamu,,,,,,Freq: 1. Example: JOB 34:37. 
hadibadibadamu,,,,,,Freq: 1. Example: JOB 35:11. 
ha-aonegadamu,,,,,,Freq: 1. Example: JOB 35:11. 
heidi-rorona,,,,,,Freq: 1. Example: JOB 36:16. 
anelaiamu,,,,,,Freq: 1. Example: JOB 36:24. 
varahudia,,,,,,Freq: 1. Example: JOB 36:27. 
heturia-rikilaiamu,,,,,,Freq: 1. Example: JOB 36:33. 
taho-diho,,,,,,Freq: 1. Example: JOB 37:9. 
hetarimu,,,,,,Freq: 1. Example: JOB 37:10. 
ihagugurudia,,,,,,Freq: 1. Example: JOB 37:12. 
hevarivarina,,,,,,Freq: 1. Example: JOB 37:18. 
ihamaoromaorolaidia,,,,,,Freq: 1. Example: JOB 37:19. 
itaitana,,,,,,Freq: 1. Example: JOB 37:22. 
digidia,,,,,,Freq: 1. Example: JOB 38:13. 
muramuraia,,,,,,Freq: 1. Example: JOB 38:14. 
lohilohi-dae,,,,,,Freq: 1. Example: JOB 38:16. 
haita,,,,,,Freq: 1. Example: JOB 38:25. 
deḡedegena-rahu,,,,,,Freq: 1. Example: JOB 38:27. 
hunu-hetari,,,,,,Freq: 1. Example: JOB 38:29. 
iḡuilaidia,,,,,,Freq: 1. Example: JOB 38:31. 
ha-evaia,,,,,,Freq: 1. Example: JOB 38:37. 
hemane,,,,,,Freq: 1. Example: JOB 38:38. 
rakimu,,,,,,Freq: 1. Example: JOB 38:40. 
maramu,,,,,,Freq: 1. Example: JOB 39:3. 
habadinalaia,,,,,,Freq: 1. Example: JOB 39:11. 
hahetapo-hetapoamu,,,,,,Freq: 1. Example: JOB 39:13. 
rakatanidiamu,,,,,,Freq: 1. Example: JOB 39:14. 
hasiahu-siahudia,,,,,,Freq: 1. Example: JOB 39:14. 
kimoredia,,,,,,Freq: 1. Example: JOB 39:23. 
sibo-hemataurai,,,,,,Freq: 1. Example: JOB 40:10. 
hakwalimumu,,,,,,Freq: 1. Example: JOB 40:14. 
hippopotamus,,,,,,Freq: 1. Example: JOB 40:15. 
luna,,,,,,Freq: 1. Example: JOB 40:17. 
hebani,,,,,,Freq: 1. Example: JOB 40:17. 
gadaramu,,,,,,Freq: 1. Example: JOB 40:20. 
toiamu,,,,,,Freq: 1. Example: JOB 40:23. 
gadaralaia,,,,,,Freq: 1. Example: JOB 41:5. 
vakaia,,,,,,Freq: 1. Example: JOB 41:13. 
heḡeḡe-dae,,,,,,Freq: 1. Example: JOB 41:14. 
hahekapa-hekapadia,,,,,,Freq: 1. Example: JOB 41:15. 
hekahi-hekahi,,,,,,Freq: 1. Example: JOB 41:16. 
kimoremore,,,,,,Freq: 1. Example: JOB 41:19. 
hahodi-lasi,,,,,,Freq: 1. Example: JOB 41:21. 
ha-aradiamu,,,,,,Freq: 1. Example: JOB 41:21. 
haheḡari,,,,,,Freq: 1. Example: JOB 41:22. 
baruru-barurudia,,,,,,Freq: 1. Example: JOB 41:23. 
hahekapa-hekapadiamu,,,,,,Freq: 1. Example: JOB 41:23. 
nadi-hurona,,,,,,Freq: 1. Example: JOB 41:24. 
houka-houkana,,,,,,Freq: 1. Example: JOB 41:27. 
hanahuaiamu,,,,,,Freq: 1. Example: JOB 41:32. 
hahoagu,,,,,,Freq: 1. Example: JOB 42:3. 
itamumu,,,,,,Freq: 1. Example: JOB 42:5. 
vagivaḡina,,,,,,Freq: 1. Example: JOB 42:11. 
lemima,,,,,,Freq: 1. Example: JOB 42:14. 
kesia,,,,,,Freq: 1. Example: JOB 42:14. 
kerene-hapuku,,,,,,Freq: 1. Example: JOB 42:14. 
ḡuilaida,,,,,,Freq: 1. Example: PSA 2:3. 
vahadia,,,,,,Freq: 1. Example: PSA 3:7. 
gimagumu,,,,,,Freq: 1. Example: PSA 4:8. 
ḡaragarana,,,,,,Freq: 1. Example: PSA 6:1. 
pariparumu,,,,,,Freq: 1. Example: PSA 6:6. 
doriva-doriva,,,,,,Freq: 1. Example: PSA 7:17. 
higgaion,,,,,,Freq: 1. Example: PSA 9:16. 
pururudiamu,,,,,,Freq: 1. Example: PSA 10:5. 
hapataia,,,,,,Freq: 1. Example: PSA 10:10. 
adaimu,,,,,,Freq: 1. Example: PSA 11:2. 
bibinada,,,,,,Freq: 1. Example: PSA 12:4. 
mauri-gabuna,,,,,,Freq: 1. Example: PSA 12:5. 
ihavevelaina,,,,,,Freq: 1. Example: PSA 12:6. 
heherea-dadae,,,,,,Freq: 1. Example: PSA 16:3. 
koudiamu,,,,,,Freq: 1. Example: PSA 17:10. 
gavagu,,,,,,Freq: 1. Example: PSA 17:11. 
ha-aonegaiamu,,,,,,Freq: 1. Example: PSA 19:7. 
haodaia,,,,,,Freq: 1. Example: PSA 20:5. 
rak-atanigu,,,,,,Freq: 1. Example: PSA 22:1. 
gimaguva,,,,,,Freq: 1. Example: PSA 22:9. 
heridemu,,,,,,Freq: 1. Example: PSA 22:14. 
kaki,,,,,,Freq: 1. Example: PSA 22:15. 
ḡegegu,,,,,,Freq: 1. Example: PSA 22:16. 
raraigumu,,,,,,Freq: 1. Example: PSA 22:17. 
ireḡugu,,,,,,Freq: 1. Example: PSA 23:1. 
hahekuregumu,,,,,,Freq: 1. Example: PSA 23:2. 
deḡedeḡerahu,,,,,,Freq: 1. Example: PSA 23:2. 
horoamu,,,,,,Freq: 1. Example: PSA 23:5. 
ima-ḡoevaḡoeva,,,,,,Freq: 1. Example: PSA 24:4. 
herouheroua,,,,,,Freq: 1. Example: PSA 25:2. 
hemailaimu,,,,,,Freq: 1. Example: PSA 25:6. 
iabidadama-henimu,,,,,,Freq: 1. Example: PSA 26:3. 
ialo-ḡoevaḡoeva,,,,,,Freq: 1. Example: PSA 26:6. 
huriamu,,,,,,Freq: 1. Example: PSA 26:6. 
lololaiamu,,,,,,Freq: 1. Example: PSA 26:7. 
darogu,,,,,,Freq: 1. Example: PSA 26:9. 
daḡedage,,,,,,Freq: 1. Example: PSA 27:2. 
ḡosimu,,,,,,Freq: 1. Example: PSA 27:12. 
negara,,,,,,Freq: 1. Example: PSA 28:2. 
hakevaru,,,,,,Freq: 1. Example: PSA 29:7. 
hirihirimu,,,,,,Freq: 1. Example: PSA 29:9. 
au-raudia,,,,,,Freq: 1. Example: PSA 29:9. 
gadeḡade,,,,,,Freq: 1. Example: PSA 30:11. 
mamano,,,,,,Freq: 1. Example: PSA 31:10. 
heautanigumu,,,,,,Freq: 1. Example: PSA 31:11. 
hahekapu,,,,,,Freq: 1. Example: PSA 31:18. 
geakageaka,,,,,,Freq: 1. Example: PSA 32:4. 
hahegeḡegu,,,,,,Freq: 1. Example: PSA 32:7. 
taurla,,,,,,Freq: 1. Example: PSA 32:10. 
lolomui,,,,,,Freq: 1. Example: PSA 33:3. 
hamaundia,,,,,,Freq: 1. Example: PSA 33:19. 
hatoadia,,,,,,Freq: 1. Example: PSA 35:8. 
ihi-ihiraiguva,,,,,,Freq: 1. Example: PSA 35:15. 
ha-roro,,,,,,Freq: 1. Example: PSA 35:19. 
ahagamu,,,,,,Freq: 1. Example: PSA 35:21. 
ihamaoromaorogu,,,,,,Freq: 1. Example: PSA 35:23. 
gvauraigu,,,,,,Freq: 1. Example: PSA 35:24. 
paraparamu,,,,,,Freq: 1. Example: PSA 36:12. 
alomu,,,,,,Freq: 1. Example: PSA 37:1. 
tagamu,,,,,,Freq: 1. Example: PSA 37:7. 
hereava,,,,,,Freq: 1. Example: PSA 37:35. 
digaramu,,,,,,Freq: 1. Example: PSA 38:3. 
ikoigu,,,,,,Freq: 1. Example: PSA 38:12. 
davanalaiamu,,,,,,Freq: 1. Example: PSA 38:20. 
ilalolaimai,,,,,,Freq: 1. Example: PSA 40:5. 
lalo-hadaidia,,,,,,Freq: 1. Example: PSA 40:5. 
ilokuna,,,,,,Freq: 1. Example: PSA 40:7. 
reḡugu,,,,,,Freq: 1. Example: PSA 40:11. 
ohona,,,,,,Freq: 1. Example: PSA 40:14. 
misara,,,,,,Freq: 1. Example: PSA 42:6. 
seiraina,,,,,,Freq: 1. Example: PSA 42:7. 
haheḡanilaiamu,,,,,,Freq: 1. Example: PSA 42:8. 
haloumai,,,,,,Freq: 1. Example: PSA 44:10. 
hakarohomai,,,,,,Freq: 1. Example: PSA 44:11. 
hevasehalaimai,,,,,,Freq: 1. Example: PSA 44:13. 
ihi-ihiraimai,,,,,,Freq: 1. Example: PSA 44:14. 
huarimai,,,,,,Freq: 1. Example: PSA 44:19. 
koekoemu,,,,,,Freq: 1. Example: PSA 45:3. 
aurla,,,,,,Freq: 1. Example: PSA 45:6. 
hamoalemumu,,,,,,Freq: 1. Example: PSA 45:8. 
haheraiamu,,,,,,Freq: 1. Example: PSA 45:13. 
moale-badadia,,,,,,Freq: 1. Example: PSA 45:15. 
bituamu,,,,,,Freq: 1. Example: PSA 46:9. 
douamu,,,,,,Freq: 1. Example: PSA 46:9. 
heatolaigumu,,,,,,Freq: 1. Example: PSA 46:10. 
henudai,,,,,,Freq: 1. Example: PSA 47:3. 
goada-bada,,,,,,Freq: 1. Example: PSA 50:1. 
hairai-herea,,,,,,Freq: 1. Example: PSA 50:2. 
kumamu,,,,,,Freq: 1. Example: PSA 50:3. 
gegea,,,,,,Freq: 1. Example: PSA 50:3. 
hurigu,,,,,,Freq: 1. Example: PSA 51:7. 
kerehaim,,,,,,Freq: 1. Example: PSA 51:17. 
raḡamu,,,,,,Freq: 1. Example: PSA 52:5. 
imudana,,,,,,Freq: 1. Example: PSA 54:4. 
nenenenemu,,,,,,Freq: 1. Example: PSA 54:7. 
hadaradaragu,,,,,,Freq: 1. Example: PSA 55:3. 
hanigu,,,,,,Freq: 1. Example: PSA 55:6. 
haheala,,,,,,Freq: 1. Example: PSA 55:9. 
hehenamo,,,,,,Freq: 1. Example: PSA 56:12. 
ihatoadia,,,,,,Freq: 1. Example: PSA 57:6. 
ragadia,,,,,,Freq: 1. Example: PSA 58:6. 
bisisi,,,,,,Freq: 1. Example: PSA 58:8. 
kwari,,,,,,Freq: 1. Example: PSA 58:8. 
ihebubuna,,,,,,Freq: 1. Example: PSA 59:2. 
ioamu,,,,,,Freq: 1. Example: PSA 59:6. 
kumumu,,,,,,Freq: 1. Example: PSA 59:15. 
haka-lgu,,,,,,Freq: 1. Example: PSA 60:9. 
hagagu,,,,,,Freq: 1. Example: PSA 61:2. 
sehemu,,,,,,Freq: 1. Example: PSA 62:3. 
larodia,,,,,,Freq: 1. Example: PSA 62:10. 
segediamu,,,,,,Freq: 1. Example: PSA 64:3. 
kinodiamu,,,,,,Freq: 1. Example: PSA 64:3. 
tarakiamu,,,,,,Freq: 1. Example: PSA 64:4. 
iato-hehunidia,,,,,,Freq: 1. Example: PSA 64:5. 
itada,,,,,,Freq: 1. Example: PSA 64:5. 
aonegada,,,,,,Freq: 1. Example: PSA 64:6. 
hadareremaimu,,,,,,Freq: 1. Example: PSA 65:3. 
hariolaiamu,,,,,,Freq: 1. Example: PSA 65:6. 
ruadia,,,,,,Freq: 1. Example: PSA 65:10. 
hataoradiamu,,,,,,Freq: 1. Example: PSA 65:10. 
hadabuadiamu,,,,,,Freq: 1. Example: PSA 65:13. 
hadokiamu,,,,,,Freq: 1. Example: PSA 65:13. 
moimai,,,,,,Freq: 1. Example: PSA 66:12. 
iḡole-ohodia,,,,,,Freq: 1. Example: PSA 66:15. 
gwau-emuri,,,,,,Freq: 1. Example: PSA 68:6. 
kaukauva,,,,,,Freq: 1. Example: PSA 68:9. 
haridiamu,,,,,,Freq: 1. Example: PSA 68:12. 
hamuemu,,,,,,Freq: 1. Example: PSA 68:16. 
hamuena,,,,,,Freq: 1. Example: PSA 68:16. 
hareḡemu,,,,,,Freq: 1. Example: PSA 68:25. 
laromumu,,,,,,Freq: 1. Example: PSA 69:6. 
ihahemaraigu,,,,,,Freq: 1. Example: PSA 69:10. 
batubatudia,,,,,,Freq: 1. Example: PSA 69:23. 
tahumunu,,,,,,Freq: 1. Example: PSA 70:4. 
umodaimu,,,,,,Freq: 1. Example: PSA 71:6. 
ioulou,,,,,,Freq: 1. Example: PSA 71:14. 
helado,,,,,,Freq: 1. Example: PSA 72:16. 
auka-a,,,,,,Freq: 1. Example: PSA 73:4. 
hagudu,,,,,,Freq: 1. Example: PSA 73:7. 
kodoava,,,,,,Freq: 1. Example: PSA 73:21. 
perepere,,,,,,Freq: 1. Example: PSA 74:5. 
toamai,,,,,,Freq: 1. Example: PSA 74:9. 
raragararagamu,,,,,,Freq: 1. Example: PSA 75:3. 
imudadiamu,,,,,,Freq: 1. Example: PSA 75:3. 
haboḡe,,,,,,Freq: 1. Example: PSA 75:5. 
kiama-kiamadia,,,,,,Freq: 1. Example: PSA 76:3. 
iguina,,,,,,Freq: 1. Example: PSA 76:6. 
habereredia,,,,,,Freq: 1. Example: PSA 76:6. 
haheriolaia,,,,,,Freq: 1. Example: PSA 76:10. 
ihalolaina,,,,,,Freq: 1. Example: PSA 77:2. 
koea,,,,,,Freq: 1. Example: PSA 77:18. 
hirihiri,,,,,,Freq: 1. Example: PSA 77:18. 
vataḡamu,,,,,,Freq: 1. Example: PSA 77:19. 
koupa-koupa,,,,,,Freq: 1. Example: PSA 78:20. 
gadodiava,,,,,,Freq: 1. Example: PSA 78:29. 
gadova,,,,,,Freq: 1. Example: PSA 78:30. 
malaka-malakava,,,,,,Freq: 1. Example: PSA 78:34. 
hatutukadia,,,,,,Freq: 1. Example: PSA 78:37. 
deḡedeḡe,,,,,,Freq: 1. Example: PSA 78:40. 
rautunutunu,,,,,,Freq: 1. Example: PSA 78:46. 
hakaudiava,,,,,,Freq: 1. Example: PSA 78:52. 
kirikirilaimaimu,,,,,,Freq: 1. Example: PSA 79:4. 
ihadikalaimai,,,,,,Freq: 1. Example: PSA 79:8. 
ihi-ihiraimu,,,,,,Freq: 1. Example: PSA 79:12. 
hesiriu-hesiriu,,,,,,Freq: 1. Example: PSA 79:13. 
badulai,,,,,,Freq: 1. Example: PSA 80:4. 
ha-anilaidia,,,,,,Freq: 1. Example: PSA 80:5. 
vevea,,,,,,Freq: 1. Example: PSA 80:9. 
heubulaimu,,,,,,Freq: 1. Example: PSA 80:13. 
hareḡedia,,,,,,Freq: 1. Example: PSA 81:2. 
rahu-rahu,,,,,,Freq: 1. Example: PSA 81:7. 
kumaia,,,,,,Freq: 1. Example: PSA 83:1. 
iaḡamu,,,,,,Freq: 1. Example: PSA 83:1. 
henegamu,,,,,,Freq: 1. Example: PSA 83:5. 
seriserina,,,,,,Freq: 1. Example: PSA 83:10. 
mariu,,,,,,Freq: 1. Example: PSA 83:13. 
hegiromu,,,,,,Freq: 1. Example: PSA 83:13. 
ḡoleamu,,,,,,Freq: 1. Example: PSA 83:14. 
taruhadia,,,,,,Freq: 1. Example: PSA 84:10. 
hailai,,,,,,Freq: 1. Example: PSA 84:11. 
hanamoava,,,,,,Freq: 1. Example: PSA 85:1. 
heabidama,,,,,,Freq: 1. Example: PSA 85:10. 
haheboua,,,,,,Freq: 1. Example: PSA 86:11. 
badigu,,,,,,Freq: 1. Example: PSA 87:7. 
hisihisigu,,,,,,Freq: 1. Example: PSA 88:15. 
kahira-kahirana,,,,,,Freq: 1. Example: PSA 88:15. 
habubunigumu,,,,,,Freq: 1. Example: PSA 88:16. 
heḡegemu,,,,,,Freq: 1. Example: PSA 88:17. 
haduduia,,,,,,Freq: 1. Example: PSA 89:17. 
haerotania,,,,,,Freq: 1. Example: PSA 89:22. 
malaḡa,,,,,,Freq: 1. Example: PSA 89:45. 
haheḡereḡereamu,,,,,,Freq: 1. Example: PSA 90:11. 
ubumai,,,,,,Freq: 1. Example: PSA 90:14. 
hamoalemai,,,,,,Freq: 1. Example: PSA 90:15. 
hahisimaiva,,,,,,Freq: 1. Example: PSA 90:15. 
mamiava,,,,,,Freq: 1. Example: PSA 90:15. 
kinomu,,,,,,Freq: 1. Example: PSA 91:5. 
hakahikahimu,,,,,,Freq: 1. Example: PSA 91:7. 
hakahikahia,,,,,,Freq: 1. Example: PSA 91:10. 
dodobu,,,,,,Freq: 1. Example: PSA 92:5. 
sidana,,,,,,Freq: 1. Example: PSA 92:12. 
todedia,,,,,,Freq: 1. Example: PSA 92:14. 
ha-aonegadiamu,,,,,,Freq: 1. Example: PSA 94:10. 
heḡei,,,,,,Freq: 1. Example: PSA 94:13. 
ikarada,,,,,,Freq: 1. Example: PSA 95:6. 
tuida,,,,,,Freq: 1. Example: PSA 95:6. 
tano-ḡagaena,,,,,,Freq: 1. Example: PSA 95:8. 
lalo-kerere,,,,,,Freq: 1. Example: PSA 95:10. 
ihahemaoro,,,,,,Freq: 1. Example: PSA 96:13. 
hahaneava,,,,,,Freq: 1. Example: PSA 99:6. 
hahenamomui,,,,,,Freq: 1. Example: PSA 100:4. 
aneiaidia,,,,,,Freq: 1. Example: PSA 101:1. 
ialo-gagevagageva,,,,,,Freq: 1. Example: PSA 101:4. 
heagimu,,,,,,Freq: 1. Example: PSA 101:5. 
ilalonamo-henina,,,,,,Freq: 1. Example: PSA 102:13. 
nenea,,,,,,Freq: 1. Example: PSA 102:19. 
bolodiamu,,,,,,Freq: 1. Example: PSA 102:26. 
halohidia,,,,,,Freq: 1. Example: PSA 104:10. 
hapariparidiamu,,,,,,Freq: 1. Example: PSA 104:13. 
ihakimoredia,,,,,,Freq: 1. Example: PSA 104:15. 
ihagoadalaidia,,,,,,Freq: 1. Example: PSA 104:15. 
heḡiḡi-boudia,,,,,,Freq: 1. Example: PSA 104:24. 
duahiduahi,,,,,,Freq: 1. Example: PSA 104:25. 
lakara,,,,,,Freq: 1. Example: PSA 104:26. 
donodono,,,,,,Freq: 1. Example: PSA 104:26. 
raraiamu,,,,,,Freq: 1. Example: PSA 104:32. 
ha-aonegadia,,,,,,Freq: 1. Example: PSA 105:22. 
iḡovadia,,,,,,Freq: 1. Example: PSA 105:39. 
kororova,,,,,,Freq: 1. Example: PSA 106:9. 
ihavarodavarodadia,,,,,,Freq: 1. Example: PSA 106:15. 
bodohia,,,,,,Freq: 1. Example: PSA 106:20. 
siriana,,,,,,Freq: 1. Example: PSA 106:32. 
manadalaiva,,,,,,Freq: 1. Example: PSA 106:35. 
hahebubuva,,,,,,Freq: 1. Example: PSA 106:38. 
hamirodiava,,,,,,Freq: 1. Example: PSA 106:39. 
ibogahisidia,,,,,,Freq: 1. Example: PSA 106:46. 
abidiava,,,,,,Freq: 1. Example: PSA 107:5. 
hakunuamu,,,,,,Freq: 1. Example: PSA 107:9. 
gadoimu,,,,,,Freq: 1. Example: PSA 107:39. 
haheḡeḡegu,,,,,,Freq: 1. Example: PSA 109:3. 
ihahemaoro-heninatotona,,,,,,Freq: 1. Example: PSA 109:6. 
dodoa,,,,,,Freq: 1. Example: PSA 109:18. 
ḡeḡeamu,,,,,,Freq: 1. Example: PSA 109:19. 
ogogamimu,,,,,,Freq: 1. Example: PSA 109:22. 
tapogu,,,,,,Freq: 1. Example: PSA 109:23. 
iheatu-henigu,,,,,,Freq: 1. Example: PSA 109:28. 
kunudia,,,,,,Freq: 1. Example: PSA 110:3. 
hesinu,,,,,,Freq: 1. Example: PSA 112:3. 
gado-idau,,,,,,Freq: 1. Example: PSA 114:1. 
ioumu,,,,,,Freq: 1. Example: PSA 114:5. 
udu-baubaudia,,,,,,Freq: 1. Example: PSA 115:6. 
gugubaguva,,,,,,Freq: 1. Example: PSA 116:3. 
hekwakwanaiva,,,,,,Freq: 1. Example: PSA 116:6. 
hamauriguva,,,,,,Freq: 1. Example: PSA 116:6. 
geḡegu,,,,,,Freq: 1. Example: PSA 118:11. 
gwauraimumu,,,,,,Freq: 1. Example: PSA 119:13. 
abigumu,,,,,,Freq: 1. Example: PSA 119:53. 
dae-kau,,,,,,Freq: 1. Example: PSA 119:54. 
idoagumu,,,,,,Freq: 1. Example: PSA 119:61. 
ivedailaina,,,,,,Freq: 1. Example: PSA 119:83. 
momomo,,,,,,Freq: 1. Example: PSA 119:86. 
kakani,,,,,,Freq: 1. Example: PSA 119:86. 
aragumu,,,,,,Freq: 1. Example: PSA 119:139. 
larodiamu,,,,,,Freq: 1. Example: PSA 119:147. 
abi-dadi,,,,,,Freq: 1. Example: PSA 119:162. 
wa,,,,,,Freq: 1. Example: PSA 119:165. 
hadibalaigumu,,,,,,Freq: 1. Example: PSA 119:171. 
hagoreremu,,,,,,Freq: 1. Example: PSA 121:6. 
hahekuboua,,,,,,Freq: 1. Example: PSA 122:3. 
hekinkirilai,,,,,,Freq: 1. Example: PSA 123:4. 
maurida,,,,,,Freq: 1. Example: PSA 124:3. 
siahuva,,,,,,Freq: 1. Example: PSA 124:3. 
aruda,,,,,,Freq: 1. Example: PSA 124:4. 
habubunida,,,,,,Freq: 1. Example: PSA 124:4. 
ḡovada,,,,,,Freq: 1. Example: PSA 124:5. 
hanuamu,,,,,,Freq: 1. Example: PSA 127:2. 
hadaediamu,,,,,,Freq: 1. Example: PSA 135:7. 
tarlobada,,,,,,Freq: 1. Example: PSA 138:4. 
anelaidia,,,,,,Freq: 1. Example: PSA 138:5. 
karakarana,,,,,,Freq: 1. Example: PSA 138:8. 
gunalaigumu,,,,,,Freq: 1. Example: PSA 139:5. 
gabelaigumu,,,,,,Freq: 1. Example: PSA 139:5. 
gorugu,,,,,,Freq: 1. Example: PSA 139:11. 
hamatakamu,,,,,,Freq: 1. Example: PSA 140:3. 
idoalaigu,,,,,,Freq: 1. Example: PSA 140:5. 
hageremumu,,,,,,Freq: 1. Example: PSA 141:8. 
dosigumu,,,,,,Freq: 1. Example: PSA 142:4. 
gegegu,,,,,,Freq: 1. Example: PSA 142:7. 
heinina,,,,,,Freq: 1. Example: PSA 143:10. 
dawe,,,,,,Freq: 1. Example: PSA 143:12. 
kwakiwakidia,,,,,,Freq: 1. Example: PSA 144:1. 
varo-gwauta,,,,,,Freq: 1. Example: PSA 144:9. 
gitarana,,,,,,Freq: 1. Example: PSA 144:9. 
hapiu,,,,,,Freq: 1. Example: PSA 145:7. 
anelai,,,,,,Freq: 1. Example: PSA 145:7. 
hariharibadana,,,,,,Freq: 1. Example: PSA 147:1. 
beberoho,,,,,,Freq: 1. Example: PSA 147:16. 
hatoaiamu,,,,,,Freq: 1. Example: PSA 147:18. 
diarimui,,,,,,Freq: 1. Example: PSA 148:3. 
dorivana,,,,,,Freq: 1. Example: PSA 148:4. 
tano-rau,,,,,,Freq: 1. Example: PSA 148:10. 
dekedekenai,,,,,,Freq: 1. Example: PSA 148:14. 
haheralaidiamu,,,,,,Freq: 1. Example: PSA 149:4. 
karabalaheni,,,,,,Freq: 1. Example: PRO 1:4. 
iotona,,,,,,Freq: 1. Example: PRO 1:17. 
ihahebubudia,,,,,,Freq: 1. Example: PRO 1:18. 
hoinoi,,,,,,Freq: 1. Example: PRO 1:20. 
kware-kware,,,,,,Freq: 1. Example: PRO 1:22. 
ḡonaḡonalaimui,,,,,,Freq: 1. Example: PRO 1:26. 
hidiva,,,,,,Freq: 1. Example: PRO 1:29. 
lalo-dobu,,,,,,Freq: 1. Example: PRO 2:3. 
idiho-henina,,,,,,Freq: 1. Example: PRO 2:18. 
maoromabro,,,,,,Freq: 1. Example: PRO 2:21. 
hegui-hegui,,,,,,Freq: 1. Example: PRO 2:22. 
ibulolaina,,,,,,Freq: 1. Example: PRO 3:10. 
diba-bada,,,,,,Freq: 1. Example: PRO 3:20. 
heralaia,,,,,,Freq: 1. Example: PRO 3:22. 
hahetaku,,,,,,Freq: 1. Example: PRO 3:25. 
taiḡa,,,,,,Freq: 1. Example: PRO 3:31. 
tavada,,,,,,Freq: 1. Example: PRO 4:16. 
segedia,,,,,,Freq: 1. Example: PRO 5:4. 
ikwahimu,,,,,,Freq: 1. Example: PRO 5:9. 
eiava-miara,,,,,,Freq: 1. Example: PRO 5:19. 
kaura,,,,,,Freq: 1. Example: PRO 6:6. 
dadaroamu,,,,,,Freq: 1. Example: PRO 6:13. 
dodoriana,,,,,,Freq: 1. Example: PRO 6:13. 
duduiamu,,,,,,Freq: 1. Example: PRO 6:13. 
badulaidiamu,,,,,,Freq: 1. Example: PRO 6:16. 
haraka,,,,,,Freq: 1. Example: PRO 6:28. 
daukaumu,,,,,,Freq: 1. Example: PRO 6:29. 
ibogahisina,,,,,,Freq: 1. Example: PRO 6:34. 
kwakikwakimu,,,,,,Freq: 1. Example: PRO 7:3. 
maka-maka,,,,,,Freq: 1. Example: PRO 7:6. 
kerekereva,,,,,,Freq: 1. Example: PRO 7:9. 
harahuamu,,,,,,Freq: 1. Example: PRO 7:13. 
kirina,,,,,,Freq: 1. Example: PRO 7:13. 
hepui,,,,,,Freq: 1. Example: PRO 8:8. 
gageva-agevadia,,,,,,Freq: 1. Example: PRO 8:13. 
halohilohia,,,,,,Freq: 1. Example: PRO 8:28. 
moalelaiguva,,,,,,Freq: 1. Example: PRO 8:30. 
reagumu,,,,,,Freq: 1. Example: PRO 8:36. 
lebulebuna,,,,,,Freq: 1. Example: PRO 9:13. 
mamula,,,,,,Freq: 1. Example: PRO 9:17. 
vadivadina,,,,,,Freq: 1. Example: PRO 9:18. 
haherauamu,,,,,,Freq: 1. Example: PRO 10:2. 
kunumaiamu,,,,,,Freq: 1. Example: PRO 10:10. 
heḡarana,,,,,,Freq: 1. Example: PRO 10:26. 
kunu-metau,,,,,,Freq: 1. Example: PRO 10:26. 
gagageva-gagageva,,,,,,Freq: 1. Example: PRO 10:32. 
hakoikoiamu,,,,,,Freq: 1. Example: PRO 11:1. 
ehakaudiamu,,,,,,Freq: 1. Example: PRO 11:3. 
hamaoromaoroamu,,,,,,Freq: 1. Example: PRO 11:5. 
heḡuihegui,,,,,,Freq: 1. Example: PRO 11:6. 
hahehisimu,,,,,,Freq: 1. Example: PRO 11:17. 
basineroho,,,,,,Freq: 1. Example: PRO 11:21. 
hane-namo,,,,,,Freq: 1. Example: PRO 11:22. 
kurukuruna,,,,,,Freq: 1. Example: PRO 11:22. 
dairi-dairimu,,,,,,Freq: 1. Example: PRO 11:25. 
ihamanokana,,,,,,Freq: 1. Example: PRO 12:4. 
hedaimu,,,,,,Freq: 1. Example: PRO 12:12. 
hegwadamuna,,,,,,Freq: 1. Example: PRO 12:18. 
vanahamu,,,,,,Freq: 1. Example: PRO 12:19. 
hametauamu,,,,,,Freq: 1. Example: PRO 12:25. 
kamonaidiamu,,,,,,Freq: 1. Example: PRO 13:1. 
halahena,,,,,,Freq: 1. Example: PRO 13:12. 
ogoḡamunu,,,,,,Freq: 1. Example: PRO 13:18. 
masetanimu,,,,,,Freq: 1. Example: PRO 13:22. 
egarimu,,,,,,Freq: 1. Example: PRO 14:2. 
hualiuadia,,,,,,Freq: 1. Example: PRO 14:14. 
alalo-parara,,,,,,Freq: 1. Example: PRO 14:15. 
lahuimu,,,,,,Freq: 1. Example: PRO 14:16. 
havavalaidiamu,,,,,,Freq: 1. Example: PRO 14:18. 
kekerere,,,,,,Freq: 1. Example: PRO 14:22. 
ivavalaidia,,,,,,Freq: 1. Example: PRO 14:24. 
baedavaria,,,,,,Freq: 1. Example: PRO 14:26. 
masc,,,,,,Freq: 1. Example: PRO 14:27. 
baineharohoa,,,,,,Freq: 1. Example: PRO 14:32. 
turianki,,,,,,Freq: 1. Example: PRO 15:1. 
davari-davari,,,,,,Freq: 1. Example: PRO 15:6. 
hehedina-rarai,,,,,,Freq: 1. Example: PRO 15:11. 
hekwakwanaina,,,,,,Freq: 1. Example: PRO 15:16. 
ianimaina,,,,,,Freq: 1. Example: PRO 15:17. 
haumaia,,,,,,Freq: 1. Example: PRO 15:18. 
hahealomu,,,,,,Freq: 1. Example: PRO 15:22. 
herohomu,,,,,,Freq: 1. Example: PRO 16:6. 
hadihodiamu,,,,,,Freq: 1. Example: PRO 16:15. 
abi-hidina,,,,,,Freq: 1. Example: PRO 16:16. 
iabi-hidula,,,,,,Freq: 1. Example: PRO 16:16. 
hamaoromaorodiamu,,,,,,Freq: 1. Example: PRO 16:23. 
heiri-heirina,,,,,,Freq: 1. Example: PRO 17:1. 
haberoamu,,,,,,Freq: 1. Example: PRO 17:10. 
badu-haraḡamu,,,,,,Freq: 1. Example: PRO 17:27. 
haheidaumu,,,,,,Freq: 1. Example: PRO 18:1. 
ibeiana,,,,,,Freq: 1. Example: PRO 18:5. 
idoalaina,,,,,,Freq: 1. Example: PRO 18:7. 
lahedomu,,,,,,Freq: 1. Example: PRO 18:9. 
haraḡa-haragamu,,,,,,Freq: 1. Example: PRO 19:2. 
heautaniamu,,,,,,Freq: 1. Example: PRO 19:7. 
heura-henimu,,,,,,Freq: 1. Example: PRO 19:8. 
loḡea,,,,,,Freq: 1. Example: PRO 19:10. 
ilalo-negena,,,,,,Freq: 1. Example: PRO 19:11. 
luluamumerona,,,,,,Freq: 1. Example: PRO 19:26. 
hiruka-hiruka,,,,,,Freq: 1. Example: PRO 19:29. 
egwauraimu,,,,,,Freq: 1. Example: PRO 20:6. 
maorormaoro,,,,,,Freq: 1. Example: PRO 20:7. 
lalo-haraga,,,,,,Freq: 1. Example: PRO 21:5. 
idoana,,,,,,Freq: 1. Example: PRO 21:6. 
hahetahadiamu,,,,,,Freq: 1. Example: PRO 21:15. 
moale-kava,,,,,,Freq: 1. Example: PRO 21:17. 
bodohiamu,,,,,,Freq: 1. Example: PRO 21:18. 
heaḡi-heaḡimu,,,,,,Freq: 1. Example: PRO 21:24. 
heḡahusimu,,,,,,Freq: 1. Example: PRO 21:26. 
iabi-hididia,,,,,,Freq: 1. Example: PRO 22:1. 
gaga-isi,,,,,,Freq: 1. Example: PRO 22:9. 
iehovas,,,,,,Freq: 1. Example: PRO 22:12. 
manadalaidia,,,,,,Freq: 1. Example: PRO 22:25. 
mata-henina,,,,,,Freq: 1. Example: PRO 23:6. 
lavadaemu,,,,,,Freq: 1. Example: PRO 23:20. 
tohomuta,,,,,,Freq: 1. Example: PRO 23:30. 
udia,,,,,,Freq: 1. Example: PRO 23:30. 
kimore-kimoremu,,,,,,Freq: 1. Example: PRO 23:31. 
ilalo-hatadia,,,,,,Freq: 1. Example: PRO 24:9. 
haherahumu,,,,,,Freq: 1. Example: PRO 24:26. 
dagana,,,,,,Freq: 1. Example: PRO 24:27. 
ihunidia,,,,,,Freq: 1. Example: PRO 25:2. 
kakaroa,,,,,,Freq: 1. Example: PRO 25:4. 
pavapva,,,,,,Freq: 1. Example: PRO 25:5. 
vauraina,,,,,,Freq: 1. Example: PRO 25:11. 
apolodia,,,,,,Freq: 1. Example: PRO 25:11. 
hamatamatadiamu,,,,,,Freq: 1. Example: PRO 25:13. 
heḡara,,,,,,Freq: 1. Example: PRO 25:20. 
masea,,,,,,Freq: 1. Example: PRO 25:21. 
keruma-keruma,,,,,,Freq: 1. Example: PRO 25:25. 
duhumu,,,,,,Freq: 1. Example: PRO 25:26. 
heveriverimu,,,,,,Freq: 1. Example: PRO 26:7. 
giniginina,,,,,,Freq: 1. Example: PRO 26:9. 
garugaruna,,,,,,Freq: 1. Example: PRO 26:14. 
davedavemu,,,,,,Freq: 1. Example: PRO 26:14. 
hesikulaiamu,,,,,,Freq: 1. Example: PRO 26:15. 
lalo-pararadia,,,,,,Freq: 1. Example: PRO 26:16. 
tahodiamu,,,,,,Freq: 1. Example: PRO 26:18. 
kavari-kavarina,,,,,,Freq: 1. Example: PRO 26:23. 
heinaimu,,,,,,Freq: 1. Example: PRO 26:24. 
hekeimu,,,,,,Freq: 1. Example: PRO 26:27. 
keiamu,,,,,,Freq: 1. Example: PRO 26:27. 
dagedaḡena,,,,,,Freq: 1. Example: PRO 27:4. 
rohotaniamu,,,,,,Freq: 1. Example: PRO 27:8. 
davanamu,,,,,,Freq: 1. Example: PRO 27:20. 
biridia,,,,,,Freq: 1. Example: PRO 28:4. 
lalo-momokani,,,,,,Freq: 1. Example: PRO 28:6. 
egogomu,,,,,,Freq: 1. Example: PRO 28:8. 
kepokepomu,,,,,,Freq: 1. Example: PRO 28:9. 
iabi-koikoina,,,,,,Freq: 1. Example: PRO 28:16. 
ḡavalaiamu,,,,,,Freq: 1. Example: PRO 28:20. 
eseltaḡa,,,,,,Freq: 1. Example: PRO 28:22. 
hutumamu,,,,,,Freq: 1. Example: PRO 28:28. 
hapetapetalaiamu,,,,,,Freq: 1. Example: PRO 29:3. 
igwaurai-bagubagudia,,,,,,Freq: 1. Example: PRO 29:4. 
otoamu,,,,,,Freq: 1. Example: PRO 29:5. 
ihatoalaina,,,,,,Freq: 1. Example: PRO 29:5. 
hagabuḡabua,,,,,,Freq: 1. Example: PRO 29:21. 
aguru,,,,,,Freq: 1. Example: PRO 30:1. 
iake,,,,,,Freq: 1. Example: PRO 30:1. 
henao-henao,,,,,,Freq: 1. Example: PRO 30:9. 
etomamu,,,,,,Freq: 1. Example: PRO 30:12. 
haroroka-rorokamu,,,,,,Freq: 1. Example: PRO 30:13. 
doma,,,,,,Freq: 1. Example: PRO 30:15. 
maseamu,,,,,,Freq: 1. Example: PRO 30:16. 
galodia,,,,,,Freq: 1. Example: PRO 30:17. 
hoadia,,,,,,Freq: 1. Example: PRO 30:18. 
ere-eremu,,,,,,Freq: 1. Example: PRO 30:27. 
ruturutumu,,,,,,Freq: 1. Example: PRO 30:29. 
turiaturiamu,,,,,,Freq: 1. Example: PRO 30:29. 
baubauna,,,,,,Freq: 1. Example: PRO 30:33. 
namo-heredia,,,,,,Freq: 1. Example: PRO 31:10. 
igirolaina,,,,,,Freq: 1. Example: PRO 31:19. 
hetahalaidiamu,,,,,,Freq: 1. Example: PRO 31:21. 
miakoremana,,,,,,Freq: 1. Example: PRO 31:22. 
hahedokilaidiamu,,,,,,Freq: 1. Example: PRO 31:25. 
inonogadia,,,,,,Freq: 1. Example: PRO 31:27. 
laloa-laloa,,,,,,Freq: 1. Example: PRO 31:30. 
heḡeḡe-heḡeḡemu,,,,,,Freq: 1. Example: ECC 1:6. 
iai,,,,,,Freq: 1. Example: ECC 2:17. 
hasenu,,,,,,Freq: 1. Example: ECC 2:26. 
ihaboiona,,,,,,Freq: 1. Example: ECC 3:6. 
ikahu-negena,,,,,,Freq: 1. Example: ECC 3:6. 
hahairaidia,,,,,,Freq: 1. Example: ECC 3:11. 
vaḡeḡelai,,,,,,Freq: 1. Example: ECC 4:4. 
lokumu,,,,,,Freq: 1. Example: ECC 4:5. 
dadihaidiamu,,,,,,Freq: 1. Example: ECC 5:8. 
birulaiamu,,,,,,Freq: 1. Example: ECC 5:9. 
iha,,,,,,Freq: 1. Example: ECC 5:11. 
igogosina,,,,,,Freq: 1. Example: ECC 5:13. 
btine,,,,,,Freq: 1. Example: ECC 5:18. 
ḡegeva,,,,,,Freq: 1. Example: ECC 7:3. 
hakavaiamu,,,,,,Freq: 1. Example: ECC 7:7. 
lalo-heaḡi,,,,,,Freq: 1. Example: ECC 7:8. 
kukuha,,,,,,Freq: 1. Example: ECC 7:25. 
idita-hereana,,,,,,Freq: 1. Example: ECC 7:26. 
hahururu-hururuamu,,,,,,Freq: 1. Example: ECC 8:1. 
gunaguna-idia,,,,,,Freq: 1. Example: ECC 8:10. 
lalo-bodaga,,,,,,Freq: 1. Example: ECC 9:2. 
heura-heni,,,,,,Freq: 1. Example: ECC 9:6. 
heinai-heni,,,,,,Freq: 1. Example: ECC 9:6. 
lalo-namomu,,,,,,Freq: 1. Example: ECC 9:7. 
hekwarahilaimu,,,,,,Freq: 1. Example: ECC 9:9. 
goada-badamu,,,,,,Freq: 1. Example: ECC 9:10. 
rekena,,,,,,Freq: 1. Example: ECC 9:12. 
hahoadiamu,,,,,,Freq: 1. Example: ECC 9:12. 
taradiamu,,,,,,Freq: 1. Example: ECC 10:9. 
poladiamu,,,,,,Freq: 1. Example: ECC 10:9. 
haheauamu,,,,,,Freq: 1. Example: ECC 10:10. 
matamadia,,,,,,Freq: 1. Example: ECC 10:13. 
roholaia,,,,,,Freq: 1. Example: ECC 10:20. 
geiḡei,,,,,,Freq: 1. Example: ECC 11:4. 
hamoalemu,,,,,,Freq: 1. Example: ECC 11:9. 
iriridia,,,,,,Freq: 1. Example: ECC 12:3. 
iririna,,,,,,Freq: 1. Example: ECC 12:4. 
bainabaina,,,,,,Freq: 1. Example: ECC 12:5. 
hesea,,,,,,Freq: 1. Example: ECC 12:6. 
keikeina,,,,,,Freq: 1. Example: ECC 12:6. 
ha-aonegadiava,,,,,,Freq: 1. Example: ECC 12:9. 
hahemaorg,,,,,,Freq: 1. Example: ECC 12:14. 
seiamu,,,,,,Freq: 1. Example: SNG 1:3. 
hahekurediamu,,,,,,Freq: 1. Example: SNG 1:7. 
ihaheralaimu,,,,,,Freq: 1. Example: SNG 1:11. 
idabubuna,,,,,,Freq: 1. Example: SNG 1:14. 
vine-imeadia,,,,,,Freq: 1. Example: SNG 1:14. 
gadoka-gadoka,,,,,,Freq: 1. Example: SNG 1:16. 
vahuvahuna,,,,,,Freq: 1. Example: SNG 2:1. 
sosanana,,,,,,Freq: 1. Example: SNG 2:1. 
siniura,,,,,,Freq: 1. Example: SNG 2:2. 
moale-badagu,,,,,,Freq: 1. Example: SNG 2:3. 
daegu,,,,,,Freq: 1. Example: SNG 2:4. 
ha-igomu,,,,,,Freq: 1. Example: SNG 2:9. 
makamaka,,,,,,Freq: 1. Example: SNG 2:9. 
mariboi,,,,,,Freq: 1. Example: SNG 2:15. 
mamaragi,,,,,,Freq: 1. Example: SNG 2:15. 
dadae,,,,,,Freq: 1. Example: SNG 4:4. 
bebeka-bebekamu,,,,,,Freq: 1. Example: SNG 4:7. 
amana,,,,,,Freq: 1. Example: SNG 4:8. 
sinavai-sinavaina,,,,,,Freq: 1. Example: SNG 4:15. 
rohoroholai,,,,,,Freq: 1. Example: SNG 4:16. 
iduaragu,,,,,,Freq: 1. Example: SNG 5:2. 
daukau,,,,,,Freq: 1. Example: SNG 5:4. 
abihaigu,,,,,,Freq: 1. Example: SNG 5:7. 
hui-tuma,,,,,,Freq: 1. Example: SNG 5:11. 
huridiamu,,,,,,Freq: 1. Example: SNG 5:12. 
ḡoevadaemu,,,,,,Freq: 1. Example: SNG 5:12. 
honana,,,,,,Freq: 1. Example: SNG 5:13. 
hakuboroa,,,,,,Freq: 1. Example: SNG 5:14. 
eiefant,,,,,,Freq: 1. Example: SNG 5:14. 
bauka-bauka,,,,,,Freq: 1. Example: SNG 5:15. 
hehedaikau,,,,,,Freq: 1. Example: SNG 5:15. 
sidadia,,,,,,Freq: 1. Example: SNG 5:15. 
hamanoka-manokagumu,,,,,,Freq: 1. Example: SNG 6:5. 
sibosibona,,,,,,Freq: 1. Example: SNG 6:9. 
okari,,,,,,Freq: 1. Example: SNG 6:11. 
bauka-baukadia,,,,,,Freq: 1. Example: SNG 7:1. 
kuboruna,,,,,,Freq: 1. Example: SNG 7:2. 
isenuna,,,,,,Freq: 1. Example: SNG 7:2. 
gohugohudia,,,,,,Freq: 1. Example: SNG 7:4. 
batarabim,,,,,,Freq: 1. Example: SNG 7:4. 
roha-hekeina,,,,,,Freq: 1. Example: SNG 7:4. 
heveriveridia,,,,,,Freq: 1. Example: SNG 7:5. 
harahumu,,,,,,Freq: 1. Example: SNG 8:1. 
haomu,,,,,,Freq: 1. Example: SNG 8:5. 
baal-hamono,,,,,,Freq: 1. Example: SNG 8:11. 
aru-kubou,,,,,,Freq: 1. Example: ISA 1:6. 
haḡavedia,,,,,,Freq: 1. Example: ISA 1:6. 
vaira-tuhutuhumui,,,,,,Freq: 1. Example: ISA 1:7. 
rumaruma,,,,,,Freq: 1. Example: ISA 1:8. 
saboata,,,,,,Freq: 1. Example: ISA 1:9. 
kwabukwabuda,,,,,,Freq: 1. Example: ISA 1:9. 
mamaru-anedia,,,,,,Freq: 1. Example: ISA 1:11. 
ikou,,,,,,Freq: 1. Example: ISA 1:12. 
boiboidia,,,,,,Freq: 1. Example: ISA 1:13. 
paira,,,,,,Freq: 1. Example: ISA 1:18. 
huroka-kuroka,,,,,,Freq: 1. Example: ISA 1:18. 
ihahemaorohenina,,,,,,Freq: 1. Example: ISA 1:20. 
honuva,,,,,,Freq: 1. Example: ISA 1:21. 
heatu-kau,,,,,,Freq: 1. Example: ISA 1:23. 
bulolaimui,,,,,,Freq: 1. Example: ISA 1:25. 
haealo,,,,,,Freq: 1. Example: ISA 1:26. 
gaeamo,,,,,,Freq: 1. Example: ISA 1:26. 
udeudedia,,,,,,Freq: 1. Example: ISA 2:6. 
hamanaudiamu,,,,,,Freq: 1. Example: ISA 2:9. 
hamaraḡidiamu,,,,,,Freq: 1. Example: ISA 2:9. 
hamaragi,,,,,,Freq: 1. Example: ISA 2:11. 
heatomu,,,,,,Freq: 1. Example: ISA 2:12. 
kidotaodia,,,,,,Freq: 1. Example: ISA 2:13. 
hedinaraina,,,,,,Freq: 1. Example: ISA 3:8. 
hadikalaidiamu,,,,,,Freq: 1. Example: ISA 3:9. 
badi-kara,,,,,,Freq: 1. Example: ISA 3:11. 
igunalaimui,,,,,,Freq: 1. Example: ISA 3:12. 
haheḡonudiamu,,,,,,Freq: 1. Example: ISA 3:12. 
helodu,,,,,,Freq: 1. Example: ISA 3:13. 
haboḡemu,,,,,,Freq: 1. Example: ISA 3:16. 
varuamu,,,,,,Freq: 1. Example: ISA 3:16. 
sihesihemu,,,,,,Freq: 1. Example: ISA 3:16. 
ae-ganagana,,,,,,Freq: 1. Example: ISA 3:16. 
hareḡediamu,,,,,,Freq: 1. Example: ISA 3:16. 
hapoukadia,,,,,,Freq: 1. Example: ISA 3:17. 
kaparidia,,,,,,Freq: 1. Example: ISA 3:18. 
odo,,,,,,Freq: 1. Example: ISA 3:19. 
mauamauadia,,,,,,Freq: 1. Example: ISA 3:20. 
toni,,,,,,Freq: 1. Example: ISA 3:20. 
vaḡiva,,,,,,Freq: 1. Example: ISA 3:21. 
udu-baubau,,,,,,Freq: 1. Example: ISA 3:21. 
ipou,,,,,,Freq: 1. Example: ISA 3:22. 
ova,,,,,,Freq: 1. Example: ISA 3:22. 
vaina-vaina,,,,,,Freq: 1. Example: ISA 3:22. 
severa-severadia,,,,,,Freq: 1. Example: ISA 3:23. 
ikumilaidia,,,,,,Freq: 1. Example: ISA 3:23. 
ḡauma,,,,,,Freq: 1. Example: ISA 4:2. 
ilao-ahulaina,,,,,,Freq: 1. Example: ISA 4:6. 
ilao-ahulaidia,,,,,,Freq: 1. Example: ISA 4:6. 
herua,,,,,,Freq: 1. Example: ISA 5:10. 
matauradiamu,,,,,,Freq: 1. Example: ISA 5:13. 
harohadia,,,,,,Freq: 1. Example: ISA 5:15. 
hagaihoa,,,,,,Freq: 1. Example: ISA 5:20. 
boga-aukadia,,,,,,Freq: 1. Example: ISA 5:22. 
heruhamu,,,,,,Freq: 1. Example: ISA 5:27. 
mamataka-mamataka,,,,,,Freq: 1. Example: ISA 5:28. 
korimu,,,,,,Freq: 1. Example: ISA 5:29. 
heḡaralaia,,,,,,Freq: 1. Example: ISA 5:30. 
heboi,,,,,,Freq: 1. Example: ISA 6:3. 
ikahina,,,,,,Freq: 1. Example: ISA 6:6. 
hakudimadia,,,,,,Freq: 1. Example: ISA 6:10. 
gvauta,,,,,,Freq: 1. Example: ISA 6:13. 
helado-heladomu,,,,,,Freq: 1. Example: ISA 7:2. 
seara-iasubu,,,,,,Freq: 1. Example: ISA 7:3. 
tutututudia,,,,,,Freq: 1. Example: ISA 7:4. 
makohirohoroho,,,,,,Freq: 1. Example: ISA 7:8. 
hahekwarahiamu,,,,,,Freq: 1. Example: ISA 7:13. 
iabi-hidinado,,,,,,Freq: 1. Example: ISA 7:16. 
labolabona,,,,,,Freq: 1. Example: ISA 7:18. 
pevadia,,,,,,Freq: 1. Example: ISA 7:24. 
hemoimoilai,,,,,,Freq: 1. Example: ISA 7:25. 
palakana,,,,,,Freq: 1. Example: ISA 8:1. 
ieberekia,,,,,,Freq: 1. Example: ISA 8:2. 
darinu,,,,,,Freq: 1. Example: ISA 8:3. 
haragamu,,,,,,Freq: 1. Example: ISA 8:3. 
siloa,,,,,,Freq: 1. Example: ISA 8:6. 
metaira-metairamu,,,,,,Freq: 1. Example: ISA 8:6. 
popotodia,,,,,,Freq: 1. Example: ISA 8:7. 
hetoi-rorodia,,,,,,Freq: 1. Example: ISA 8:8. 
dekedekemai,,,,,,Freq: 1. Example: ISA 8:10. 
gware,,,,,,Freq: 1. Example: ISA 8:18. 
tanatanamu,,,,,,Freq: 1. Example: ISA 8:19. 
hemaunumu,,,,,,Freq: 1. Example: ISA 8:19. 
dadiai,,,,,,Freq: 1. Example: ISA 8:19. 
bada-hereavaburana,,,,,,Freq: 1. Example: ISA 8:22. 
gugubaiava,,,,,,Freq: 1. Example: ISA 9:1. 
herou-herouna,,,,,,Freq: 1. Example: ISA 9:5. 
hekuikuilai,,,,,,Freq: 1. Example: ISA 9:5. 
siahu-bada,,,,,,Freq: 1. Example: ISA 9:6. 
hagaradiamu,,,,,,Freq: 1. Example: ISA 9:11. 
hagadiamu,,,,,,Freq: 1. Example: ISA 9:12. 
hadonodiamu,,,,,,Freq: 1. Example: ISA 9:16. 
gahina,,,,,,Freq: 1. Example: ISA 10:5. 
papavapava,,,,,,Freq: 1. Example: ISA 10:8. 
kalano,,,,,,Freq: 1. Example: ISA 10:9. 
herevadiabona,,,,,,Freq: 1. Example: ISA 10:12. 
taue,,,,,,Freq: 1. Example: ISA 10:13. 
hamarereamu,,,,,,Freq: 1. Example: ISA 10:14. 
utu-utulaiamu,,,,,,Freq: 1. Example: ISA 10:15. 
iri-irilaiamu,,,,,,Freq: 1. Example: ISA 10:15. 
kwadi-kwadilaia,,,,,,Freq: 1. Example: ISA 10:15. 
ihavaroda-varodadia,,,,,,Freq: 1. Example: ISA 10:16. 
goada-hereadia,,,,,,Freq: 1. Example: ISA 10:16. 
eseidia,,,,,,Freq: 1. Example: ISA 10:25. 
ikwadiva,,,,,,Freq: 1. Example: ISA 10:26. 
pagamui,,,,,,Freq: 1. Example: ISA 10:27. 
aiata,,,,,,Freq: 1. Example: ISA 10:28. 
makana,,,,,,Freq: 1. Example: ISA 10:29. 
laisa,,,,,,Freq: 1. Example: ISA 10:30. 
madamena,,,,,,Freq: 1. Example: ISA 10:31. 
gebimi,,,,,,Freq: 1. Example: ISA 10:31. 
hodahodana,,,,,,Freq: 1. Example: ISA 11:4. 
ahadia,,,,,,Freq: 1. Example: ISA 11:11. 
henege-daure,,,,,,Freq: 1. Example: ISA 11:12. 
dogurana,,,,,,Freq: 1. Example: ISA 11:15. 
ahu-ahumu,,,,,,Freq: 1. Example: ISA 13:4. 
labanaiamu,,,,,,Freq: 1. Example: ISA 13:14. 
hahekuredi,,,,,,Freq: 1. Example: ISA 13:20. 
hesiai-laoheniaukana,,,,,,Freq: 1. Example: ISA 14:3. 
ihadikamai,,,,,,Freq: 1. Example: ISA 14:8. 
haodiamu,,,,,,Freq: 1. Example: ISA 14:9. 
ihahenamo-henimu,,,,,,Freq: 1. Example: ISA 14:9. 
daba-matana,,,,,,Freq: 1. Example: ISA 14:12. 
hamorumu,,,,,,Freq: 1. Example: ISA 14:12. 
haerolaimu,,,,,,Freq: 1. Example: ISA 14:16. 
vara-dika,,,,,,Freq: 1. Example: ISA 14:19. 
idarona,,,,,,Freq: 1. Example: ISA 14:23. 
ramumu,,,,,,Freq: 1. Example: ISA 14:30. 
dae-lao,,,,,,Freq: 1. Example: ISA 15:5. 
ranu-gabudia,,,,,,Freq: 1. Example: ISA 15:6. 
eglaimi,,,,,,Freq: 1. Example: ISA 15:8. 
bere-elim,,,,,,Freq: 1. Example: ISA 15:8. 
ikerukerumu,,,,,,Freq: 1. Example: ISA 16:3. 
ha-udunaia,,,,,,Freq: 1. Example: ISA 16:3. 
ae-hemoimoilai,,,,,,Freq: 1. Example: ISA 16:4. 
daḡemu,,,,,,Freq: 1. Example: ISA 16:6. 
dara-dokomui,,,,,,Freq: 1. Example: ISA 16:7. 
bokodia,,,,,,Freq: 1. Example: ISA 16:8. 
hanaiava,,,,,,Freq: 1. Example: ISA 16:8. 
hapariparimuimu,,,,,,Freq: 1. Example: ISA 16:9. 
kiri-herese,,,,,,Freq: 1. Example: ISA 16:11. 
bopa,,,,,,Freq: 1. Example: ISA 16:14. 
baegadoi,,,,,,Freq: 1. Example: ISA 16:14. 
hesenudia,,,,,,Freq: 1. Example: ISA 17:1. 
ima-kwakikwakidia,,,,,,Freq: 1. Example: ISA 17:8. 
bonadiapatadia,,,,,,Freq: 1. Example: ISA 17:8. 
dabana,,,,,,Freq: 1. Example: ISA 17:11. 
hoda,,,,,,Freq: 1. Example: ISA 17:13. 
vanagidia,,,,,,Freq: 1. Example: ISA 18:2. 
haragamui,,,,,,Freq: 1. Example: ISA 18:2. 
magemu,,,,,,Freq: 1. Example: ISA 18:5. 
nemaiamu,,,,,,Freq: 1. Example: ISA 18:7. 
heiruna,,,,,,Freq: 1. Example: ISA 19:1. 
lalaḡa,,,,,,Freq: 1. Example: ISA 19:1. 
bota,,,,,,Freq: 1. Example: ISA 19:6. 
kimaimu,,,,,,Freq: 1. Example: ISA 19:8. 
daiguni-nadidia,,,,,,Freq: 1. Example: ISA 19:13. 
hararagaia,,,,,,Freq: 1. Example: ISA 19:14. 
baegwau,,,,,,Freq: 1. Example: ISA 19:21. 
saragono,,,,,,Freq: 1. Example: ISA 20:1. 
gwarena,,,,,,Freq: 1. Example: ISA 20:3. 
sihidia,,,,,,Freq: 1. Example: ISA 20:4. 
hahegegea,,,,,,Freq: 1. Example: ISA 21:2. 
ha-igogu,,,,,,Freq: 1. Example: ISA 21:3. 
hahetahaiamu,,,,,,Freq: 1. Example: ISA 21:3. 
muinumu,,,,,,Freq: 1. Example: ISA 21:5. 
doniki-gui,,,,,,Freq: 1. Example: ISA 21:7. 
kamelo-gui,,,,,,Freq: 1. Example: ISA 21:7. 
balaheni-balaheni,,,,,,Freq: 1. Example: ISA 21:7. 
kwadimu,,,,,,Freq: 1. Example: ISA 21:10. 
tapomu,,,,,,Freq: 1. Example: ISA 21:10. 
hedavarilai,,,,,,Freq: 1. Example: ISA 21:14. 
gugulaia,,,,,,Freq: 1. Example: ISA 22:4. 
ilolo-henidia,,,,,,Freq: 1. Example: ISA 22:5. 
gabunana,,,,,,Freq: 1. Example: ISA 22:11. 
eliakimi,,,,,,Freq: 1. Example: ISA 22:14. 
rum,,,,,,Freq: 1. Example: ISA 22:15. 
ata,,,,,,Freq: 1. Example: ISA 22:16. 
heḡeḡe-heḡeḡe,,,,,,Freq: 1. Example: ISA 22:18. 
bolo,,,,,,Freq: 1. Example: ISA 22:18. 
uda-uda,,,,,,Freq: 1. Example: ISA 22:24. 
kohu-hoi,,,,,,Freq: 1. Example: ISA 23:8. 
lolohia,,,,,,Freq: 1. Example: ISA 23:8. 
haheude,,,,,,Freq: 1. Example: ISA 23:11. 
heudedia,,,,,,Freq: 1. Example: ISA 23:11. 
gaiho-gaiho,,,,,,Freq: 1. Example: ISA 23:16. 
hehoi-nege,,,,,,Freq: 1. Example: ISA 23:17. 
gogosidia,,,,,,Freq: 1. Example: ISA 23:18. 
hoih,,,,,,Freq: 1. Example: ISA 23:18. 
hadabua-laidia,,,,,,Freq: 1. Example: ISA 23:18. 
harigika-rigikaia,,,,,,Freq: 1. Example: ISA 24:1. 
heni-doa,,,,,,Freq: 1. Example: ISA 24:2. 
abi-doa,,,,,,Freq: 1. Example: ISA 24:2. 
heni-torehai,,,,,,Freq: 1. Example: ISA 24:2. 
inohoiaina,,,,,,Freq: 1. Example: ISA 24:6. 
ureamu,,,,,,Freq: 1. Example: ISA 24:13. 
dibakamu,,,,,,Freq: 1. Example: ISA 24:16. 
beseboudiai,,,,,,Freq: 1. Example: ISA 25:6. 
negarina,,,,,,Freq: 1. Example: ISA 25:6. 
boudiai,,,,,,Freq: 1. Example: ISA 25:7. 
sese-ahulaidiamu,,,,,,Freq: 1. Example: ISA 25:7. 
a-orea,,,,,,Freq: 1. Example: ISA 25:8. 
irurumata,,,,,,Freq: 1. Example: ISA 25:8. 
tagedia,,,,,,Freq: 1. Example: ISA 25:10. 
ima-dibaka,,,,,,Freq: 1. Example: ISA 25:11. 
hamaraḡidia,,,,,,Freq: 1. Example: ISA 25:11. 
badinamumu,,,,,,Freq: 1. Example: ISA 26:3. 
hamanadaiamu,,,,,,Freq: 1. Example: ISA 26:7. 
ilalolaimu,,,,,,Freq: 1. Example: ISA 26:8. 
iaradia,,,,,,Freq: 1. Example: ISA 26:11. 
lohiamai,,,,,,Freq: 1. Example: ISA 26:13. 
ilalo-taolaidia,,,,,,Freq: 1. Example: ISA 26:14. 
hebiloumu,,,,,,Freq: 1. Example: ISA 26:17. 
hebilou,,,,,,Freq: 1. Example: ISA 26:18. 
iduaramui,,,,,,Freq: 1. Example: ISA 26:20. 
veromu,,,,,,Freq: 1. Example: ISA 27:1. 
dairiamu,,,,,,Freq: 1. Example: ISA 27:3. 
iatodia,,,,,,Freq: 1. Example: ISA 27:8. 
maḡiḡidia,,,,,,Freq: 1. Example: ISA 27:9. 
isisiba-henina,,,,,,Freq: 1. Example: ISA 28:6. 
laigo-laigomu,,,,,,Freq: 1. Example: ISA 28:7. 
laigolaigomu,,,,,,Freq: 1. Example: ISA 28:7. 
heḡonumu,,,,,,Freq: 1. Example: ISA 28:7. 
madai-madaimu,,,,,,Freq: 1. Example: ISA 28:7. 
doru-heu,,,,,,Freq: 1. Example: ISA 28:12. 
hekidaera,,,,,,Freq: 1. Example: ISA 28:13. 
he-idoa,,,,,,Freq: 1. Example: ISA 28:13. 
hemetaimu,,,,,,Freq: 1. Example: ISA 28:15. 
baineha-arua,,,,,,Freq: 1. Example: ISA 28:17. 
habubunimui,,,,,,Freq: 1. Example: ISA 28:18. 
perasimi,,,,,,Freq: 1. Example: ISA 28:21. 
iḡuimui,,,,,,Freq: 1. Example: ISA 28:22. 
arina,,,,,,Freq: 1. Example: ISA 28:22. 
severa-severana,,,,,,Freq: 1. Example: ISA 28:27. 
hataruhamu,,,,,,Freq: 1. Example: ISA 29:3. 
ḡahuḡahuna,,,,,,Freq: 1. Example: ISA 29:5. 
davadavana,,,,,,Freq: 1. Example: ISA 29:5. 
rege-bada,,,,,,Freq: 1. Example: ISA 29:6. 
hururu-hururunaida,,,,,,Freq: 1. Example: ISA 29:6. 
hahekavakava,,,,,,Freq: 1. Example: ISA 29:9. 
kavakavamui,,,,,,Freq: 1. Example: ISA 29:9. 
mata-kepulumui,,,,,,Freq: 1. Example: ISA 29:9. 
banoho,,,,,,Freq: 1. Example: ISA 29:9. 
mahuta-hedavauhe,,,,,,Freq: 1. Example: ISA 29:10. 
duahia-duahi,,,,,,Freq: 1. Example: ISA 29:11. 
udu-herevadia,,,,,,Freq: 1. Example: ISA 29:13. 
rakahenigu,,,,,,Freq: 1. Example: ISA 29:13. 
dibadamu,,,,,,Freq: 1. Example: ISA 29:15. 
karuhi,,,,,,Freq: 1. Example: ISA 29:16. 
vaburadia,,,,,,Freq: 1. Example: ISA 29:18. 
diburadia,,,,,,Freq: 1. Example: ISA 29:18. 
ḡeḡeva,,,,,,Freq: 1. Example: ISA 29:22. 
magigi,,,,,,Freq: 1. Example: ISA 29:23. 
hemetaina,,,,,,Freq: 1. Example: ISA 30:3. 
hadavalaidiamu,,,,,,Freq: 1. Example: ISA 30:5. 
huro-nadina,,,,,,Freq: 1. Example: ISA 30:8. 
hamorolaimai,,,,,,Freq: 1. Example: ISA 30:10. 
hara-lata,,,,,,Freq: 1. Example: ISA 30:13. 
pavamu,,,,,,Freq: 1. Example: ISA 30:13. 
makohimu,,,,,,Freq: 1. Example: ISA 30:14. 
ihahavamui,,,,,,Freq: 1. Example: ISA 30:16. 
halalaḡadia,,,,,,Freq: 1. Example: ISA 30:17. 
halalaḡamui,,,,,,Freq: 1. Example: ISA 30:17. 
idibamui,,,,,,Freq: 1. Example: ISA 30:21. 
laurimui,,,,,,Freq: 1. Example: ISA 30:21. 
idairidia,,,,,,Freq: 1. Example: ISA 30:23. 
ala-alabadana,,,,,,Freq: 1. Example: ISA 30:25. 
garagaramu,,,,,,Freq: 1. Example: ISA 30:27. 
lagana,,,,,,Freq: 1. Example: ISA 30:28. 
ihakau-kereredia,,,,,,Freq: 1. Example: ISA 30:28. 
benaiehova,,,,,,Freq: 1. Example: ISA 30:30. 
hakamonaidia,,,,,,Freq: 1. Example: ISA 30:30. 
ehadihoamu,,,,,,Freq: 1. Example: ISA 30:30. 
hebotana,,,,,,Freq: 1. Example: ISA 30:30. 
heara-orelahina,,,,,,Freq: 1. Example: ISA 30:30. 
medu-barokona,,,,,,Freq: 1. Example: ISA 30:30. 
bonamedu-hetarina,,,,,,Freq: 1. Example: ISA 30:30. 
iehovagadona,,,,,,Freq: 1. Example: ISA 30:31. 
irubena,,,,,,Freq: 1. Example: ISA 30:32. 
au-rakurakuna,,,,,,Freq: 1. Example: ISA 30:33. 
heḡerea,,,,,,Freq: 1. Example: ISA 31:1. 
hetahulaia,,,,,,Freq: 1. Example: ISA 31:1. 
manua,,,,,,Freq: 1. Example: ISA 31:5. 
lalo-ḡoevadae,,,,,,Freq: 1. Example: ISA 32:8. 
huredia,,,,,,Freq: 1. Example: ISA 32:10. 
hesei,,,,,,Freq: 1. Example: ISA 32:15. 
haloaloadiamu,,,,,,Freq: 1. Example: ISA 32:20. 
hegabu,,,,,,Freq: 1. Example: ISA 33:12. 
doumu,,,,,,Freq: 1. Example: ISA 33:12. 
kodobeamu,,,,,,Freq: 1. Example: ISA 33:15. 
eaiva,,,,,,Freq: 1. Example: ISA 33:18. 
lanalanamu,,,,,,Freq: 1. Example: ISA 33:19. 
doka,,,,,,Freq: 1. Example: ISA 33:21. 
ḡataka-ḡataka,,,,,,Freq: 1. Example: ISA 34:6. 
haḡonua,,,,,,Freq: 1. Example: ISA 34:7. 
havevemu,,,,,,Freq: 1. Example: ISA 34:9. 
varonana,,,,,,Freq: 1. Example: ISA 34:11. 
vahuvahu,,,,,,Freq: 1. Example: ISA 35:1. 
lohi-lohi,,,,,,Freq: 1. Example: ISA 35:7. 
halahalahamu,,,,,,Freq: 1. Example: ISA 36:4. 
tagemui,,,,,,Freq: 1. Example: ISA 36:12. 
hahelalomui,,,,,,Freq: 1. Example: ISA 36:15. 
gwau-gwaubona,,,,,,Freq: 1. Example: ISA 37:3. 
baigumui,,,,,,Freq: 1. Example: ISA 37:6. 
pava,,,,,,Freq: 1. Example: ISA 37:9. 
ḡurigu,,,,,,Freq: 1. Example: ISA 37:21. 
doridorina,,,,,,Freq: 1. Example: ISA 37:24. 
geidia,,,,,,Freq: 1. Example: ISA 37:25. 
namauria,,,,,,Freq: 1. Example: ISA 37:35. 
gelomu,,,,,,Freq: 1. Example: ISA 38:8. 
ha-ikerukerumu,,,,,,Freq: 1. Example: ISA 38:8. 
vadavadadiagwauta,,,,,,Freq: 1. Example: ISA 38:8. 
dina-tubuana,,,,,,Freq: 1. Example: ISA 38:10. 
utugu,,,,,,Freq: 1. Example: ISA 38:12. 
baemia,,,,,,Freq: 1. Example: ISA 39:8. 
diho-dae,,,,,,Freq: 1. Example: ISA 40:4. 
ihadiarina,,,,,,Freq: 1. Example: ISA 40:14. 
hetuturuna,,,,,,Freq: 1. Example: ISA 40:15. 
dimura-dimurana,,,,,,Freq: 1. Example: ISA 40:15. 
hahetaridiamu,,,,,,Freq: 1. Example: ISA 40:19. 
kobomu,,,,,,Freq: 1. Example: ISA 40:24. 
haheḡereḡeregu,,,,,,Freq: 1. Example: ISA 40:25. 
noho-hanaiharlai,,,,,,Freq: 1. Example: ISA 40:28. 
hagoadadiamu,,,,,,Freq: 1. Example: ISA 40:29. 
hahavadiamu,,,,,,Freq: 1. Example: ISA 41:3. 
ihodo-palakana,,,,,,Freq: 1. Example: ISA 41:7. 
haheato-kau,,,,,,Freq: 1. Example: ISA 41:7. 
hodoamutauna,,,,,,Freq: 1. Example: ISA 41:7. 
ihahekamo-kubouna,,,,,,Freq: 1. Example: ISA 41:7. 
kokoamu,,,,,,Freq: 1. Example: ISA 41:7. 
gunigunidia,,,,,,Freq: 1. Example: ISA 41:9. 
hagoadamu,,,,,,Freq: 1. Example: ISA 41:10. 
imudamu,,,,,,Freq: 1. Example: ISA 41:10. 
hapatapatadia,,,,,,Freq: 1. Example: ISA 41:15. 
didirava,,,,,,Freq: 1. Example: ISA 41:23. 
ihahekamo-taodia,,,,,,Freq: 1. Example: ISA 41:25. 
imudaiamu,,,,,,Freq: 1. Example: ISA 42:1. 
halasi,,,,,,Freq: 1. Example: ISA 42:1. 
gwahamata,,,,,,Freq: 1. Example: ISA 42:6. 
hasiahuamu,,,,,,Freq: 1. Example: ISA 42:13. 
hakakorodia,,,,,,Freq: 1. Example: ISA 42:15. 
hedaga-maorodia,,,,,,Freq: 1. Example: ISA 42:16. 
siaiamutauna,,,,,,Freq: 1. Example: ISA 42:19. 
kiraramu,,,,,,Freq: 1. Example: ISA 42:20. 
irakalaidia,,,,,,Freq: 1. Example: ISA 42:24. 
ibodohilaimu,,,,,,Freq: 1. Example: ISA 43:3. 
henemailaidia,,,,,,Freq: 1. Example: ISA 43:7. 
hahemauriva,,,,,,Freq: 1. Example: ISA 43:12. 
hahesikumui,,,,,,Freq: 1. Example: ISA 43:23. 
hahesikugu,,,,,,Freq: 1. Example: ISA 43:24. 
hahelalogu,,,,,,Freq: 1. Example: ISA 43:26. 
hedorilai,,,,,,Freq: 1. Example: ISA 43:26. 
hehato,,,,,,Freq: 1. Example: ISA 44:5. 
gaukaralaiamu,,,,,,Freq: 1. Example: ISA 44:12. 
hodohodo,,,,,,Freq: 1. Example: ISA 44:12. 
hodoamu,,,,,,Freq: 1. Example: ISA 44:12. 
naunau,,,,,,Freq: 1. Example: ISA 44:13. 
kuboro-hahetohona,,,,,,Freq: 1. Example: ISA 44:13. 
diharoha,,,,,,Freq: 1. Example: ISA 44:14. 
kiriri,,,,,,Freq: 1. Example: ISA 44:14. 
makahana,,,,,,Freq: 1. Example: ISA 44:15. 
gabulaiamu,,,,,,Freq: 1. Example: ISA 44:15. 
karaiamue,,,,,,Freq: 1. Example: ISA 44:15. 
guriamu,,,,,,Freq: 1. Example: ISA 44:17. 
vairanaibaina,,,,,,Freq: 1. Example: ISA 44:19. 
ehakaua,,,,,,Freq: 1. Example: ISA 44:20. 
hahedagadia,,,,,,Freq: 1. Example: ISA 45:2. 
pbona,,,,,,Freq: 1. Example: ISA 45:2. 
hagoadamumu,,,,,,Freq: 1. Example: ISA 45:5. 
lalo-heḡonudia,,,,,,Freq: 1. Example: ISA 45:16. 
dorudiai,,,,,,Freq: 1. Example: ISA 46:1. 
haerolaigu,,,,,,Freq: 1. Example: ISA 46:5. 
metau-hahetoho,,,,,,Freq: 1. Example: ISA 46:6. 
irauamui,,,,,,Freq: 1. Example: ISA 46:12. 
rauaraua,,,,,,Freq: 1. Example: ISA 46:13. 
vasilaiamu,,,,,,Freq: 1. Example: ISA 46:13. 
hametaumu,,,,,,Freq: 1. Example: ISA 47:9. 
orodiamu,,,,,,Freq: 1. Example: ISA 47:13. 
irauadia,,,,,,Freq: 1. Example: ISA 47:14. 
gwauraimuva,,,,,,Freq: 1. Example: ISA 48:8. 
halahelaiamu,,,,,,Freq: 1. Example: ISA 48:9. 
dimuradia,,,,,,Freq: 1. Example: ISA 48:19. 
mataka-matakana,,,,,,Freq: 1. Example: ISA 49:2. 
negarla,,,,,,Freq: 1. Example: ISA 49:8. 
iatudia,,,,,,Freq: 1. Example: ISA 49:8. 
lailaidia,,,,,,Freq: 1. Example: ISA 49:11. 
heralaidia,,,,,,Freq: 1. Example: ISA 49:18. 
deḡedeḡe-rahu,,,,,,Freq: 1. Example: ISA 49:19. 
edeava,,,,,,Freq: 1. Example: ISA 49:21. 
idavalaimu,,,,,,Freq: 1. Example: ISA 49:26. 
ḡovalaiamu,,,,,,Freq: 1. Example: ISA 50:3. 
haogumu,,,,,,Freq: 1. Example: ISA 50:4. 
ibutudia,,,,,,Freq: 1. Example: ISA 50:6. 
hekanudi,,,,,,Freq: 1. Example: ISA 50:6. 
utumui,,,,,,Freq: 1. Example: ISA 51:1. 
ḡeimui,,,,,,Freq: 1. Example: ISA 51:1. 
narigumu,,,,,,Freq: 1. Example: ISA 51:5. 
garag-ara,,,,,,Freq: 1. Example: ISA 51:13. 
ha-igoamu,,,,,,Freq: 1. Example: ISA 51:14. 
haraivaraivamu,,,,,,Freq: 1. Example: ISA 51:15. 
gurumu,,,,,,Freq: 1. Example: ISA 51:15. 
nurina,,,,,,Freq: 1. Example: ISA 51:17. 
hahisihisimuimu,,,,,,Freq: 1. Example: ISA 51:23. 
ḡahumu,,,,,,Freq: 1. Example: ISA 52:2. 
heruirui,,,,,,Freq: 1. Example: ISA 52:2. 
nobada,,,,,,Freq: 1. Example: ISA 52:10. 
natuna-bae,,,,,,Freq: 1. Example: ISA 54:1. 
vabumu,,,,,,Freq: 1. Example: ISA 54:4. 
hebogahisi-badagu,,,,,,Freq: 1. Example: ISA 54:7. 
helalokauna,,,,,,Freq: 1. Example: ISA 54:8. 
hegure-heguremu,,,,,,Freq: 1. Example: ISA 54:11. 
kogemu,,,,,,Freq: 1. Example: ISA 54:12. 
dibamuva,,,,,,Freq: 1. Example: ISA 55:5. 
tuhutuhumu,,,,,,Freq: 1. Example: ISA 55:10. 
ihereadia,,,,,,Freq: 1. Example: ISA 56:5. 
mia-hanaihanaina,,,,,,Freq: 1. Example: ISA 56:5. 
irevadia,,,,,,Freq: 1. Example: ISA 56:8. 
uda-ahu,,,,,,Freq: 1. Example: ISA 56:9. 
gadodiamu,,,,,,Freq: 1. Example: ISA 56:11. 
hevasehalaidiamu,,,,,,Freq: 1. Example: ISA 57:4. 
hahaḡa,,,,,,Freq: 1. Example: ISA 57:4. 
dorinai,,,,,,Freq: 1. Example: ISA 57:7. 
hanurika-nurikaiamu,,,,,,Freq: 1. Example: ISA 57:20. 
kahu-kuborodia,,,,,,Freq: 1. Example: ISA 58:4. 
hetutumu,,,,,,Freq: 1. Example: ISA 58:4. 
ha-igoa,,,,,,Freq: 1. Example: ISA 58:5. 
hido,,,,,,Freq: 1. Example: ISA 58:5. 
helouna,,,,,,Freq: 1. Example: ISA 58:5. 
hahegini,,,,,,Freq: 1. Example: ISA 58:12. 
ihagini-loudia,,,,,,Freq: 1. Example: ISA 58:12. 
hapararamui,,,,,,Freq: 1. Example: ISA 59:2. 
hemudumalaia,,,,,,Freq: 1. Example: ISA 59:3. 
derekaka,,,,,,Freq: 1. Example: ISA 59:5. 
valavaladia,,,,,,Freq: 1. Example: ISA 59:6. 
lalolai,,,,,,Freq: 1. Example: ISA 59:7. 
lasimai,,,,,,Freq: 1. Example: ISA 59:9. 
paitapaitana,,,,,,Freq: 1. Example: ISA 59:9. 
darahuamu,,,,,,Freq: 1. Example: ISA 59:10. 
mairumairuna,,,,,,Freq: 1. Example: ISA 59:10. 
damuḡa,,,,,,Freq: 1. Example: ISA 59:15. 
imudaia,,,,,,Freq: 1. Example: ISA 59:16. 
tata-dae-roha,,,,,,Freq: 1. Example: ISA 60:3. 
dagiradia,,,,,,Freq: 1. Example: ISA 60:4. 
baemailai,,,,,,Freq: 1. Example: ISA 60:11. 
hahisihisimuva,,,,,,Freq: 1. Example: ISA 60:14. 
dadaraimuva,,,,,,Freq: 1. Example: ISA 60:14. 
rohegumu,,,,,,Freq: 1. Example: ISA 61:1. 
iruha-negedia,,,,,,Freq: 1. Example: ISA 61:1. 
iruadia,,,,,,Freq: 1. Example: ISA 61:5. 
idadaraimui,,,,,,Freq: 1. Example: ISA 61:7. 
momokanigu,,,,,,Freq: 1. Example: ISA 61:8. 
laumagu-ese,,,,,,Freq: 1. Example: ISA 61:10. 
hatarulaigu,,,,,,Freq: 1. Example: ISA 61:10. 
hatubudiamu,,,,,,Freq: 1. Example: ISA 61:11. 
variadiai,,,,,,Freq: 1. Example: ISA 61:11. 
moalelaimumu,,,,,,Freq: 1. Example: ISA 62:4. 
hahelaloa,,,,,,Freq: 1. Example: ISA 62:6. 
halaḡaia,,,,,,Freq: 1. Example: ISA 62:7. 
gogoamu,,,,,,Freq: 1. Example: ISA 62:9. 
ikoudia,,,,,,Freq: 1. Example: ISA 62:9. 
raua-raua,,,,,,Freq: 1. Example: ISA 63:4. 
inoilaina,,,,,,Freq: 1. Example: ISA 63:14. 
irauamai,,,,,,Freq: 1. Example: ISA 63:16. 
hakereremaimu,,,,,,Freq: 1. Example: ISA 63:17. 
rakodia,,,,,,Freq: 1. Example: ISA 64:2. 
hadaidaiamu,,,,,,Freq: 1. Example: ISA 64:2. 
odamai,,,,,,Freq: 1. Example: ISA 64:6. 
ikahu-taomu,,,,,,Freq: 1. Example: ISA 64:7. 
gugulaiamu,,,,,,Freq: 1. Example: ISA 64:7. 
ikuimai,,,,,,Freq: 1. Example: ISA 64:8. 
imodaimuva,,,,,,Freq: 1. Example: ISA 64:11. 
vasiahudia,,,,,,Freq: 1. Example: ISA 65:4. 
hahenemailaidia,,,,,,Freq: 1. Example: ISA 65:15. 
haḡuḡurudiamu,,,,,,Freq: 1. Example: ISA 65:20. 
tau-burukana,,,,,,Freq: 1. Example: ISA 65:20. 
hagugurudia,,,,,,Freq: 1. Example: ISA 65:20. 
anianilai,,,,,,Freq: 1. Example: ISA 65:22. 
lalo-manaumu,,,,,,Freq: 1. Example: ISA 66:2. 
boiboiva,,,,,,Freq: 1. Example: ISA 66:4. 
hahegabani,,,,,,Freq: 1. Example: ISA 66:9. 
dagiramui,,,,,,Freq: 1. Example: ISA 66:12. 
haroho-harohomui,,,,,,Freq: 1. Example: ISA 66:12. 
ihagaragarana,,,,,,Freq: 1. Example: ISA 66:15. 
ihahururuna,,,,,,Freq: 1. Example: ISA 66:15. 
baeani,,,,,,Freq: 1. Example: ISA 66:17. 
peva-mare,,,,,,Freq: 1. Example: ISA 66:19. 
duanaimu,,,,,,Freq: 1. Example: JER 1:5. 
hagini-hagini,,,,,,Freq: 1. Example: JER 1:10. 
sokede,,,,,,Freq: 1. Example: JER 1:11. 
ihahemetaina,,,,,,Freq: 1. Example: JER 1:13. 
daidaia,,,,,,Freq: 1. Example: JER 1:14. 
hahetahaia,,,,,,Freq: 1. Example: JER 1:17. 
ilodu-henina,,,,,,Freq: 1. Example: JER 1:18. 
iloduhenidia,,,,,,Freq: 1. Example: JER 1:18. 
vairatuhutuhudia,,,,,,Freq: 1. Example: JER 2:2. 
ḡaukaralaimu,,,,,,Freq: 1. Example: JER 2:8. 
gavadiava,,,,,,Freq: 1. Example: JER 2:8. 
dara-dokolaia,,,,,,Freq: 1. Example: JER 2:12. 
lalaḡalaia,,,,,,Freq: 1. Example: JER 2:12. 
helohilohina,,,,,,Freq: 1. Example: JER 2:13. 
damuga,,,,,,Freq: 1. Example: JER 2:14. 
ieona,,,,,,Freq: 1. Example: JER 2:15. 
heḡaima,,,,,,Freq: 1. Example: JER 2:24. 
ha-iruamu,,,,,,Freq: 1. Example: JER 2:24. 
tamakamu,,,,,,Freq: 1. Example: JER 2:25. 
dlrava,,,,,,Freq: 1. Example: JER 2:28. 
gadoamu,,,,,,Freq: 1. Example: JER 2:30. 
kekenigu,,,,,,Freq: 1. Example: JER 3:4. 
elava,,,,,,Freq: 1. Example: JER 3:6. 
urluseni,,,,,,Freq: 1. Example: JER 3:6. 
lenai,,,,,,Freq: 1. Example: JER 3:9. 
iregumui,,,,,,Freq: 1. Example: JER 3:15. 
iḡavadia,,,,,,Freq: 1. Example: JER 3:17. 
hetoahu,,,,,,Freq: 1. Example: JER 3:17. 
igavagu,,,,,,Freq: 1. Example: JER 3:19. 
dihotaniamu,,,,,,Freq: 1. Example: JER 3:20. 
koimaimu,,,,,,Freq: 1. Example: JER 3:23. 
dibaḡanimaimu,,,,,,Freq: 1. Example: JER 3:23. 
hedoma-hedomana,,,,,,Freq: 1. Example: JER 4:7. 
gvauraiamu,,,,,,Freq: 1. Example: JER 4:15. 
irevamu,,,,,,Freq: 1. Example: JER 4:18. 
hahevahura,,,,,,Freq: 1. Example: JER 4:27. 
dubaduba,,,,,,Freq: 1. Example: JER 4:28. 
hetahu-hetahu,,,,,,Freq: 1. Example: JER 5:1. 
nadi-aukadia,,,,,,Freq: 1. Example: JER 5:3. 
hakunuva,,,,,,Freq: 1. Example: JER 5:7. 
lokalokamu,,,,,,Freq: 1. Example: JER 5:8. 
ha-oremui,,,,,,Freq: 1. Example: JER 5:18. 
rla,,,,,,Freq: 1. Example: JER 5:19. 
gwau-edeededia,,,,,,Freq: 1. Example: JER 5:23. 
hamaragidiamu,,,,,,Freq: 1. Example: JER 5:28. 
bete-hakerereme,,,,,,Freq: 1. Example: JER 6:1. 
ivaira-henina,,,,,,Freq: 1. Example: JER 6:3. 
hevaira-henina,,,,,,Freq: 1. Example: JER 6:6. 
kwabudia,,,,,,Freq: 1. Example: JER 6:9. 
burukidia,,,,,,Freq: 1. Example: JER 6:9. 
hehekou,,,,,,Freq: 1. Example: JER 6:10. 
ihalahelaina,,,,,,Freq: 1. Example: JER 6:11. 
igimamui,,,,,,Freq: 1. Example: JER 6:17. 
hebogahisimu,,,,,,Freq: 1. Example: JER 6:23. 
gugubadamu,,,,,,Freq: 1. Example: JER 6:24. 
taitailaiamu,,,,,,Freq: 1. Example: JER 6:26. 
hatakuda,,,,,,Freq: 1. Example: JER 6:26. 
hidi-hidi,,,,,,Freq: 1. Example: JER 6:27. 
ede-ede,,,,,,Freq: 1. Example: JER 6:28. 
ihiririlaina,,,,,,Freq: 1. Example: JER 6:29. 
irla,,,,,,Freq: 1. Example: JER 7:6. 
hamialaia,,,,,,Freq: 1. Example: JER 7:12. 
igwau-henimui,,,,,,Freq: 1. Example: JER 7:13. 
bubudiamu,,,,,,Freq: 1. Example: JER 7:18. 
haraivagumu,,,,,,Freq: 1. Example: JER 7:19. 
haheraivamu,,,,,,Freq: 1. Example: JER 7:19. 
ha-aukadiava,,,,,,Freq: 1. Example: JER 7:26. 
lasilai,,,,,,Freq: 1. Example: JER 8:1. 
ḡavadiava,,,,,,Freq: 1. Example: JER 8:2. 
iburukidia,,,,,,Freq: 1. Example: JER 8:13. 
revada,,,,,,Freq: 1. Example: JER 8:14. 
asinema,,,,,,Freq: 1. Example: JER 8:15. 
hakoko,,,,,,Freq: 1. Example: JER 8:16. 
tubebemu,,,,,,Freq: 1. Example: JER 8:16. 
tabubumu,,,,,,Freq: 1. Example: JER 8:16. 
korimui,,,,,,Freq: 1. Example: JER 8:17. 
hebala,,,,,,Freq: 1. Example: JER 9:5. 
senuamu,,,,,,Freq: 1. Example: JER 9:6. 
tai-hevale,,,,,,Freq: 1. Example: JER 9:17. 
iruru-matada,,,,,,Freq: 1. Example: JER 9:18. 
wamu,,,,,,Freq: 1. Example: JER 9:24. 
peritomena,,,,,,Freq: 1. Example: JER 9:25. 
merameramu,,,,,,Freq: 1. Example: JER 9:26. 
palakamu,,,,,,Freq: 1. Example: JER 10:9. 
ḡahukaḡahuka,,,,,,Freq: 1. Example: JER 10:9. 
auno,,,,,,Freq: 1. Example: JER 10:11. 
taunaimanima,,,,,,Freq: 1. Example: JER 10:14. 
taudra,,,,,,Freq: 1. Example: JER 10:18. 
ihalaodia,,,,,,Freq: 1. Example: JER 10:22. 
dibamumu,,,,,,Freq: 1. Example: JER 10:25. 
dagemu,,,,,,Freq: 1. Example: JER 11:9. 
dava-ihenina,,,,,,Freq: 1. Example: JER 11:20. 
helulumu,,,,,,Freq: 1. Example: JER 12:5. 
vamu-ani,,,,,,Freq: 1. Example: JER 12:9. 
igwau-hamatalaina,,,,,,Freq: 1. Example: JER 12:16. 
kohua-kohuana,,,,,,Freq: 1. Example: JER 13:4. 
norio,,,,,,Freq: 1. Example: JER 13:7. 
heaḡi-bada,,,,,,Freq: 1. Example: JER 13:9. 
ikwaramu,,,,,,Freq: 1. Example: JER 13:21. 
manadailai,,,,,,Freq: 1. Example: JER 13:23. 
loulaidiamu,,,,,,Freq: 1. Example: JER 14:3. 
henemailaimai,,,,,,Freq: 1. Example: JER 14:9. 
ḡuriḡurilaia,,,,,,Freq: 1. Example: JER 14:11. 
hahelaḡad-ia,,,,,,Freq: 1. Example: JER 14:12. 
rahumai,,,,,,Freq: 1. Example: JER 14:19. 
ihadihona,,,,,,Freq: 1. Example: JER 14:22. 
hageredia,,,,,,Freq: 1. Example: JER 15:1. 
idaredia,,,,,,Freq: 1. Example: JER 15:3. 
iani-oredia,,,,,,Freq: 1. Example: JER 15:3. 
uduguiraigumu,,,,,,Freq: 1. Example: JER 15:10. 
vadivadigu,,,,,,Freq: 1. Example: JER 15:15. 
kohuakohua,,,,,,Freq: 1. Example: JER 16:16. 
helavahumu,,,,,,Freq: 1. Example: JER 16:17. 
gabu-aukana,,,,,,Freq: 1. Example: JER 16:19. 
taumabunai,,,,,,Freq: 1. Example: JER 16:21. 
purina,,,,,,Freq: 1. Example: JER 17:1. 
gasia,,,,,,Freq: 1. Example: JER 17:1. 
rabatarina,,,,,,Freq: 1. Example: JER 17:6. 
haura-hauradia,,,,,,Freq: 1. Example: JER 17:6. 
hetoimu,,,,,,Freq: 1. Example: JER 17:8. 
helea-daena,,,,,,Freq: 1. Example: JER 17:12. 
hegegemadaina,,,,,,Freq: 1. Example: JER 17:26. 
ha-ariaa,,,,,,Freq: 1. Example: JER 17:27. 
igirogirona,,,,,,Freq: 1. Example: JER 18:3. 
lalo-aukamai,,,,,,Freq: 1. Example: JER 18:12. 
hagadia,,,,,,Freq: 1. Example: JER 18:14. 
keruma-kerumadia,,,,,,Freq: 1. Example: JER 18:14. 
iala-masegu,,,,,,Freq: 1. Example: JER 18:23. 
hamaorolaimunu,,,,,,Freq: 1. Example: JER 19:2. 
hemai-hemai,,,,,,Freq: 1. Example: JER 19:3. 
silaia,,,,,,Freq: 1. Example: JER 19:8. 
ha-anidia,,,,,,Freq: 1. Example: JER 19:9. 
ihagarimu,,,,,,Freq: 1. Example: JER 20:4. 
ḡabamu,,,,,,Freq: 1. Example: JER 20:8. 
hekirikirilai,,,,,,Freq: 1. Example: JER 20:8. 
ihaheaukalaina,,,,,,Freq: 1. Example: JER 20:9. 
ihahisihisigu,,,,,,Freq: 1. Example: JER 20:11. 
idadaraidia,,,,,,Freq: 1. Example: JER 20:11. 
tuarilai,,,,,,Freq: 1. Example: JER 21:4. 
henumui,,,,,,Freq: 1. Example: JER 21:5. 
heḡeḡe-madaina,,,,,,Freq: 1. Example: JER 21:14. 
goevaḡoevadia,,,,,,Freq: 1. Example: JER 22:3. 
lalo-hisihisilaia,,,,,,Freq: 1. Example: JER 22:10. 
kakakaka-hereana,,,,,,Freq: 1. Example: JER 22:14. 
oḡoḡami,,,,,,Freq: 1. Example: JER 22:16. 
idibalaigu,,,,,,Freq: 1. Example: JER 22:16. 
murimuridiai,,,,,,Freq: 1. Example: JER 22:19. 
abarimi,,,,,,Freq: 1. Example: JER 22:20. 
kokimu,,,,,,Freq: 1. Example: JER 22:24. 
nadia,,,,,,Freq: 1. Example: JER 22:25. 
wo,,,,,,Freq: 1. Example: JER 22:28. 
mawi,,,,,,Freq: 1. Example: JER 23:6. 
dedika-dedikadia,,,,,,Freq: 1. Example: JER 23:12. 
dibwa,,,,,,Freq: 1. Example: JER 23:12. 
hahonumuimu,,,,,,Freq: 1. Example: JER 23:16. 
asiua,,,,,,Freq: 1. Example: JER 23:21. 
hesivarailai,,,,,,Freq: 1. Example: JER 23:27. 
perovetalaidiamu,,,,,,Freq: 1. Example: JER 23:32. 
lekonia,,,,,,Freq: 1. Example: JER 24:1. 
awi,,,,,,Freq: 1. Example: JER 24:1. 
gvau-tora,,,,,,Freq: 1. Example: JER 24:9. 
tanoua,,,,,,Freq: 1. Example: JER 24:10. 
ihagwautatoina,,,,,,Freq: 1. Example: JER 25:3. 
iui,,,,,,Freq: 1. Example: JER 25:32. 
iala-masemui,,,,,,Freq: 1. Example: JER 25:34. 
ihakarohomui,,,,,,Freq: 1. Example: JER 25:34. 
havahudiamu,,,,,,Freq: 1. Example: JER 25:36. 
haganilaimumu,,,,,,Freq: 1. Example: JER 26:2. 
haganilaia,,,,,,Freq: 1. Example: JER 26:8. 
gwukau,,,,,,Freq: 1. Example: JER 27:3. 
lalohadailai,,,,,,Freq: 1. Example: JER 27:5. 
birulaia,,,,,,Freq: 1. Example: JER 27:11. 
haevamu,,,,,,Freq: 1. Example: JER 27:11. 
helalolaidia,,,,,,Freq: 1. Example: JER 27:22. 
per,,,,,,Freq: 1. Example: JER 28:8. 
vetalai,,,,,,Freq: 1. Example: JER 28:8. 
perovetalaiamu,,,,,,Freq: 1. Example: JER 28:9. 
hanarua,,,,,,Freq: 1. Example: JER 28:17. 
siaidla,,,,,,Freq: 1. Example: JER 29:4. 
hahanegu,,,,,,Freq: 1. Example: JER 29:12. 
dekemal,,,,,,Freq: 1. Example: JER 29:28. 
dibaganimui,,,,,,Freq: 1. Example: JER 29:31. 
lalabora,,,,,,Freq: 1. Example: JER 30:6. 
davaniu,,,,,,Freq: 1. Example: JER 30:14. 
ha-oremumu,,,,,,Freq: 1. Example: JER 30:16. 
dadimumu,,,,,,Freq: 1. Example: JER 30:16. 
harakaia,,,,,,Freq: 1. Example: JER 30:21. 
urahenina,,,,,,Freq: 1. Example: JER 31:3. 
kaha-daudaudia,,,,,,Freq: 1. Example: JER 31:8. 
regudiamu,,,,,,Freq: 1. Example: JER 31:10. 
ḡadegade,,,,,,Freq: 1. Example: JER 31:15. 
hadibadibagu,,,,,,Freq: 1. Example: JER 31:19. 
matamalana,,,,,,Freq: 1. Example: JER 31:22. 
iragadia,,,,,,Freq: 1. Example: JER 31:28. 
goa,,,,,,Freq: 1. Example: JER 31:39. 
dokadokana,,,,,,Freq: 1. Example: JER 31:40. 
hevaira-hehenidia,,,,,,Freq: 1. Example: JER 32:4. 
iabi-taona,,,,,,Freq: 1. Example: JER 32:7. 
merodia,,,,,,Freq: 1. Example: JER 32:30. 
lalo-garagara,,,,,,Freq: 1. Example: JER 32:37. 
muridhi,,,,,,Freq: 1. Example: JER 32:39. 
gwauhamatalai,,,,,,Freq: 1. Example: JER 32:42. 
kara-namodh,,,,,,Freq: 1. Example: JER 32:42. 
rahudh,,,,,,Freq: 1. Example: JER 33:5. 
halaḡa-anidiamu,,,,,,Freq: 1. Example: JER 33:12. 
miridia,,,,,,Freq: 1. Example: JER 33:22. 
iḡui-loudia,,,,,,Freq: 1. Example: JER 34:7. 
unoholaidia,,,,,,Freq: 1. Example: JER 34:22. 
habasinia,,,,,,Freq: 1. Example: JER 35:3. 
igdalia,,,,,,Freq: 1. Example: JER 35:4. 
ma-aseia,,,,,,Freq: 1. Example: JER 35:4. 
iginina,,,,,,Freq: 1. Example: JER 35:19. 
vaugu,,,,,,Freq: 1. Example: JER 36:5. 
lehudi,,,,,,Freq: 1. Example: JER 36:14. 
ini-hereva,,,,,,Freq: 1. Example: JER 36:16. 
parapavana,,,,,,Freq: 1. Example: JER 36:21. 
abdele,,,,,,Freq: 1. Example: JER 36:26. 
iehukala,,,,,,Freq: 1. Example: JER 37:3. 
ben,,,,,,Freq: 1. Example: JER 37:10. 
hematauraigu,,,,,,Freq: 1. Example: JER 37:20. 
iukala,,,,,,Freq: 1. Example: JER 38:1. 
kadidihamu,,,,,,Freq: 1. Example: JER 38:12. 
ela-bona,,,,,,Freq: 1. Example: JER 38:28. 
abla,,,,,,Freq: 1. Example: JER 39:3. 
samagara-nebo,,,,,,Freq: 1. Example: JER 39:3. 
sarasekimi,,,,,,Freq: 1. Example: JER 39:3. 
neregalasaresere,,,,,,Freq: 1. Example: JER 39:3. 
oleana,,,,,,Freq: 1. Example: JER 39:9. 
nebusasabana,,,,,,Freq: 1. Example: JER 39:13. 
ba-noho,,,,,,Freq: 1. Example: JER 40:5. 
ogogami-herea,,,,,,Freq: 1. Example: JER 40:7. 
efai,,,,,,Freq: 1. Example: JER 40:8. 
iesania,,,,,,Freq: 1. Example: JER 40:8. 
baalisi,,,,,,Freq: 1. Example: JER 40:14. 
iroromana,,,,,,Freq: 1. Example: JER 41:4. 
gasidia,,,,,,Freq: 1. Example: JER 41:5. 
ihedavari-henidia,,,,,,Freq: 1. Example: JER 41:6. 
amo-ese,,,,,,Freq: 1. Example: JER 41:8. 
ismaele,,,,,,Freq: 1. Example: JER 41:8. 
kamorlai,,,,,,Freq: 1. Example: JER 41:11. 
abi-mauridia,,,,,,Freq: 1. Example: JER 41:16. 
gerutu,,,,,,Freq: 1. Example: JER 41:17. 
dagi-badadia,,,,,,Freq: 1. Example: JER 42:1. 
itamaimu,,,,,,Freq: 1. Example: JER 42:2. 
gadoimai,,,,,,Freq: 1. Example: JER 42:2. 
ragamui,,,,,,Freq: 1. Example: JER 42:10. 
hadikalaimui,,,,,,Freq: 1. Example: JER 42:10. 
kerehailaiamu,,,,,,Freq: 1. Example: JER 42:10. 
doena,,,,,,Freq: 1. Example: JER 42:16. 
gavamui,,,,,,Freq: 1. Example: JER 42:16. 
fiuria,,,,,,Freq: 1. Example: JER 42:20. 
siailaia,,,,,,Freq: 1. Example: JER 43:1. 
bavatomai,,,,,,Freq: 1. Example: JER 43:3. 
laohaimai,,,,,,Freq: 1. Example: JER 43:3. 
hahekerukeruna,,,,,,Freq: 1. Example: JER 43:10. 
darurana,,,,,,Freq: 1. Example: JER 43:12. 
heliopolisi,,,,,,Freq: 1. Example: JER 43:13. 
hiahedua,,,,,,Freq: 1. Example: JER 44:10. 
heihi,,,,,,Freq: 1. Example: JER 44:12. 
ihirai,,,,,,Freq: 1. Example: JER 44:12. 
ibubudia,,,,,,Freq: 1. Example: JER 44:18. 
haoremai,,,,,,Freq: 1. Example: JER 44:18. 
bonaula,,,,,,Freq: 1. Example: JER 44:25. 
hofra,,,,,,Freq: 1. Example: JER 44:30. 
sulavaina,,,,,,Freq: 1. Example: JER 46:2. 
hakimore-kimoredia,,,,,,Freq: 1. Example: JER 46:4. 
diudia,,,,,,Freq: 1. Example: JER 46:9. 
gaukaralaidia,,,,,,Freq: 1. Example: JER 46:11. 
hetata,,,,,,Freq: 1. Example: JER 46:12. 
hahegegemu,,,,,,Freq: 1. Example: JER 46:14. 
kahuhu,,,,,,Freq: 1. Example: JER 46:20. 
segaia,,,,,,Freq: 1. Example: JER 46:23. 
reḡeregena,,,,,,Freq: 1. Example: JER 46:27. 
anakimi,,,,,,Freq: 1. Example: JER 47:5. 
pauamu,,,,,,Freq: 1. Example: JER 47:6. 
haduaiamu,,,,,,Freq: 1. Example: JER 47:7. 
madmene,,,,,,Freq: 1. Example: JER 48:2. 
iahedona,,,,,,Freq: 1. Example: JER 48:10. 
ihaegena,,,,,,Freq: 1. Example: JER 48:12. 
haegea,,,,,,Freq: 1. Example: JER 48:12. 
hanu,,,,,,Freq: 1. Example: JER 48:15. 
nohoa,,,,,,Freq: 1. Example: JER 48:17. 
bete-diblataimi,,,,,,Freq: 1. Example: JER 48:22. 
bete-gamulu,,,,,,Freq: 1. Example: JER 48:23. 
bete-meono,,,,,,Freq: 1. Example: JER 48:23. 
kirihrilaia,,,,,,Freq: 1. Example: JER 48:26. 
haladoladoa,,,,,,Freq: 1. Example: JER 48:27. 
punena,,,,,,Freq: 1. Example: JER 48:28. 
ere-daḡedage,,,,,,Freq: 1. Example: JER 48:30. 
kuri-here,,,,,,Freq: 1. Example: JER 48:31. 
tailaimu,,,,,,Freq: 1. Example: JER 48:32. 
rigimu,,,,,,Freq: 1. Example: JER 48:32. 
kiri-here,,,,,,Freq: 1. Example: JER 48:36. 
hegasi,,,,,,Freq: 1. Example: JER 48:37. 
hoduna,,,,,,Freq: 1. Example: JER 48:38. 
laḡaga,,,,,,Freq: 1. Example: JER 48:43. 
laḡagana,,,,,,Freq: 1. Example: JER 48:44. 
davarta,,,,,,Freq: 1. Example: JER 48:44. 
abitanidia,,,,,,Freq: 1. Example: JER 49:9. 
laḡa-animu,,,,,,Freq: 1. Example: JER 49:31. 
roho-,,,,,,Freq: 1. Example: JER 49:36. 
ḡaina,,,,,,Freq: 1. Example: JER 50:5. 
helua,,,,,,Freq: 1. Example: JER 50:7. 
idadina,,,,,,Freq: 1. Example: JER 50:11. 
loloa,,,,,,Freq: 1. Example: JER 50:15. 
kwarurudia,,,,,,Freq: 1. Example: JER 50:17. 
pava-,,,,,,Freq: 1. Example: JER 50:18. 
merataimi,,,,,,Freq: 1. Example: JER 50:21. 
reḡemu,,,,,,Freq: 1. Example: JER 50:22. 
ibotalaina,,,,,,Freq: 1. Example: JER 50:23. 
lavuna,,,,,,Freq: 1. Example: JER 50:23. 
iabimu,,,,,,Freq: 1. Example: JER 50:24. 
sisisisina,,,,,,Freq: 1. Example: JER 50:26. 
heagina,,,,,,Freq: 1. Example: JER 50:29. 
madaimu,,,,,,Freq: 1. Example: JER 50:32. 
ikahu-riegedia,,,,,,Freq: 1. Example: JER 50:33. 
daḡedagedia,,,,,,Freq: 1. Example: JER 50:42. 
ihakekerona,,,,,,Freq: 1. Example: JER 51:7. 
igwaurai-maoroda,,,,,,Freq: 1. Example: JER 51:10. 
dokomui,,,,,,Freq: 1. Example: JER 51:13. 
dogadoḡamu,,,,,,Freq: 1. Example: JER 51:24. 
keimu,,,,,,Freq: 1. Example: JER 51:25. 
mini,,,,,,Freq: 1. Example: JER 51:27. 
hekoe-hekoemu,,,,,,Freq: 1. Example: JER 51:29. 
itaborona,,,,,,Freq: 1. Example: JER 51:33. 
ha-oregu,,,,,,Freq: 1. Example: JER 51:34. 
lorigu,,,,,,Freq: 1. Example: JER 51:34. 
hakororo,,,,,,Freq: 1. Example: JER 51:36. 
garaḡaramu,,,,,,Freq: 1. Example: JER 51:39. 
baḡo,,,,,,Freq: 1. Example: JER 51:48. 
gwaugvvau,,,,,,Freq: 1. Example: JER 51:51. 
havahuanu,,,,,,Freq: 1. Example: JER 51:55. 
regemu,,,,,,Freq: 1. Example: JER 51:55. 
luari,,,,,,Freq: 1. Example: JER 51:56. 
helaha,,,,,,Freq: 1. Example: JER 51:58. 
hahegigidia,,,,,,Freq: 1. Example: JER 52:14. 
bia,,,,,,Freq: 1. Example: JER 52:19. 
kuboro-heḡeḡe,,,,,,Freq: 1. Example: JER 52:21. 
gegelaia,,,,,,Freq: 1. Example: JER 52:22. 
geḡelaia,,,,,,Freq: 1. Example: JER 52:23. 
ihatoiahuihituna,,,,,,Freq: 1. Example: JER 52:31. 
hagagaia,,,,,,Freq: 1. Example: JER 52:31. 
hanaihanaiava,,,,,,Freq: 1. Example: JER 52:33. 
degedegena,,,,,,Freq: 1. Example: LAM 1:1. 
lalolaidia,,,,,,Freq: 1. Example: LAM 1:7. 
ḡanaḡanadia,,,,,,Freq: 1. Example: LAM 1:11. 
hahisilaigu,,,,,,Freq: 1. Example: LAM 1:12. 
mase-reagu,,,,,,Freq: 1. Example: LAM 1:13. 
bogaragigu,,,,,,Freq: 1. Example: LAM 1:15. 
imoi-taodia,,,,,,Freq: 1. Example: LAM 1:15. 
variha,,,,,,Freq: 1. Example: LAM 1:20. 
hemaradia,,,,,,Freq: 1. Example: LAM 2:2. 
matarealaimu,,,,,,Freq: 1. Example: LAM 2:4. 
bona-ena,,,,,,Freq: 1. Example: LAM 2:9. 
manoridiamu,,,,,,Freq: 1. Example: LAM 2:11. 
ladolado,,,,,,Freq: 1. Example: LAM 2:15. 
ihi-ihiraimumu,,,,,,Freq: 1. Example: LAM 2:16. 
hahegigia,,,,,,Freq: 1. Example: LAM 2:17. 
imatamadia,,,,,,Freq: 1. Example: LAM 2:19. 
hageremai,,,,,,Freq: 1. Example: LAM 2:20. 
hekwadi-auna,,,,,,Freq: 1. Example: LAM 3:1. 
govagu,,,,,,Freq: 1. Example: LAM 3:5. 
magugu,,,,,,Freq: 1. Example: LAM 3:7. 
beana,,,,,,Freq: 1. Example: LAM 3:10. 
habaiagu,,,,,,Freq: 1. Example: LAM 3:11. 
hagaualaidia,,,,,,Freq: 1. Example: LAM 3:16. 
ialo,,,,,,Freq: 1. Example: LAM 3:19. 
kopikopi,,,,,,Freq: 1. Example: LAM 3:45. 
komadana,,,,,,Freq: 1. Example: LAM 3:49. 
hadikalaigumu,,,,,,Freq: 1. Example: LAM 3:62. 
hevasehalaigu,,,,,,Freq: 1. Example: LAM 3:63. 
hoḡohoḡo,,,,,,Freq: 1. Example: LAM 4:1. 
davildia,,,,,,Freq: 1. Example: LAM 4:2. 
ubudi,,,,,,Freq: 1. Example: LAM 4:3. 
kokokokodia,,,,,,Freq: 1. Example: LAM 4:3. 
manadava,,,,,,Freq: 1. Example: LAM 4:5. 
kukuroka-kukuroka,,,,,,Freq: 1. Example: LAM 4:7. 
ḡiriḡi,,,,,,Freq: 1. Example: LAM 4:7. 
makuku,,,,,,Freq: 1. Example: LAM 4:8. 
adoradia,,,,,,Freq: 1. Example: LAM 4:10. 
fiaraḡarana,,,,,,Freq: 1. Example: LAM 4:11. 
miromui,,,,,,Freq: 1. Example: LAM 4:15. 
hedau,,,,,,Freq: 1. Example: LAM 4:15. 
loa-evaeva,,,,,,Freq: 1. Example: LAM 4:15. 
ae-gedumai,,,,,,Freq: 1. Example: LAM 4:18. 
ugavadia,,,,,,Freq: 1. Example: LAM 4:19. 
haḡeremai,,,,,,Freq: 1. Example: LAM 5:1. 
hahemaraimaimu,,,,,,Freq: 1. Example: LAM 5:1. 
isie,,,,,,Freq: 1. Example: LAM 5:5. 
halaga-animaimu,,,,,,Freq: 1. Example: LAM 5:5. 
lohiamaimu,,,,,,Freq: 1. Example: LAM 5:8. 
kopimai,,,,,,Freq: 1. Example: LAM 5:10. 
heḡaraḡarana,,,,,,Freq: 1. Example: LAM 5:10. 
haḡaukaradiamu,,,,,,Freq: 1. Example: LAM 5:13. 
huadiamu,,,,,,Freq: 1. Example: LAM 5:13. 
ihabaimai,,,,,,Freq: 1. Example: LAM 5:16. 
ihatoi-ahuina,,,,,,Freq: 1. Example: EZK 1:1. 
hanohoava,,,,,,Freq: 1. Example: EZK 1:2. 
busi,,,,,,Freq: 1. Example: EZK 1:3. 
kehara,,,,,,Freq: 1. Example: EZK 1:3. 
hururua,,,,,,Freq: 1. Example: EZK 1:4. 
hegirova,,,,,,Freq: 1. Example: EZK 1:9. 
heheḡeḡereḡere,,,,,,Freq: 1. Example: EZK 1:16. 
heidi,,,,,,Freq: 1. Example: EZK 1:22. 
gubarta,,,,,,Freq: 1. Example: EZK 1:25. 
hegeḡena,,,,,,Freq: 1. Example: EZK 1:27. 
garilaidia,,,,,,Freq: 1. Example: EZK 2:6. 
hamaorugu,,,,,,Freq: 1. Example: EZK 3:1. 
hakunulaia,,,,,,Freq: 1. Example: EZK 3:3. 
hahuakaia,,,,,,Freq: 1. Example: EZK 3:8. 
telabibi,,,,,,Freq: 1. Example: EZK 3:15. 
ihakau-sirina,,,,,,Freq: 1. Example: EZK 3:18. 
maoromaoio,,,,,,Freq: 1. Example: EZK 3:20. 
hakapea,,,,,,Freq: 1. Example: EZK 3:26. 
tomamnu,,,,,,Freq: 1. Example: EZK 3:27. 
tunua,,,,,,Freq: 1. Example: EZK 4:1. 
unudaudauna,,,,,,Freq: 1. Example: EZK 4:5. 
haguḡurudia,,,,,,Freq: 1. Example: EZK 4:8. 
millet,,,,,,Freq: 1. Example: EZK 4:9. 
litre,,,,,,Freq: 1. Example: EZK 4:11. 
varoda,,,,,,Freq: 1. Example: EZK 4:17. 
idai-ahuna,,,,,,Freq: 1. Example: EZK 5:2. 
itata-utudia,,,,,,Freq: 1. Example: EZK 5:6. 
hadoemui,,,,,,Freq: 1. Example: EZK 5:14. 
lalo-siahugu,,,,,,Freq: 1. Example: EZK 5:15. 
koura-koura,,,,,,Freq: 1. Example: EZK 6:3. 
hahekidadia,,,,,,Freq: 1. Example: EZK 6:5. 
ih-aboulaina,,,,,,Freq: 1. Example: EZK 6:6. 
paladia,,,,,,Freq: 1. Example: EZK 6:6. 
iguimui,,,,,,Freq: 1. Example: EZK 6:9. 
gavadiamu,,,,,,Freq: 1. Example: EZK 6:9. 
kahikahina,,,,,,Freq: 1. Example: EZK 6:12. 
urumo-urumodia,,,,,,Freq: 1. Example: EZK 6:13. 
herahu-mase,,,,,,Freq: 1. Example: EZK 7:9. 
kohu-momo,,,,,,Freq: 1. Example: EZK 7:11. 
hoihoimu,,,,,,Freq: 1. Example: EZK 7:12. 
edia-hotuhotu,,,,,,Freq: 1. Example: EZK 7:12. 
hegaegaelai,,,,,,Freq: 1. Example: EZK 7:14. 
heroḡe-herogemu,,,,,,Freq: 1. Example: EZK 7:17. 
ha-orelai,,,,,,Freq: 1. Example: EZK 7:19. 
hakunulai,,,,,,Freq: 1. Example: EZK 7:19. 
ihahekwakwanailaidia,,,,,,Freq: 1. Example: EZK 7:19. 
heagilai,,,,,,Freq: 1. Example: EZK 7:20. 
taratvatu,,,,,,Freq: 1. Example: EZK 7:26. 
hurwu-hururuna,,,,,,Freq: 1. Example: EZK 8:2. 
doboraḡigu,,,,,,Freq: 1. Example: EZK 8:3. 
imata-hanailaina,,,,,,Freq: 1. Example: EZK 8:3. 
dika-rohoroho-lia,,,,,,Freq: 1. Example: EZK 8:10. 
taitailaidiamu,,,,,,Freq: 1. Example: EZK 9:4. 
ḡanaḡanalaidiamu,,,,,,Freq: 1. Example: EZK 9:4. 
hauaina,,,,,,Freq: 1. Example: EZK 10:4. 
hudia,,,,,,Freq: 1. Example: EZK 10:5. 
kiama-hamadia,,,,,,Freq: 1. Example: EZK 10:9. 
laasania,,,,,,Freq: 1. Example: EZK 11:1. 
inadulaina,,,,,,Freq: 1. Example: EZK 11:3. 
taunimanimanatuna,,,,,,Freq: 1. Example: EZK 11:4. 
agowa,,,,,,Freq: 1. Example: EZK 11:5. 
inadulaidia,,,,,,Freq: 1. Example: EZK 11:7. 
hahegogomui,,,,,,Freq: 1. Example: EZK 11:17. 
gwauedeede,,,,,,Freq: 1. Example: EZK 12:3. 
inetauna,,,,,,Freq: 1. Example: EZK 12:10. 
kudou-hetahamu,,,,,,Freq: 1. Example: EZK 12:18. 
heudeheudemu,,,,,,Freq: 1. Example: EZK 12:18. 
heḡova-ahu,,,,,,Freq: 1. Example: EZK 13:18. 
idoalaidiamu,,,,,,Freq: 1. Example: EZK 13:20. 
tutuana,,,,,,Freq: 1. Example: EZK 15:5. 
hedaraunelai,,,,,,Freq: 1. Example: EZK 16:2. 
govalaia,,,,,,Freq: 1. Example: EZK 16:8. 
maohenimu,,,,,,Freq: 1. Example: EZK 16:8. 
hadigumu,,,,,,Freq: 1. Example: EZK 16:9. 
vagivagi,,,,,,Freq: 1. Example: EZK 16:11. 
haheralai,,,,,,Freq: 1. Example: EZK 16:16. 
govalaidia,,,,,,Freq: 1. Example: EZK 16:18. 
ḡagaemu,,,,,,Freq: 1. Example: EZK 16:22. 
lebulebulaia,,,,,,Freq: 1. Example: EZK 16:25. 
hehoihoilai,,,,,,Freq: 1. Example: EZK 16:25. 
gsudia,,,,,,Freq: 1. Example: EZK 16:33. 
henitaodia,,,,,,Freq: 1. Example: EZK 16:33. 
hehulala,,,,,,Freq: 1. Example: EZK 16:36. 
olebulebulaidia,,,,,,Freq: 1. Example: EZK 16:37. 
dihotanidiamu,,,,,,Freq: 1. Example: EZK 16:38. 
dapamu,,,,,,Freq: 1. Example: EZK 16:40. 
miriginimu,,,,,,Freq: 1. Example: EZK 16:46. 
boga-kunuva,,,,,,Freq: 1. Example: EZK 16:49. 
haragaia,,,,,,Freq: 1. Example: EZK 16:52. 
kunana,,,,,,Freq: 1. Example: EZK 16:55. 
gwaurai-gwawai,,,,,,Freq: 1. Example: EZK 16:56. 
duni-dae,,,,,,Freq: 1. Example: EZK 16:57. 
hepuina,,,,,,Freq: 1. Example: EZK 17:2. 
hape,,,,,,Freq: 1. Example: EZK 17:3. 
urumo-urumo,,,,,,Freq: 1. Example: EZK 17:6. 
hema,,,,,,Freq: 1. Example: EZK 17:7. 
helaorearia,,,,,,Freq: 1. Example: EZK 17:14. 
rigirigi,,,,,,Freq: 1. Example: EZK 17:22. 
rigirigidia,,,,,,Freq: 1. Example: EZK 17:22. 
hakwadogiamu,,,,,,Freq: 1. Example: EZK 17:24. 
hakakoroamu,,,,,,Freq: 1. Example: EZK 17:24. 
dadiva,,,,,,Freq: 1. Example: EZK 18:18. 
irohe-ahudia,,,,,,Freq: 1. Example: EZK 19:1. 
ist,,,,,,Freq: 1. Example: EZK 19:1. 
igauna,,,,,,Freq: 1. Example: EZK 19:9. 
noke,,,,,,Freq: 1. Example: EZK 19:11. 
hakakoroa,,,,,,Freq: 1. Example: EZK 19:12. 
inanadaigu,,,,,,Freq: 1. Example: EZK 20:3. 
ihakau-lasidia,,,,,,Freq: 1. Example: EZK 20:9. 
urumona,,,,,,Freq: 1. Example: EZK 20:28. 
lasit,,,,,,Freq: 1. Example: EZK 20:34. 
hevaira-hehenida,,,,,,Freq: 1. Example: EZK 20:35. 
hakaud,,,,,,Freq: 1. Example: EZK 20:38. 
harihati,,,,,,Freq: 1. Example: EZK 20:39. 
hamuoa,,,,,,Freq: 1. Example: EZK 20:39. 
itelaḡagu,,,,,,Freq: 1. Example: EZK 20:41. 
hahemirolai,,,,,,Freq: 1. Example: EZK 20:43. 
uda-tanona,,,,,,Freq: 1. Example: EZK 20:46. 
hodaridia,,,,,,Freq: 1. Example: EZK 20:47. 
dara-dokomu,,,,,,Freq: 1. Example: EZK 21:6. 
lalo-hisihisimu,,,,,,Freq: 1. Example: EZK 21:6. 
ilaia,,,,,,Freq: 1. Example: EZK 21:7. 
iunana,,,,,,Freq: 1. Example: EZK 21:11. 
dapadapa,,,,,,Freq: 1. Example: EZK 21:14. 
kevaru-kevarumu,,,,,,Freq: 1. Example: EZK 21:15. 
launmu,,,,,,Freq: 1. Example: EZK 21:16. 
ha-,,,,,,Freq: 1. Example: EZK 21:17. 
rubediamu,,,,,,Freq: 1. Example: EZK 21:21. 
nanadaidiamu,,,,,,Freq: 1. Example: EZK 21:21. 
lolo-dagu,,,,,,Freq: 1. Example: EZK 21:22. 
igwadadia,,,,,,Freq: 1. Example: EZK 21:22. 
vaḡomadia,,,,,,Freq: 1. Example: EZK 21:22. 
iato-hatadia,,,,,,Freq: 1. Example: EZK 21:22. 
iḡegelaina,,,,,,Freq: 1. Example: EZK 21:22. 
hulalalaidia,,,,,,Freq: 1. Example: EZK 21:24. 
hakimorekimorea,,,,,,Freq: 1. Example: EZK 21:28. 
pururumu,,,,,,Freq: 1. Example: EZK 21:31. 
ihamirolaina,,,,,,Freq: 1. Example: EZK 22:3. 
hahemataidiamu,,,,,,Freq: 1. Example: EZK 22:7. 
hahebademu,,,,,,Freq: 1. Example: EZK 22:9. 
rava-maragi,,,,,,Freq: 1. Example: EZK 22:11. 
gvaurai-lagau,,,,,,Freq: 1. Example: EZK 22:12. 
hekapumu,,,,,,Freq: 1. Example: EZK 22:13. 
hahururuhururuamu,,,,,,Freq: 1. Example: EZK 22:20. 
ihavevedia,,,,,,Freq: 1. Example: EZK 22:20. 
pururumui,,,,,,Freq: 1. Example: EZK 22:21. 
daremu,,,,,,Freq: 1. Example: EZK 22:27. 
orediamu,,,,,,Freq: 1. Example: EZK 22:27. 
ḡaunai,,,,,,Freq: 1. Example: EZK 22:27. 
gwa,,,,,,Freq: 1. Example: EZK 22:28. 
ha-aradia,,,,,,Freq: 1. Example: EZK 22:31. 
hedadaraina,,,,,,Freq: 1. Example: EZK 23:17. 
hedadaraigu,,,,,,Freq: 1. Example: EZK 23:18. 
lalo-hekisehekisemu,,,,,,Freq: 1. Example: EZK 23:21. 
soa,,,,,,Freq: 1. Example: EZK 23:23. 
koa,,,,,,Freq: 1. Example: EZK 23:23. 
tapusia,,,,,,Freq: 1. Example: EZK 23:34. 
ouda,,,,,,Freq: 1. Example: EZK 23:40. 
ka,,,,,,Freq: 1. Example: EZK 23:45. 
date,,,,,,Freq: 1. Example: EZK 23:47. 
rakudia,,,,,,Freq: 1. Example: EZK 24:5. 
udunanana,,,,,,Freq: 1. Example: EZK 24:12. 
iheaḡilaina,,,,,,Freq: 1. Example: EZK 24:21. 
bena-lauegu,,,,,,Freq: 1. Example: EZK 24:22. 
heḡanaḡana,,,,,,Freq: 1. Example: EZK 24:23. 
ibona,,,,,,Freq: 1. Example: EZK 24:25. 
atomuimu,,,,,,Freq: 1. Example: EZK 25:4. 
ihadava-henidia,,,,,,Freq: 1. Example: EZK 25:12. 
hahedava,,,,,,Freq: 1. Example: EZK 25:15. 
tahia,,,,,,Freq: 1. Example: EZK 26:4. 
duduidia,,,,,,Freq: 1. Example: EZK 26:8. 
govamu,,,,,,Freq: 1. Example: EZK 26:10. 
ariaramu,,,,,,Freq: 1. Example: EZK 26:11. 
motumotudia,,,,,,Freq: 1. Example: EZK 26:18. 
raka-lasi,,,,,,Freq: 1. Example: EZK 27:3. 
au-tubuamu,,,,,,Freq: 1. Example: EZK 27:5. 
laramu,,,,,,Freq: 1. Example: EZK 27:7. 
pepemu,,,,,,Freq: 1. Example: EZK 27:7. 
kone-tartodia,,,,,,Freq: 1. Example: EZK 27:7. 
heleke,,,,,,Freq: 1. Example: EZK 27:11. 
gamada,,,,,,Freq: 1. Example: EZK 27:11. 
haraga-haragana,,,,,,Freq: 1. Example: EZK 27:12. 
matlai,,,,,,Freq: 1. Example: EZK 27:15. 
kadokodo,,,,,,Freq: 1. Example: EZK 27:16. 
helebono,,,,,,Freq: 1. Example: EZK 27:18. 
hoihoilaiva,,,,,,Freq: 1. Example: EZK 27:21. 
kilimada,,,,,,Freq: 1. Example: EZK 27:23. 
gedadia,,,,,,Freq: 1. Example: EZK 27:24. 
loalai,,,,,,Freq: 1. Example: EZK 27:25. 
madunamu,,,,,,Freq: 1. Example: EZK 27:25. 
demadema,,,,,,Freq: 1. Example: EZK 27:27. 
mutumu,,,,,,Freq: 1. Example: EZK 27:27. 
hekui-hekuimu,,,,,,Freq: 1. Example: EZK 27:30. 
riodiamu,,,,,,Freq: 1. Example: EZK 27:31. 
lalo-iditadia,,,,,,Freq: 1. Example: EZK 27:31. 
idita-hereadia,,,,,,Freq: 1. Example: EZK 27:31. 
herohe-ahulaimumu,,,,,,Freq: 1. Example: EZK 27:32. 
hataḡalaidia,,,,,,Freq: 1. Example: EZK 27:33. 
nuku,,,,,,Freq: 1. Example: EZK 27:36. 
haberomumu,,,,,,Freq: 1. Example: EZK 28:9. 
lat,,,,,,Freq: 1. Example: EZK 28:10. 
herahela,,,,,,Freq: 1. Example: EZK 28:13. 
iseisedia,,,,,,Freq: 1. Example: EZK 28:13. 
raho-namomu,,,,,,Freq: 1. Example: EZK 28:17. 
hamiroava,,,,,,Freq: 1. Example: EZK 28:17. 
raraimuva,,,,,,Freq: 1. Example: EZK 28:18. 
helaḡagu,,,,,,Freq: 1. Example: EZK 28:22. 
hmai,,,,,,Freq: 1. Example: EZK 29:4. 
hakamodia,,,,,,Freq: 1. Example: EZK 29:4. 
herogi-herogi,,,,,,Freq: 1. Example: EZK 29:7. 
hamaragidia,,,,,,Freq: 1. Example: EZK 29:15. 
ituarihenina,,,,,,Freq: 1. Example: EZK 29:18. 
haboha,,,,,,Freq: 1. Example: EZK 29:18. 
hatoto,,,,,,Freq: 1. Example: EZK 29:18. 
damuḡana,,,,,,Freq: 1. Example: EZK 29:19. 
abdiholo,,,,,,Freq: 1. Example: EZK 30:4. 
hahebolorudia,,,,,,Freq: 1. Example: EZK 30:9. 
tagana,,,,,,Freq: 1. Example: EZK 30:10. 
havareaidia,,,,,,Freq: 1. Example: EZK 30:11. 
pibesete,,,,,,Freq: 1. Example: EZK 30:17. 
tehafenehe,,,,,,Freq: 1. Example: EZK 30:18. 
ikumi,,,,,,Freq: 1. Example: EZK 30:21. 
sinavai-sinavaidia,,,,,,Freq: 1. Example: EZK 31:4. 
latalata,,,,,,Freq: 1. Example: EZK 31:5. 
kwaidudia,,,,,,Freq: 1. Example: EZK 31:12. 
hegigi-dobina,,,,,,Freq: 1. Example: EZK 31:13. 
ihagvauta-ruana,,,,,,Freq: 1. Example: EZK 32:1. 
sese,,,,,,Freq: 1. Example: EZK 32:2. 
halamiriamu,,,,,,Freq: 1. Example: EZK 32:2. 
haduhudiamu,,,,,,Freq: 1. Example: EZK 32:2. 
hapetapetalaia,,,,,,Freq: 1. Example: EZK 32:5. 
iguimu,,,,,,Freq: 1. Example: EZK 32:9. 
hahelado,,,,,,Freq: 1. Example: EZK 32:10. 
ḡaudia-aedia,,,,,,Freq: 1. Example: EZK 32:13. 
hanegaridia,,,,,,Freq: 1. Example: EZK 32:14. 
helevamu,,,,,,Freq: 1. Example: EZK 32:14. 
hahekuremu,,,,,,Freq: 1. Example: EZK 32:19. 
hahekwinadia,,,,,,Freq: 1. Example: EZK 32:27. 
nda,,,,,,Freq: 1. Example: EZK 32:30. 
hahegarina,,,,,,Freq: 1. Example: EZK 32:30. 
hedaraunelaia,,,,,,Freq: 1. Example: EZK 33:5. 
haketoa,,,,,,Freq: 1. Example: EZK 33:12. 
idiu,,,,,,Freq: 1. Example: EZK 33:29. 
heboulaimumu,,,,,,Freq: 1. Example: EZK 33:30. 
dagedagemui,,,,,,Freq: 1. Example: EZK 34:4. 
oioro,,,,,,Freq: 1. Example: EZK 34:6. 
iubudia,,,,,,Freq: 1. Example: EZK 34:10. 
haduhua,,,,,,Freq: 1. Example: EZK 34:19. 
varodadia,,,,,,Freq: 1. Example: EZK 34:20. 
hebibimu,,,,,,Freq: 1. Example: EZK 34:21. 
bibidia,,,,,,Freq: 1. Example: EZK 34:21. 
batugudia,,,,,,Freq: 1. Example: EZK 34:26. 
haheḡaeḡaemu,,,,,,Freq: 1. Example: EZK 35:6. 
gonaḡonalaidia,,,,,,Freq: 1. Example: EZK 35:12. 
hesivarailaimui,,,,,,Freq: 1. Example: EZK 36:3. 
gagaedia,,,,,,Freq: 1. Example: EZK 36:4. 
ruamui,,,,,,Freq: 1. Example: EZK 36:9. 
uhemui,,,,,,Freq: 1. Example: EZK 36:9. 
noholaimui,,,,,,Freq: 1. Example: EZK 36:11. 
bogaragididi,,,,,,Freq: 1. Example: EZK 36:21. 
hakamui,,,,,,Freq: 1. Example: EZK 36:24. 
negarinegarina,,,,,,Freq: 1. Example: EZK 36:25. 
sisirimui,,,,,,Freq: 1. Example: EZK 36:25. 
ialo-auka,,,,,,Freq: 1. Example: EZK 36:26. 
hamanadamui,,,,,,Freq: 1. Example: EZK 36:27. 
noholaidiamubona,,,,,,Freq: 1. Example: EZK 36:35. 
maḡudiamu,,,,,,Freq: 1. Example: EZK 36:35. 
kakakoro,,,,,,Freq: 1. Example: EZK 37:2. 
henidiatomamu,,,,,,Freq: 1. Example: EZK 37:5. 
hadudu,,,,,,Freq: 1. Example: EZK 37:6. 
govamui,,,,,,Freq: 1. Example: EZK 37:6. 
reḡedagu,,,,,,Freq: 1. Example: EZK 37:7. 
hemudu-hemudu,,,,,,Freq: 1. Example: EZK 37:7. 
hadududia,,,,,,Freq: 1. Example: EZK 37:8. 
turiamai,,,,,,Freq: 1. Example: EZK 37:11. 
ui,,,,,,Freq: 1. Example: EZK 37:20. 
iḡovalai-ḡuḡurudia,,,,,,Freq: 1. Example: EZK 38:4. 
kwara-gaudia,,,,,,Freq: 1. Example: EZK 38:5. 
medu-hetaridia,,,,,,Freq: 1. Example: EZK 38:22. 
kasiri-ani,,,,,,Freq: 1. Example: EZK 39:4. 
bolomadia,,,,,,Freq: 1. Example: EZK 39:4. 
iraka-hanaina,,,,,,Freq: 1. Example: EZK 39:15. 
hamona,,,,,,Freq: 1. Example: EZK 39:16. 
tomaunu,,,,,,Freq: 1. Example: EZK 39:25. 
vageḡena,,,,,,Freq: 1. Example: EZK 39:25. 
koilaigu,,,,,,Freq: 1. Example: EZK 39:26. 
hagaridiava,,,,,,Freq: 1. Example: EZK 39:26. 
rakataia,,,,,,Freq: 1. Example: EZK 39:28. 
hadadia,,,,,,Freq: 1. Example: EZK 40:5. 
idae-lao-henina,,,,,,Freq: 1. Example: EZK 40:6. 
seaseadia,,,,,,Freq: 1. Example: EZK 40:12. 
vaira-kahana,,,,,,Freq: 1. Example: EZK 40:15. 
hahaga,,,,,,Freq: 1. Example: EZK 40:16. 
kahanadanu,,,,,,Freq: 1. Example: EZK 40:40. 
ialalaidia,,,,,,Freq: 1. Example: EZK 40:42. 
kahanil,,,,,,Freq: 1. Example: EZK 41:7. 
nil,,,,,,Freq: 1. Example: EZK 41:12. 
labahadia,,,,,,Freq: 1. Example: EZK 41:14. 
helokuva,,,,,,Freq: 1. Example: EZK 41:24. 
hulalava,,,,,,Freq: 1. Example: EZK 41:24. 
au-reireidia,,,,,,Freq: 1. Example: EZK 41:25. 
lalaba,,,,,,Freq: 1. Example: EZK 42:2. 
nadi-ariarana,,,,,,Freq: 1. Example: EZK 42:3. 
hegaga-henina,,,,,,Freq: 1. Example: EZK 42:10. 
hehelaga,,,,,,Freq: 1. Example: EZK 42:14. 
uhuḡaina,,,,,,Freq: 1. Example: EZK 42:20. 
kaharuadiava,,,,,,Freq: 1. Example: EZK 42:20. 
hakiama-kiamaia,,,,,,Freq: 1. Example: EZK 43:2. 
ae-palapalagu,,,,,,Freq: 1. Example: EZK 43:7. 
imoina,,,,,,Freq: 1. Example: EZK 43:7. 
alodia,,,,,,Freq: 1. Example: EZK 43:8. 
itomadihohenidia,,,,,,Freq: 1. Example: EZK 43:9. 
nahma,,,,,,Freq: 1. Example: EZK 43:10. 
ilalo-hatana,,,,,,Freq: 1. Example: EZK 43:10. 
ihaero-hatana,,,,,,Freq: 1. Example: EZK 43:11. 
hara-latana,,,,,,Freq: 1. Example: EZK 43:13. 
daḡana,,,,,,Freq: 1. Example: EZK 43:13. 
bebekabebekadia,,,,,,Freq: 1. Example: EZK 43:25. 
tauanidia,,,,,,Freq: 1. Example: EZK 44:7. 
atva,,,,,,Freq: 1. Example: EZK 44:7. 
tan-ona,,,,,,Freq: 1. Example: EZK 44:14. 
lialu,,,,,,Freq: 1. Example: EZK 44:15. 
inamoe,,,,,,Freq: 1. Example: EZK 44:17. 
hahedohlai,,,,,,Freq: 1. Example: EZK 44:17. 
piriboudia,,,,,,Freq: 1. Example: EZK 44:18. 
halata,,,,,,Freq: 1. Example: EZK 44:20. 
uhugaidia,,,,,,Freq: 1. Example: EZK 44:23. 
gogoeva,,,,,,Freq: 1. Example: EZK 44:23. 
timo,,,,,,Freq: 1. Example: EZK 44:31. 
ilulu-lasidia,,,,,,Freq: 1. Example: EZK 45:9. 
ibadidia,,,,,,Freq: 1. Example: EZK 45:11. 
inta,,,,,,Freq: 1. Example: EZK 45:12. 
bebekabebekana,,,,,,Freq: 1. Example: EZK 46:4. 
eta,,,,,,Freq: 1. Example: EZK 46:11. 
tlanua,,,,,,Freq: 1. Example: EZK 46:12. 
ikuilaina,,,,,,Freq: 1. Example: EZK 46:14. 
bouhouna,,,,,,Freq: 1. Example: EZK 46:14. 
dokodokona,,,,,,Freq: 1. Example: EZK 46:19. 
maḡumaḡu,,,,,,Freq: 1. Example: EZK 46:23. 
tuimai,,,,,,Freq: 1. Example: EZK 47:4. 
riri,,,,,,Freq: 1. Example: EZK 47:6. 
lougu,,,,,,Freq: 1. Example: EZK 47:7. 
negarimu,,,,,,Freq: 1. Example: EZK 47:8. 
hanegaria,,,,,,Freq: 1. Example: EZK 47:9. 
en-eglaimi,,,,,,Freq: 1. Example: EZK 47:10. 
laguta-lagutana,,,,,,Freq: 1. Example: EZK 47:11. 
negari,,,,,,Freq: 1. Example: EZK 47:11. 
berota,,,,,,Freq: 1. Example: EZK 47:16. 
hasere-hatikono,,,,,,Freq: 1. Example: EZK 47:16. 
miriginina,,,,,,Freq: 1. Example: EZK 47:17. 
umul,,,,,,Freq: 1. Example: EZK 47:22. 
murigini,,,,,,Freq: 1. Example: EZK 48:10. 
en,,,,,,Freq: 1. Example: EZK 48:10. 
hebodohilaia,,,,,,Freq: 1. Example: EZK 48:14. 
ilanua,,,,,,Freq: 1. Example: EZK 48:15. 
meribatakade,,,,,,Freq: 1. Example: EZK 48:28. 
aspenasa,,,,,,Freq: 1. Example: DAN 1:3. 
kwara-haraga,,,,,,Freq: 1. Example: DAN 1:4. 
lanania,,,,,,Freq: 1. Example: DAN 1:11. 
oromamai,,,,,,Freq: 1. Example: DAN 1:13. 
aida,,,,,,Freq: 1. Example: DAN 1:16. 
dibadiaidia,,,,,,Freq: 1. Example: DAN 1:20. 
hagwauta,,,,,,Freq: 1. Example: DAN 1:20. 
laḡania,,,,,,Freq: 1. Example: DAN 2:1. 
kaldeataudia,,,,,,Freq: 1. Example: DAN 2:2. 
laloguna,,,,,,Freq: 1. Example: DAN 2:3. 
pavapavima,,,,,,Freq: 1. Example: DAN 2:11. 
lianania,,,,,,Freq: 1. Example: DAN 2:17. 
hamaorolaidh,,,,,,Freq: 1. Example: DAN 2:17. 
ha-idaudiamu,,,,,,Freq: 1. Example: DAN 2:21. 
haginidiamu,,,,,,Freq: 1. Example: DAN 2:21. 
taunabutlai,,,,,,Freq: 1. Example: DAN 2:24. 
aor,,,,,,Freq: 1. Example: DAN 2:24. 
ega,,,,,,Freq: 1. Example: DAN 2:24. 
latanal,,,,,,Freq: 1. Example: DAN 2:28. 
kiamakiama-hereana,,,,,,Freq: 1. Example: DAN 2:31. 
d,,,,,,Freq: 1. Example: DAN 2:34. 
hahemakohimu,,,,,,Freq: 1. Example: DAN 2:40. 
hedoa-hedoa,,,,,,Freq: 1. Example: DAN 2:43. 
hebulomu,,,,,,Freq: 1. Example: DAN 2:43. 
hahetamonamu,,,,,,Freq: 1. Example: DAN 2:43. 
dura,,,,,,Freq: 1. Example: DAN 3:1. 
gwau-lasi,,,,,,Freq: 1. Example: DAN 3:4. 
olo,,,,,,Freq: 1. Example: DAN 3:10. 
garaḡara,,,,,,Freq: 1. Example: DAN 3:13. 
mailaiadia,,,,,,Freq: 1. Example: DAN 3:13. 
hasiahuava,,,,,,Freq: 1. Example: DAN 3:19. 
logoradia,,,,,,Freq: 1. Example: DAN 3:21. 
hedederai,,,,,,Freq: 1. Example: DAN 3:27. 
varagana,,,,,,Freq: 1. Example: DAN 3:27. 
haheganimu,,,,,,Freq: 1. Example: DAN 3:29. 
ihadibalaigu,,,,,,Freq: 1. Example: DAN 4:7. 
belelesasara,,,,,,Freq: 1. Example: DAN 4:8. 
nihina,,,,,,Freq: 1. Example: DAN 4:9. 
gaulatalata,,,,,,Freq: 1. Example: DAN 4:10. 
lapadia,,,,,,Freq: 1. Example: DAN 4:14. 
uhugai,,,,,,Freq: 1. Example: DAN 4:17. 
ihamaorolaigu,,,,,,Freq: 1. Example: DAN 4:18. 
ḡawla,,,,,,Freq: 1. Example: DAN 4:21. 
anma,,,,,,Freq: 1. Example: DAN 4:24. 
hapariparimu,,,,,,Freq: 1. Example: DAN 4:25. 
ahulaigu,,,,,,Freq: 1. Example: DAN 4:36. 
gogoeva-goḡoeva,,,,,,Freq: 1. Example: DAN 4:37. 
inuinulai,,,,,,Freq: 1. Example: DAN 5:3. 
toreva,,,,,,Freq: 1. Example: DAN 5:5. 
halalagaia,,,,,,Freq: 1. Example: DAN 5:6. 
hebalarea,,,,,,Freq: 1. Example: DAN 5:6. 
halalaḡamu,,,,,,Freq: 1. Example: DAN 5:10. 
rohemumu,,,,,,Freq: 1. Example: DAN 5:14. 
iabi-isidia,,,,,,Freq: 1. Example: DAN 5:19. 
iato-dihodia,,,,,,Freq: 1. Example: DAN 5:19. 
parasini,,,,,,Freq: 1. Example: DAN 5:25. 
lagarudia,,,,,,Freq: 1. Example: DAN 5:31. 
tauratoi-ahui-rua,,,,,,Freq: 1. Example: DAN 5:31. 
hadaiva,,,,,,Freq: 1. Example: DAN 6:10. 
noinoiva,,,,,,Freq: 1. Example: DAN 6:11. 
midimidi,,,,,,Freq: 1. Example: DAN 6:12. 
koulaia,,,,,,Freq: 1. Example: DAN 6:17. 
ganaganana,,,,,,Freq: 1. Example: DAN 6:20. 
moru-dobidia,,,,,,Freq: 1. Example: DAN 6:24. 
herauamu,,,,,,Freq: 1. Example: DAN 6:27. 
hahurehurea,,,,,,Freq: 1. Example: DAN 7:2. 
rudu,,,,,,Freq: 1. Example: DAN 7:5. 
kudou-hetahana,,,,,,Freq: 1. Example: DAN 7:7. 
maraḡi-muaḡina,,,,,,Freq: 1. Example: DAN 7:8. 
hekehova,,,,,,Freq: 1. Example: DAN 7:10. 
idau-,,,,,,Freq: 1. Example: DAN 7:14. 
badadi,,,,,,Freq: 1. Example: DAN 7:20. 
gonagonalaia,,,,,,Freq: 1. Example: DAN 7:25. 
mata-hanaigu,,,,,,Freq: 1. Example: DAN 8:2. 
ae-moimoilai,,,,,,Freq: 1. Example: DAN 8:13. 
hahedinaiaiamu,,,,,,Freq: 1. Example: DAN 8:17. 
goru-dihogu,,,,,,Freq: 1. Example: DAN 8:18. 
unana,,,,,,Freq: 1. Example: DAN 8:25. 
anivagagu,,,,,,Freq: 1. Example: DAN 9:3. 
puse-dabuagu,,,,,,Freq: 1. Example: DAN 9:3. 
hahesiriudiamu,,,,,,Freq: 1. Example: DAN 9:4. 
mal,,,,,,Freq: 1. Example: DAN 9:9. 
taudla,,,,,,Freq: 1. Example: DAN 9:10. 
eaia,,,,,,Freq: 1. Example: DAN 9:10. 
laiamu,,,,,,Freq: 1. Example: DAN 9:18. 
ḡaḡaemai,,,,,,Freq: 1. Example: DAN 9:18. 
batna,,,,,,Freq: 1. Example: DAN 9:22. 
kara-maoromaorona,,,,,,Freq: 1. Example: DAN 9:24. 
iḡeḡe-ahuna,,,,,,Freq: 1. Example: DAN 9:25. 
koupana,,,,,,Freq: 1. Example: DAN 9:25. 
bainen-a,,,,,,Freq: 1. Example: DAN 9:26. 
ḡuḡurudia,,,,,,Freq: 1. Example: DAN 10:3. 
hmorena,,,,,,Freq: 1. Example: DAN 10:6. 
shu,,,,,,Freq: 1. Example: DAN 10:13. 
basikiana,,,,,,Freq: 1. Example: DAN 11:2. 
sdver,,,,,,Freq: 1. Example: DAN 11:8. 
diba-herea,,,,,,Freq: 1. Example: DAN 11:15. 
taḡa-herea,,,,,,Freq: 1. Example: DAN 11:24. 
goada-hereana,,,,,,Freq: 1. Example: DAN 11:25. 
gaiho-lia,,,,,,Freq: 1. Example: DAN 11:26. 
dibaganidia,,,,,,Freq: 1. Example: DAN 11:32. 
ihakurokurodia,,,,,,Freq: 1. Example: DAN 11:35. 
gwawaia,,,,,,Freq: 1. Example: DAN 11:36. 
gow,,,,,,Freq: 1. Example: DAN 11:38. 
davabada,,,,,,Freq: 1. Example: DAN 11:38. 
hut,,,,,,Freq: 1. Example: DAN 11:39. 
ha-utudia,,,,,,Freq: 1. Example: DAN 11:40. 
id,,,,,,Freq: 1. Example: DAN 11:41. 
ihadikadlia,,,,,,Freq: 1. Example: DAN 11:42. 
glmadia,,,,,,Freq: 1. Example: DAN 12:1. 
igigi-rohorohona,,,,,,Freq: 1. Example: DAN 12:7. 
hehehuni,,,,,,Freq: 1. Example: DAN 12:9. 
hahekurokuro,,,,,,Freq: 1. Example: DAN 12:10. 
hahevahumu,,,,,,Freq: 1. Example: DAN 12:11. 
diblaimi,,,,,,Freq: 1. Example: HOS 1:3. 
tadikamamui,,,,,,Freq: 1. Example: HOS 2:1. 
taihumui,,,,,,Freq: 1. Example: HOS 2:1. 
tapusi,,,,,,Freq: 1. Example: HOS 2:3. 
ga,,,,,,Freq: 1. Example: HOS 2:3. 
ihadabulaina,,,,,,Freq: 1. Example: HOS 2:9. 
haherohemui,,,,,,Freq: 1. Example: HOS 2:18. 
lb,,,,,,Freq: 1. Example: HOS 3:2. 
daguna,,,,,,Freq: 1. Example: HOS 4:6. 
ganiganimu,,,,,,Freq: 1. Example: HOS 4:8. 
nanadaiamu,,,,,,Freq: 1. Example: HOS 4:12. 
poplar,,,,,,Freq: 1. Example: HOS 4:13. 
naluna,,,,,,Freq: 1. Example: HOS 4:16. 
koedia,,,,,,Freq: 1. Example: HOS 4:19. 
iua,,,,,,Freq: 1. Example: HOS 5:5. 
houkahouka,,,,,,Freq: 1. Example: HOS 5:12. 
dareda,,,,,,Freq: 1. Example: HOS 6:1. 
botada,,,,,,Freq: 1. Example: HOS 6:1. 
beroda,,,,,,Freq: 1. Example: HOS 6:1. 
baguda,,,,,,Freq: 1. Example: HOS 6:3. 
hololai,,,,,,Freq: 1. Example: HOS 6:3. 
idiba-ḡoevana,,,,,,Freq: 1. Example: HOS 6:6. 
haheboumu,,,,,,Freq: 1. Example: HOS 6:9. 
roromadiamu,,,,,,Freq: 1. Example: HOS 6:9. 
itaboromu,,,,,,Freq: 1. Example: HOS 6:11. 
irakuna,,,,,,Freq: 1. Example: HOS 7:4. 
hururumu,,,,,,Freq: 1. Example: HOS 7:6. 
heḡasimu,,,,,,Freq: 1. Example: HOS 7:14. 
ihadikalaigu,,,,,,Freq: 1. Example: HOS 7:15. 
ere-daḡedaḡe,,,,,,Freq: 1. Example: HOS 7:16. 
heigumu,,,,,,Freq: 1. Example: HOS 8:2. 
hegarana,,,,,,Freq: 1. Example: HOS 9:6. 
haherogorogo,,,,,,Freq: 1. Example: HOS 9:11. 
mara-dika,,,,,,Freq: 1. Example: HOS 9:14. 
dagedagedia,,,,,,Freq: 1. Example: HOS 9:15. 
gwuraimu,,,,,,Freq: 1. Example: HOS 10:4. 
ḡorumai,,,,,,Freq: 1. Example: HOS 10:8. 
imoimoilaina,,,,,,Freq: 1. Example: HOS 10:11. 
salamana,,,,,,Freq: 1. Example: HOS 10:14. 
bet-arabele,,,,,,Freq: 1. Example: HOS 10:14. 
ad,,,,,,Freq: 1. Example: HOS 11:8. 
uilu,,,,,,Freq: 1. Example: HOS 11:8. 
igwau-henina,,,,,,Freq: 1. Example: HOS 11:11. 
haheḡegegu,,,,,,Freq: 1. Example: HOS 11:12. 
harahudiamu,,,,,,Freq: 1. Example: HOS 13:2. 
ninoana,,,,,,Freq: 1. Example: HOS 13:3. 
helohilohi,,,,,,Freq: 1. Example: HOS 13:15. 
bibinamai,,,,,,Freq: 1. Example: HOS 14:2. 
kara-hebeatai,,,,,,Freq: 1. Example: HOS 14:4. 
lily,,,,,,Freq: 1. Example: HOS 14:5. 
herahe-rana,,,,,,Freq: 1. Example: HOS 14:5. 
gimamumu,,,,,,Freq: 1. Example: HOS 14:8. 
petuel,,,,,,Freq: 1. Example: JOL 1:1. 
e-dodomu,,,,,,Freq: 1. Example: JOL 1:10. 
baruadia,,,,,,Freq: 1. Example: JOL 1:17. 
gabola,,,,,,Freq: 1. Example: JOL 2:2. 
hearamu,,,,,,Freq: 1. Example: JOL 2:3. 
laboradia,,,,,,Freq: 1. Example: JOL 2:6. 
anivagamui,,,,,,Freq: 1. Example: JOL 2:12. 
taimui,,,,,,Freq: 1. Example: JOL 2:12. 
ganaganamui,,,,,,Freq: 1. Example: JOL 2:12. 
ihamomokanimui,,,,,,Freq: 1. Example: JOL 2:23. 
gunadaia,,,,,,Freq: 1. Example: JOL 2:23. 
tubu-daena,,,,,,Freq: 1. Example: JOL 2:30. 
badula,,,,,,Freq: 1. Example: JOL 3:8. 
hegaegaelaia,,,,,,Freq: 1. Example: JOL 3:9. 
unuseili,,,,,,Freq: 1. Example: JOL 3:11. 
haranua,,,,,,Freq: 1. Example: JOL 3:18. 
kwadikwadi,,,,,,Freq: 1. Example: AMO 1:3. 
bet,,,,,,Freq: 1. Example: AMO 1:5. 
reruena,,,,,,Freq: 1. Example: AMO 2:13. 
ae-haraḡa,,,,,,Freq: 1. Example: AMO 2:14. 
ae-haraga,,,,,,Freq: 1. Example: AMO 2:15. 
heḡaeḡaelaidiamu,,,,,,Freq: 1. Example: AMO 3:10. 
maurudia,,,,,,Freq: 1. Example: AMO 4:3. 
haramono,,,,,,Freq: 1. Example: AMO 4:3. 
udu-baubaumui,,,,,,Freq: 1. Example: AMO 4:10. 
tilhoa,,,,,,Freq: 1. Example: AMO 5:7. 
hetaotao,,,,,,Freq: 1. Example: AMO 5:19. 
gabora,,,,,,Freq: 1. Example: AMO 5:20. 
sakutu,,,,,,Freq: 1. Example: AMO 5:26. 
kaiwana,,,,,,Freq: 1. Example: AMO 5:26. 
hataidiamu,,,,,,Freq: 1. Example: AMO 6:5. 
dahudiamu,,,,,,Freq: 1. Example: AMO 6:6. 
hisihisilaiamu,,,,,,Freq: 1. Example: AMO 6:6. 
ihanohodia,,,,,,Freq: 1. Example: AMO 6:7. 
hagolea,,,,,,Freq: 1. Example: AMO 6:10. 
karanaimi,,,,,,Freq: 1. Example: AMO 6:13. 
heboga,,,,,,Freq: 1. Example: AMO 7:2. 
hakaukauava,,,,,,Freq: 1. Example: AMO 7:4. 
ihaheaukalaidia,,,,,,Freq: 1. Example: AMO 7:10. 
sukamore,,,,,,Freq: 1. Example: AMO 7:14. 
manoe,,,,,,Freq: 1. Example: AMO 7:15. 
heharilaia,,,,,,Freq: 1. Example: AMO 7:17. 
hegure-hegure,,,,,,Freq: 1. Example: AMO 8:8. 
baiule,,,,,,Freq: 1. Example: AMO 8:8. 
hariolaidia,,,,,,Freq: 1. Example: AMO 8:10. 
vara-edea,,,,,,Freq: 1. Example: AMO 8:10. 
ikorodla,,,,,,Freq: 1. Example: AMO 9:1. 
dagwala,,,,,,Freq: 1. Example: AMO 9:3. 
hadaidiamu,,,,,,Freq: 1. Example: AMO 9:6. 
boilaidiamu,,,,,,Freq: 1. Example: AMO 9:6. 
haruiruia,,,,,,Freq: 1. Example: AMO 9:9. 
ruiruia,,,,,,Freq: 1. Example: AMO 9:9. 
imoimoilaidia,,,,,,Freq: 1. Example: AMO 9:13. 
iabilaina,,,,,,Freq: 1. Example: OBA 1:11. 
maridia,,,,,,Freq: 1. Example: OBA 1:11. 
sefarad,,,,,,Freq: 1. Example: OBA 1:20. 
heroḡi,,,,,,Freq: 1. Example: JON 1:4. 
saia,,,,,,Freq: 1. Example: JON 1:17. 
ha-utugu,,,,,,Freq: 1. Example: JON 2:3. 
alaga,,,,,,Freq: 1. Example: JON 2:5. 
ihakerukeruna,,,,,,Freq: 1. Example: JON 4:6. 
habadelaimw,,,,,,Freq: 1. Example: MIC 1:2. 
bete-le-afra,,,,,,Freq: 1. Example: MIC 1:10. 
safiri,,,,,,Freq: 1. Example: MIC 1:11. 
ḡaḡaemui,,,,,,Freq: 1. Example: MIC 1:11. 
hemaraimui,,,,,,Freq: 1. Example: MIC 1:11. 
saanan,,,,,,Freq: 1. Example: MIC 1:11. 
bet-esele,,,,,,Freq: 1. Example: MIC 1:11. 
maroto,,,,,,Freq: 1. Example: MIC 1:12. 
moresete-gata,,,,,,Freq: 1. Example: MIC 1:14. 
ihadareremui,,,,,,Freq: 1. Example: MIC 1:15. 
imodia,,,,,,Freq: 1. Example: MIC 2:1. 
hekokorokumui,,,,,,Freq: 1. Example: MIC 2:3. 
ehona,,,,,,Freq: 1. Example: MIC 2:4. 
guimai,,,,,,Freq: 1. Example: MIC 2:4. 
ihahemaraida,,,,,,Freq: 1. Example: MIC 2:6. 
habuaiamu,,,,,,Freq: 1. Example: MIC 2:10. 
loaeva-eva,,,,,,Freq: 1. Example: MIC 2:11. 
hulumana,,,,,,Freq: 1. Example: MIC 2:12. 
heloḡo-heloḡodia,,,,,,Freq: 1. Example: MIC 2:12. 
ihamauruna,,,,,,Freq: 1. Example: MIC 2:13. 
ḡoevaḡoevagu,,,,,,Freq: 1. Example: MIC 3:8. 
ihahedinarai-henidia,,,,,,Freq: 1. Example: MIC 3:8. 
hakererediamu,,,,,,Freq: 1. Example: MIC 3:9. 
hevatu,,,,,,Freq: 1. Example: MIC 3:11. 
haoromu,,,,,,Freq: 1. Example: MIC 3:11. 
bogaragida,,,,,,Freq: 1. Example: MIC 3:11. 
atai-hereana,,,,,,Freq: 1. Example: MIC 4:1. 
doamu,,,,,,Freq: 1. Example: MIC 4:13. 
benil,,,,,,Freq: 1. Example: MIC 5:3. 
badu-ḡaraḡaragu,,,,,,Freq: 1. Example: MIC 5:15. 
igarilaina,,,,,,Freq: 1. Example: MIC 6:9. 
ihi-ihiraimui,,,,,,Freq: 1. Example: MIC 6:16. 
vine-takona,,,,,,Freq: 1. Example: MIC 7:1. 
suke-huahuana,,,,,,Freq: 1. Example: MIC 7:1. 
otomu,,,,,,Freq: 1. Example: MIC 7:2. 
moḡeamu,,,,,,Freq: 1. Example: MIC 7:3. 
rava-maraḡi,,,,,,Freq: 1. Example: MIC 7:6. 
elkoso,,,,,,Freq: 1. Example: NAM 1:1. 
hadavamu,,,,,,Freq: 1. Example: NAM 1:2. 
hakororodiamu,,,,,,Freq: 1. Example: NAM 1:4. 
geaka-geakamu,,,,,,Freq: 1. Example: NAM 1:4. 
ha-uredia,,,,,,Freq: 1. Example: NAM 1:8. 
hatalaiamu,,,,,,Freq: 1. Example: NAM 1:9. 
heromedia,,,,,,Freq: 1. Example: NAM 1:10. 
hahealolaia,,,,,,Freq: 1. Example: NAM 1:11. 
madluna,,,,,,Freq: 1. Example: NAM 1:13. 
iḡuimu,,,,,,Freq: 1. Example: NAM 1:13. 
hahelaria,,,,,,Freq: 1. Example: NAM 1:14. 
ihamakohimu,,,,,,Freq: 1. Example: NAM 2:1. 
hadihakia,,,,,,Freq: 1. Example: NAM 2:2. 
hegaeḡaemu,,,,,,Freq: 1. Example: NAM 2:3. 
hwuru-hururumu,,,,,,Freq: 1. Example: NAM 2:3. 
ihadai-ahudia,,,,,,Freq: 1. Example: NAM 2:6. 
hevalemu,,,,,,Freq: 1. Example: NAM 2:7. 
haheḡagae,,,,,,Freq: 1. Example: NAM 2:10. 
tabubu-tabubumu,,,,,,Freq: 1. Example: NAM 2:10. 
hamarerediamu,,,,,,Freq: 1. Example: NAM 2:11. 
advana,,,,,,Freq: 1. Example: NAM 2:12. 
damumu,,,,,,Freq: 1. Example: NAM 2:13. 
hasenudiamu,,,,,,Freq: 1. Example: NAM 3:3. 
dibaḡanidiamu,,,,,,Freq: 1. Example: NAM 3:4. 
ulau-idau,,,,,,Freq: 1. Example: NAM 3:4. 
lagagalaimu,,,,,,Freq: 1. Example: NAM 3:7. 
hamasemu,,,,,,Freq: 1. Example: NAM 3:15. 
kwadidla,,,,,,Freq: 1. Example: NAM 3:15. 
ihaheboudia,,,,,,Freq: 1. Example: NAM 3:18. 
matahanailaia,,,,,,Freq: 1. Example: HAB 1:1. 
heau-heau,,,,,,Freq: 1. Example: HAB 1:6. 
bena-e,,,,,,Freq: 1. Example: HAB 1:10. 
veridiamu,,,,,,Freq: 1. Example: HAB 1:15. 
iḡonaḡonalaidia,,,,,,Freq: 1. Example: HAB 2:5. 
kiridia,,,,,,Freq: 1. Example: HAB 2:6. 
senumu,,,,,,Freq: 1. Example: HAB 2:6. 
ihahetahana,,,,,,Freq: 1. Example: HAB 2:7. 
mukuro,,,,,,Freq: 1. Example: HAB 2:11. 
idagedaḡe,,,,,,Freq: 1. Example: HAB 2:17. 
shigionoth,,,,,,Freq: 1. Example: HAB 3:1. 
hamatamaia,,,,,,Freq: 1. Example: HAB 3:2. 
mamadia,,,,,,Freq: 1. Example: HAB 3:4. 
kusana,,,,,,Freq: 1. Example: HAB 3:7. 
adai,,,,,,Freq: 1. Example: HAB 3:9. 
heidodia,,,,,,Freq: 1. Example: HAB 3:11. 
kimorena,,,,,,Freq: 1. Example: HAB 3:11. 
igigi-rohorohogu,,,,,,Freq: 1. Example: HAB 3:14. 
veverumu,,,,,,Freq: 1. Example: HAB 3:16. 
olvie,,,,,,Freq: 1. Example: HAB 3:17. 
harakagumu,,,,,,Freq: 1. Example: HAB 3:19. 
hahegaegaea,,,,,,Freq: 1. Example: ZEP 1:7. 
noho-herekwa,,,,,,Freq: 1. Example: ZEP 1:12. 
odamui,,,,,,Freq: 1. Example: ZEP 2:2. 
ialo-manau,,,,,,Freq: 1. Example: ZEP 2:3. 
gonagonalaidia,,,,,,Freq: 1. Example: ZEP 2:8. 
kirikirilaidiava,,,,,,Freq: 1. Example: ZEP 2:10. 
heaḡiva,,,,,,Freq: 1. Example: ZEP 2:10. 
leonadia,,,,,,Freq: 1. Example: ZEP 3:3. 
hehamaoro,,,,,,Freq: 1. Example: ZEP 3:5. 
raka-rakalaidiamu,,,,,,Freq: 1. Example: ZEP 3:6. 
nana,,,,,,Freq: 1. Example: ZEP 3:8. 
hetataro,,,,,,Freq: 1. Example: ZEP 3:11. 
moale-badana,,,,,,Freq: 1. Example: ZEP 3:17. 
doromu,,,,,,Freq: 1. Example: HAG 1:6. 
matumatuna,,,,,,Freq: 1. Example: HAG 1:6. 
udaiamu,,,,,,Freq: 1. Example: HAG 1:6. 
lehosadak,,,,,,Freq: 1. Example: HAG 2:4. 
hailaina,,,,,,Freq: 1. Example: HAG 2:9. 
hahebubudiamu,,,,,,Freq: 1. Example: HAG 2:22. 
asae,,,,,,Freq: 1. Example: ZEC 1:4. 
matu-hanai,,,,,,Freq: 1. Example: ZEC 1:6. 
sebata,,,,,,Freq: 1. Example: ZEC 1:7. 
peroveto,,,,,,Freq: 1. Example: ZEC 1:17. 
hakaroho,,,,,,Freq: 1. Example: ZEC 1:19. 
hakarohoa,,,,,,Freq: 1. Example: ZEC 1:21. 
dadimui,,,,,,Freq: 1. Example: ZEC 2:8. 
daumui,,,,,,Freq: 1. Example: ZEC 2:8. 
ḡegelaia,,,,,,Freq: 1. Example: ZEC 3:5. 
haogu,,,,,,Freq: 1. Example: ZEC 4:1. 
baubaudia,,,,,,Freq: 1. Example: ZEC 4:12. 
seilaia,,,,,,Freq: 1. Example: ZEC 4:12. 
rohona,,,,,,Freq: 1. Example: ZEC 5:2. 
hubit,,,,,,Freq: 1. Example: ZEC 5:2. 
ha-olea,,,,,,Freq: 1. Example: ZEC 5:4. 
ha-evadia,,,,,,Freq: 1. Example: ZEC 5:9. 
tlari,,,,,,Freq: 1. Example: ZEC 5:10. 
ilahana,,,,,,Freq: 1. Example: ZEC 5:11. 
mia-koremadia,,,,,,Freq: 1. Example: ZEC 6:3. 
halagaia,,,,,,Freq: 1. Example: ZEC 6:8. 
ihahelalo-unedia,,,,,,Freq: 1. Example: ZEC 6:14. 
regeme-melek,,,,,,Freq: 1. Example: ZEC 7:2. 
kodobedia,,,,,,Freq: 1. Example: ZEC 7:11. 
lalo-hekwarahigu,,,,,,Freq: 1. Example: ZEC 8:2. 
badu-garagaragu,,,,,,Freq: 1. Example: ZEC 8:2. 
haheinaidia,,,,,,Freq: 1. Example: ZEC 8:10. 
dekedekemu,,,,,,Freq: 1. Example: ZEC 8:23. 
hadraka,,,,,,Freq: 1. Example: ZEC 9:1. 
hetabiranai,,,,,,Freq: 1. Example: ZEC 9:2. 
vara-hanai,,,,,,Freq: 1. Example: ZEC 9:6. 
hahebolodia,,,,,,Freq: 1. Example: ZEC 9:8. 
nat,,,,,,Freq: 1. Example: ZEC 9:9. 
nohomui,,,,,,Freq: 1. Example: ZEC 9:12. 
dapadapalaimu,,,,,,Freq: 1. Example: ZEC 9:13. 
koe-hirihiridia,,,,,,Freq: 1. Example: ZEC 9:14. 
lanuna,,,,,,Freq: 1. Example: ZEC 9:15. 
parika-parika,,,,,,Freq: 1. Example: ZEC 9:15. 
iheralaina,,,,,,Freq: 1. Example: ZEC 9:16. 
nohonoho,,,,,,Freq: 1. Example: ZEC 10:10. 
iduaramu,,,,,,Freq: 1. Example: ZEC 11:1. 
hakorua,,,,,,Freq: 1. Example: ZEC 11:3. 
hakanidiamu,,,,,,Freq: 1. Example: ZEC 11:5. 
hoihoilaidiamu,,,,,,Freq: 1. Example: ZEC 11:5. 
ihoihoilaidia,,,,,,Freq: 1. Example: ZEC 11:7. 
regumui,,,,,,Freq: 1. Example: ZEC 11:9. 
hamalalai,,,,,,Freq: 1. Example: ZEC 11:10. 
hetadikaka,,,,,,Freq: 1. Example: ZEC 11:14. 
raka-boioboio,,,,,,Freq: 1. Example: ZEC 11:16. 
hahekekero,,,,,,Freq: 1. Example: ZEC 12:2. 
manokamanoka-herea,,,,,,Freq: 1. Example: ZEC 12:8. 
ḡadeḡadelaia,,,,,,Freq: 1. Example: ZEC 12:10. 
hadadarimon,,,,,,Freq: 1. Example: ZEC 12:11. 
hahelohilohi,,,,,,Freq: 1. Example: ZEC 13:1. 
huika-huikadia,,,,,,Freq: 1. Example: ZEC 13:4. 
tauhaumai,,,,,,Freq: 1. Example: ZEC 13:5. 
turamai,,,,,,Freq: 1. Example: ZEC 13:6. 
ihatatoidia,,,,,,Freq: 1. Example: ZEC 13:9. 
hepola,,,,,,Freq: 1. Example: ZEC 14:4. 
mavamavana,,,,,,Freq: 1. Example: ZEC 14:6. 
diho-kahana,,,,,,Freq: 1. Example: ZEC 14:10. 
hevadari,,,,,,Freq: 1. Example: ZEC 14:11. 
hahisilaidiamu,,,,,,Freq: 1. Example: ZEC 14:18. 
malaki,,,,,,Freq: 1. Example: MAL 1:1. 
uniroa,,,,,,Freq: 1. Example: MAL 1:7. 
basioa,,,,,,Freq: 1. Example: MAL 1:10. 
hamatalaiamu,,,,,,Freq: 1. Example: MAL 1:14. 
ha-igomui,,,,,,Freq: 1. Example: MAL 2:9. 
lotona,,,,,,Freq: 1. Example: MAL 2:12. 
iruru-matamui,,,,,,Freq: 1. Example: MAL 2:13. 
hada,,,,,,Freq: 1. Example: MAL 2:13. 
taitaimui,,,,,,Freq: 1. Example: MAL 2:13. 
ḡanaḡanamui,,,,,,Freq: 1. Example: MAL 2:13. 
ihaḡerena,,,,,,Freq: 1. Example: MAL 2:13. 
eregabemui,,,,,,Freq: 1. Example: MAL 2:14. 
hahekoho,,,,,,Freq: 1. Example: MAL 2:16. 
gwaukauna,,,,,,Freq: 1. Example: MAL 3:2. 
ihamanada-manadana,,,,,,Freq: 1. Example: MAL 3:3. 
ihaḡoevaḡoevana,,,,,,Freq: 1. Example: MAL 3:3. 
hagoevadia,,,,,,Freq: 1. Example: MAL 3:3. 
rumagu,,,,,,Freq: 1. Example: MAL 3:10. 
ilao-henula,,,,,,Freq: 1. Example: MAL 3:14. 
taḡamu,,,,,,Freq: 1. Example: MAL 3:15. 
dibaganiamu,,,,,,Freq: 1. Example: MAL 3:15. 
niaurimu,,,,,,Freq: 1. Example: MAL 3:15. 
helalolaiava,,,,,,Freq: 1. Example: MAL 3:16. 
rohomui,,,,,,Freq: 1. Example: MAL 4:2. 
hahekohoa,,,,,,Freq: 1. Example: MAT 1:19. 
iabidaena,,,,,,Freq: 1. Example: MAT 1:20. 
cna,,,,,,Freq: 1. Example: MAT 1:21. 
ihamomokanuna,,,,,,Freq: 1. Example: MAT 1:22. 
healulaidia,,,,,,Freq: 1. Example: MAT 2:13. 
mil,,,,,,Freq: 1. Example: MAT 2:13. 
ljnl,,,,,,Freq: 1. Example: MAT 2:13. 
akelao,,,,,,Freq: 1. Example: MAT 2:22. 
bapalisodiava,,,,,,Freq: 1. Example: MAT 3:6. 
bapatisogu,,,,,,Freq: 1. Example: MAT 3:14. 
ihaoda-henidia,,,,,,Freq: 1. Example: MAT 4:19. 
tororo-tororo,,,,,,Freq: 1. Example: MAT 4:24. 
momokanimul,,,,,,Freq: 1. Example: MAT 5:18. 
koma,,,,,,Freq: 1. Example: MAT 5:18. 
hahedibalaidia,,,,,,Freq: 1. Example: MAT 5:19. 
gwauhamatalohiabada,,,,,,Freq: 1. Example: MAT 5:33. 
moi-tao,,,,,,Freq: 1. Example: MAT 5:35. 
ihakurokurona,,,,,,Freq: 1. Example: MAT 5:36. 
ihakoremana,,,,,,Freq: 1. Example: MAT 5:36. 
inoihenina,,,,,,Freq: 1. Example: MAT 7:11. 
avatu,,,,,,Freq: 1. Example: MAT 7:12. 
rotona,,,,,,Freq: 1. Example: MAT 7:14. 
korukoru,,,,,,Freq: 1. Example: MAT 7:16. 
padaia,,,,,,Freq: 1. Example: MAT 8:6. 
gadarene,,,,,,Freq: 1. Example: MAT 8:28. 
ihahisimai,,,,,,Freq: 1. Example: MAT 8:29. 
siaimuimu,,,,,,Freq: 1. Example: MAT 10:16. 
heaonega,,,,,,Freq: 1. Example: MAT 10:16. 
numa,,,,,,Freq: 1. Example: MAT 11:8. 
lma,,,,,,Freq: 1. Example: MAT 11:20. 
benla,,,,,,Freq: 1. Example: MAT 11:21. 
rahurahudia,,,,,,Freq: 1. Example: MAT 11:21. 
siahukaradia,,,,,,Freq: 1. Example: MAT 11:23. 
hitoloava,,,,,,Freq: 1. Example: MAT 12:3. 
malamalana,,,,,,Freq: 1. Example: MAT 12:4. 
busine,,,,,,Freq: 1. Example: MAT 12:20. 
hereva-kava,,,,,,Freq: 1. Example: MAT 12:36. 
davalai,,,,,,Freq: 1. Example: MAT 12:36. 
ounu,,,,,,Freq: 1. Example: MAT 12:47. 
igiḡi-rohorohona,,,,,,Freq: 1. Example: MAT 13:3. 
iraudia,,,,,,Freq: 1. Example: MAT 13:29. 
iḡiḡi-rohorohodia,,,,,,Freq: 1. Example: MAT 13:37. 
dagwai,,,,,,Freq: 1. Example: MAT 13:48. 
maraḡi-maragi,,,,,,Freq: 1. Example: MAT 14:31. 
hanamolaimu,,,,,,Freq: 1. Example: MAT 15:5. 
raḡa,,,,,,Freq: 1. Example: MAT 15:13. 
roharohava,,,,,,Freq: 1. Example: MAT 15:31. 
magadan,,,,,,Freq: 1. Example: MAT 15:39. 
heudahanaina,,,,,,Freq: 1. Example: MAT 16:4. 
hedavauhetani,,,,,,Freq: 1. Example: MAT 16:5. 
kidia,,,,,,Freq: 1. Example: MAT 16:19. 
heḡui,,,,,,Freq: 1. Example: MAT 16:19. 
igogona,,,,,,Freq: 1. Example: MAT 17:24. 
ihatamodia,,,,,,Freq: 1. Example: MAT 18:14. 
hegui,,,,,,Freq: 1. Example: MAT 18:18. 
davalla,,,,,,Freq: 1. Example: MAT 18:26. 
gigia,,,,,,Freq: 1. Example: MAT 18:28. 
bad,,,,,,Freq: 1. Example: MAT 18:31. 
aia-ala,,,,,,Freq: 1. Example: MAT 19:18. 
momokanumu,,,,,,Freq: 1. Example: MAT 19:28. 
ḡavagumu,,,,,,Freq: 1. Example: MAT 19:28. 
adoata,,,,,,Freq: 1. Example: MAT 20:3. 
hilida,,,,,,Freq: 1. Example: MAT 20:6. 
tamo-tamona,,,,,,Freq: 1. Example: MAT 20:12. 
hematakauna,,,,,,Freq: 1. Example: MAT 21:2. 
herou-herou,,,,,,Freq: 1. Example: MAT 21:10. 
diliadika,,,,,,Freq: 1. Example: MAT 21:15. 
vanahalla,,,,,,Freq: 1. Example: MAT 21:20. 
abi-dadama,,,,,,Freq: 1. Example: MAT 21:22. 
hamaolomui,,,,,,Freq: 1. Example: MAT 21:31. 
gunalaimuimu,,,,,,Freq: 1. Example: MAT 21:31. 
koholona,,,,,,Freq: 1. Example: MAT 21:33. 
dika-dika,,,,,,Freq: 1. Example: MAT 22:7. 
hahedibalaiamu,,,,,,Freq: 1. Example: MAT 22:16. 
dibaganigumu,,,,,,Freq: 1. Example: MAT 22:18. 
ihahahituna,,,,,,Freq: 1. Example: MAT 22:26. 
kerere-kereremu,,,,,,Freq: 1. Example: MAT 22:29. 
tohotoho,,,,,,Freq: 1. Example: MAT 23:3. 
halatamu,,,,,,Freq: 1. Example: MAT 23:5. 
hahenlanau,,,,,,Freq: 1. Example: MAT 23:12. 
haheḡeḡe,,,,,,Freq: 1. Example: MAT 23:15. 
nladai,,,,,,Freq: 1. Example: MAT 23:15. 
haruamu,,,,,,Freq: 1. Example: MAT 23:15. 
gokl,,,,,,Freq: 1. Example: MAT 23:17. 
hamalamu,,,,,,Freq: 1. Example: MAT 23:20. 
nuru,,,,,,Freq: 1. Example: MAT 23:24. 
midavadia,,,,,,Freq: 1. Example: MAT 23:27. 
itamuimu,,,,,,Freq: 1. Example: MAT 23:28. 
barakia,,,,,,Freq: 1. Example: MAT 23:35. 
uatana,,,,,,Freq: 1. Example: MAT 24:6. 
hetao-tore,,,,,,Freq: 1. Example: MAT 24:10. 
kuikoidia,,,,,,Freq: 1. Example: MAT 24:24. 
lore,,,,,,Freq: 1. Example: MAT 24:24. 
hahcdinarai,,,,,,Freq: 1. Example: MAT 24:24. 
igwadana,,,,,,Freq: 1. Example: MAT 24:41. 
reguva,,,,,,Freq: 1. Example: MAT 25:13. 
hcsiai,,,,,,Freq: 1. Example: MAT 25:23. 
ubuguva,,,,,,Freq: 1. Example: MAT 25:35. 
igomu,,,,,,Freq: 1. Example: MAT 25:39. 
gorereguva,,,,,,Freq: 1. Example: MAT 25:43. 
nahamaoromui,,,,,,Freq: 1. Example: MAT 25:45. 
ege-dihona,,,,,,Freq: 1. Example: MAT 26:7. 
igwautaona,,,,,,Freq: 1. Example: MAT 26:28. 
momo-kanimu,,,,,,Freq: 1. Example: MAT 26:34. 
tolau,,,,,,Freq: 1. Example: MAT 26:35. 
dekedekemui,,,,,,Freq: 1. Example: MAT 26:55. 
tutumumu,,,,,,Freq: 1. Example: MAT 26:68. 
hahedinaraimumu,,,,,,Freq: 1. Example: MAT 26:73. 
hakahulaia,,,,,,Freq: 1. Example: MAT 27:29. 
ladama,,,,,,Freq: 1. Example: MAT 27:57. 
inuseni,,,,,,Freq: 1. Example: MAT 28:7. 
vadi,,,,,,Freq: 1. Example: MAT 28:10. 
mahutamai,,,,,,Freq: 1. Example: MAT 28:13. 
igwautaodia,,,,,,Freq: 1. Example: MRK 1:4. 
hari-ahuitano,,,,,,Freq: 1. Example: MRK 1:13. 
nalalomui,,,,,,Freq: 1. Example: MRK 1:15. 
ihaoda-henidiataumui,,,,,,Freq: 1. Example: MRK 1:17. 
kahilaia,,,,,,Freq: 1. Example: MRK 2:4. 
ḡiua,,,,,,Freq: 1. Example: MRK 2:4. 
negalla,,,,,,Freq: 1. Example: MRK 2:20. 
abiata,,,,,,Freq: 1. Example: MRK 2:26. 
harnauria,,,,,,Freq: 1. Example: MRK 3:2. 
lalohisihisina,,,,,,Freq: 1. Example: MRK 3:5. 
idumea,,,,,,Freq: 1. Example: MRK 3:8. 
biria,,,,,,Freq: 1. Example: MRK 3:9. 
iabae,,,,,,Freq: 1. Example: MRK 3:14. 
boanere,,,,,,Freq: 1. Example: MRK 3:17. 
rahurahuamu,,,,,,Freq: 1. Example: MRK 3:17. 
diravra,,,,,,Freq: 1. Example: MRK 3:35. 
uada,,,,,,Freq: 1. Example: MRK 4:1. 
iḡiḡirohorohona,,,,,,Freq: 1. Example: MRK 4:3. 
giniḡini,,,,,,Freq: 1. Example: MRK 4:7. 
kamonairnu,,,,,,Freq: 1. Example: MRK 4:20. 
lalo-tao,,,,,,Freq: 1. Example: MRK 4:22. 
ella,,,,,,Freq: 1. Example: MRK 4:26. 
rohorollo,,,,,,Freq: 1. Example: MRK 4:26. 
bonaaniani,,,,,,Freq: 1. Example: MRK 4:32. 
ikurena,,,,,,Freq: 1. Example: MRK 4:38. 
maloadamu,,,,,,Freq: 1. Example: MRK 4:38. 
ḡuiava,,,,,,Freq: 1. Example: MRK 5:4. 
lairo,,,,,,Freq: 1. Example: MRK 5:22. 
biribiri,,,,,,Freq: 1. Example: MRK 5:24. 
goreretomava,,,,,,Freq: 1. Example: MRK 5:25. 
hesedehesedemu,,,,,,Freq: 1. Example: MRK 5:31. 
heudeheudena,,,,,,Freq: 1. Example: MRK 5:33. 
helogoheloḡova,,,,,,Freq: 1. Example: MRK 5:38. 
heloḡoheloḡomu,,,,,,Freq: 1. Example: MRK 5:39. 
barnona,,,,,,Freq: 1. Example: MRK 5:40. 
talita,,,,,,Freq: 1. Example: MRK 5:41. 
etamanudia,,,,,,Freq: 1. Example: MRK 5:43. 
bavatu-atuoho,,,,,,Freq: 1. Example: MRK 6:11. 
ihahelalokerehaidia,,,,,,Freq: 1. Example: MRK 6:12. 
perea,,,,,,Freq: 1. Example: MRK 6:14. 
magigiva,,,,,,Freq: 1. Example: MRK 6:20. 
herodianatuna,,,,,,Freq: 1. Example: MRK 6:22. 
dihodia,,,,,,Freq: 1. Example: MRK 6:54. 
anialli,,,,,,Freq: 1. Example: MRK 7:3. 
taravalu,,,,,,Freq: 1. Example: MRK 7:4. 
kobana,,,,,,Freq: 1. Example: MRK 7:11. 
domu,,,,,,Freq: 1. Example: MRK 7:15. 
matabodaga,,,,,,Freq: 1. Example: MRK 7:21. 
suro-fenise,,,,,,Freq: 1. Example: MRK 7:26. 
iaese,,,,,,Freq: 1. Example: MRK 7:26. 
taia-kudimabona,,,,,,Freq: 1. Example: MRK 7:32. 
hetamanu,,,,,,Freq: 1. Example: MRK 7:36. 
ḡoevagoevamu,,,,,,Freq: 1. Example: MRK 7:37. 
hakamonaidiamu,,,,,,Freq: 1. Example: MRK 7:37. 
haherevadiamu,,,,,,Freq: 1. Example: MRK 7:37. 
hehenilaimu,,,,,,Freq: 1. Example: MRK 8:17. 
daha-imaosiiubulaidia,,,,,,Freq: 1. Example: MRK 8:19. 
bonahituosi,,,,,,Freq: 1. Example: MRK 8:20. 
daha-haniosi,,,,,,Freq: 1. Example: MRK 8:20. 
dekenae,,,,,,Freq: 1. Example: MRK 8:22. 
taunaimana,,,,,,Freq: 1. Example: MRK 8:23. 
kanudidia,,,,,,Freq: 1. Example: MRK 8:23. 
uraula,,,,,,Freq: 1. Example: MRK 8:34. 
baunema,,,,,,Freq: 1. Example: MRK 8:38. 
idaua,,,,,,Freq: 1. Example: MRK 9:1. 
hururuhururu,,,,,,Freq: 1. Example: MRK 9:3. 
dabuai,,,,,,Freq: 1. Example: MRK 9:3. 
hurina,,,,,,Freq: 1. Example: MRK 9:3. 
lalo-hadailaiava,,,,,,Freq: 1. Example: MRK 9:10. 
dckena,,,,,,Freq: 1. Example: MRK 9:15. 
hekwadiraimu,,,,,,Freq: 1. Example: MRK 9:18. 
halledaimu,,,,,,Freq: 1. Example: MRK 9:18. 
varodamu,,,,,,Freq: 1. Example: MRK 9:18. 
hekwadirai,,,,,,Freq: 1. Example: MRK 9:20. 
heḡuduḡudu,,,,,,Freq: 1. Example: MRK 9:20. 
gwara-gwara,,,,,,Freq: 1. Example: MRK 9:20. 
helapuroro,,,,,,Freq: 1. Example: MRK 9:26. 
inihetomanana,,,,,,Freq: 1. Example: MRK 9:29. 
baineguna,,,,,,Freq: 1. Example: MRK 9:35. 
tadika-tadika,,,,,,Freq: 1. Example: MRK 9:50. 
nukahana,,,,,,Freq: 1. Example: MRK 10:1. 
henimm,,,,,,Freq: 1. Example: MRK 10:5. 
havaraiamatama,,,,,,Freq: 1. Example: MRK 10:6. 
baune,,,,,,Freq: 1. Example: MRK 10:7. 
tau-anidiana,,,,,,Freq: 1. Example: MRK 10:8. 
bainedihotania,,,,,,Freq: 1. Example: MRK 10:12. 
enehetomadiana,,,,,,Freq: 1. Example: MRK 10:14. 
maragigu,,,,,,Freq: 1. Example: MRK 10:20. 
nataḡa,,,,,,Freq: 1. Example: MRK 10:22. 
gavamu,,,,,,Freq: 1. Example: MRK 10:28. 
matai,,,,,,Freq: 1. Example: MRK 10:32. 
boiridiasiri,,,,,,Freq: 1. Example: MRK 10:32. 
ilorena,,,,,,Freq: 1. Example: MRK 10:33. 
bac,,,,,,Freq: 1. Example: MRK 10:33. 
natulla,,,,,,Freq: 1. Example: MRK 10:35. 
seudia,,,,,,Freq: 1. Example: MRK 10:40. 
batimeo,,,,,,Freq: 1. Example: MRK 10:46. 
timeo,,,,,,Freq: 1. Example: MRK 10:46. 
asiogari,,,,,,Freq: 1. Example: MRK 10:49. 
mataguboma,,,,,,Freq: 1. Example: MRK 10:51. 
dekenaela,,,,,,Freq: 1. Example: MRK 11:27. 
tar,,,,,,Freq: 1. Example: MRK 12:14. 
ha-ogoḡamidia,,,,,,Freq: 1. Example: MRK 12:40. 
udadobi,,,,,,Freq: 1. Example: MRK 12:42. 
iratana,,,,,,Freq: 1. Example: MRK 13:7. 
ununa,,,,,,Freq: 1. Example: MRK 13:8. 
heninlui,,,,,,Freq: 1. Example: MRK 13:13. 
bainehaheauka,,,,,,Freq: 1. Example: MRK 13:13. 
intaia,,,,,,Freq: 1. Example: MRK 13:14. 
basinemagini,,,,,,Freq: 1. Example: MRK 13:14. 
anerubaine,,,,,,Freq: 1. Example: MRK 13:27. 
heteva,,,,,,Freq: 1. Example: MRK 13:27. 
mahutamui,,,,,,Freq: 1. Example: MRK 13:36. 
asie-hatubuaflaoana,,,,,,Freq: 1. Example: MRK 14:1. 
kohia,,,,,,Freq: 1. Example: MRK 14:3. 
lesutaona,,,,,,Freq: 1. Example: MRK 14:10. 
asie-hatubua,,,,,,Freq: 1. Example: MRK 14:12. 
hanarnoa,,,,,,Freq: 1. Example: MRK 14:22. 
mallutadia,,,,,,Freq: 1. Example: MRK 14:37. 
taotore,,,,,,Freq: 1. Example: MRK 14:44. 
dekedekemuiai,,,,,,Freq: 1. Example: MRK 14:49. 
naia,,,,,,Freq: 1. Example: MRK 14:53. 
hellia,,,,,,Freq: 1. Example: MRK 15:10. 
ihamarumarudia,,,,,,Freq: 1. Example: MRK 15:15. 
ihamaraḡina,,,,,,Freq: 1. Example: MRK 15:23. 
daellai,,,,,,Freq: 1. Example: MRK 15:26. 
idahulaina,,,,,,Freq: 1. Example: MRK 16:1. 
kudouhetaha,,,,,,Freq: 1. Example: MRK 16:10. 
hellidia,,,,,,Freq: 1. Example: MRK 16:19. 
hamomokaniva,,,,,,Freq: 1. Example: MRK 16:20. 
tome,,,,,,Freq: 1. Example: LUK 1:20. 
hakerukerumu,,,,,,Freq: 1. Example: LUK 1:35. 
dolidia,,,,,,Freq: 1. Example: LUK 1:52. 
neganla,,,,,,Freq: 1. Example: LUK 1:57. 
kunumaia,,,,,,Freq: 1. Example: LUK 1:62. 
helaḡada,,,,,,Freq: 1. Example: LUK 1:75. 
maoromaoroda,,,,,,Freq: 1. Example: LUK 1:75. 
rotoa,,,,,,Freq: 1. Example: LUK 1:78. 
kurenio,,,,,,Freq: 1. Example: LUK 2:2. 
rurua,,,,,,Freq: 1. Example: LUK 2:21. 
iheatolaidia,,,,,,Freq: 1. Example: LUK 2:32. 
fanuel,,,,,,Freq: 1. Example: LUK 2:36. 
bada-oho,,,,,,Freq: 1. Example: LUK 2:52. 
tiberio,,,,,,Freq: 1. Example: LUK 3:1. 
iturea,,,,,,Freq: 1. Example: LUK 3:1. 
trakonito,,,,,,Freq: 1. Example: LUK 3:1. 
lusania,,,,,,Freq: 1. Example: LUK 3:1. 
abilene,,,,,,Freq: 1. Example: LUK 3:1. 
rigika-rigikadia,,,,,,Freq: 1. Example: LUK 3:5. 
lalo-namomui,,,,,,Freq: 1. Example: LUK 3:14. 
heli,,,,,,Freq: 1. Example: LUK 3:23. 
ianai,,,,,,Freq: 1. Example: LUK 3:24. 
esli,,,,,,Freq: 1. Example: LUK 3:25. 
nagai,,,,,,Freq: 1. Example: LUK 3:25. 
maat,,,,,,Freq: 1. Example: LUK 3:26. 
semein,,,,,,Freq: 1. Example: LUK 3:26. 
iosek,,,,,,Freq: 1. Example: LUK 3:26. 
ioda,,,,,,Freq: 1. Example: LUK 3:26. 
ioanan,,,,,,Freq: 1. Example: LUK 3:27. 
resa,,,,,,Freq: 1. Example: LUK 3:27. 
neri,,,,,,Freq: 1. Example: LUK 3:27. 
adi,,,,,,Freq: 1. Example: LUK 3:28. 
kosam,,,,,,Freq: 1. Example: LUK 3:28. 
elmadam,,,,,,Freq: 1. Example: LUK 3:28. 
iorim,,,,,,Freq: 1. Example: LUK 3:29. 
ionam,,,,,,Freq: 1. Example: LUK 3:30. 
melea,,,,,,Freq: 1. Example: LUK 3:31. 
mena,,,,,,Freq: 1. Example: LUK 3:31. 
admin,,,,,,Freq: 1. Example: LUK 3:33. 
areni,,,,,,Freq: 1. Example: LUK 3:33. 
matakunumai,,,,,,Freq: 1. Example: LUK 4:5. 
hegeḡe-madai,,,,,,Freq: 1. Example: LUK 4:14. 
taudiu,,,,,,Freq: 1. Example: LUK 4:39. 
cenesaret,,,,,,Freq: 1. Example: LUK 5:1. 
kwadava,,,,,,Freq: 1. Example: LUK 5:2. 
hekalo,,,,,,Freq: 1. Example: LUK 5:7. 
auruaosi,,,,,,Freq: 1. Example: LUK 5:11. 
roi,,,,,,Freq: 1. Example: LUK 6:1. 
rakarakava,,,,,,Freq: 1. Example: LUK 6:1. 
henuida,,,,,,Freq: 1. Example: LUK 6:3. 
duatua,,,,,,Freq: 1. Example: LUK 6:3. 
hamaoro-lia,,,,,,Freq: 1. Example: LUK 6:5. 
iava,,,,,,Freq: 1. Example: LUK 6:9. 
nenenene,,,,,,Freq: 1. Example: LUK 6:10. 
idau-tohona,,,,,,Freq: 1. Example: LUK 6:19. 
hitolomuimu,,,,,,Freq: 1. Example: LUK 6:21. 
habaimui,,,,,,Freq: 1. Example: LUK 6:26. 
uduguiraimuimu,,,,,,Freq: 1. Example: LUK 6:28. 
nlatana,,,,,,Freq: 1. Example: LUK 6:42. 
taudiana,,,,,,Freq: 1. Example: LUK 7:8. 
haina,,,,,,Freq: 1. Example: LUK 7:8. 
nain,,,,,,Freq: 1. Example: LUK 7:11. 
taunal,,,,,,Freq: 1. Example: LUK 7:12. 
lalo-iladai,,,,,,Freq: 1. Example: LUK 7:30. 
ihaloudia,,,,,,Freq: 1. Example: LUK 7:42. 
dae-kaugu,,,,,,Freq: 1. Example: LUK 7:45. 
hegwautao,,,,,,Freq: 1. Example: LUK 7:47. 
dikadlia,,,,,,Freq: 1. Example: LUK 8:2. 
kusa,,,,,,Freq: 1. Example: LUK 8:3. 
susana,,,,,,Freq: 1. Example: LUK 8:3. 
habubunidiamu,,,,,,Freq: 1. Example: LUK 8:14. 
guiava,,,,,,Freq: 1. Example: LUK 8:29. 
biribiriva,,,,,,Freq: 1. Example: LUK 8:42. 
biribirimu,,,,,,Freq: 1. Example: LUK 8:45. 
ilulo-ohodia,,,,,,Freq: 1. Example: LUK 9:1. 
mamahuta,,,,,,Freq: 1. Example: LUK 9:32. 
hedavarai,,,,,,Freq: 1. Example: LUK 9:37. 
hatororo-tororoamu,,,,,,Freq: 1. Example: LUK 9:39. 
hehunii,,,,,,Freq: 1. Example: LUK 9:45. 
eabia,,,,,,Freq: 1. Example: LUK 9:48. 
kahamuimu,,,,,,Freq: 1. Example: LUK 9:50. 
isivana,,,,,,Freq: 1. Example: LUK 9:62. 
siaumuimu,,,,,,Freq: 1. Example: LUK 10:3. 
moaleiaia,,,,,,Freq: 1. Example: LUK 10:20. 
imaluu,,,,,,Freq: 1. Example: LUK 10:35. 
eddia,,,,,,Freq: 1. Example: LUK 11:17. 
karevana,,,,,,Freq: 1. Example: LUK 11:21. 
havaralaimu,,,,,,Freq: 1. Example: LUK 11:27. 
ubulaimu,,,,,,Freq: 1. Example: LUK 11:27. 
ehereaiamu,,,,,,Freq: 1. Example: LUK 11:31. 
henuhenunai,,,,,,Freq: 1. Example: LUK 11:33. 
hadiarilaimumu,,,,,,Freq: 1. Example: LUK 11:36. 
herekwamu,,,,,,Freq: 1. Example: LUK 12:6. 
nahuamui-ba,,,,,,Freq: 1. Example: LUK 12:15. 
gaabuna,,,,,,Freq: 1. Example: LUK 12:17. 
ihenimui,,,,,,Freq: 1. Example: LUK 12:32. 
moukamouka,,,,,,Freq: 1. Example: LUK 12:33. 
eua,,,,,,Freq: 1. Example: LUK 12:39. 
gwautataurahaniosi,,,,,,Freq: 1. Example: LUK 13:4. 
hahemouri,,,,,,Freq: 1. Example: LUK 13:9. 
nadinodina,,,,,,Freq: 1. Example: LUK 13:17. 
halubu,,,,,,Freq: 1. Example: LUK 13:21. 
gadigadimui,,,,,,Freq: 1. Example: LUK 13:28. 
hamnauridia,,,,,,Freq: 1. Example: LUK 13:32. 
vavemui,,,,,,Freq: 1. Example: LUK 14:8. 
aehedairike,,,,,,Freq: 1. Example: LUK 14:13. 
baeme,,,,,,Freq: 1. Example: LUK 14:23. 
seriseri,,,,,,Freq: 1. Example: LUK 14:35. 
baribara,,,,,,Freq: 1. Example: LUK 15:5. 
laurahani-ta,,,,,,Freq: 1. Example: LUK 15:7. 
moak,,,,,,Freq: 1. Example: LUK 15:10. 
helaoleana,,,,,,Freq: 1. Example: LUK 15:16. 
bainalo,,,,,,Freq: 1. Example: LUK 15:18. 
laugu,,,,,,Freq: 1. Example: LUK 15:19. 
hahegagiu,,,,,,Freq: 1. Example: LUK 15:20. 
iraka-henina,,,,,,Freq: 1. Example: LUK 15:25. 
piupiulaimu,,,,,,Freq: 1. Example: LUK 16:1. 
dudua,,,,,,Freq: 1. Example: LUK 16:20. 
demariva,,,,,,Freq: 1. Example: LUK 16:21. 
aineme,,,,,,Freq: 1. Example: LUK 16:24. 
haḡavea,,,,,,Freq: 1. Example: LUK 16:24. 
hanamoaunu,,,,,,Freq: 1. Example: LUK 17:9. 
hadohadova,,,,,,Freq: 1. Example: LUK 17:28. 
matauraidiava,,,,,,Freq: 1. Example: LUK 18:2. 
haturiagumu,,,,,,Freq: 1. Example: LUK 18:5. 
hahekwarahigu,,,,,,Freq: 1. Example: LUK 18:5. 
helu,,,,,,Freq: 1. Example: LUK 18:7. 
abiabirai,,,,,,Freq: 1. Example: LUK 18:9. 
ha-gwautamu,,,,,,Freq: 1. Example: LUK 18:12. 
heniamuu,,,,,,Freq: 1. Example: LUK 19:7. 
gwautora,,,,,,Freq: 1. Example: LUK 19:21. 
avabihaia,,,,,,Freq: 1. Example: LUK 19:24. 
ruhaiava,,,,,,Freq: 1. Example: LUK 19:33. 
ivadivadi-henimu,,,,,,Freq: 1. Example: LUK 19:44. 
hododa,,,,,,Freq: 1. Example: LUK 20:6. 
iteḡudia,,,,,,Freq: 1. Example: LUK 20:8. 
daiguna,,,,,,Freq: 1. Example: LUK 20:17. 
abramham,,,,,,Freq: 1. Example: LUK 20:37. 
banaini,,,,,,Freq: 1. Example: LUK 20:38. 
kallana,,,,,,Freq: 1. Example: LUK 20:42. 
taunimallima,,,,,,Freq: 1. Example: LUK 20:45. 
nanlodia,,,,,,Freq: 1. Example: LUK 21:5. 
ihamomokanilaimui,,,,,,Freq: 1. Example: LUK 21:13. 
igwau-tubumui,,,,,,Freq: 1. Example: LUK 21:15. 
ilao-ahumui,,,,,,Freq: 1. Example: LUK 21:15. 
hahoamui,,,,,,Freq: 1. Example: LUK 21:34. 
ilalolaigu,,,,,,Freq: 1. Example: LUK 22:19. 
dibaḡaniguva,,,,,,Freq: 1. Example: LUK 22:28. 
tarikatarikava,,,,,,Freq: 1. Example: LUK 22:28. 
tapomui,,,,,,Freq: 1. Example: LUK 22:31. 
siaimuiva,,,,,,Freq: 1. Example: LUK 22:35. 
komutudia,,,,,,Freq: 1. Example: LUK 22:44. 
iharahuna,,,,,,Freq: 1. Example: LUK 22:47. 
dapa-dapa,,,,,,Freq: 1. Example: LUK 22:49. 
negan,,,,,,Freq: 1. Example: LUK 22:61. 
patamu,,,,,,Freq: 1. Example: LUK 22:64. 
haheloḡo-heloḡoa,,,,,,Freq: 1. Example: LUK 23:5. 
haheloḡoamu,,,,,,Freq: 1. Example: LUK 23:14. 
lasina,,,,,,Freq: 1. Example: LUK 23:26. 
kuremai,,,,,,Freq: 1. Example: LUK 23:30. 
gorumai,,,,,,Freq: 1. Example: LUK 23:30. 
kleopa,,,,,,Freq: 1. Example: LUK 24:18. 
tauma,,,,,,Freq: 1. Example: LUK 24:21. 
hahoamai,,,,,,Freq: 1. Example: LUK 24:22. 
tau-anula,,,,,,Freq: 1. Example: LUK 24:23. 
tonla,,,,,,Freq: 1. Example: LUK 24:26. 
ibituna,,,,,,Freq: 1. Example: LUK 24:35. 
rako,,,,,,Freq: 1. Example: JHN 1:34. 
kahanai,,,,,,Freq: 1. Example: JHN 1:39. 
keta,,,,,,Freq: 1. Example: JHN 1:42. 
hanuua,,,,,,Freq: 1. Example: JHN 1:44. 
piuava,,,,,,Freq: 1. Example: JHN 1:45. 
autauratoi,,,,,,Freq: 1. Example: JHN 2:6. 
gallon,,,,,,Freq: 1. Example: JHN 2:6. 
mia-namona,,,,,,Freq: 1. Example: JHN 2:10. 
sinala,,,,,,Freq: 1. Example: JHN 2:12. 
aenon,,,,,,Freq: 1. Example: JHN 3:23. 
salim,,,,,,Freq: 1. Example: JHN 3:23. 
gvauraimu,,,,,,Freq: 1. Example: JHN 3:34. 
sukara,,,,,,Freq: 1. Example: JHN 4:5. 
heboera,,,,,,Freq: 1. Example: JHN 4:6. 
tu-dobi,,,,,,Freq: 1. Example: JHN 4:11. 
hercaiamu,,,,,,Freq: 1. Example: JHN 4:12. 
tubumai,,,,,,Freq: 1. Example: JHN 4:20. 
hahule,,,,,,Freq: 1. Example: JHN 4:28. 
lutuna,,,,,,Freq: 1. Example: JHN 4:36. 
ihamauruina,,,,,,Freq: 1. Example: JHN 4:42. 
reava,,,,,,Freq: 1. Example: JHN 4:47. 
betesata,,,,,,Freq: 1. Example: JHN 5:2. 
hakerukeru,,,,,,Freq: 1. Example: JHN 5:2. 
ae-hedairiki,,,,,,Freq: 1. Example: JHN 5:3. 
ae-heveri,,,,,,Freq: 1. Example: JHN 5:3. 
ilohina,,,,,,Freq: 1. Example: JHN 5:3. 
haraivaiava,,,,,,Freq: 1. Example: JHN 5:4. 
siko,,,,,,Freq: 1. Example: JHN 5:5. 
iato-dobigu,,,,,,Freq: 1. Example: JHN 5:7. 
isunu,,,,,,Freq: 1. Example: JHN 5:21. 
igwauraigu,,,,,,Freq: 1. Example: JHN 5:34. 
ihamaunmui,,,,,,Freq: 1. Example: JHN 5:34. 
ihabadelainlui,,,,,,Freq: 1. Example: JHN 5:45. 
bonla,,,,,,Freq: 1. Example: JHN 5:46. 
ihamaurilaidia,,,,,,Freq: 1. Example: JHN 6:2. 
sisisisidia,,,,,,Freq: 1. Example: JHN 6:7. 
dahaima,,,,,,Freq: 1. Example: JHN 6:10. 
rakalani,,,,,,Freq: 1. Example: JHN 6:13. 
auhidaosi,,,,,,Freq: 1. Example: JHN 6:24. 
haloredia,,,,,,Freq: 1. Example: JHN 6:40. 
abilaia,,,,,,Freq: 1. Example: JHN 6:51. 
hahekwakwanaimui,,,,,,Freq: 1. Example: JHN 6:61. 
ḡwauta-raruosi,,,,,,Freq: 1. Example: JHN 6:66. 
tal-avatu,,,,,,Freq: 1. Example: JHN 7:19. 
dahaika,,,,,,Freq: 1. Example: JHN 7:19. 
ialagu,,,,,,Freq: 1. Example: JHN 7:19. 
peritomediamu,,,,,,Freq: 1. Example: JHN 7:22. 
guidiamu,,,,,,Freq: 1. Example: JHN 8:34. 
gwaulaimu,,,,,,Freq: 1. Example: JHN 8:38. 
bologumu,,,,,,Freq: 1. Example: JHN 8:49. 
inase,,,,,,Freq: 1. Example: JHN 8:52. 
imo-daigumu,,,,,,Freq: 1. Example: JHN 8:54. 
inoalena,,,,,,Freq: 1. Example: JHN 8:56. 
laḡanimu,,,,,,Freq: 1. Example: JHN 8:57. 
matanlu,,,,,,Freq: 1. Example: JHN 9:17. 
luaosi,,,,,,Freq: 1. Example: JHN 9:17. 
helevana,,,,,,Freq: 1. Example: JHN 9:18. 
sunana,,,,,,Freq: 1. Example: JHN 9:20. 
ba-kamonai,,,,,,Freq: 1. Example: JHN 9:27. 
hadibamaimu,,,,,,Freq: 1. Example: JHN 9:34. 
hadaradaramai,,,,,,Freq: 1. Example: JHN 10:24. 
hahedinaraigumu,,,,,,Freq: 1. Example: JHN 10:25. 
bavabiabirai,,,,,,Freq: 1. Example: JHN 10:38. 
hevai,,,,,,Freq: 1. Example: JHN 10:39. 
bonalla,,,,,,Freq: 1. Example: JHN 11:2. 
luhiabada,,,,,,Freq: 1. Example: JHN 11:2. 
boi-kauna,,,,,,Freq: 1. Example: JHN 11:3. 
turada,,,,,,Freq: 1. Example: JHN 11:11. 
hamarumaruava,,,,,,Freq: 1. Example: JHN 11:31. 
itala,,,,,,Freq: 1. Example: JHN 11:34. 
hirilai,,,,,,Freq: 1. Example: JHN 11:44. 
mukon,,,,,,Freq: 1. Example: JHN 11:44. 
hamaaorolaidia,,,,,,Freq: 1. Example: JHN 11:46. 
dairilai,,,,,,Freq: 1. Example: JHN 12:3. 
udava,,,,,,Freq: 1. Example: JHN 12:6. 
henaova,,,,,,Freq: 1. Example: JHN 12:6. 
piugu,,,,,,Freq: 1. Example: JHN 12:32. 
heimodiai,,,,,,Freq: 1. Example: JHN 12:43. 
hekunumai,,,,,,Freq: 1. Example: JHN 13:24. 
halokau,,,,,,Freq: 1. Example: JHN 13:33. 
ḡogoeva,,,,,,Freq: 1. Example: JHN 15:3. 
badinagumu,,,,,,Freq: 1. Example: JHN 15:5. 
buine,,,,,,Freq: 1. Example: JHN 15:6. 
hamaorodamu,,,,,,Freq: 1. Example: JHN 16:17. 
hedinaraidia,,,,,,Freq: 1. Example: JHN 16:25. 
tamonamu,,,,,,Freq: 1. Example: JHN 17:22. 
henilaigumu,,,,,,Freq: 1. Example: JHN 17:26. 
ura-henina,,,,,,Freq: 1. Example: JHN 17:26. 
malako,,,,,,Freq: 1. Example: JHN 18:10. 
kerudia,,,,,,Freq: 1. Example: JHN 18:18. 
nanadailaiava,,,,,,Freq: 1. Example: JHN 18:19. 
gabudiai,,,,,,Freq: 1. Example: JHN 18:20. 
patagu,,,,,,Freq: 1. Example: JHN 18:23. 
kaiata,,,,,,Freq: 1. Example: JHN 18:24. 
hegore,,,,,,Freq: 1. Example: JHN 18:24. 
pilatv,,,,,,Freq: 1. Example: JHN 18:27. 
ralonai,,,,,,Freq: 1. Example: JHN 18:28. 
hasileia,,,,,,Freq: 1. Example: JHN 18:36. 
hasatauromu,,,,,,Freq: 1. Example: JHN 19:10. 
gabata,,,,,,Freq: 1. Example: JHN 19:13. 
ex,,,,,,Freq: 1. Example: JHN 19:20. 
momokalli,,,,,,Freq: 1. Example: JHN 19:24. 
klopa,,,,,,Freq: 1. Example: JHN 19:25. 
gelo,,,,,,Freq: 1. Example: JHN 19:30. 
iabi-heḡaeḡaena,,,,,,Freq: 1. Example: JHN 19:31. 
iabiheḡaeḡaena,,,,,,Freq: 1. Example: JHN 19:42. 
obo,,,,,,Freq: 1. Example: JHN 20:13. 
rabouni,,,,,,Freq: 1. Example: JHN 20:16. 
kiparadia,,,,,,Freq: 1. Example: JHN 20:25. 
enoeno,,,,,,Freq: 1. Example: JHN 21:6. 
gidana,,,,,,Freq: 1. Example: JHN 21:9. 
rioava,,,,,,Freq: 1. Example: JHN 21:18. 
laohaunu,,,,,,Freq: 1. Example: JHN 21:18. 
evanelia,,,,,,Freq: 1. Example: JHN 21:23. 
lboudiai,,,,,,Freq: 1. Example: JHN 21:25. 
hahedibadia,,,,,,Freq: 1. Example: ACT 1:2. 
rohemui,,,,,,Freq: 1. Example: ACT 1:8. 
igwaurai-hedinaraigu,,,,,,Freq: 1. Example: ACT 1:8. 
balolomeo,,,,,,Freq: 1. Example: ACT 1:13. 
idabaitaona,,,,,,Freq: 1. Example: ACT 1:16. 
akeledama,,,,,,Freq: 1. Example: ACT 1:19. 
huna,,,,,,Freq: 1. Example: ACT 2:2. 
patia,,,,,,Freq: 1. Example: ACT 2:9. 
kirikuilaidia,,,,,,Freq: 1. Example: ACT 2:13. 
kekekero,,,,,,Freq: 1. Example: ACT 2:15. 
kamomaiamu,,,,,,Freq: 1. Example: ACT 2:33. 
bitu,,,,,,Freq: 1. Example: ACT 2:42. 
hedairikena,,,,,,Freq: 1. Example: ACT 3:2. 
hahelaiava,,,,,,Freq: 1. Example: ACT 3:2. 
asi-egu,,,,,,Freq: 1. Example: ACT 3:6. 
komukomuna,,,,,,Freq: 1. Example: ACT 3:7. 
hoalaiamu,,,,,,Freq: 1. Example: ACT 3:12. 
iabidadamahenina,,,,,,Freq: 1. Example: ACT 3:16. 
hcabi,,,,,,Freq: 1. Example: ACT 3:19. 
ihamataunatadia,,,,,,Freq: 1. Example: ACT 3:21. 
enaperoveta,,,,,,Freq: 1. Example: ACT 3:21. 
ihaloumui,,,,,,Freq: 1. Example: ACT 3:26. 
nanadaimaimu,,,,,,Freq: 1. Example: ACT 4:9. 
gini-boudia,,,,,,Freq: 1. Example: ACT 4:14. 
ḡurḡuri,,,,,,Freq: 1. Example: ACT 4:22. 
aposelolo,,,,,,Freq: 1. Example: ACT 4:36. 
sapira,,,,,,Freq: 1. Example: ACT 5:1. 
some,,,,,,Freq: 1. Example: ACT 5:4. 
vailani,,,,,,Freq: 1. Example: ACT 5:5. 
gaunabinai,,,,,,Freq: 1. Example: ACT 5:8. 
ḡaunabenai,,,,,,Freq: 1. Example: ACT 5:8. 
raluosi,,,,,,Freq: 1. Example: ACT 5:9. 
hatanlonaia,,,,,,Freq: 1. Example: ACT 5:9. 
ae-badinai,,,,,,Freq: 1. Example: ACT 5:10. 
ekelesia,,,,,,Freq: 1. Example: ACT 5:11. 
imodaidiava,,,,,,Freq: 1. Example: ACT 5:13. 
kurediava,,,,,,Freq: 1. Example: ACT 5:15. 
ikamonai-henidia,,,,,,Freq: 1. Example: ACT 5:29. 
teuda,,,,,,Freq: 1. Example: ACT 5:36. 
sinahu-tlani,,,,,,Freq: 1. Example: ACT 5:36. 
lalau,,,,,,Freq: 1. Example: ACT 5:38. 
hahutumava,,,,,,Freq: 1. Example: ACT 6:1. 
prokoro,,,,,,Freq: 1. Example: ACT 6:5. 
nikanoro,,,,,,Freq: 1. Example: ACT 6:5. 
timona,,,,,,Freq: 1. Example: ACT 6:5. 
pamena,,,,,,Freq: 1. Example: ACT 6:5. 
nikolao,,,,,,Freq: 1. Example: ACT 6:5. 
alesandrea,,,,,,Freq: 1. Example: ACT 6:9. 
kamaonai,,,,,,Freq: 1. Example: ACT 7:12. 
hadibmaia,,,,,,Freq: 1. Example: ACT 7:22. 
heatuva,,,,,,Freq: 1. Example: ACT 7:26. 
kahiva,,,,,,Freq: 1. Example: ACT 7:31. 
heude-heudle,,,,,,Freq: 1. Example: ACT 7:32. 
iraraitaona,,,,,,Freq: 1. Example: ACT 7:32. 
hamaoloa,,,,,,Freq: 1. Example: ACT 7:33. 
daki,,,,,,Freq: 1. Example: ACT 7:33. 
molok,,,,,,Freq: 1. Example: ACT 7:43. 
refan,,,,,,Freq: 1. Example: ACT 7:43. 
haheḡiri,,,,,,Freq: 1. Example: ACT 7:54. 
kodobe,,,,,,Freq: 1. Example: ACT 7:57. 
davana-basio,,,,,,Freq: 1. Example: ACT 7:60. 
hahoadiava,,,,,,Freq: 1. Example: ACT 8:9. 
hahoalaidiava,,,,,,Freq: 1. Example: ACT 8:11. 
auduna,,,,,,Freq: 1. Example: ACT 8:23. 
ihakaugu,,,,,,Freq: 1. Example: ACT 8:31. 
ibapatisogu,,,,,,Freq: 1. Example: ACT 8:36. 
ibapatisomu,,,,,,Freq: 1. Example: ACT 8:37. 
olio,,,,,,Freq: 1. Example: ACT 8:39. 
asoto,,,,,,Freq: 1. Example: ACT 8:40. 
harololaiava,,,,,,Freq: 1. Example: ACT 8:40. 
ḡosi,,,,,,Freq: 1. Example: ACT 9:1. 
regeregedia,,,,,,Freq: 1. Example: ACT 9:7. 
papava,,,,,,Freq: 1. Example: ACT 9:9. 
una-una,,,,,,Freq: 1. Example: ACT 9:18. 
ihatona,,,,,,Freq: 1. Example: ACT 9:21. 
halorolaia,,,,,,Freq: 1. Example: ACT 9:27. 
hapapahuahuva,,,,,,Freq: 1. Example: ACT 9:29. 
turiva,,,,,,Freq: 1. Example: ACT 9:39. 
nanaduva,,,,,,Freq: 1. Example: ACT 10:10. 
daradaralaiava,,,,,,Freq: 1. Example: ACT 10:17. 
anelu,,,,,,Freq: 1. Example: ACT 11:13. 
rwna,,,,,,Freq: 1. Example: ACT 11:14. 
ihamaurilaimui,,,,,,Freq: 1. Example: ACT 11:14. 
heleva,,,,,,Freq: 1. Example: ACT 11:15. 
christian,,,,,,Freq: 1. Example: ACT 11:26. 
siailaidia,,,,,,Freq: 1. Example: ACT 11:30. 
ihuadiai,,,,,,Freq: 1. Example: ACT 12:6. 
ilasi-henina,,,,,,Freq: 1. Example: ACT 12:10. 
roda,,,,,,Freq: 1. Example: ACT 12:13. 
reḡerḡedia,,,,,,Freq: 1. Example: ACT 12:17. 
blasto,,,,,,Freq: 1. Example: ACT 12:20. 
nigera,,,,,,Freq: 1. Example: ACT 13:1. 
lukio,,,,,,Freq: 1. Example: ACT 13:1. 
manaen,,,,,,Freq: 1. Example: ACT 13:1. 
seleukia,,,,,,Freq: 1. Example: ACT 13:4. 
salami,,,,,,Freq: 1. Example: ACT 13:5. 
bariesu,,,,,,Freq: 1. Example: ACT 13:6. 
seregio,,,,,,Freq: 1. Example: ACT 13:7. 
ihagagevadia,,,,,,Freq: 1. Example: ACT 13:10. 
hakepulua,,,,,,Freq: 1. Example: ACT 13:11. 
benal,,,,,,Freq: 1. Example: ACT 13:11. 
peregaai,,,,,,Freq: 1. Example: ACT 13:13. 
hedinaraaimu,,,,,,Freq: 1. Example: ACT 13:31. 
ihatore-isina,,,,,,Freq: 1. Example: ACT 13:33. 
haduada,,,,,,Freq: 1. Example: ACT 13:47. 
ihabadelaidia,,,,,,Freq: 1. Example: ACT 13:51. 
rohediava,,,,,,Freq: 1. Example: ACT 13:52. 
hahepararava,,,,,,Freq: 1. Example: ACT 14:4. 
heida-idadiai,,,,,,Freq: 1. Example: ACT 14:11. 
daraunui,,,,,,Freq: 1. Example: ACT 14:15. 
diraya,,,,,,Freq: 1. Example: ACT 14:27. 
nemailaidia,,,,,,Freq: 1. Example: ACT 15:17. 
haraivamui,,,,,,Freq: 1. Example: ACT 15:24. 
hadaradaramui,,,,,,Freq: 1. Example: ACT 15:24. 
bene,,,,,,Freq: 1. Example: ACT 15:26. 
hagoadalaidia,,,,,,Freq: 1. Example: ACT 15:32. 
samotrake,,,,,,Freq: 1. Example: ACT 16:11. 
neapoli,,,,,,Freq: 1. Example: ACT 16:11. 
hapararia,,,,,,Freq: 1. Example: ACT 16:14. 
iabilaidia,,,,,,Freq: 1. Example: ACT 16:19. 
guriguriva,,,,,,Freq: 1. Example: ACT 16:25. 
hehekeho,,,,,,Freq: 1. Example: ACT 16:27. 
amfipoli,,,,,,Freq: 1. Example: ACT 17:1. 
apolonia,,,,,,Freq: 1. Example: ACT 17:1. 
vaḡ,,,,,,Freq: 1. Example: ACT 17:5. 
taiḡa-namo,,,,,,Freq: 1. Example: ACT 17:11. 
lalo-haragadia,,,,,,Freq: 1. Example: ACT 17:11. 
herevaherevava,,,,,,Freq: 1. Example: ACT 17:17. 
epikuro,,,,,,Freq: 1. Example: ACT 17:18. 
stoa,,,,,,Freq: 1. Example: ACT 17:18. 
hepapahuahuva,,,,,,Freq: 1. Example: ACT 17:18. 
maurimul,,,,,,Freq: 1. Example: ACT 17:28. 
kwara-herea,,,,,,Freq: 1. Example: ACT 17:29. 
korova,,,,,,Freq: 1. Example: ACT 17:29. 
ihatore-isi-louna,,,,,,Freq: 1. Example: ACT 17:32. 
dionusio,,,,,,Freq: 1. Example: ACT 17:34. 
damari,,,,,,Freq: 1. Example: ACT 17:34. 
negaula,,,,,,Freq: 1. Example: ACT 18:5. 
odaraia,,,,,,Freq: 1. Example: ACT 18:6. 
titio,,,,,,Freq: 1. Example: ACT 18:7. 
lusto,,,,,,Freq: 1. Example: ACT 18:7. 
taravaiu,,,,,,Freq: 1. Example: ACT 18:13. 
dalalla,,,,,,Freq: 1. Example: ACT 18:13. 
hamarodia,,,,,,Freq: 1. Example: ACT 18:14. 
henana-laidia,,,,,,Freq: 1. Example: ACT 18:15. 
ioale,,,,,,Freq: 1. Example: ACT 18:25. 
tauddia,,,,,,Freq: 1. Example: ACT 18:28. 
hahedibalaiva,,,,,,Freq: 1. Example: ACT 19:8. 
turano,,,,,,Freq: 1. Example: ACT 19:9. 
skeva,,,,,,Freq: 1. Example: ACT 19:14. 
neg,,,,,,Freq: 1. Example: ACT 19:23. 
dubudubudia,,,,,,Freq: 1. Example: ACT 19:24. 
hadikadamu,,,,,,Freq: 1. Example: ACT 19:27. 
lololaiava,,,,,,Freq: 1. Example: ACT 19:32. 
ahuahuva,,,,,,Freq: 1. Example: ACT 19:32. 
igwau-tubudia,,,,,,Freq: 1. Example: ACT 19:36. 
havarahavara,,,,,,Freq: 1. Example: ACT 19:36. 
helogo-helogo,,,,,,Freq: 1. Example: ACT 20:1. 
sopatera,,,,,,Freq: 1. Example: ACT 20:4. 
puro,,,,,,Freq: 1. Example: ACT 20:4. 
sekundo,,,,,,Freq: 1. Example: ACT 20:4. 
narimai,,,,,,Freq: 1. Example: ACT 20:5. 
eutuko,,,,,,Freq: 1. Example: ACT 20:9. 
alagana,,,,,,Freq: 1. Example: ACT 20:11. 
mitulene,,,,,,Freq: 1. Example: ACT 20:14. 
kioso,,,,,,Freq: 1. Example: ACT 20:15. 
samo,,,,,,Freq: 1. Example: ACT 20:15. 
vainanegai,,,,,,Freq: 1. Example: ACT 20:15. 
heaua,,,,,,Freq: 1. Example: ACT 20:16. 
mauli,,,,,,Freq: 1. Example: ACT 20:24. 
isisiba-henimui,,,,,,Freq: 1. Example: ACT 20:31. 
haginunui,,,,,,Freq: 1. Example: ACT 20:32. 
hagagiu,,,,,,Freq: 1. Example: ACT 20:37. 
lalo-metaumai,,,,,,Freq: 1. Example: ACT 21:1. 
patara,,,,,,Freq: 1. Example: ACT 21:1. 
nohomai,,,,,,Freq: 1. Example: ACT 21:10. 
kal-adia,,,,,,Freq: 1. Example: ACT 21:19. 
varavalamai,,,,,,Freq: 1. Example: ACT 21:20. 
hallego,,,,,,Freq: 1. Example: ACT 21:24. 
davanalai,,,,,,Freq: 1. Example: ACT 21:24. 
am-taunimanima,,,,,,Freq: 1. Example: ACT 21:24. 
ihahoulaidia,,,,,,Freq: 1. Example: ACT 21:25. 
basieheuda-hanai,,,,,,Freq: 1. Example: ACT 21:25. 
idadabana,,,,,,Freq: 1. Example: ACT 21:32. 
hadibaguva,,,,,,Freq: 1. Example: ACT 22:3. 
hadibalaiguva,,,,,,Freq: 1. Example: ACT 22:3. 
paia,,,,,,Freq: 1. Example: ACT 22:11. 
ihuri-ohodia,,,,,,Freq: 1. Example: ACT 22:16. 
ibadinamu,,,,,,Freq: 1. Example: ACT 22:19. 
igwauraimu,,,,,,Freq: 1. Example: ACT 22:20. 
bainda,,,,,,Freq: 1. Example: ACT 22:21. 
bdina,,,,,,Freq: 1. Example: ACT 22:21. 
asiame,,,,,,Freq: 1. Example: ACT 23:9. 
bani-tao,,,,,,Freq: 1. Example: ACT 23:16. 
antipatri,,,,,,Freq: 1. Example: ACT 23:31. 
haturiamu,,,,,,Freq: 1. Example: ACT 24:4. 
haheloḡo-heloḡodiamu,,,,,,Freq: 1. Example: ACT 24:5. 
tolona,,,,,,Freq: 1. Example: ACT 24:11. 
lla,,,,,,Freq: 1. Example: ACT 24:11. 
hepapahuahumai,,,,,,Freq: 1. Example: ACT 24:12. 
drusila,,,,,,Freq: 1. Example: ACT 24:24. 
porokio,,,,,,Freq: 1. Example: ACT 24:27. 
habadeamu,,,,,,Freq: 1. Example: ACT 25:16. 
negima,,,,,,Freq: 1. Example: ACT 25:16. 
ḡoeva-ḡoeva,,,,,,Freq: 1. Example: ACT 25:26. 
lahamu,,,,,,Freq: 1. Example: ACT 26:14. 
iabiabiraigu,,,,,,Freq: 1. Example: ACT 26:18. 
hadiarilaidia,,,,,,Freq: 1. Example: ACT 26:23. 
hakavaia,,,,,,Freq: 1. Example: ACT 26:24. 
ihaḡoigu,,,,,,Freq: 1. Example: ACT 26:29. 
lulio,,,,,,Freq: 1. Example: ACT 27:1. 
adramutio,,,,,,Freq: 1. Example: ACT 27:2. 
iulio,,,,,,Freq: 1. Example: ACT 27:3. 
mura,,,,,,Freq: 1. Example: ACT 27:5. 
lukia,,,,,,Freq: 1. Example: ACT 27:5. 
haguimai,,,,,,Freq: 1. Example: ACT 27:6. 
kenido,,,,,,Freq: 1. Example: ACT 27:7. 
salmone,,,,,,Freq: 1. Example: ACT 27:7. 
idukana,,,,,,Freq: 1. Example: ACT 27:7. 
ao,,,,,,Freq: 1. Example: ACT 27:8. 
lasea,,,,,,Freq: 1. Example: ACT 27:8. 
itarina,,,,,,Freq: 1. Example: ACT 27:11. 
aona,,,,,,Freq: 1. Example: ACT 27:12. 
lasirai,,,,,,Freq: 1. Example: ACT 27:12. 
miriguni,,,,,,Freq: 1. Example: ACT 27:14. 
haḡoḡoa,,,,,,Freq: 1. Example: ACT 27:15. 
kauda,,,,,,Freq: 1. Example: ACT 27:16. 
pae-tao,,,,,,Freq: 1. Example: ACT 27:17. 
boe,,,,,,Freq: 1. Example: ACT 27:17. 
hagogoa,,,,,,Freq: 1. Example: ACT 27:17. 
sinaiana,,,,,,Freq: 1. Example: ACT 27:18. 
dokova,,,,,,Freq: 1. Example: ACT 27:20. 
odamaiva,,,,,,Freq: 1. Example: ACT 27:20. 
tani,,,,,,Freq: 1. Example: ACT 27:20. 
paul,,,,,,Freq: 1. Example: ACT 27:21. 
iha-oredia,,,,,,Freq: 1. Example: ACT 27:21. 
balahelli,,,,,,Freq: 1. Example: ACT 27:22. 
b-na,,,,,,Freq: 1. Example: ACT 27:23. 
adria,,,,,,Freq: 1. Example: ACT 27:27. 
gadobadana,,,,,,Freq: 1. Example: ACT 27:27. 
pautania,,,,,,Freq: 1. Example: ACT 27:30. 
inege-dobidia,,,,,,Freq: 1. Example: ACT 27:30. 
vagamu,,,,,,Freq: 1. Example: ACT 27:33. 
tabero,,,,,,Freq: 1. Example: ACT 27:39. 
idama,,,,,,Freq: 1. Example: ACT 27:40. 
larana,,,,,,Freq: 1. Example: ACT 27:40. 
hoho-hohona,,,,,,Freq: 1. Example: ACT 27:40. 
taria,,,,,,Freq: 1. Example: ACT 27:40. 
toibolo,,,,,,Freq: 1. Example: ACT 27:41. 
moemoe,,,,,,Freq: 1. Example: ACT 27:41. 
kunukakunuka,,,,,,Freq: 1. Example: ACT 27:41. 
melita,,,,,,Freq: 1. Example: ACT 28:1. 
hanamolaimai,,,,,,Freq: 1. Example: ACT 28:2. 
alamaiva,,,,,,Freq: 1. Example: ACT 28:2. 
gaiho-namona,,,,,,Freq: 1. Example: ACT 28:7. 
kukuva,,,,,,Freq: 1. Example: ACT 28:8. 
lakwamai,,,,,,Freq: 1. Example: ACT 28:10. 
surakuse,,,,,,Freq: 1. Example: ACT 28:12. 
regio,,,,,,Freq: 1. Example: ACT 28:13. 
puteoli,,,,,,Freq: 1. Example: ACT 28:13. 
apio,,,,,,Freq: 1. Example: ACT 28:15. 
foro,,,,,,Freq: 1. Example: ACT 28:15. 
taverono,,,,,,Freq: 1. Example: ACT 28:15. 
karohodia,,,,,,Freq: 1. Example: ACT 28:25. 
haahemauri,,,,,,Freq: 1. Example: ACT 28:28. 
helalolai-badava,,,,,,Freq: 1. Example: ACT 28:29. 
anlo,,,,,,Freq: 1. Example: ROM 1:7. 
laohenimu,,,,,,Freq: 1. Example: ROM 1:9. 
tomanm,,,,,,Freq: 1. Example: ROM 1:12. 
hemarailaiamu,,,,,,Freq: 1. Example: ROM 1:16. 
hamaurilaidiamu,,,,,,Freq: 1. Example: ROM 1:16. 
dadaraiava,,,,,,Freq: 1. Example: ROM 1:25. 
ilalo-hadailaina,,,,,,Freq: 1. Example: ROM 1:28. 
gagevagageva,,,,,,Freq: 1. Example: ROM 1:29. 
hahedikalaimu,,,,,,Freq: 1. Example: ROM 2:1. 
tal-avatuna,,,,,,Freq: 1. Example: ROM 2:15. 
hahemloro,,,,,,Freq: 1. Example: ROM 2:16. 
ihiihiraiamu,,,,,,Freq: 1. Example: ROM 2:24. 
atova,,,,,,Freq: 1. Example: ROM 3:2. 
karamaoromaorodia,,,,,,Freq: 1. Example: ROM 4:13. 
tutuka-tutukava,,,,,,Freq: 1. Example: ROM 4:20. 
heatolaiava,,,,,,Freq: 1. Example: ROM 4:20. 
gwauraunu,,,,,,Freq: 1. Example: ROM 5:18. 
masetania,,,,,,Freq: 1. Example: ROM 6:2. 
gurida,,,,,,Freq: 1. Example: ROM 6:4. 
negeva,,,,,,Freq: 1. Example: ROM 6:20. 
hemarailaimu,,,,,,Freq: 1. Example: ROM 6:21. 
dunadia,,,,,,Freq: 1. Example: ROM 7:1. 
tamopna,,,,,,Freq: 1. Example: ROM 7:17. 
kiarana,,,,,,Freq: 1. Example: ROM 7:17. 
hairaida,,,,,,Freq: 1. Example: ROM 8:17. 
isedai,,,,,,Freq: 1. Example: ROM 8:18. 
beiada,,,,,,Freq: 1. Example: ROM 8:31. 
abihidi,,,,,,Freq: 1. Example: ROM 8:33. 
dikagu,,,,,,Freq: 1. Example: ROM 9:3. 
hero-hemaino,,,,,,Freq: 1. Example: ROM 9:4. 
heabi-hidi,,,,,,Freq: 1. Example: ROM 9:11. 
laumai,,,,,,Freq: 1. Example: ROM 9:24. 
hekwakwanlai,,,,,,Freq: 1. Example: ROM 9:33. 
sibo-lia,,,,,,Freq: 1. Example: ROM 10:3. 
helevalaia,,,,,,Freq: 1. Example: ROM 10:5. 
karanm,,,,,,Freq: 1. Example: ROM 10:5. 
gwautubu,,,,,,Freq: 1. Example: ROM 10:21. 
hamahuta,,,,,,Freq: 1. Example: ROM 11:8. 
halaoho,,,,,,Freq: 1. Example: ROM 11:10. 
todena,,,,,,Freq: 1. Example: ROM 11:17. 
hirigu,,,,,,Freq: 1. Example: ROM 11:19. 
hehiri,,,,,,Freq: 1. Example: ROM 11:23. 
lalo-arara,,,,,,Freq: 1. Example: ROM 11:33. 
heḡereḡereda,,,,,,Freq: 1. Example: ROM 12:4. 
lao-heni,,,,,,Freq: 1. Example: ROM 12:7. 
hadarelemui,,,,,,Freq: 1. Example: ROM 12:21. 
goḡoeva-gogoeva,,,,,,Freq: 1. Example: ROM 14:20. 
daradarana,,,,,,Freq: 1. Example: ROM 14:20. 
henilaimu,,,,,,Freq: 1. Example: ROM 15:3. 
ihadibalaida,,,,,,Freq: 1. Example: ROM 15:4. 
hahonulaimui,,,,,,Freq: 1. Example: ROM 15:13. 
hesisiba,,,,,,Freq: 1. Example: ROM 15:14. 
ihahelalolaimui,,,,,,Freq: 1. Example: ROM 15:15. 
iluriko,,,,,,Freq: 1. Example: ROM 15:19. 
inikaha,,,,,,Freq: 1. Example: ROM 15:23. 
foibe,,,,,,Freq: 1. Example: ROM 16:1. 
epaineto,,,,,,Freq: 1. Example: ROM 16:5. 
androniko,,,,,,Freq: 1. Example: ROM 16:7. 
iunia,,,,,,Freq: 1. Example: ROM 16:7. 
amplia,,,,,,Freq: 1. Example: ROM 16:8. 
urebano,,,,,,Freq: 1. Example: ROM 16:9. 
staku,,,,,,Freq: 1. Example: ROM 16:9. 
apele,,,,,,Freq: 1. Example: ROM 16:10. 
tutukatutukamu,,,,,,Freq: 1. Example: ROM 16:10. 
aristobulo,,,,,,Freq: 1. Example: ROM 16:10. 
herodion,,,,,,Freq: 1. Example: ROM 16:11. 
narakiso,,,,,,Freq: 1. Example: ROM 16:11. 
trufena,,,,,,Freq: 1. Example: ROM 16:12. 
trufosa,,,,,,Freq: 1. Example: ROM 16:12. 
peresi,,,,,,Freq: 1. Example: ROM 16:12. 
heckwarahilaia,,,,,,Freq: 1. Example: ROM 16:12. 
asunukrito,,,,,,Freq: 1. Example: ROM 16:14. 
flegon,,,,,,Freq: 1. Example: ROM 16:14. 
patroba,,,,,,Freq: 1. Example: ROM 16:14. 
herema,,,,,,Freq: 1. Example: ROM 16:14. 
filologo,,,,,,Freq: 1. Example: ROM 16:15. 
iulia,,,,,,Freq: 1. Example: ROM 16:15. 
nerea,,,,,,Freq: 1. Example: ROM 16:15. 
olumupa,,,,,,Freq: 1. Example: ROM 16:15. 
nahuada,,,,,,Freq: 1. Example: ROM 16:17. 
ohu,,,,,,Freq: 1. Example: ROM 16:17. 
aunega,,,,,,Freq: 1. Example: ROM 16:19. 
sosipatro,,,,,,Freq: 1. Example: ROM 16:21. 
teretio,,,,,,Freq: 1. Example: ROM 16:22. 
koato,,,,,,Freq: 1. Example: ROM 16:23. 
hanamua,,,,,,Freq: 1. Example: ROM 16:25. 
peroveeta,,,,,,Freq: 1. Example: ROM 16:26. 
ibuudiai,,,,,,Freq: 1. Example: ROM 16:26. 
hataḡalaimui,,,,,,Freq: 1. Example: 1CO 1:5. 
kloe,,,,,,Freq: 1. Example: 1CO 1:11. 
sivaraimui,,,,,,Freq: 1. Example: 1CO 1:11. 
heai-heaimu,,,,,,Freq: 1. Example: 1CO 1:11. 
ibapatisodia,,,,,,Freq: 1. Example: 1CO 1:17. 
hedavelaimu,,,,,,Freq: 1. Example: 1CO 1:20. 
ubulaimuiva,,,,,,Freq: 1. Example: 1CO 3:2. 
nan,,,,,,Freq: 1. Example: 1CO 3:12. 
kurukuru,,,,,,Freq: 1. Example: 1CO 3:12. 
biri,,,,,,Freq: 1. Example: 1CO 3:12. 
lalolmai,,,,,,Freq: 1. Example: 1CO 4:1. 
ha-idaumu,,,,,,Freq: 1. Example: 1CO 4:7. 
revamai,,,,,,Freq: 1. Example: 1CO 4:9. 
heatolaimuimu,,,,,,Freq: 1. Example: 1CO 4:10. 
hitolomaimu,,,,,,Freq: 1. Example: 1CO 4:11. 
tutumaimu,,,,,,Freq: 1. Example: 1CO 4:11. 
uduguiraimaimu,,,,,,Freq: 1. Example: 1CO 4:12. 
igomui,,,,,,Freq: 1. Example: 1CO 4:13. 
ihadibamui,,,,,,Freq: 1. Example: 1CO 4:15. 
alonai,,,,,,Freq: 1. Example: 1CO 4:17. 
kwadi-kwadi,,,,,,Freq: 1. Example: 1CO 4:21. 
manilu,,,,,,Freq: 1. Example: 1CO 4:21. 
iauanina,,,,,,Freq: 1. Example: 1CO 5:5. 
hahemaorolaimu,,,,,,Freq: 1. Example: 1CO 6:4. 
ganigani,,,,,,Freq: 1. Example: 1CO 6:10. 
hurimui,,,,,,Freq: 1. Example: 1CO 6:11. 
haganidiamu,,,,,,Freq: 1. Example: 1CO 7:10. 
bemaa,,,,,,Freq: 1. Example: 1CO 7:12. 
iruha-negemu,,,,,,Freq: 1. Example: 1CO 7:21. 
basinia,,,,,,Freq: 1. Example: 1CO 7:28. 
daradaramui,,,,,,Freq: 1. Example: 1CO 7:35. 
hegahusi,,,,,,Freq: 1. Example: 1CO 7:36. 
gadara-helulu,,,,,,Freq: 1. Example: 1CO 9:25. 
dibagania,,,,,,Freq: 1. Example: 1CO 10:9. 
isisibalai-henida,,,,,,Freq: 1. Example: 1CO 10:11. 
hedibaganidia,,,,,,Freq: 1. Example: 1CO 10:13. 
hedibaḡanina,,,,,,Freq: 1. Example: 1CO 10:13. 
hedihaḡani,,,,,,Freq: 1. Example: 1CO 10:13. 
haheaukalaqia,,,,,,Freq: 1. Example: 1CO 10:13. 
bakiamu,,,,,,Freq: 1. Example: 1CO 10:16. 
hagoadada,,,,,,Freq: 1. Example: 1CO 10:23. 
inana,,,,,,Freq: 1. Example: 1CO 10:28. 
lalo-hekwakwanai,,,,,,Freq: 1. Example: 1CO 10:28. 
hamoalelaidia,,,,,,Freq: 1. Example: 1CO 10:33. 
haḡoiamu,,,,,,Freq: 1. Example: 1CO 11:1. 
guriḡurimu,,,,,,Freq: 1. Example: 1CO 11:5. 
mukoa,,,,,,Freq: 1. Example: 1CO 11:7. 
ihi-ihiraina,,,,,,Freq: 1. Example: 1CO 11:22. 
ben-a,,,,,,Freq: 1. Example: 1CO 11:34. 
ha-inulaida,,,,,,Freq: 1. Example: 1CO 12:13. 
ae-palapala,,,,,,Freq: 1. Example: 1CO 12:15. 
bonabona,,,,,,Freq: 1. Example: 1CO 12:17. 
aepalapaladia,,,,,,Freq: 1. Example: 1CO 12:21. 
ihatoidia,,,,,,Freq: 1. Example: 1CO 12:28. 
touamu,,,,,,Freq: 1. Example: 1CO 13:1. 
tahun,,,,,,Freq: 1. Example: 1CO 13:5. 
badll,,,,,,Freq: 1. Example: 1CO 13:5. 
ihadikal,,,,,,Freq: 1. Example: 1CO 13:5. 
lina,,,,,,Freq: 1. Example: 1CO 13:5. 
dibagumu,,,,,,Freq: 1. Example: 1CO 13:12. 
ihapararadia,,,,,,Freq: 1. Example: 1CO 14:5. 
haheḡeregere,,,,,,Freq: 1. Example: 1CO 14:5. 
idau-ldau,,,,,,Freq: 1. Example: 1CO 14:10. 
ilareba-daena,,,,,,Freq: 1. Example: 1CO 14:12. 
garuḡaru,,,,,,Freq: 1. Example: 1CO 14:20. 
kavamui,,,,,,Freq: 1. Example: 1CO 14:23. 
ihahegeregerena,,,,,,Freq: 1. Example: 1CO 14:26. 
ihapararalaidia,,,,,,Freq: 1. Example: 1CO 14:26. 
itlaudia,,,,,,Freq: 1. Example: 1CO 14:39. 
vauraidia,,,,,,Freq: 1. Example: 1CO 14:39. 
idiba-koikoina,,,,,,Freq: 1. Example: 1CO 15:15. 
mata-hekunumai,,,,,,Freq: 1. Example: 1CO 15:52. 
hakwalimuda,,,,,,Freq: 1. Example: 1CO 15:57. 
hegereḡeregu,,,,,,Freq: 1. Example: 1CO 16:10. 
forotunato,,,,,,Freq: 1. Example: 1CO 16:17. 
bonaakaiko,,,,,,Freq: 1. Example: 1CO 16:17. 
haheaukamui,,,,,,Freq: 1. Example: 2CO 1:6. 
gugubamai,,,,,,Freq: 1. Example: 2CO 1:8. 
oreva,,,,,,Freq: 1. Example: 2CO 1:8. 
hamaurimaiva,,,,,,Freq: 1. Example: 2CO 1:10. 
heaḡilaimai,,,,,,Freq: 1. Example: 2CO 1:13. 
haginida,,,,,,Freq: 1. Example: 2CO 1:21. 
horoda,,,,,,Freq: 1. Example: 2CO 1:21. 
lalodai,,,,,,Freq: 1. Example: 2CO 1:22. 
hahisimuimu,,,,,,Freq: 1. Example: 2CO 2:2. 
ihamoalegu,,,,,,Freq: 1. Example: 2CO 2:3. 
ihahisimui,,,,,,Freq: 1. Example: 2CO 2:4. 
toamui,,,,,,Freq: 1. Example: 2CO 2:9. 
sivalai,,,,,,Freq: 1. Example: 2CO 2:12. 
hakaumaimu,,,,,,Freq: 1. Example: 2CO 2:14. 
hoihoilaiamu,,,,,,Freq: 1. Example: 2CO 2:17. 
momokanimai,,,,,,Freq: 1. Example: 2CO 2:17. 
ha-aonegamai,,,,,,Freq: 1. Example: 2CO 3:6. 
hadibildamu,,,,,,Freq: 1. Example: 2CO 3:6. 
iruhanegedia,,,,,,Freq: 1. Example: 2CO 3:9. 
hururuhururuva,,,,,,Freq: 1. Example: 2CO 3:10. 
vanaha,,,,,,Freq: 1. Example: 2CO 3:11. 
duhuva,,,,,,Freq: 1. Example: 2CO 3:14. 
haidaudamu,,,,,,Freq: 1. Example: 2CO 3:18. 
ihagoina,,,,,,Freq: 1. Example: 2CO 4:4. 
rakatanimaimu,,,,,,Freq: 1. Example: 2CO 4:9. 
haketomaimu,,,,,,Freq: 1. Example: 2CO 4:9. 
loalaiamu,,,,,,Freq: 1. Example: 2CO 4:10. 
hatoremai,,,,,,Freq: 1. Example: 2CO 4:14. 
raraidi,,,,,,Freq: 1. Example: 2CO 4:18. 
davarimai,,,,,,Freq: 1. Example: 2CO 5:3. 
haduamaimu,,,,,,Freq: 1. Example: 2CO 5:14. 
lalohisihisi,,,,,,Freq: 1. Example: 2CO 6:4. 
heatolaimai,,,,,,Freq: 1. Example: 2CO 6:8. 
dikamai,,,,,,Freq: 1. Example: 2CO 6:8. 
koikoimai,,,,,,Freq: 1. Example: 2CO 6:8. 
beliara,,,,,,Freq: 1. Example: 2CO 6:15. 
siahu-hereadaena,,,,,,Freq: 1. Example: 2CO 6:18. 
ha-ogoḡamia,,,,,,Freq: 1. Example: 2CO 7:2. 
hahisiva,,,,,,Freq: 1. Example: 2CO 7:8. 
helalokerehai,,,,,,Freq: 1. Example: 2CO 7:10. 
heaḡilaimuiva,,,,,,Freq: 1. Example: 2CO 7:14. 
iura-henimai,,,,,,Freq: 1. Example: 2CO 8:7. 
kahamui,,,,,,Freq: 1. Example: 2CO 8:14. 
iura-henimui,,,,,,Freq: 1. Example: 2CO 8:16. 
ihapiuna,,,,,,Freq: 1. Example: 2CO 8:18. 
ihaharagadia,,,,,,Freq: 1. Example: 2CO 8:19. 
ḡaukaralaiamu,,,,,,Freq: 1. Example: 2CO 8:20. 
lalo-haraḡa,,,,,,Freq: 1. Example: 2CO 9:1. 
hamomokanimuimu,,,,,,Freq: 1. Example: 2CO 9:13. 
gwauraimaimu,,,,,,Freq: 1. Example: 2CO 10:2. 
haketodiamu,,,,,,Freq: 1. Example: 2CO 10:5. 
ikamonaihenina,,,,,,Freq: 1. Example: 2CO 10:5. 
ikure-dobimui,,,,,,Freq: 1. Example: 2CO 10:8. 
ilarebamui,,,,,,Freq: 1. Example: 2CO 10:8. 
ihagarimui,,,,,,Freq: 1. Example: 2CO 10:9. 
hahetohomu,,,,,,Freq: 1. Example: 2CO 10:12. 
iabi-vareaimui,,,,,,Freq: 1. Example: 2CO 10:14. 
unukahamui,,,,,,Freq: 1. Example: 2CO 10:16. 
gvauraia,,,,,,Freq: 1. Example: 2CO 10:18. 
maohenimui,,,,,,Freq: 1. Example: 2CO 11:2. 
hoalaidia,,,,,,Freq: 1. Example: 2CO 11:14. 
ihaheaukahenidia,,,,,,Freq: 1. Example: 2CO 11:19. 
ḡuimuimu,,,,,,Freq: 1. Example: 2CO 11:20. 
hahekwarahimuimu,,,,,,Freq: 1. Example: 2CO 11:20. 
kahira-kahirava,,,,,,Freq: 1. Example: 2CO 11:23. 
hitologumu,,,,,,Freq: 1. Example: 2CO 11:27. 
areta,,,,,,Freq: 1. Example: 2CO 11:32. 
totuna,,,,,,Freq: 1. Example: 2CO 11:32. 
udagu,,,,,,Freq: 1. Example: 2CO 11:33. 
tugu,,,,,,Freq: 1. Example: 2CO 11:33. 
itutulaigu,,,,,,Freq: 1. Example: 2CO 12:7. 
umuiasio,,,,,,Freq: 1. Example: 2CO 12:13. 
hekoramu,,,,,,Freq: 1. Example: 2CO 12:19. 
ihagoadamui,,,,,,Freq: 1. Example: 2CO 12:19. 
maoromai,,,,,,Freq: 1. Example: 2CO 13:7. 
kereremai,,,,,,Freq: 1. Example: 2CO 13:7. 
igwau-tubuna,,,,,,Freq: 1. Example: 2CO 13:8. 
hahetonimuimu,,,,,,Freq: 1. Example: 2CO 13:11. 
haturiamuimu,,,,,,Freq: 1. Example: GAL 1:7. 
aposetolo-gunadia,,,,,,Freq: 1. Example: GAL 1:17. 
gwauraidiava,,,,,,Freq: 1. Example: GAL 2:9. 
kakava,,,,,,Freq: 1. Example: GAL 3:3. 
iboloda,,,,,,Freq: 1. Example: GAL 3:13. 
idat,,,,,,Freq: 1. Example: GAL 3:16. 
abidadamana,,,,,,Freq: 1. Example: GAL 3:23. 
maraḡida,,,,,,Freq: 1. Example: GAL 4:3. 
mamoka-manokadia,,,,,,Freq: 1. Example: GAL 4:9. 
luo,,,,,,Freq: 1. Example: GAL 4:9. 
hekwarahilaimui,,,,,,Freq: 1. Example: GAL 4:11. 
nolmuimu,,,,,,Freq: 1. Example: GAL 4:12. 
sinada,,,,,,Freq: 1. Example: GAL 4:26. 
gabami,,,,,,Freq: 1. Example: GAL 4:27. 
natunal,,,,,,Freq: 1. Example: GAL 4:27. 
tau-aninlui,,,,,,Freq: 1. Example: GAL 5:13. 
loho,,,,,,Freq: 1. Example: GAL 5:15. 
haheore,,,,,,Freq: 1. Example: GAL 5:15. 
laumal,,,,,,Freq: 1. Example: GAL 5:17. 
bonalauma,,,,,,Freq: 1. Example: GAL 5:17. 
gogosi,,,,,,Freq: 1. Example: GAL 5:20. 
hehua,,,,,,Freq: 1. Example: GAL 6:2. 
ahulaia,,,,,,Freq: 1. Example: GAL 6:6. 
tanobadl,,,,,,Freq: 1. Example: GAL 6:12. 
hamareregu,,,,,,Freq: 1. Example: GAL 6:17. 
kipara,,,,,,Freq: 1. Example: GAL 6:17. 
hanamolaida,,,,,,Freq: 1. Example: EPH 1:3. 
bebeka-bebekada,,,,,,Freq: 1. Example: EPH 1:4. 
hataḡalaida,,,,,,Freq: 1. Example: EPH 1:6. 
rataia,,,,,,Freq: 1. Example: EPH 1:9. 
tlenimui,,,,,,Freq: 1. Example: EPH 1:13. 
ladaula,,,,,,Freq: 1. Example: EPH 1:21. 
hebogahisi-bada,,,,,,Freq: 1. Example: EPH 2:4. 
hahelaida,,,,,,Freq: 1. Example: EPH 2:6. 
gwauraimuiva,,,,,,Freq: 1. Example: EPH 2:11. 
maillo,,,,,,Freq: 1. Example: EPH 2:15. 
hadaimui,,,,,,Freq: 1. Example: EPH 2:20. 
kwadoḡi,,,,,,Freq: 1. Example: EPH 3:3. 
esevada,,,,,,Freq: 1. Example: EPH 3:8. 
boga-aukada,,,,,,Freq: 1. Example: EPH 3:12. 
ihahairaimui,,,,,,Freq: 1. Example: EPH 3:13. 
hetuituimu,,,,,,Freq: 1. Example: EPH 3:14. 
nemaina,,,,,,Freq: 1. Example: EPH 3:15. 
vadaba,,,,,,Freq: 1. Example: EPH 3:19. 
rohediamu,,,,,,Freq: 1. Example: EPH 4:6. 
basiehakauda,,,,,,Freq: 1. Example: EPH 4:14. 
halomuimu,,,,,,Freq: 1. Example: EPH 4:17. 
hapararalai,,,,,,Freq: 1. Example: EPH 4:29. 
abumui,,,,,,Freq: 1. Example: EPH 4:30. 
auli,,,,,,Freq: 1. Example: EPH 5:5. 
igwaurai-hedinaraidia,,,,,,Freq: 1. Example: EPH 5:12. 
makukuna,,,,,,Freq: 1. Example: EPH 5:27. 
lalo-manaumui,,,,,,Freq: 1. Example: EPH 6:7. 
ihagarilaidia,,,,,,Freq: 1. Example: EPH 6:9. 
koekoemui,,,,,,Freq: 1. Example: EPH 6:14. 
kememui,,,,,,Freq: 1. Example: EPH 6:14. 
habodo,,,,,,Freq: 1. Example: EPH 6:16. 
ḡoevamui,,,,,,Freq: 1. Example: PHP 1:10. 
ihapere-rohorohona,,,,,,Freq: 1. Example: PHP 1:12. 
itaguva,,,,,,Freq: 1. Example: PHP 1:30. 
lalo-hakeru,,,,,,Freq: 1. Example: PHP 2:1. 
hetura-heheni,,,,,,Freq: 1. Example: PHP 2:1. 
hekaruhia,,,,,,Freq: 1. Example: PHP 2:7. 
gwau-edeedena,,,,,,Freq: 1. Example: PHP 2:15. 
peritomegu,,,,,,Freq: 1. Example: PHP 3:5. 
hahedinaraiava,,,,,,Freq: 1. Example: PHP 3:6. 
bebeka-bebekagu,,,,,,Freq: 1. Example: PHP 3:6. 
helaorealaiamu,,,,,,Freq: 1. Example: PHP 3:8. 
toreisi-louna,,,,,,Freq: 1. Example: PHP 3:11. 
haḡoimaimu,,,,,,Freq: 1. Example: PHP 3:17. 
konkori,,,,,,Freq: 1. Example: PHP 3:20. 
euodia,,,,,,Freq: 1. Example: PHP 4:2. 
sunutuke,,,,,,Freq: 1. Example: PHP 4:2. 
noidiamu,,,,,,Freq: 1. Example: PHP 4:2. 
klemento,,,,,,Freq: 1. Example: PHP 4:3. 
haguhilaia,,,,,,Freq: 1. Example: PHP 4:6. 
bogakunu,,,,,,Freq: 1. Example: PHP 4:12. 
ikahalaigu,,,,,,Freq: 1. Example: PHP 4:15. 
kolose,,,,,,Freq: 1. Example: COL 1:2. 
haḡoevada,,,,,,Freq: 1. Example: COL 1:12. 
hadarodia,,,,,,Freq: 1. Example: COL 1:20. 
hadaromui,,,,,,Freq: 1. Example: COL 1:22. 
daromui,,,,,,Freq: 1. Example: COL 1:23. 
eregunadia,,,,,,Freq: 1. Example: COL 1:26. 
launimanima,,,,,,Freq: 1. Example: COL 1:28. 
haheholo,,,,,,Freq: 1. Example: COL 2:7. 
unu-heto,,,,,,Freq: 1. Example: COL 2:8. 
idokiohona,,,,,,Freq: 1. Example: COL 2:11. 
hatamonaiamu,,,,,,Freq: 1. Example: COL 2:19. 
lalo-heḡani,,,,,,Freq: 1. Example: COL 3:5. 
skute,,,,,,Freq: 1. Example: COL 3:11. 
ihatamonada,,,,,,Freq: 1. Example: COL 3:14. 
gadonamomui,,,,,,Freq: 1. Example: COL 4:6. 
damenaia,,,,,,Freq: 1. Example: COL 4:6. 
hieropoli,,,,,,Freq: 1. Example: COL 4:13. 
numufa,,,,,,Freq: 1. Example: COL 4:15. 
akipo,,,,,,Freq: 1. Example: COL 4:17. 
taloiosi,,,,,,Freq: 1. Example: 1TH 1:1. 
maimo,,,,,,Freq: 1. Example: 1TH 1:1. 
hisihisimui,,,,,,Freq: 1. Example: 1TH 1:6. 
hadibalaimuiva,,,,,,Freq: 1. Example: 1TH 2:2. 
lalo-aniva,,,,,,Freq: 1. Example: 1TH 2:5. 
ḡaima,,,,,,Freq: 1. Example: 1TH 2:5. 
manauva,,,,,,Freq: 1. Example: 1TH 2:7. 
helaḡamai,,,,,,Freq: 1. Example: 1TH 2:10. 
maoromaoromai,,,,,,Freq: 1. Example: 1TH 2:10. 
bebeka-bebekamai,,,,,,Freq: 1. Example: 1TH 2:10. 
halova,,,,,,Freq: 1. Example: 1TH 2:11. 
gwaumai,,,,,,Freq: 1. Example: 1TH 2:16. 
ahulaida,,,,,,Freq: 1. Example: 1TH 3:3. 
lalomaimu,,,,,,Freq: 1. Example: 1TH 3:6. 
daradoko,,,,,,Freq: 1. Example: 1TH 3:7. 
matauraimui,,,,,,Freq: 1. Example: 1TH 4:12. 
maurimmu,,,,,,Freq: 1. Example: 1TH 4:17. 
hebuatari,,,,,,Freq: 1. Example: 1TH 5:3. 
kemeda,,,,,,Freq: 1. Example: 1TH 5:8. 
kwarada,,,,,,Freq: 1. Example: 1TH 5:8. 
nogada,,,,,,Freq: 1. Example: 1TH 5:10. 
mahutada,,,,,,Freq: 1. Example: 1TH 5:10. 
reḡumuimu,,,,,,Freq: 1. Example: 1TH 5:12. 
imudadia,,,,,,Freq: 1. Example: 1TH 5:14. 
diravilla,,,,,,Freq: 1. Example: 1TH 5:23. 
idoimui,,,,,,Freq: 1. Example: 1TH 5:23. 
iabma,,,,,,Freq: 1. Example: 2TH 1:10. 
haeromui,,,,,,Freq: 1. Example: 2TH 1:11. 
helaro-namona,,,,,,Freq: 1. Example: 2TH 2:16. 
halḡanimui,,,,,,Freq: 1. Example: 2TH 3:4. 
havara-havarava,,,,,,Freq: 1. Example: 2TH 3:7. 
siahudainai,,,,,,Freq: 1. Example: 2TH 3:9. 
manaumanau,,,,,,Freq: 1. Example: 2TH 3:12. 
henaodiamu,,,,,,Freq: 1. Example: 1TI 1:10. 
herevadi,,,,,,Freq: 1. Example: 1TI 1:10. 
haerogu,,,,,,Freq: 1. Example: 1TI 1:12. 
igamena,,,,,,Freq: 1. Example: 1TI 2:1. 
mainoda,,,,,,Freq: 1. Example: 1TI 2:2. 
manaudia,,,,,,Freq: 1. Example: 1TI 2:9. 
pani,,,,,,Freq: 1. Example: 1TI 2:9. 
goldeiava,,,,,,Freq: 1. Example: 1TI 2:9. 
lalo-manauna,,,,,,Freq: 1. Example: 1TI 2:11. 
herwa,,,,,,Freq: 1. Example: 1TI 5:2. 
huriva,,,,,,Freq: 1. Example: 1TI 5:10. 
iboudial,,,,,,Freq: 1. Example: 1TI 5:10. 
manadalaimu,,,,,,Freq: 1. Example: 1TI 5:13. 
lalo-uamona,,,,,,Freq: 1. Example: 1TI 6:6. 
iraka-kahikahina,,,,,,Freq: 1. Example: 1TI 6:16. 
laro,,,,,,Freq: 1. Example: 1TI 6:17. 
ihamoaleda,,,,,,Freq: 1. Example: 1TI 6:17. 
ilalomu,,,,,,Freq: 1. Example: 2TI 1:3. 
eunike,,,,,,Freq: 1. Example: 2TI 1:5. 
halomumu,,,,,,Freq: 1. Example: 2TI 1:6. 
hahururu-hururua,,,,,,Freq: 1. Example: 2TI 1:6. 
irua-henina,,,,,,Freq: 1. Example: 2TI 1:13. 
fugelo,,,,,,Freq: 1. Example: 2TI 1:15. 
heremogene,,,,,,Freq: 1. Example: 2TI 1:15. 
onesiforo,,,,,,Freq: 1. Example: 2TI 1:16. 
haturialai,,,,,,Freq: 1. Example: 2TI 2:4. 
haheaukalaimu,,,,,,Freq: 1. Example: 2TI 2:10. 
ḡoreda,,,,,,Freq: 1. Example: 2TI 2:12. 
badinada,,,,,,Freq: 1. Example: 2TI 2:13. 
hepapahuahulaidia,,,,,,Freq: 1. Example: 2TI 2:14. 
igwaurai-ḡoevana,,,,,,Freq: 1. Example: 2TI 2:15. 
fileto,,,,,,Freq: 1. Example: 2TI 2:17. 
mata-lahuidia,,,,,,Freq: 1. Example: 2TI 2:23. 
ihedorilaidia,,,,,,Freq: 1. Example: 2TI 2:23. 
habade,,,,,,Freq: 1. Example: 2TI 3:3. 
iane,,,,,,Freq: 1. Example: 2TI 3:8. 
lambre,,,,,,Freq: 1. Example: 2TI 3:8. 
lustra,,,,,,Freq: 1. Example: 2TI 3:11. 
harologu,,,,,,Freq: 1. Example: 2TI 3:11. 
ha-aonegamu,,,,,,Freq: 1. Example: 2TI 3:15. 
heuda-roha,,,,,,Freq: 1. Example: 2TI 3:16. 
ihahelalo-kerehaidia,,,,,,Freq: 1. Example: 2TI 3:16. 
ihakaulaidia,,,,,,Freq: 1. Example: 2TI 3:16. 
hemaihemai,,,,,,Freq: 1. Example: 2TI 4:3. 
raka-oho,,,,,,Freq: 1. Example: 2TI 4:6. 
kreske,,,,,,Freq: 1. Example: 2TI 4:10. 
dalamatia,,,,,,Freq: 1. Example: 2TI 4:10. 
kapo,,,,,,Freq: 1. Example: 2TI 4:13. 
lubu,,,,,,Freq: 1. Example: 2TI 4:15. 
kota,,,,,,Freq: 1. Example: 2TI 4:16. 
priska,,,,,,Freq: 1. Example: 2TI 4:19. 
onesitoro,,,,,,Freq: 1. Example: 2TI 4:19. 
eubulo,,,,,,Freq: 1. Example: 2TI 4:21. 
pude,,,,,,Freq: 1. Example: 2TI 4:21. 
lino,,,,,,Freq: 1. Example: 2TI 4:21. 
klaudia,,,,,,Freq: 1. Example: 2TI 4:21. 
hegwahi,,,,,,Freq: 1. Example: TIT 1:8. 
laoahumu,,,,,,Freq: 1. Example: TIT 1:9. 
nanaudia,,,,,,Freq: 1. Example: TIT 1:9. 
lalo-miro,,,,,,Freq: 1. Example: TIT 1:15. 
lalomase,,,,,,Freq: 1. Example: TIT 1:16. 
haḡoimu,,,,,,Freq: 1. Example: TIT 2:7. 
dikada,,,,,,Freq: 1. Example: TIT 2:8. 
hadibadamu,,,,,,Freq: 1. Example: TIT 2:12. 
haḡaeḡae,,,,,,Freq: 1. Example: TIT 3:1. 
aretema,,,,,,Freq: 1. Example: TIT 3:12. 
nikapoli,,,,,,Freq: 1. Example: TIT 3:12. 
sena,,,,,,Freq: 1. Example: TIT 3:13. 
filemona,,,,,,Freq: 1. Example: PHM 1:1. 
apia,,,,,,Freq: 1. Example: PHM 1:2. 
arekipo,,,,,,Freq: 1. Example: PHM 1:2. 
diari-diarina,,,,,,Freq: 1. Example: HEB 1:3. 
ilaohenidia,,,,,,Freq: 1. Example: HEB 1:14. 
huretani,,,,,,Freq: 1. Example: HEB 2:1. 
unu-badana,,,,,,Freq: 1. Example: HEB 2:3. 
hahereaia,,,,,,Freq: 1. Example: HEB 2:10. 
abrahamgarana,,,,,,Freq: 1. Example: HEB 2:16. 
lta,,,,,,Freq: 1. Example: HEB 3:6. 
tohoguva,,,,,,Freq: 1. Example: HEB 3:9. 
lajodia,,,,,,Freq: 1. Example: HEB 3:10. 
cwau-edeede,,,,,,Freq: 1. Example: HEB 3:18. 
laḡaani,,,,,,Freq: 1. Example: HEB 4:5. 
gwau-deede,,,,,,Freq: 1. Example: HEB 4:11. 
hegwadamu,,,,,,Freq: 1. Example: HEB 4:12. 
iauma,,,,,,Freq: 1. Example: HEB 4:12. 
sib-ona,,,,,,Freq: 1. Example: HEB 5:3. 
noiava,,,,,,Freq: 1. Example: HEB 5:7. 
hadibaiava,,,,,,Freq: 1. Example: HEB 5:8. 
karukaru,,,,,,Freq: 1. Example: HEB 5:13. 
ihelalolai-kerehaidia,,,,,,Freq: 1. Example: HEB 6:1. 
habeauka,,,,,,Freq: 1. Example: HEB 6:12. 
ialo-hadai,,,,,,Freq: 1. Example: HEB 6:17. 
koida,,,,,,Freq: 1. Example: HEB 6:18. 
enle,,,,,,Freq: 1. Example: HEB 6:18. 
dogona,,,,,,Freq: 1. Example: HEB 6:19. 
salema,,,,,,Freq: 1. Example: HEB 7:2. 
karoadiamu,,,,,,Freq: 1. Example: HEB 7:8. 
gabelaia,,,,,,Freq: 1. Example: HEB 7:28. 
heḡereḡedia,,,,,,Freq: 1. Example: HEB 8:5. 
iato-kauna,,,,,,Freq: 1. Example: HEB 9:2. 
havavaia,,,,,,Freq: 1. Example: HEB 9:4. 
kibona,,,,,,Freq: 1. Example: HEB 9:4. 
hakerukeruava,,,,,,Freq: 1. Example: HEB 9:5. 
seu,,,,,,Freq: 1. Example: HEB 9:6. 
taunimamima,,,,,,Freq: 1. Example: HEB 9:11. 
maruanedia,,,,,,Freq: 1. Example: HEB 9:13. 
iharidia,,,,,,Freq: 1. Example: HEB 9:17. 
ihamaoromaorona,,,,,,Freq: 1. Example: HEB 9:28. 
hahelaḡada,,,,,,Freq: 1. Example: HEB 10:10. 
lava-daena,,,,,,Freq: 1. Example: HEB 10:22. 
butuda,,,,,,Freq: 1. Example: HEB 10:31. 
haheaukava,,,,,,Freq: 1. Example: HEB 10:32. 
raka-kerehai,,,,,,Freq: 1. Example: HEB 10:39. 
daulai,,,,,,Freq: 1. Example: HEB 11:2. 
iraka-heni-kahina,,,,,,Freq: 1. Example: HEB 11:6. 
hedoa-hedoava,,,,,,Freq: 1. Example: HEB 11:9. 
rariana,,,,,,Freq: 1. Example: HEB 11:12. 
huniava,,,,,,Freq: 1. Example: HEB 11:23. 
hadarerediava,,,,,,Freq: 1. Example: HEB 11:33. 
kouva,,,,,,Freq: 1. Example: HEB 11:33. 
habodoava,,,,,,Freq: 1. Example: HEB 11:34. 
negeava,,,,,,Freq: 1. Example: HEB 11:34. 
abiava,,,,,,Freq: 1. Example: HEB 11:34. 
ḡonaḡonalaidiava,,,,,,Freq: 1. Example: HEB 11:36. 
kwadidiava,,,,,,Freq: 1. Example: HEB 11:36. 
riova,,,,,,Freq: 1. Example: HEB 11:37. 
ogoḡamiva,,,,,,Freq: 1. Example: HEB 11:37. 
hametaudamu,,,,,,Freq: 1. Example: HEB 12:1. 
goada-laiamu,,,,,,Freq: 1. Example: HEB 12:4. 
hakaniva,,,,,,Freq: 1. Example: HEB 12:10. 
haturiamui,,,,,,Freq: 1. Example: HEB 12:15. 
heudeheude,,,,,,Freq: 1. Example: HEB 12:21. 
tonma,,,,,,Freq: 1. Example: HEB 12:25. 
haheude-heude,,,,,,Freq: 1. Example: HEB 12:27. 
basaeiana,,,,,,Freq: 1. Example: HEB 12:28. 
hematauraida,,,,,,Freq: 1. Example: HEB 12:28. 
garida,,,,,,Freq: 1. Example: HEB 12:28. 
idla,,,,,,Freq: 1. Example: HEB 13:3. 
herahe-dadi,,,,,,Freq: 1. Example: HEB 13:4. 
karikarimui,,,,,,Freq: 1. Example: HEB 13:5. 
hasina,,,,,,Freq: 1. Example: HEB 13:6. 
ba-auka,,,,,,Freq: 1. Example: HEB 13:9. 
ḡanaḡanana,,,,,,Freq: 1. Example: HEB 13:17. 
hamaraiamu,,,,,,Freq: 1. Example: JAS 1:11. 
idibaḡanina,,,,,,Freq: 1. Example: JAS 1:13. 
lalonlui,,,,,,Freq: 1. Example: JAS 1:21. 
bavaabia,,,,,,Freq: 1. Example: JAS 1:21. 
hamiroda,,,,,,Freq: 1. Example: JAS 1:27. 
vaḡivagidia,,,,,,Freq: 1. Example: JAS 2:2. 
hereadae,,,,,,Freq: 1. Example: JAS 2:2. 
dabuimui,,,,,,Freq: 1. Example: JAS 2:6. 
nemailaimui,,,,,,Freq: 1. Example: JAS 2:7. 
tadikaka-ta,,,,,,Freq: 1. Example: JAS 2:15. 
deradia,,,,,,Freq: 1. Example: JAS 2:19. 
talamu,,,,,,Freq: 1. Example: JAS 2:19. 
haḡuḡuruava,,,,,,Freq: 1. Example: JAS 2:22. 
idogotaodia,,,,,,Freq: 1. Example: JAS 3:3. 
hatatadia,,,,,,Freq: 1. Example: JAS 3:3. 
odamu,,,,,,Freq: 1. Example: JAS 3:4. 
iaralaina,,,,,,Freq: 1. Example: JAS 3:6. 
ihamanadadia,,,,,,Freq: 1. Example: JAS 3:7. 
ihamanadana,,,,,,Freq: 1. Example: JAS 3:8. 
heida-idaua,,,,,,Freq: 1. Example: JAS 3:9. 
lalomanada,,,,,,Freq: 1. Example: JAS 3:17. 
hekise-hekisemu,,,,,,Freq: 1. Example: JAS 4:2. 
petapetalai,,,,,,Freq: 1. Example: JAS 4:3. 
heautanimui,,,,,,Freq: 1. Example: JAS 4:7. 
hahemaaro,,,,,,Freq: 1. Example: JAS 4:11. 
heaḡi-laiamu,,,,,,Freq: 1. Example: JAS 4:16. 
hogohogomu,,,,,,Freq: 1. Example: JAS 5:3. 
lebulebumu,,,,,,Freq: 1. Example: JAS 5:5. 
hemaumau,,,,,,Freq: 1. Example: JAS 5:9. 
hegbogahisi,,,,,,Freq: 1. Example: JAS 5:11. 
eoiaba,,,,,,Freq: 1. Example: JAS 5:12. 
tanpobada,,,,,,Freq: 1. Example: JAS 5:12. 
eioava,,,,,,Freq: 1. Example: JAS 5:12. 
kererekererena,,,,,,Freq: 1. Example: JAS 5:20. 
nevarimui,,,,,,Freq: 1. Example: 1PE 1:2. 
momodaidiai,,,,,,Freq: 1. Example: 1PE 1:6. 
iheatolaimui,,,,,,Freq: 1. Example: 1PE 1:7. 
ḡahusiva,,,,,,Freq: 1. Example: 1PE 1:14. 
hataoa,,,,,,Freq: 1. Example: 1PE 2:4. 
heramui,,,,,,Freq: 1. Example: 1PE 3:3. 
heradia,,,,,,Freq: 1. Example: 1PE 3:3. 
hera,,,,,,Freq: 1. Example: 1PE 3:5. 
garinlu,,,,,,Freq: 1. Example: 1PE 3:6. 
maumauraimui,,,,,,Freq: 1. Example: 1PE 3:16. 
iabio-hodia,,,,,,Freq: 1. Example: 1PE 3:18. 
hebodohilaida,,,,,,Freq: 1. Example: 1PE 3:18. 
ede-edeva,,,,,,Freq: 1. Example: 1PE 3:20. 
iha-aukadia,,,,,,Freq: 1. Example: 1PE 4:1. 
kekerova,,,,,,Freq: 1. Example: 1PE 4:3. 
tahunimu,,,,,,Freq: 1. Example: 1PE 4:8. 
ahulaimui,,,,,,Freq: 1. Example: 1PE 4:10. 
itoholaimui,,,,,,Freq: 1. Example: 1PE 4:12. 
nuanai,,,,,,Freq: 1. Example: 1PE 4:19. 
iha-uradia,,,,,,Freq: 1. Example: 1PE 5:2. 
haḡoimui,,,,,,Freq: 1. Example: 1PE 5:3. 
hmisidia,,,,,,Freq: 1. Example: 1PE 5:9. 
hakwalimumui,,,,,,Freq: 1. Example: 1PE 5:10. 
laloparara,,,,,,Freq: 1. Example: 2PE 1:2. 
bavaloa,,,,,,Freq: 1. Example: 2PE 1:6. 
irua-henidia,,,,,,Freq: 1. Example: 2PE 1:7. 
haomui,,,,,,Freq: 1. Example: 2PE 1:13. 
iraḡana,,,,,,Freq: 1. Example: 2PE 1:14. 
sivaraiva,,,,,,Freq: 1. Example: 2PE 1:16. 
hadibalai,,,,,,Freq: 1. Example: 2PE 2:1. 
ihiihiraidia,,,,,,Freq: 1. Example: 2PE 2:10. 
kororodia,,,,,,Freq: 1. Example: 2PE 2:17. 
ihaodia,,,,,,Freq: 1. Example: 2PE 3:1. 
rege-badana,,,,,,Freq: 1. Example: 2PE 3:10. 
hedaro-bouboumui,,,,,,Freq: 1. Example: 2PE 3:14. 
kereremui,,,,,,Freq: 1. Example: 2PE 3:14. 
varavara-dosida,,,,,,Freq: 1. Example: 2PE 3:15. 
mala-lahui,,,,,,Freq: 1. Example: 2PE 3:16. 
besedia-idoidiai,,,,,,Freq: 1. Example: 1JN 2:2. 
ddirava,,,,,,Freq: 1. Example: 1JN 2:17. 
ḡorediamu,,,,,,Freq: 1. Example: 1JN 2:22. 
hadinamu,,,,,,Freq: 1. Example: 1JN 3:24. 
iurahenina,,,,,,Freq: 1. Example: 1JN 5:3. 
hebogahisl,,,,,,Freq: 1. Example: 2JN 1:3. 
diotrefe,,,,,,Freq: 1. Example: 3JN 1:9. 
tabemu,,,,,,Freq: 1. Example: 3JN 1:10. 
heni-dia,,,,,,Freq: 1. Example: JUD 1:3. 
hakunumu,,,,,,Freq: 1. Example: JUD 1:12. 
ragadiamu,,,,,,Freq: 1. Example: JUD 1:12. 
bebekabebekamui,,,,,,Freq: 1. Example: JUD 1:24. 
eura,,,,,,Freq: 1. Example: REV 1:5. 
habouda,,,,,,Freq: 1. Example: REV 1:6. 
mataa,,,,,,Freq: 1. Example: REV 1:7. 
kakamui,,,,,,Freq: 1. Example: REV 1:9. 
patamo,,,,,,Freq: 1. Example: REV 1:9. 
ekalesiadia,,,,,,Freq: 1. Example: REV 1:11. 
bogaradidiai,,,,,,Freq: 1. Example: REV 2:1. 
antipa,,,,,,Freq: 1. Example: REV 2:13. 
bogara-gimui,,,,,,Freq: 1. Example: REV 2:14. 
iesabel,,,,,,Freq: 1. Example: REV 2:20. 
irakatanidia,,,,,,Freq: 1. Example: REV 2:21. 
kohikohimu,,,,,,Freq: 1. Example: REV 2:27. 
herevalaimumu,,,,,,Freq: 1. Example: REV 3:1. 
lorimu,,,,,,Freq: 1. Example: REV 3:16. 
hereval,,,,,,Freq: 1. Example: REV 4:1. 
ruahuihani,,,,,,Freq: 1. Example: REV 4:4. 
heḡeḡenai,,,,,,Freq: 1. Example: REV 4:6. 
lohiabdda,,,,,,Freq: 1. Example: REV 4:11. 
asiotai,,,,,,Freq: 1. Example: REV 5:5. 
hilu,,,,,,Freq: 1. Example: REV 5:6. 
hoilaidia,,,,,,Freq: 1. Example: REV 5:9. 
hamolua,,,,,,Freq: 1. Example: REV 6:5. 
korema-koremana,,,,,,Freq: 1. Example: REV 6:5. 
kurona,,,,,,Freq: 1. Example: REV 6:8. 
raramai,,,,,,Freq: 1. Example: REV 6:10. 
tadihakadia,,,,,,Freq: 1. Example: REV 6:11. 
hahehuhumu,,,,,,Freq: 1. Example: REV 6:13. 
karuhimai,,,,,,Freq: 1. Example: REV 6:16. 
hunimai,,,,,,Freq: 1. Example: REV 6:16. 
kukuro-kukuro,,,,,,Freq: 1. Example: REV 7:9. 
retadia,,,,,,Freq: 1. Example: REV 7:9. 
hakurokuro,,,,,,Freq: 1. Example: REV 7:14. 
ehenia,,,,,,Freq: 1. Example: REV 8:3. 
tanohada,,,,,,Freq: 1. Example: REV 9:3. 
doadoadia,,,,,,Freq: 1. Example: REV 9:3. 
hanidiareḡedia,,,,,,Freq: 1. Example: REV 9:9. 
mat,,,,,,Freq: 1. Example: REV 9:10. 
duridia,,,,,,Freq: 1. Example: REV 9:10. 
abadon,,,,,,Freq: 1. Example: REV 9:11. 
apoluon,,,,,,Freq: 1. Example: REV 9:11. 
hurulu-hururuna,,,,,,Freq: 1. Example: REV 9:17. 
vadaa,,,,,,Freq: 1. Example: REV 9:17. 
hamaseddiamu,,,,,,Freq: 1. Example: REV 9:17. 
kwatadia,,,,,,Freq: 1. Example: REV 9:17. 
idoinaie,,,,,,Freq: 1. Example: REV 10:6. 
bukabukana,,,,,,Freq: 1. Example: REV 10:8. 
ewto,,,,,,Freq: 1. Example: REV 10:11. 
his,,,,,,Freq: 1. Example: REV 11:10. 
hegidu,,,,,,Freq: 1. Example: REV 11:10. 
taudioa,,,,,,Freq: 1. Example: REV 11:10. 
gwautosi,,,,,,Freq: 1. Example: REV 11:13. 
halohiaiamu,,,,,,Freq: 1. Example: REV 11:17. 
mauna,,,,,,Freq: 1. Example: REV 11:19. 
bine,,,,,,Freq: 1. Example: REV 12:4. 
bainereḡudia,,,,,,Freq: 1. Example: REV 12:5. 
kitoa,,,,,,Freq: 1. Example: REV 12:5. 
rohotania,,,,,,Freq: 1. Example: REV 12:14. 
bolla,,,,,,Freq: 1. Example: REV 13:5. 
boll,,,,,,Freq: 1. Example: REV 13:7. 
bon,,,,,,Freq: 1. Example: REV 13:7. 
gaun,,,,,,Freq: 1. Example: REV 13:8. 
ibouhoudiai,,,,,,Freq: 1. Example: REV 13:8. 
man-oe,,,,,,Freq: 1. Example: REV 13:11. 
erella,,,,,,Freq: 1. Example: REV 13:11. 
gaulla,,,,,,Freq: 1. Example: REV 13:14. 
iaulauna,,,,,,Freq: 1. Example: REV 13:15. 
baḡudia,,,,,,Freq: 1. Example: REV 14:1. 
ilapana,,,,,,Freq: 1. Example: REV 14:18. 
mulimurinai,,,,,,Freq: 1. Example: REV 14:20. 
edaḡe,,,,,,Freq: 1. Example: REV 15:2. 
laulaunaa,,,,,,Freq: 1. Example: REV 15:2. 
kori,,,,,,Freq: 1. Example: REV 16:10. 
aramagedono,,,,,,Freq: 1. Example: REV 16:16. 
keherenae,,,,,,Freq: 1. Example: REV 16:19. 
nallasihidia,,,,,,Freq: 1. Example: REV 16:20. 
dikooana,,,,,,Freq: 1. Example: REV 16:21. 
kiho,,,,,,Freq: 1. Example: REV 17:1. 
auhituosl,,,,,,Freq: 1. Example: REV 17:1. 
momlo,,,,,,Freq: 1. Example: REV 17:1. 
negama,,,,,,Freq: 1. Example: REV 17:10. 
ihataura-hanina,,,,,,Freq: 1. Example: REV 17:11. 
itil,,,,,,Freq: 1. Example: REV 17:15. 
silk,,,,,,Freq: 1. Example: REV 18:12. 
aauri,,,,,,Freq: 1. Example: REV 18:12. 
tauunimanima,,,,,,Freq: 1. Example: REV 18:13. 
ḡaudioa,,,,,,Freq: 1. Example: REV 18:14. 
heautanimu,,,,,,Freq: 1. Example: REV 18:14. 
lulololo,,,,,,Freq: 1. Example: REV 18:15. 
hadokilaiva,,,,,,Freq: 1. Example: REV 18:16. 
heralaiva,,,,,,Freq: 1. Example: REV 18:16. 
nadi-huro,,,,,,Freq: 1. Example: REV 18:21. 
namodioa,,,,,,Freq: 1. Example: REV 18:22. 
ibidina,,,,,,Freq: 1. Example: REV 18:22. 
oli,,,,,,Freq: 1. Example: REV 18:22. 
hahemaaoro,,,,,,Freq: 1. Example: REV 19:2. 
hallaihanaimu,,,,,,Freq: 1. Example: REV 19:3. 
maurio,,,,,,Freq: 1. Example: REV 19:4. 
idapalaidia,,,,,,Freq: 1. Example: REV 19:15. 
hidiodi,,,,,,Freq: 1. Example: REV 19:21. 
hamodia,,,,,,Freq: 1. Example: REV 21:3. 
bodaḡa,,,,,,Freq: 1. Example: REV 21:8. 
karaiaa,,,,,,Freq: 1. Example: REV 21:15. 
bonaa,,,,,,Freq: 1. Example: REV 21:15. 
maaḡu,,,,,,Freq: 1. Example: REV 21:15. 
ihaimana,,,,,,Freq: 1. Example: REV 21:20. 
ihataaurahani-tana,,,,,,Freq: 1. Example: REV 21:20. 
ihagwaautana,,,,,,Freq: 1. Example: REV 21:20. 
krusoiparaso,,,,,,Freq: 1. Example: REV 21:20. 
ihagwaautatana,,,,,,Freq: 1. Example: REV 21:20. 
krusoparaso,,,,,,Freq: 1. Example: REV 21:20. 
hanihanai,,,,,,Freq: 1. Example: REV 22:5. 
z,,,,,,Freq: 1. Example: REV 22:13. 
diarigu,,,,,,Freq: 1. Example: REV 22:16. 
