motu_word,frequency,example_reference,english_gloss,notes
e,45342,GEN 1:1,,
na,33975,GEN 1:1,,
ai,23244,GEN 1:1,,
bona,22162,GEN 1:1,,
ese,19445,GEN 1:1,,
ena,12950,GEN 1:24,,
taudia,11800,GEN 3:20,,
bena,11432,GEN 1:2,,
ia,8939,GEN 1:26,,
ta,8141,GEN 1:6,,
a,7880,GEN 1:29,,
vada,7739,GEN 1:2,,
baine,7666,GEN 1:6,,
amo,7632,GEN 2:6,,
ba,7567,GEN 1:22,,
be,7083,GEN 2:3,,
iehova,6936,GEN 2:4,,
bae,6503,GEN 1:14,,
tauna,5957,GEN 2:5,,
eto,5581,GEN 1:3,,
edia,5567,GEN 1:10,,
kara,4928,GEN 1:16,,
iboudiai,4768,GEN 1:21,,
badina,4534,GEN 2:3,,
idia,4122,GEN 2:25,,
dirava,4105,GEN 1:1,,
lau,4070,GEN 1:26,,
mai,3905,GEN 1:11,,
o,3662,GEN 3:11,,
danu,3639,GEN 1:2,,
baina,3460,GEN 3:15,,
henia,3249,GEN 3:2,,
ida,3240,GEN 2:25,,
hereva,3077,GEN 2:23,,
egu,2997,GEN 4:13,,
ela,2915,GEN 2:10,,
una,2870,GEN 1:8,,
emu,2839,GEN 2:16,,
oi,2810,GEN 2:17,,
israel,2708,GEN 32:28,,
hanua,2624,GEN 4:17,,
natuna,2564,GEN 4:17,,
mase,2386,GEN 2:17,,
negana,2372,GEN 1:1,,
tano,2344,GEN 1:9,,
raka,2187,GEN 4:16,,
ḡaudia,2116,GEN 1:20,,
dainai,2082,GEN 2:23,,
henidia,2065,GEN 1:30,,
dina,2041,GEN 1:5,,
asi,2002,GEN 1:2,,
ma,1988,GEN 1:6,,
pavapavana,1948,GEN 14:2,,
emui,1941,GEN 9:5,,
dika,1925,GEN 2:9,,
ina,1886,GEN 2:23,,
unu,1876,GEN 1:7,,
taunimanima,1854,GEN 1:26,,
taunabunai,1791,GEN 2:20,,
tau,1760,GEN 2:15,,
abia,1690,GEN 2:15,,
mauri,1635,GEN 1:20,,
eiava,1634,GEN 8:8,,
ḡauna,1617,GEN 3:6,,
umui,1599,GEN 3:1,,
itaia,1593,GEN 1:4,,
hari,1573,GEN 2:15,,
basio,1561,GEN 2:17,,
heḡereḡerena,1544,GEN 2:16,,
kau,1544,GEN 6:13,,
ḡau,1535,GEN 1:6,,
bema,1532,GEN 4:15,,
lou,1526,GEN 3:19,,
kamonai,1521,GEN 3:8,,
lasi,1506,GEN 2:21,,
toma,1494,GEN 1:7,,
se,1464,GEN 2:5,,
ini,1425,GEN 6:15,,
basine,1395,GEN 4:12,,
heto,1383,GEN 2:23,,
lao,1357,GEN 8:9,,
to,1341,GEN 2:25,,
tuari,1324,GEN 14:2,,
hesiai,1311,GEN 9:25,,
ruma,1280,GEN 7:1,,
iesu,1254,MAT 1:1,,
kahana,1251,GEN 2:8,,
bese,1234,GEN 1:24,,
diba,1233,GEN 2:19,,
idoinai,1231,GEN 1:26,,
gwau,1212,GEN 3:13,,
dae,1192,GEN 1:22,,
iuda,1172,GEN 29:35,,
lalonai,1163,GEN 3:8,,
diho,1130,GEN 2:2,,
do,1119,GEN 2:5,,
namo,1114,GEN 1:4,,
david,1110,RUT 4:17,,
asie,1099,GEN 2:25,,
tanobada,1079,GEN 1:1,,
noho,1077,GEN 2:8,,
totona,1073,GEN 1:17,,
ladana,1072,GEN 1:5,,
oho,1065,GEN 4:14,,
gabuna,1009,GEN 2:21,,
nega,1003,GEN 4:3,,
isi,1002,GEN 12:5,,
dubu,1001,GEN 31:54,,
tore,995,GEN 12:5,,
tanona,977,GEN 2:11,,
haida,972,GEN 10:21,,
hahelaḡa,969,GEN 14:18,,
vairanai,962,GEN 2:19,,
dia,961,GEN 2:18,,
dahaka,920,GEN 3:13,,
karaia,885,GEN 1:7,,
haere,872,GEN 3:2,,
tamona,867,GEN 1:9,,
karadia,865,GEN 1:1,,
mose,856,EXO 2:10,,
herevadia,849,GEN 2:4,,
ierusalem,845,JOS 10:1,,
mo,842,GEN 2:17,,
gabu,839,GEN 1:9,,
tao,837,GEN 8:1,,
basie,828,GEN 8:22,,
tomamu,820,GEN 12:12,,
diravana,816,GEN 14:19,,
ura,795,GEN 2:16,,
hebou,790,GEN 3:7,,
taravatu,782,GEN 9:9,,
hamaoroa,780,GEN 3:4,,
lohia,760,GEN 10:8,,
helaḡa,754,EXO 13:12,,
vareai,748,GEN 6:19,,
imana,747,GEN 3:22,,
aigupto,745,GEN 12:9,,
guba,741,GEN 1:1,,
mamoe,730,GEN 4:2,,
vara,712,GEN 1:3,,
badana,700,GEN 1:16,,
gini,696,GEN 6:1,,
hahine,693,GEN 1:27,,
hahemaoro,688,GEN 15:14,,
dala,683,GEN 18:5,,
maoromaoro,679,GEN 6:9,,
enai,672,GEN 4:15,,
orea,667,GEN 14:15,,
abi,666,GEN 11:3,,
tomu,665,GEN 4:24,,
bada,665,GEN 6:5,,
henigu,652,GEN 3:12,,
unuseni,648,GEN 2:8,,
lalodiai,647,GEN 6:3,,
idau-idau,643,GEN 1:11,,
ita,641,GEN 13:8,,
helaḡana,638,GEN 12:6,,
ema,634,GEN 14:7,,
pavapava,631,GEN 14:11,,
dabua,627,GEN 4:20,,
lohiabada,610,NUM 25:3,,
heni,607,GEN 9:26,,
harihari,593,GEN 4:11,,
peroveta,591,GEN 20:7,,
anina,590,GEN 1:2,,
abidia,589,GEN 8:20,,
aniani,588,GEN 1:29,,
badu,588,GEN 4:5,,
momokani,584,GEN 3:1,,
hahinena,576,GEN 3:12,,
ranu,574,GEN 1:6,,
keriso,573,MAT 1:1,,
daika,570,GEN 3:11,,
gwauraia,568,GEN 15:6,,
ani,567,GEN 2:2,,
lalona,561,GEN 3:23,,
laḡani,559,GEN 1:14,,
boromakau,559,GEN 1:24,,
ede,549,GEN 2:19,,
heniamu,547,GEN 22:2,,
lalodia,546,GEN 8:1,,
ḡaukara,545,GEN 2:2,,
garina,544,GEN 3:3,,
gabudia,543,GEN 8:2,,
boma,538,GEN 4:7,,
baita,533,GEN 5:29,,
herea,529,GEN 4:13,,
latanai,527,GEN 8:20,,
baia,524,GEN 3:2,,
daidiai,524,GEN 6:13,,
henimu,521,GEN 4:12,,
emai,515,GEN 23:6,,
gold,512,GEN 2:11,,
dekena,512,GEN 2:22,,
tamana,510,GEN 2:24,,
nohova,508,GEN 4:8,,
gwaurai,508,GEN 27:37,,
mamaruanedia,507,GEN 5:4,,
ore,503,GEN 5:22,,
taumui,502,GEN 18:5,,
vine,499,GEN 9:20,,
heau,494,GEN 4:12,,
lahi,493,GEN 3:24,,
ḡaubada,493,GEN 15:2,,
gari,492,GEN 3:10,,
iduhu,487,GEN 10:20,,
murinai,482,GEN 5:4,,
dinana,480,GEN 2:4,,
rua,478,GEN 1:16,,
lauma,473,GEN 41:38,,
natudia,472,GEN 6:1,,
bogaragidiai,472,GEN 23:10,,
hahediba,472,DEU 32:2,,
sibona,471,GEN 2:18,,
boubouna,470,EXO 29:14,,
ororo,468,GEN 7:19,,
davana,466,GEN 3:14,,
hutuma,465,GEN 1:22,,
dare,462,GEN 3:24,,
mia,460,GEN 8:22,,
ediai,460,GEN 9:17,,
hanaihanai,459,GEN 6:3,,
hamaorodia,459,GEN 9:22,,
dobi,458,GEN 2:7,,
vairadiai,458,GEN 18:8,,
eda,456,GEN 5:29,,
binai,447,GEN 5:1,,
latadiai,446,GEN 19:24,,
goada,446,GEN 32:28,,
saulo,445,1SA 9:2,,
hedinarai,444,GEN 1:9,,
kerere,441,GEN 16:5,,
patana,439,GEN 8:20,,
garana,437,GEN 3:15,,
momo,435,GEN 1:20,,
dalana,435,GEN 3:24,,
aonega,434,GEN 3:1,,
henimui,431,GEN 1:29,,
lalokau,425,GEN 22:2,,
raruosi,420,GEN 2:24,,
hanai,419,GEN 12:6,,
aladia,418,GEN 8:20,,
iena,417,GEN 10:25,,
heḡereḡeredia,415,GEN 18:21,,
imadia,414,GEN 19:10,,
bainela,413,GEN 3:16,,
vaitani,411,GEN 2:17,,
basileia,411,GEN 10:10,,
ahu,403,GEN 1:2,,
moale,402,GEN 2:8,,
nohomu,399,GEN 4:20,,
au,395,GEN 2:9,,
haheḡani,395,GEN 26:5,,
ihaboulaina,393,GEN 8:20,,
abidadama,393,GEN 15:6,,
iakob,393,GEN 25:18,,
anidia,391,GEN 2:1,,
davaria,391,GEN 8:9,,
iduhuna,390,GEN 49:16,,
oreana,388,GEN 14:14,,
asina,385,GEN 18:15,,
boubou,384,GEN 4:3,,
basina,382,GEN 8:21,,
toi,381,GEN 6:16,,
negadia,377,GEN 4:12,,
hahinedia,375,GEN 5:4,,
idau,374,GEN 15:13,,
levi,371,GEN 29:34,,
siaidia,368,GEN 25:6,,
oiemu,365,GEN 3:18,,
siahu,365,GEN 17:1,,
havara,364,GEN 4:7,,
ranuna,364,GEN 9:21,,
hisi,363,GEN 18:24,,
atoa,359,GEN 2:8,,
tari,358,GEN 6:13,,
guna,358,GEN 11:28,,
aaron,357,EXO 4:14,,
inai,355,GEN 16:12,,
tai,354,GEN 4:10,,
siaia,352,GEN 8:1,,
silver,351,GEN 13:2,,
nadi,349,GEN 2:12,,
hua,347,GEN 7:11,,
baoto,341,GEN 12:13,,
eme,338,GEN 2:6,,
haginia,337,GEN 28:18,,
adavana,336,GEN 2:24,,
laloa,334,GEN 4:14,,
dibana,330,GEN 3:5,,
namona,330,GEN 3:6,,
hakaudia,329,GEN 2:19,,
hamata,329,GEN 14:22,,
bini,325,GEN 2:4,,
alaia,325,GEN 4:8,,
flaoa,325,GEN 14:18,,
herevana,325,GEN 17:20,,
halaoa,323,GEN 2:7,,
kohu,322,GEN 12:5,,
solomon,320,2SA 5:14,,
baela,319,GEN 1:14,,
dibadia,317,GEN 19:5,,
heheto,317,GEN 22:17,,
atai,315,GEN 1:7,,
taruha,313,GEN 12:8,,
korikori,312,GEN 15:7,,
auri,311,GEN 4:22,,
hidi,311,GEN 13:11,,
daba,307,GEN 1:5,,
koikoi,306,GEN 27:12,,
kiubit,306,EXO 25:10,,
lohiadia,303,GEN 1:18,,
hisihisi,303,GEN 3:16,,
babulono,303,2KI 17:24,,
audia,302,GEN 1:11,,
besena,302,GEN 5:1,,
havaraia,300,GEN 4:18,,
filistia,300,GEN 10:14,,
bavabia,300,GEN 12:19,,
dinadia,298,GEN 3:14,,
helaoreana,297,GEN 7:3,,
bama,296,GEN 13:9,,
asio,295,GEN 21:17,,
hebogahisi,295,GEN 24:27,,
hanamoa,294,GEN 2:3,,
lalogu,294,GEN 18:27,,
nege,292,GEN 24:54,,
dibura,289,GEN 1:2,,
davara,288,GEN 1:10,,
itadia,288,GEN 1:31,,
ḡaḡaena,288,GEN 9:22,,
nato,287,GEN 3:11,,
dikadia,283,GEN 12:17,,
sabaota,283,1SA 1:3,,
farao,281,GEN 12:15,,
biaguna,281,GEN 16:4,,
baola,279,GEN 4:12,,
daḡedaḡe,279,GEN 6:11,,
king,279,1SA 18:6,,
ima,277,GEN 5:6,,
tatau,276,GEN 18:2,,
bunai,275,GEN 2:24,,
hakaua,275,GEN 12:15,,
sinavaina,274,GEN 15:18,,
ḡole-oho,273,EXO 29:18,,
lauegu,271,GEN 9:12,,
rakatania,271,GEN 12:5,,
aneru,271,GEN 16:7,,
henidiamu,269,GEN 9:10,,
helai,269,GEN 19:1,,
iosef,269,GEN 30:24,,
badadia,268,GEN 1:16,,
uda,267,GEN 2:5,,
roho,261,GEN 1:20,,
hitu,261,GEN 4:24,,
ania,260,GEN 2:17,,
nanadaia,260,GEN 3:1,,
torea,260,EXO 17:14,,
natugu,257,GEN 4:25,,
maruanena,253,GEN 15:9,,
dekenai,252,GEN 8:11,,
heheni,251,GEN 11:3,,
abraham,251,GEN 17:5,,
tahua,250,GEN 19:11,,
tamagu,249,GEN 19:34,,
uit,249,GEN 24:25,,
karamu,249,GEN 31:12,,
mero,248,GEN 4:25,,
lalo-hadai,248,GEN 6:5,,
hanuaboi,246,GEN 1:14,,
muramura,246,GEN 37:25,,
lalomui,243,GEN 23:8,,
atodia,242,GEN 1:17,,
imamu,242,GEN 4:11,,
hanuadia,242,GEN 13:12,,
herohemaino,238,GEN 21:21,,
herevamu,238,GEN 42:15,,
ladadia,237,GEN 1:10,,
maino,237,GEN 34:21,,
daemu,234,GEN 19:21,,
rumana,234,GEN 23:3,,
uru,233,GEN 6:9,,
bouboudia,233,EXO 29:28,,
mani,231,GEN 11:3,,
biagudia,230,GEN 1:26,,
heḡereḡere,230,GEN 3:5,,
davadia,229,GEN 3:14,,
taḡa,227,GEN 14:23,,
iosua,227,EXO 17:9,,
namodia,226,GEN 18:19,,
lalomu,225,GEN 20:6,,
kwarana,224,EXO 12:9,,
kavakava,222,GEN 6:3,,
gwauhamata,222,GEN 18:19,,
ḡuriḡuri,222,GEN 20:7,,
lalo,221,GEN 6:8,,
dehoro,221,GEN 28:18,,
sibodia,219,EXO 5:7,,
rei,217,GEN 1:11,,
matana,217,GEN 3:24,,
hahedua,217,GEN 7:5,,
hairaina,217,GEN 29:17,,
sivarai,217,EXO 23:1,,
ororona,215,GEN 8:4,,
tau-anina,215,GEN 50:2,,
hahenamo,214,GEN 12:2,,
gwauta,213,GEN 5:14,,
toho,209,GEN 3:3,,
imodaia,209,GEN 9:26,,
hanuana,209,GEN 10:11,,
vairamu,208,GEN 3:19,,
sinana,207,GEN 2:24,,
taina,207,GEN 18:4,,
edena,207,GEN 30:30,,
siahuna,205,GEN 49:24,,
maimu,204,GEN 24:13,,
maḡu,204,GEN 49:22,,
pavapavadia,203,GEN 17:6,,
moab,202,GEN 19:37,,
imagu,202,GEN 30:29,,
ikoukou,202,EXO 27:14,,
karana,201,GEN 18:14,,
paulo,201,ACT 13:7,,
dibagu,200,GEN 4:9,,
karoa,200,GEN 14:20,,
natumu,197,GEN 6:18,,
mahuta,197,GEN 15:12,,
ruaosi,197,GEN 19:25,,
ogoḡami,197,GEN 30:30,,
boi,196,GEN 1:5,,
vairagu,196,GEN 6:13,,
rara,196,GEN 9:4,,
laḡanidia,195,GEN 5:3,,
taumu,194,GEN 7:1,,
daure,194,GEN 27:40,,
helaḡadia,193,GEN 13:18,,
ahudia,193,GEN 14:24,,
mailaia,193,GEN 18:4,,
hoa,193,GEN 18:14,,
badinadia,193,EXO 5:14,,
auna,192,GEN 2:9,,
aola,192,GEN 27:9,,
boio,192,GEN 27:45,,
uramu,192,GEN 34:21,,
haboudia,191,GEN 14:14,,
herahia,190,GEN 24:53,,
hatoa,189,GEN 1:5,,
toa,189,GEN 1:14,,
kalagana,189,GEN 13:18,,
beniamina,189,GEN 35:18,,
sinavai,188,GEN 2:10,,
ioridane,188,GEN 13:10,,
efraim,187,GEN 41:52,,
uduna,186,GEN 2:7,,
diari,185,GEN 1:3,,
aru,185,GEN 2:10,,
habuadia,185,GEN 6:13,,
kalaga,185,GEN 9:21,,
aena,184,GEN 3:15,,
matama,184,GEN 4:26,,
tubu,184,GEN 15:15,,
dikana,184,GEN 19:7,,
petro,184,MAT 4:18,,
gado,181,GEN 1:2,,
isiaina,181,GEN 9:26,,
dokona,180,GEN 9:17,,
nani,180,GEN 15:9,,
hahelaḡadia,180,EXO 13:2,,
maraḡidia,179,GEN 8:21,,
idoidiai,178,GEN 1:22,,
hahemauri,178,GEN 49:18,,
laomu,177,GEN 10:19,,
moni,177,GEN 23:16,,
kaivakuku,177,EXO 32:1,,
lalo-parara,175,GEN 3:6,,
lai,175,GEN 8:1,,
dekediai,175,GEN 24:4,,
uma,174,GEN 4:8,,
besedia,174,GEN 7:3,,
doniki,174,GEN 12:16,,
luludia,173,GEN 15:11,,
rohoroho,172,GEN 1:22,,
adia,172,GEN 1:30,,
badibadinai,172,GEN 16:7,,
basinema,172,GEN 24:8,,
heḡeḡe,171,GEN 2:11,,
noia,171,GEN 17:18,,
ikoukouna,170,GEN 19:1,,
hemarai,170,GEN 20:16,,
taomu,170,GEN 39:8,,
siona,170,2SA 5:5,,
ruahui,169,GEN 6:3,,
siri,169,GEN 13:9,,
hamauridia,169,GEN 20:17,,
hakala,168,GEN 4:23,,
pata,168,GEN 8:20,,
laolao,168,GEN 12:9,,
hosi,168,GEN 47:17,,
mirigini,167,GEN 13:14,,
ariara,167,GEN 19:11,,
buka,167,EXO 17:14,,
vairana,166,GEN 3:8,,
bou,166,GEN 4:1,,
iharuana,165,GEN 1:8,,
parara,165,GEN 2:10,,
henimumu,164,GEN 4:7,,
sinahu-ta,164,GEN 5:3,,
helalo,164,GEN 6:6,,
kanaan,164,GEN 9:18,,
oibe,163,GEN 6:7,,
benaini,162,GEN 4:24,,
baeto,162,GEN 12:12,,
kahi,162,GEN 20:4,,
maua,162,GEN 50:26,,
eha,161,GEN 4:16,,
inua,161,GEN 9:21,,
dekegu,161,GEN 26:27,,
dibamui,161,GEN 29:5,,
kariota,161,GEN 41:43,,
gorere,161,GEN 48:1,,
hekwarahi,160,GEN 5:29,,
ladagu,159,GEN 22:16,,
terono,158,EXO 11:5,,
maurimu,157,GEN 1:21,,
rarana,157,GEN 4:10,,
ḡoevaḡoeva,157,GEN 15:13,,
ahuna,157,GEN 17:14,,
toana,156,GEN 9:12,,
bainema,156,GEN 24:43,,
henunai,155,GEN 1:9,,
henigumu,155,GEN 4:10,,
ladamu,154,GEN 12:2,,
oredia,154,GEN 14:10,,
daudau,154,GEN 21:34,,
harihari-bada,154,EXO 34:6,,
ieremia,154,2KI 24:18,,
heberu,153,GEN 2:23,,
sekele,153,GEN 23:16,,
isena,153,GEN 36:37,,
manase,153,GEN 41:51,,
miamu,152,GEN 1:9,,
nadidia,152,GEN 2:12,,
noinoi,152,GEN 18:30,,
hamauria,152,GEN 19:29,,
bavabi,151,GEN 6:21,,
ioab,151,1SA 26:6,,
mairiveina,150,GEN 2:8,,
asuria,150,GEN 2:14,,
gunadia,150,GEN 6:4,,
laḡanina,150,GEN 7:11,,
madi,150,GEN 24:14,,
lolo,150,GEN 39:14,,
samuel,150,1SA 1:18,,
hani,149,GEN 2:10,,
kava,149,GEN 4:12,,
henimuimu,148,GEN 9:3,,
tamadia,147,GEN 9:23,,
ane,147,EXO 15:1,,
badinaia,146,GEN 2:24,,
dikadika,146,GEN 4:5,,
moru,146,EXO 21:33,,
tadikakana,145,GEN 9:5,,
dounu,145,GEN 12:6,,
haraḡa,145,GEN 19:22,,
halaodia,145,GEN 47:6,,
ireḡudia,144,GEN 4:2,,
ekalesia,144,MAT 16:18,,
gini-gunana,143,GEN 1:5,,
havaradia,143,GEN 1:22,,
roro,143,GEN 3:22,,
haheauka,143,GEN 4:13,,
vasi,143,GEN 6:20,,
taitai,143,GEN 33:4,,
gwaukau,143,NUM 20:14,,
lata,142,GEN 6:15,,
kerehai,142,GEN 9:23,,
ienai,142,GEN 17:1,,
harina,142,GEN 21:6,,
leona,142,GEN 49:9,,
samaria,142,1KI 13:32,,
laohaia,141,GEN 2:22,,
rakatanidia,141,GEN 2:24,,
imahui,141,GEN 7:24,,
goru,141,GEN 17:3,,
maduna,141,GEN 24:32,,
bogadia,141,GEN 33:13,,
tau-badadia,141,EXO 3:16,,
ioane,141,MAT 3:1,,
haginidia,140,GEN 3:24,,
maḡuna,140,EXO 27:9,,
hesekia,140,2KI 16:20,,
dabuadia,139,GEN 3:21,,
huahuadia,138,GEN 1:11,,
so,138,GEN 12:18,,
kaha,137,GEN 10:18,,
hamaorogu,137,GEN 12:18,,
matamatana,137,EXO 1:7,,
inoholaina,137,DEU 19:1,,
isaak,136,GEN 17:19,,
bogaragimui,136,GEN 23:4,,
tahuamu,136,GEN 37:15,,
iboumui,136,GEN 49:1,,
dibamu,135,GEN 16:2,,
bogaragidia,135,EXO 7:5,,
kopina,134,GEN 1:2,,
ato,134,GEN 2:2,,
roha,134,GEN 6:15,,
nihi,134,GEN 20:3,,
iniseni,134,GEN 22:5,,
sisivana,134,GEN 23:16,,
honu,133,GEN 1:22,,
gadona,133,GEN 3:8,,
koua,133,GEN 19:6,,
suria,133,GEN 25:20,,
dadaraia,133,GEN 25:34,,
bonadia,133,GEN 37:25,,
hari-ahui,132,GEN 5:13,,
tauratoi,132,GEN 7:6,,
rarua,132,GEN 10:25,,
dihomu,132,GEN 27:39,,
toi-ahui,131,GEN 5:3,,
kohudia,131,GEN 14:20,,
boiridia,131,GEN 20:8,,
heabi,131,EXO 8:9,,
iduarana,130,GEN 18:1,,
aria,130,GEN 21:8,,
kwalimu,130,GEN 30:8,,
daladia,130,EXO 18:20,,
ihatoina,129,GEN 1:13,,
namo-hereana,129,GEN 2:12,,
utu,129,GEN 8:11,,
inuinu,129,GEN 24:54,,
kibi,128,EXO 16:13,,
sibomu,127,GEN 7:1,,
matadia,126,GEN 3:7,,
laumagu,126,GEN 6:3,,
guri,126,GEN 24:16,,
bainala,125,GEN 4:14,,
doko,125,GEN 8:22,,
hahedinarai,125,GEN 16:13,,
amono,125,GEN 19:38,,
ohomu,125,EXO 15:15,,
medu,124,GEN 2:5,,
hadaia,124,GEN 4:17,,
ḡaukaradia,124,GEN 5:29,,
bunu,124,GEN 9:19,,
tamamu,124,GEN 12:1,,
dara,124,GEN 19:30,,
herevalaia,124,GEN 20:2,,
revareva,124,GEN 30:37,,
tanodia,124,GEN 47:20,,
karava,123,GEN 2:4,,
hadareredia,123,GEN 14:5,,
metauna,123,GEN 24:22,,
oreadia,123,GEN 32:2,,
lohiana,123,GEN 34:2,,
laohaidia,122,GEN 12:5,,
dekedia,121,GEN 15:15,,
daha,121,GEN 24:60,,
edom,121,GEN 25:30,,
asia,121,GEN 26:29,,
ana,121,GEN 27:9,,
ere,120,GEN 6:16,,
kamonaimu,120,GEN 16:11,,
idibana,120,GEN 35:18,,
eregabe,120,GEN 41:12,,
haḡanidia,120,GEN 49:29,,
laumana,119,GEN 1:2,,
edeseni,119,GEN 3:9,,
baineto,119,GEN 24:14,,
bagunai,119,GEN 44:32,,
kwaradia,119,EXO 29:9,,
ihahituna,118,GEN 2:2,,
laova,118,GEN 7:17,,
gara,118,GEN 23:4,,
idaudia,118,GEN 35:2,,
basioma,117,GEN 4:7,,
bonana,117,GEN 8:21,,
ori,117,EXO 13:21,,
hahelaḡaia,116,GEN 2:3,,
iduara,116,GEN 4:7,,
dekemu,116,GEN 8:17,,
labora-labora,116,EXO 25:3,,
ihadikana,116,LEV 18:21,,
hahedoki,115,GEN 3:21,,
taugu,115,GEN 4:14,,
hamaorolaia,115,GEN 24:66,,
gilead,115,GEN 31:21,,
garimu,114,GEN 22:12,,
seri,114,GEN 26:20,,
lamepa,114,EXO 25:6,,
miro,114,LEV 5:3,,
sisiba,114,LEV 19:17,,
merona,113,GEN 15:3,,
negea,113,GEN 21:8,,
hoho,113,GEN 26:14,,
heitatao,113,EXO 1:11,,
absalom,113,2SA 3:3,,
hanamodia,112,GEN 1:22,,
hahealo,112,EXO 18:19,,
elia,112,1KI 17:1,,
bamona,111,GEN 2:18,,
adavadia,111,GEN 6:2,,
kahadia,111,GEN 10:19,,
adavaia,111,GEN 12:19,,
tadina,110,GEN 4:2,,
itaiamu,110,GEN 13:15,,
hereaiamu,110,GEN 38:26,,
lahara,109,GEN 1:14,,
headava,109,GEN 11:29,,
heaḡi,109,GEN 49:3,,
ionatan,109,JDG 18:30,,
duahidia,108,GEN 15:5,,
esau,108,GEN 25:18,,
aukana,108,GEN 50:2,,
ieroboam,108,1KI 11:26,,
name,107,GEN 4:1,,
sibogu,107,GEN 22:16,,
varavaragu,107,GEN 24:4,,
reḡedia,107,GEN 31:27,,
bukana,107,EXO 24:7,,
hanaihanaimu,107,DEU 4:40,,
ududia,106,GEN 7:22,,
koura,106,GEN 14:17,,
gaudia,106,GEN 24:53,,
henimai,106,GEN 34:9,,
sivaraina,105,GEN 6:9,,
iduhudia,105,GEN 10:18,,
gwauraimu,105,GEN 20:16,,
dauhai,105,GEN 22:4,,
hamaoromui,105,GEN 41:55,,
auka,105,GEN 43:3,,
haroro,105,EXO 4:14,,
haeroa,105,EXO 21:13,,
itorena,105,1SA 22:8,,
gunana,104,GEN 13:3,,
ahumu,104,GEN 15:1,,
ibadinana,104,NUM 9:6,,
kaumu,104,DEU 32:11,,
bogaraginai,103,GEN 2:9,,
murina,103,GEN 6:14,,
utua,103,GEN 7:6,,
hamaurigu,103,GEN 19:19,,
heḡaeḡae,103,GEN 31:18,,
farisea,103,MAT 3:7,,
eno,102,GEN 4:1,,
huaia,102,GEN 4:5,,
hekure,102,GEN 9:21,,
kone,102,GEN 10:5,,
nanadaidia,102,GEN 29:4,,
aoma,102,GEN 31:44,,
ala-ala,102,EXO 20:13,,
unuhetomana,101,GEN 2:1,,
goadana,101,GEN 10:9,,
doe,101,GEN 12:10,,
boiria,101,GEN 12:18,,
isiaidia,101,GEN 15:13,,
ariana,101,GEN 29:27,,
aita,100,GEN 9:26,,
ikarana,100,GEN 11:6,,
memerodia,100,GEN 12:5,,
hahetoho,100,GEN 23:16,,
hesiriu,100,EXO 26:6,,
habadaia,99,GEN 3:16,,
basita,99,GEN 13:8,,
maoro,99,GEN 20:16,,
ḡoeva,99,GEN 21:20,,
guria,98,GEN 23:4,,
hetoana,98,GEN 23:9,,
iabina,98,GEN 29:18,,
laulaudia,98,GEN 31:19,,
igo,97,GEN 23:7,,
lasimu,97,LEV 11:3,,
ahaba,97,1KI 16:28,,
badinai,96,GEN 4:7,,
roboana,96,GEN 10:15,,
murimuri,96,GEN 15:5,,
henida,96,GEN 16:5,,
habuaia,96,GEN 18:24,,
hoia,96,GEN 23:18,,
sibomui,96,EXO 5:11,,
gwauta-rua,95,GEN 6:15,,
davaridia,95,GEN 12:5,,
tama,95,GEN 15:15,,
iabi-ohona,95,GEN 20:16,,
rakamu,95,GEN 24:40,,
bogana,95,GEN 25:2,,
hekwakwanai,95,GEN 48:17,,
hekokoroku,95,EXO 10:3,,
vaira,95,EXO 25:20,,
helaro,95,1CH 29:15,,
aposetolo,95,MAT 10:2,,
toia,94,GEN 3:22,,
lagatoi,94,GEN 6:14,,
haḡania,94,GEN 7:9,,
hedavari,94,GEN 14:17,,
tamada,94,GEN 19:31,,
hoihoi,94,GEN 34:10,,
senemui,94,EXO 3:15,,
talent,94,EXO 25:39,,
heniava,93,GEN 6:8,,
gunaguna,93,GEN 13:4,,
siaigu,93,GEN 45:5,,
baema,93,EXO 11:8,,
isimu,93,LEV 7:34,,
baal,93,NUM 25:3,,
boromadia,92,GEN 1:24,,
kaldea,92,GEN 11:28,,
oto,92,GEN 12:19,,
hegima,92,GEN 31:49,,
hetore,92,EXO 32:15,,
gerebu-rua,92,NUM 25:9,,
heabidadama,92,DEU 7:9,,
muridiai,91,GEN 3:8,,
kourana,91,GEN 13:10,,
natumui,91,GEN 17:16,,
taumai,91,GEN 29:4,,
kerukeru,91,EXO 2:13,,
ikwaradia,91,EXO 6:13,,
matamana,90,GEN 1:1,,
aina,90,GEN 1:26,,
dava,90,GEN 4:24,,
gui,90,GEN 6:18,,
mata,90,GEN 15:1,,
kesi,90,GEN 15:1,,
matona,90,GEN 19:9,,
animu,90,GEN 32:32,,
ikaradia,89,GEN 2:4,,
ha,89,GEN 16:13,,
doini,89,GEN 35:20,,
karaiamu,89,GEN 48:19,,
maraḡi,88,GEN 8:3,,
badabada,88,GEN 22:17,,
varavarana,88,GEN 24:27,,
ruben,88,GEN 29:32,,
galilea,88,NUM 34:11,,
elisaia,88,1KI 19:16,,
abimu,87,GEN 4:7,,
auta,87,GEN 6:14,,
namonamo,87,GEN 11:3,,
rumadia,87,GEN 31:33,,
aukadia,87,GEN 43:11,,
gerebu-ta,87,LEV 26:8,,
hamaoromuimu,87,DEU 4:26,,
taravatuna,86,GEN 9:16,,
amoro,86,GEN 10:16,,
haduadia,86,GEN 12:20,,
gad,86,GEN 30:11,,
udugu,86,GEN 45:12,,
matamu,86,GEN 46:4,,
raradia,86,LEV 6:30,,
iehosafat,86,2SA 20:24,,
hadihoa,85,GEN 2:5,,
mata-hanai,85,GEN 16:14,,
veria,85,GEN 19:10,,
nadina,85,GEN 19:26,,
dau,85,GEN 26:11,,
hehuni,85,GEN 31:20,,
ororodia,85,GEN 31:21,,
vabu,85,GEN 38:8,,
daimui,85,GEN 42:38,,
idauna,85,GEN 43:11,,
lebulebu,85,LEV 17:7,,
mailaidia,84,GEN 4:4,,
moalelaia,84,GEN 34:19,,
inaigu,84,EXO 23:22,,
mauana,84,EXO 25:22,,
dorina,83,GEN 11:4,,
dekemui,83,GEN 22:5,,
herea-daena,83,GEN 23:6,,
patadia,83,GEN 31:54,,
badamu,83,GEN 44:20,,
hakaumui,83,GEN 48:21,,
garidia,83,EXO 1:12,,
heboumu,83,NUM 16:45,,
daniel,83,1CH 3:1,,
erena,82,GEN 3:17,,
readia,82,GEN 3:22,,
kerubi,82,GEN 3:24,,
rakaia,82,GEN 12:6,,
aedia,82,GEN 24:32,,
hetaha,82,GEN 27:33,,
negedia,82,GEN 35:2,,
reḡena,82,EXO 19:13,,
daha-rua,82,EXO 38:29,,
tatoiosi,81,GEN 7:13,,
dabuana,81,GEN 9:21,,
noholaia,81,GEN 17:8,,
daha-ta,81,GEN 20:16,,
lohiaia,80,GEN 1:16,,
hereadia,80,GEN 3:1,,
itamu,80,GEN 7:1,,
seridia,80,GEN 24:35,,
anedia,80,GEN 31:27,,
gwauraidia,80,GEN 41:34,,
heḡiḡi,80,EXO 9:9,,
abiamu,80,LEV 4:10,,
koikoidia,80,LEV 17:7,,
gerebu,80,NUM 10:36,,
huahua,79,GEN 1:11,,
lababana,79,GEN 6:15,,
bavabidia,79,GEN 6:19,,
heberon,79,GEN 13:18,,
memero,79,GEN 14:24,,
unuheto,79,GEN 19:18,,
vairamui,79,GEN 40:7,,
eleasara,79,EXO 6:23,,
au-tubua,79,EXO 23:24,,
hane,78,GEN 12:11,,
vahu,78,GEN 47:19,,
daediai,78,EXO 7:19,,
horoa,78,EXO 29:7,,
huahuana,77,GEN 2:17,,
dobu,77,GEN 6:16,,
vamu,77,GEN 9:3,,
kohoro,77,GEN 11:4,,
dan,77,GEN 14:14,,
murimurinai,77,GEN 19:16,,
hahedika,77,GEN 19:19,,
unukahana,77,GEN 35:21,,
huina,77,GEN 41:14,,
hahedinaraia,77,GEN 43:6,,
hairai,77,1KI 3:13,,
simona,77,MAT 4:18,,
nanamo,76,GEN 1:31,,
ha-aukaia,76,GEN 18:27,,
ame,76,GEN 24:13,,
dagi,76,GEN 40:21,,
taidia,76,GEN 50:10,,
gorerena,76,EXO 5:3,,
gwauraiamu,76,1SA 9:9,,
metau,75,GEN 4:13,,
adorahi,75,GEN 8:11,,
avabia,75,GEN 16:2,,
matamata,75,GEN 17:12,,
hamaorolaidia,75,GEN 24:28,,
manu,74,GEN 1:20,,
bavani,74,GEN 2:16,,
betele,74,GEN 12:8,,
bogaia,74,GEN 18:24,,
gabua,74,GEN 19:3,,
mimia,74,GEN 24:25,,
masemu,74,GEN 25:32,,
kekenina,74,GEN 28:9,,
ḡaraḡara,74,GEN 31:40,,
puse,74,GEN 42:25,,
maraḡina,73,GEN 1:16,,
imea,73,GEN 2:8,,
senedia,73,GEN 4:20,,
laohai,73,GEN 14:18,,
diaḡau,73,GEN 17:4,,
hebouva,73,GEN 19:11,,
hane-ulato,73,GEN 24:5,,
inaidia,73,GEN 24:60,,
tamamui,73,GEN 31:5,,
itotohi,73,GEN 38:18,,
laḡa-ani,73,GEN 49:15,,
hahehisi,73,EXO 7:13,,
lagau-hanai,73,EXO 12:21,,
henudiai,73,EXO 26:19,,
lebanon,73,DEU 1:7,,
haduaia,72,GEN 2:16,,
hadikaia,72,GEN 5:29,,
sida,72,GEN 6:14,,
hadokoa,72,GEN 8:2,,
sekem,72,GEN 12:6,,
tomava,72,GEN 26:8,,
iḡui,72,GEN 37:7,,
hereadiamu,72,GEN 48:22,,
imamui,72,EXO 3:21,,
dubuna,72,EXO 13:21,,
momokanimu,72,DEU 8:19,,
daiutuna,72,JDG 3:24,,
basileiana,72,1SA 15:28,,
daenai,71,GEN 1:6,,
manudia,71,GEN 1:21,,
loa,71,GEN 4:12,,
bada-hereana,71,GEN 7:11,,
orena,71,GEN 24:20,,
inu,71,GEN 24:22,,
efa,71,GEN 25:4,,
peva,71,GEN 27:3,,
varamu,71,GEN 49:22,,
lepra,71,EXO 4:6,,
mari,71,EXO 28:30,,
gima,71,LEV 8:35,,
hahebua-tari,71,1CH 21:12,,
havaraiamu,71,NEH 13:18,,
mara,70,GEN 3:16,,
ohena,70,GEN 6:16,,
padadiai,70,GEN 10:12,,
edeheto,70,GEN 12:19,,
habou,70,GEN 15:10,,
matagu,70,GEN 31:40,,
ḡovaia,70,GEN 38:14,,
ara,70,EXO 3:3,,
udumu,70,EXO 4:12,,
hadibadia,70,EXO 6:3,,
helaimu,70,EXO 11:5,,
laloma,70,EXO 28:26,,
ḡuḡuru,69,GEN 2:1,,
oma,69,GEN 3:19,,
larebaia,69,GEN 8:20,,
sinahu-rua,69,GEN 11:19,,
gwaua,69,EXO 10:17,,
kwara,69,EXO 28:4,,
iehu,69,1KI 16:1,,
maria,69,MAT 1:16,,
sivaraidia,68,GEN 6:4,,
gurina,68,GEN 16:7,,
huri,68,GEN 18:4,,
padadia,68,GEN 32:16,,
ireḡuna,68,GEN 39:5,,
dadidadi,68,GEN 49:5,,
kwabukwabudia,68,LEV 26:39,,
balaam,68,NUM 22:5,,
auridia,68,1SA 13:20,,
roboadia,67,GEN 4:4,,
hitu-ahui,67,GEN 5:12,,
sinahu,67,GEN 7:6,,
daigu,67,GEN 17:4,,
hanaia,67,GEN 18:11,,
midian,67,GEN 25:2,,
goadadia,67,GEN 30:41,,
kehere,67,GEN 40:11,,
uro,67,LEV 2:7,,
abnere,67,1SA 14:50,,
sedekia,67,1KI 22:11,,
selah,67,PSA 3:2,,
suke,66,GEN 3:7,,
rogorogo,66,GEN 3:16,,
hadarerea,66,GEN 4:7,,
hamomokania,66,GEN 6:18,,
noga,66,GEN 9:24,,
inaimu,66,GEN 14:20,,
abimelek,66,GEN 20:2,,
henanadai,66,GEN 25:22,,
heuduguirai,66,GEN 27:13,,
lalo-hisihisi,66,GEN 35:18,,
dabaia,66,GEN 37:23,,
nau,66,EXO 16:16,,
asa,66,1KI 15:8,,
haridia,65,GEN 1:4,,
ihahanina,65,GEN 1:19,,
laḡa,65,GEN 2:2,,
miava,65,GEN 2:5,,
ilao-henina,65,GEN 3:24,,
karoho,65,GEN 10:18,,
edeede,65,GEN 14:4,,
loḡora,65,GEN 14:16,,
hakaugu,65,GEN 24:7,,
herevalai,65,GEN 28:15,,
heimodai,65,GEN 29:35,,
kekeni,65,GEN 30:21,,
henao,65,GEN 30:33,,
henega,65,GEN 37:18,,
dauha,65,EXO 8:28,,
io,65,NUM 25:7,,
pilato,65,MAT 27:2,,
bavania,64,GEN 2:17,,
mailai,64,GEN 4:3,,
tauratoi-ahui,64,GEN 5:15,,
daiutu,64,GEN 6:14,,
kakana,64,GEN 10:21,,
abram,64,GEN 11:9,,
damasko,64,GEN 14:15,,
iseda,64,GEN 34:23,,
dabu,64,GEN 41:31,,
dai-hanai,64,EXO 5:3,,
ubu-ubu,64,EXO 13:2,,
latamui,64,EXO 32:29,,
maḡudia,64,LEV 25:31,,
morodekai,64,EZR 2:2,,
iobu,64,JOB 1:1,,
imeana,63,GEN 2:10,,
hunia,63,GEN 4:14,,
gaga,63,GEN 13:10,,
vairadia,63,EXO 14:19,,
hahegari,63,EXO 23:27,,
haniosi,63,EXO 25:12,,
kara-dika,63,EXO 34:7,,
turo,63,JOS 19:29,,
samson,63,JDG 13:24,,
dabumu,63,1SA 2:8,,
ravana,62,GEN 7:7,,
doridia,62,GEN 7:20,,
olive,62,GEN 8:11,,
basiema,62,GEN 17:14,,
rata,62,GEN 18:8,,
ieriko,62,NUM 22:1,,
hisiu,61,GEN 1:16,,
daua,61,GEN 3:3,,
komu,61,GEN 3:8,,
garamu,61,GEN 3:15,,
latana,61,GEN 6:15,,
hanamomu,61,GEN 12:2,,
noimumu,61,GEN 16:2,,
ḡahu,61,GEN 18:27,,
gariva,61,GEN 19:30,,
loulou,61,GEN 24:20,,
basia,61,GEN 24:50,,
nama,61,GEN 30:30,,
hamiroa,61,GEN 37:31,,
korikorina,61,EXO 5:14,,
keto,61,LEV 26:36,,
basan,61,NUM 21:33,,
ava,60,GEN 1:11,,
kekero,60,GEN 9:21,,
taora,60,GEN 11:2,,
hiti,60,GEN 15:20,,
hituosi,60,GEN 21:30,,
bavatoa,60,GEN 24:2,,
kahudia,60,GEN 24:59,,
kakakakana,60,GEN 25:30,,
ihadikadia,60,EXO 5:19,,
gohu,60,EXO 7:19,,
tau-anidia,60,LEV 11:25,,
nebukadnesara,60,2KI 24:1,,
kopidia,59,GEN 3:21,,
noa,59,GEN 5:29,,
dokodia,59,GEN 6:13,,
kehoa,59,GEN 8:6,,
heatolaia,59,GEN 12:15,,
kamelo,59,GEN 12:16,,
dadi,59,GEN 14:11,,
ismael,59,GEN 16:11,,
taurahani,59,GEN 17:12,,
rani,59,GEN 19:2,,
hahelao,59,GEN 19:26,,
reana,59,GEN 24:5,,
seia,59,GEN 24:18,,
hitolo,59,GEN 41:36,,
bali,59,EXO 9:31,,
roho-mauri,59,NUM 35:6,,
hedinaraimu,59,DEU 26:3,,
sadok,59,2SA 8:17,,
i,58,GEN 6:2,,
laurabada,58,EXO 10:13,,
hahetohoa,58,EXO 16:18,,
hahebade,58,EXO 23:1,,
taubu,58,LEV 5:2,,
iosia,58,1KI 13:2,,
toadia,57,GEN 1:14,,
halaomu,57,GEN 12:2,,
bogaragina,57,GEN 15:14,,
bamodia,57,GEN 18:16,,
raraia,57,GEN 24:21,,
laban,57,GEN 24:29,,
aonegana,57,GEN 25:27,,
hanohodia,57,LEV 23:43,,
amen,57,NUM 5:22,,
gideon,57,JDG 6:10,,
isaia,57,2KI 19:2,,
adavamu,56,GEN 3:16,,
tubuna,56,GEN 11:31,,
gogo,56,GEN 31:46,,
heniva,56,GEN 35:8,,
naria,56,GEN 43:9,,
kohuna,56,EXO 25:39,,
hegwau,56,LEV 4:20,,
ha-oredia,56,LEV 26:6,,
inaina,56,NUM 24:8,,
bani,56,NUM 35:20,,
aegu,56,DEU 2:28,,
ḡuidia,56,JDG 15:4,,
eseta,56,EST 2:7,,
gabeamo,55,GEN 10:18,,
heai,55,GEN 13:7,,
kohua,55,GEN 19:30,,
herahera,55,GEN 24:53,,
tahoa,55,GEN 37:22,,
boga,55,GEN 49:5,,
noho-hedoa,55,EXO 2:22,,
badidia,55,EXO 27:10,,
moalelaiamu,55,1SA 2:1,,
satana,55,1CH 21:1,,
dika-rohorohodia,55,PRO 26:25,,
gaigai,54,GEN 3:1,,
ginimu,54,GEN 3:3,,
laoa,54,GEN 3:24,,
basinama,54,GEN 4:7,,
kahira,54,GEN 12:11,,
mikamika,54,GEN 14:18,,
abigu,54,GEN 24:7,,
namo-hereadia,54,GEN 24:53,,
napatali,54,GEN 30:8,,
hadai,54,GEN 33:17,,
hata,54,GEN 41:19,,
flaoana,54,EXO 12:15,,
aradia,54,EXO 15:7,,
duahia,54,EXO 24:7,,
hairaidia,54,EXO 28:40,,
bibinadia,54,DEU 23:23,,
asaria,54,1KI 4:2,,
hahonua,53,GEN 1:28,,
sidono,53,GEN 10:15,,
hatubua,53,GEN 19:3,,
patapata,53,GEN 19:9,,
bamomu,53,GEN 24:8,,
vaḡeḡe,53,GEN 26:14,,
vanahana,53,GEN 27:30,,
simeon,53,GEN 29:33,,
bubua,53,GEN 42:35,,
kahua,53,GEN 42:38,,
piua,53,GEN 45:16,,
uduguiraia,53,EXO 21:17,,
tahudia,53,LEV 16:8,,
diarina,53,NUM 6:25,,
murigu,53,JDG 3:28,,
rehoboam,53,1KI 11:43,,
hamana,53,EST 3:1,,
ita-itana,52,GEN 3:6,,
hahitu,52,GEN 4:15,,
matauraia,52,GEN 16:4,,
bogagu,52,GEN 19:19,,
lahina,52,GEN 22:3,,
dibamai,52,GEN 29:5,,
sebulun,52,GEN 30:20,,
rakatanigu,52,GEN 44:28,,
taiana,52,EXO 4:11,,
laloamu,52,EXO 6:5,,
muramurana,52,EXO 12:15,,
abimui,52,EXO 19:4,,
nahuamui,52,EXO 19:12,,
laulauna,52,EXO 20:4,,
gwau-edeede,52,LEV 26:13,,
vareaimu,52,DEU 8:7,,
paka,52,DEU 21:1,,
gibea,52,JOS 15:57,,
hatorea,52,2SA 12:17,,
kaukauna,51,GEN 1:9,,
igimana,51,GEN 4:9,,
daradara,51,GEN 11:9,,
idiba,51,GEN 13:9,,
tataudia,51,GEN 17:23,,
digarana,51,GEN 18:7,,
monidia,51,GEN 20:16,,
ene,51,GEN 21:29,,
ihanamona,51,GEN 24:49,,
huidia,51,GEN 31:19,,
davari,51,GEN 42:35,,
hadibalaidia,51,EXO 18:20,,
heude-heude,51,JDG 5:4,,
sekaria,51,2KI 14:29,,
dobimu,51,JOB 14:18,,
koudia,50,GEN 7:16,,
garadia,50,GEN 10:1,,
hakarohodia,50,GEN 11:8,,
badibadidiai,50,GEN 18:8,,
maoromaorodia,50,GEN 18:19,,
turana,50,GEN 26:26,,
kahikahi,50,GEN 27:41,,
matamaia,50,GEN 44:12,,
latamu,50,EXO 8:4,,
hosi-gui,50,EXO 14:17,,
oremu,50,EXO 15:7,,
hekei,50,EXO 19:14,,
taravatudia,50,EXO 21:1,,
hidiodia,50,LEV 7:15,,
duanaidia,50,NUM 1:50,,
raka-vareaina,50,JOS 13:5,,
iudea,50,2SA 5:5,,
iehoiada,50,2SA 8:18,,
ha-orea,50,2SA 14:7,,
heuda-hanai,50,JOB 24:15,,
taihuna,49,GEN 4:22,,
amalek,49,GEN 14:7,,
buruka,49,GEN 18:11,,
gwau-hamata,49,GEN 21:1,,
haḡuḡurua,49,GEN 43:10,,
heuda,49,GEN 43:21,,
hereaia,49,GEN 48:19,,
bada-ranuna,49,EXO 3:8,,
lalo-namo,49,EXO 33:13,,
urava,49,EXO 36:2,,
sisina,49,LEV 13:3,,
imeadia,49,NUM 16:14,,
louloumu,49,NUM 29:11,,
herod,49,MAT 2:1,,
ranudia,48,GEN 1:7,,
aitala,48,GEN 4:8,,
sinahu-toi,48,GEN 5:22,,
haraḡa-haraḡa,48,GEN 18:7,,
ḡuria,48,GEN 20:17,,
rahela,48,GEN 29:6,,
asere,48,GEN 30:13,,
nala,48,GEN 32:10,,
hoi,48,GEN 41:57,,
manoka,48,GEN 42:9,,
haloua,48,GEN 42:28,,
diravadia,48,EXO 12:12,,
dadaraidia,48,EXO 16:28,,
taboro,48,EXO 22:29,,
mata-kepulu,48,LEV 19:14,,
kunu,48,LEV 25:19,,
iesrele,48,JOS 15:56,,
iese,48,RUT 4:17,,
helene,48,PSA 11:6,,
bapatiso,48,MAT 3:1,,
gitara,47,GEN 4:21,,
sodoma,47,GEN 10:19,,
dogoa,47,GEN 21:18,,
basiola,47,GEN 24:8,,
hodu,47,GEN 24:14,,
metaudia,47,GEN 24:22,,
tubumu,47,GEN 28:2,,
hahemaraia,47,GEN 34:5,,
ruhaia,47,GEN 43:14,,
taimu,47,EXO 3:7,,
mea,47,EXO 7:11,,
koro,47,EXO 25:18,,
tataia,47,LEV 4:2,,
inaimui,47,LEV 26:7,,
basileiadia,47,DEU 3:21,,
benaia,47,DEU 19:12,,
gibeon,47,JOS 9:3,,
tax,47,1SA 17:25,,
toretore,47,2SA 8:17,,
vanaḡi,47,ISA 33:21,,
serina,46,GEN 4:4,,
ulatodia,46,GEN 6:2,,
muri,46,GEN 9:23,,
gohuna,46,GEN 14:3,,
biagugu,46,GEN 16:8,,
siahu-idoinai,46,GEN 28:3,,
taiadia,46,GEN 35:4,,
betelehem,46,GEN 35:19,,
baoma,46,GEN 37:14,,
boiboi,46,GEN 41:43,,
monina,46,GEN 44:2,,
kohat,46,GEN 46:11,,
aemu,46,EXO 3:5,,
simei,46,EXO 6:17,,
tahodia,46,EXO 15:1,,
hanidia,46,EXO 19:4,,
hodoa,46,EXO 19:13,,
ihareha,46,EXO 22:22,,
ḡovadia,46,EXO 25:13,,
lababa,46,EXO 25:17,,
doa,46,EXO 27:2,,
dagina,46,EXO 29:9,,
laumadia,46,EXO 35:21,,
mirona,46,LEV 5:2,,
gimaia,46,NUM 1:50,,
matauraiamu,46,NUM 15:30,,
harorolai,46,DEU 1:1,,
hanaimu,46,2SA 5:24,,
daiutudia,46,1KI 6:5,,
hasatauroa,46,MAT 20:19,,
oromana,45,GEN 1:2,,
bamogu,45,GEN 3:12,,
haḡerea,45,GEN 4:4,,
adavagu,45,GEN 4:23,,
iebusu,45,GEN 10:16,,
tamamai,45,GEN 20:12,,
maurina,45,GEN 25:6,,
sinamu,45,GEN 27:29,,
hamaoromu,45,GEN 31:16,,
rigina,45,GEN 40:10,,
kudoudia,45,GEN 42:28,,
rerue,45,GEN 45:19,,
digu,45,EXO 2:5,,
kwadi,45,EXO 10:4,,
hekaha,45,EXO 18:4,,
ane-abi,45,1KI 10:12,,
koikoimu,45,1KI 14:6,,
sisigadia,45,1KI 14:19,,
dibada,45,2KI 7:13,,
boroma,44,GEN 6:7,,
dihova,44,GEN 7:12,,
daimu,44,GEN 12:3,,
hanamoamu,44,GEN 17:20,,
helaiva,44,GEN 18:1,,
hado,44,GEN 26:12,,
lolololo,44,GEN 27:34,,
isakara,44,GEN 30:18,,
gabedia,44,GEN 30:33,,
matamatadia,44,GEN 30:37,,
hururu-hururuna,44,EXO 3:2,,
hetoa,44,EXO 19:12,,
ḡiniḡini,44,EXO 22:6,,
herevalaidia,44,EXO 23:13,,
heato,44,EXO 26:19,,
ḡiḡia,44,EXO 32:20,,
balak,44,NUM 22:2,,
doua,44,JOS 6:24,,
duanaia,44,JOS 7:14,,
mika,44,JDG 17:1,,
ahasia,44,1KI 22:40,,
ahasa,44,2KI 15:38,,
tatoi,43,GEN 6:10,,
ibouboudiai,43,GEN 7:15,,
iduaradia,43,GEN 8:2,,
pune,43,GEN 8:8,,
keru,43,GEN 8:22,,
gabeai,43,GEN 11:6,,
laodia,43,GEN 11:6,,
peritomedia,43,GEN 17:10,,
itagu,43,GEN 19:19,,
baiama,43,GEN 24:5,,
guridia,43,GEN 26:15,,
latagu,43,GEN 27:13,,
hegogo,43,GEN 29:3,,
hasinadoa,43,GEN 42:9,,
hamaurimui,43,GEN 45:7,,
kara-rea,43,LEV 4:3,,
reaia,43,LEV 26:44,,
tauda,43,NUM 32:4,,
ikoukoudia,43,DEU 3:5,,
sinagu,43,JOS 2:13,,
idoa,43,JOS 23:13,,
semaia,43,1KI 12:22,,
amasia,43,2KI 12:21,,
henu,42,GEN 1:7,,
iha-imana,42,GEN 1:23,,
gadodia,42,GEN 2:23,,
ihavarana,42,GEN 3:6,,
sinahu-tauratoi,42,GEN 8:13,,
havahua,42,GEN 14:7,,
hadikadia,42,GEN 19:8,,
maoromaorona,42,GEN 20:5,,
rigi,42,GEN 30:38,,
mispa,42,GEN 31:49,,
daidia,42,GEN 33:5,,
kahira-kahira,42,GEN 38:27,,
une,42,GEN 41:31,,
dudui,42,EXO 17:12,,
rea,42,EXO 23:21,,
bebeka-bebekana,42,LEV 1:3,,
varavarada,42,DEU 2:8,,
seneda,42,DEU 6:23,,
gilgal,42,JOS 4:19,,
gata,42,JOS 11:22,,
ioasa,42,JDG 6:11,,
natan,42,2SA 5:14,,
honumu,42,JOB 14:1,,
heatu,41,GEN 4:8,,
verina,41,GEN 6:2,,
bamoa,41,GEN 13:5,,
muridia,41,GEN 14:14,,
maorona,41,GEN 15:6,,
tubua,41,GEN 18:1,,
siahudia,41,GEN 19:24,,
lailaia,41,GEN 24:31,,
moalemu,41,GEN 30:13,,
ege,41,GEN 37:25,,
uhe,41,GEN 47:19,,
hehunidia,41,GEN 49:5,,
hamaurimu,41,EXO 9:16,,
hedibaḡani,41,EXO 17:7,,
habadelaia,41,EXO 20:16,,
rimono,41,EXO 28:33,,
ḡaukarana,41,EXO 36:3,,
tata,41,LEV 4:13,,
loumu,41,LEV 11:4,,
kaleb,41,NUM 13:6,,
daha-hani,41,NUM 16:49,,
hehunina,41,DEU 27:15,,
dadaraiamu,41,DEU 27:15,,
harorolaia,41,PSA 2:7,,
durua,40,GEN 2:20,,
mia-hanaihanai,40,GEN 9:16,,
varona,40,GEN 14:23,,
amu,40,GEN 19:28,,
doana,40,GEN 22:13,,
hadibagu,40,GEN 31:27,,
unuhetomadia,40,GEN 41:19,,
hora,40,EXO 9:18,,
tohoa,40,EXO 10:28,,
karoaia,40,LEV 5:11,,
iḡuidia,40,LEV 10:6,,
hiriria,40,LEV 25:9,,
gwarume,40,NUM 11:5,,
goada-herea,40,JDG 6:12,,
anivaga,40,1SA 7:6,,
badinaiamu,40,1KI 8:23,,
bania,40,2CH 34:8,,
adam,39,GEN 2:3,,
hadoa,39,GEN 9:20,,
hamat,39,GEN 10:18,,
seiri,39,GEN 14:6,,
ulato,39,GEN 19:8,,
halahe,39,GEN 19:16,,
butudia,39,GEN 20:8,,
tadikakamu,39,GEN 27:29,,
koia,39,GEN 30:24,,
ihanamodia,39,GEN 31:43,,
ihanamolaina,39,GEN 31:54,,
peritome,39,GEN 34:17,,
heautania,39,GEN 35:1,,
bosea,39,GEN 40:18,,
hereamu,39,GEN 41:40,,
ubudia,39,GEN 43:24,,
merari,39,GEN 46:11,,
sinai,39,EXO 16:1,,
utudia,39,EXO 34:4,,
uraheni,39,EXO 34:6,,
rohea,39,EXO 35:31,,
hanina,39,LEV 1:17,,
gida,39,LEV 10:1,,
sihon,39,NUM 21:20,,
kavamu,39,JDG 12:4,,
eli,39,1SA 1:3,,
magu,39,2SA 11:21,,
parasa,39,1CH 29:7,,
filipo,39,MAT 10:3,,
etiopia,38,GEN 2:13,,
turiana,38,GEN 2:21,,
hidiona,38,GEN 2:23,,
harana,38,GEN 6:15,,
raro,38,GEN 11:3,,
senena,38,GEN 11:9,,
sara,38,GEN 17:15,,
ihataurahanina,38,GEN 21:4,,
abi-hidi,38,GEN 24:14,,
ḡavaia,38,GEN 31:23,,
haheḡoeva,38,GEN 35:2,,
kora,38,GEN 36:5,,
gereson,38,GEN 46:11,,
sisia,38,EXO 11:7,,
tutuka-tutuka,38,EXO 14:13,,
heloḡo-heloḡo,38,EXO 32:17,,
igimadia,38,NUM 14:9,,
hesebon,38,NUM 21:25,,
puki,38,JDG 6:21,,
hatai-hatai,38,1SA 10:5,,
havava,38,2SA 1:10,,
dibaka,38,2SA 11:16,,
hilkia,38,2KI 18:18,,
iehoiakim,38,2KI 23:34,,
abiabiraia,38,PSA 78:22,,
biru,37,GEN 2:15,,
matamui,37,GEN 3:5,,
ona,37,GEN 7:5,,
sela,37,GEN 10:24,,
sinahu-hani,37,GEN 11:13,,
varavara,37,GEN 13:8,,
lalomai,37,GEN 26:28,,
iutuna,37,GEN 30:14,,
baitala,37,GEN 34:16,,
heḡaeḡaelaia,37,GEN 46:29,,
imodaimu,37,GEN 47:25,,
hekara,37,EXO 8:10,,
kahu,37,EXO 9:9,,
duduia,37,EXO 9:22,,
gageva-gageva,37,EXO 18:21,,
hekou,37,EXO 27:8,,
iahi,37,LEV 4:12,,
tano-ḡaḡaena,37,LEV 7:38,,
rama,37,JOS 18:25,,
domaga-ta,37,JDG 8:10,,
dibaia,37,JDG 19:22,,
uria,37,2SA 11:3,,
laloda,37,1KI 8:58,,
hahemaraidia,37,JOB 40:11,,
raumu,36,GEN 1:24,,
ihatauratoina,36,GEN 1:31,,
papa,36,GEN 3:5,,
hahanea,36,GEN 4:26,,
eredia,36,GEN 11:1,,
lot,36,GEN 11:27,,
karagu,36,GEN 12:18,,
darere,36,GEN 14:10,,
rebeka,36,GEN 22:23,,
tadikakadia,36,GEN 25:18,,
gaba,36,GEN 31:27,,
kohorona,36,GEN 31:49,,
ihadikagu,36,GEN 31:52,,
hamaorolaimui,36,GEN 37:6,,
babalau,36,GEN 41:8,,
ḡuia,36,GEN 42:24,,
senemai,36,GEN 46:34,,
nariamu,36,GEN 49:18,,
gwaudia,36,EXO 2:19,,
ginigini,36,EXO 3:2,,
haba,36,EXO 14:22,,
ḡeḡea,36,EXO 19:12,,
matauraidia,36,EXO 20:12,,
ḡiḡidia,36,EXO 23:24,,
kakakakadia,36,EXO 25:4,,
isedia,36,EXO 26:6,,
hairaimu,36,EXO 33:18,,
rohe,36,LEV 19:31,,
halaoamu,36,LEV 27:11,,
moia,36,DEU 1:36,,
momokanina,36,DEU 25:13,,
rakava,36,DEU 33:3,,
hekida,36,JDG 5:27,,
nadi-gini,36,1SA 2:2,,
sene,36,1SA 14:4,,
ḡaunaia,36,1KI 8:36,,
hahemanau,36,2KI 22:19,,
gadobada,35,GEN 1:2,,
aine,35,GEN 1:3,,
abata,35,GEN 7:11,,
ihagwautana,35,GEN 8:5,,
ariarana,35,GEN 10:11,,
hahisidia,35,GEN 12:17,,
tamaka,35,GEN 14:23,,
gabe,35,GEN 34:23,,
hanamomui,35,GEN 48:20,,
geda,35,GEN 49:4,,
ha-aukadia,35,GEN 49:24,,
hahidaosi,35,EXO 9:19,,
masemase,35,EXO 10:20,,
anianina,35,EXO 16:32,,
ihenina,35,EXO 21:10,,
lada,35,EXO 28:10,,
varodia,35,EXO 28:14,,
kopi,35,LEV 11:32,,
ḡoeva-daena,35,LEV 24:7,,
hebubu,35,LEV 26:30,,
hagaridia,35,LEV 26:36,,
gabena,35,NUM 2:31,,
gwadaia,35,NUM 11:8,,
hepapahuahu,35,DEU 21:5,,
daha-ima,35,JDG 8:10,,
oromadia,35,JDG 8:18,,
boa,35,RUT 2:1,,
ḡanaḡana,35,1SA 15:11,,
vasimu,35,1SA 17:45,,
moaledia,35,1SA 18:6,,
iona,35,1SA 18:10,,
balaheni,35,2SA 10:12,,
asaf,35,2KI 18:18,,
taona,35,ISA 16:3,,
nasaret,35,MAT 2:18,,
eufrate,34,GEN 2:14,,
taurahani-ta,34,GEN 5:27,,
hona,34,GEN 6:3,,
utu-utu,34,GEN 6:17,,
hetura,34,GEN 14:13,,
ḡauka,34,GEN 18:3,,
hereva-hereva,34,GEN 18:33,,
vadivadi,34,GEN 21:1,,
tabe,34,GEN 21:28,,
bainato,34,GEN 24:14,,
hisimu,34,GEN 24:14,,
durugu,34,GEN 27:20,,
isiaimu,34,GEN 27:29,,
henidiava,34,GEN 28:8,,
vaia,34,GEN 31:35,,
sera,34,GEN 36:13,,
doki,34,GEN 38:14,,
varo,34,GEN 38:28,,
heiri-heiri,34,GEN 45:24,,
tubuana,34,GEN 48:14,,
ala,34,GEN 49:27,,
ḡoevaḡoevana,34,EXO 27:20,,
iniheto,34,EXO 33:7,,
hereana,34,EXO 37:23,,
hiriri,34,LEV 25:9,,
pararamu,34,DEU 32:28,,
ihamauridia,34,JDG 3:9,,
baitama,34,JDG 11:9,,
habou-habou,34,1KI 7:51,,
nebukadresara,34,JER 21:2,,
banaba,34,ACT 4:36,,
rere,33,GEN 1:5,,
nonoho,33,GEN 3:7,,
sinahu-hitu,33,GEN 5:26,,
sinahu-ima,33,GEN 5:30,,
vanegai,33,GEN 8:21,,
haria,33,GEN 10:25,,
murimu,33,GEN 17:7,,
gigini,33,GEN 18:2,,
banava,33,GEN 19:14,,
bere-sieba,33,GEN 21:14,,
kakamu,33,GEN 27:6,,
aiona,33,GEN 27:16,,
tahu,33,GEN 31:32,,
gwaumu,33,GEN 31:42,,
ihadikamu,33,GEN 31:52,,
iakobo,33,GEN 34:13,,
kwakikwakina,33,GEN 38:18,,
halaogu,33,GEN 45:8,,
hida,33,GEN 47:8,,
aneruna,33,GEN 48:16,,
moalena,33,EXO 2:21,,
korikoridia,33,EXO 5:8,,
gubana,33,EXO 14:21,,
kevaru,33,EXO 19:16,,
kavakavadia,33,EXO 19:24,,
bero,33,EXO 21:25,,
habana,33,EXO 26:15,,
hahedokilaia,33,LEV 13:45,,
laumamui,33,LEV 17:11,,
numera,33,NUM 1:21,,
iditana,33,NUM 5:18,,
lalo-dika,33,NUM 10:5,,
doḡoro,33,DEU 29:18,,
darana,33,JDG 16:16,,
gedalia,33,2KI 25:22,,
turia,32,GEN 2:21,,
ha-idaua,32,GEN 11:7,,
hedoamu,32,GEN 19:9,,
sekeledia,32,GEN 23:15,,
dihina,32,GEN 24:36,,
hanamogu,32,GEN 25:32,,
lea,32,GEN 29:16,,
tauhalo,32,GEN 37:35,,
hamaurimai,32,GEN 47:25,,
haḡoevaia,32,GEN 50:2,,
arumu,32,EXO 3:8,,
manau,32,EXO 4:10,,
rahua,32,EXO 19:16,,
badinamu,32,EXO 20:6,,
torehai,32,EXO 22:14,,
haḡoevadia,32,EXO 30:7,,
hamasedia,32,LEV 20:14,,
nemaia,32,NUM 13:16,,
huaridia,32,NUM 24:17,,
ihamomokanina,32,DEU 7:8,,
ramuna,32,DEU 29:18,,
silo,32,JOS 18:1,,
ihabaidia,32,2SA 1:25,,
mikaia,32,1KI 22:8,,
salumu,32,2KI 15:10,,
usia,32,2KI 15:13,,
ahasuero,32,EZR 4:6,,
diabolo,32,MAT 4:1,,
satauro,32,MAT 10:38,,
kaisara,32,MAT 22:14,,
amui,31,GEN 1:29,,
sinadia,31,GEN 3:20,,
eva-eva,31,GEN 8:7,,
ihabaina,31,GEN 9:25,,
elam,31,GEN 10:22,,
kiri,31,GEN 17:17,,
aemui,31,GEN 18:4,,
reḡudia,31,GEN 18:19,,
goadagoada,31,GEN 19:3,,
kekenidia,31,GEN 28:2,,
araba,31,GEN 35:27,,
taorana,31,GEN 36:35,,
hahedokilai,31,GEN 41:42,,
hehenimu,31,GEN 42:1,,
heraheradia,31,EXO 3:22,,
hurehure,31,EXO 15:8,,
ianina,31,EXO 16:3,,
ring,31,EXO 25:12,,
veridia,31,EXO 25:15,,
seseahu,31,EXO 26:31,,
nunu,31,EXO 33:11,,
hamakohidia,31,EXO 34:1,,
hagoadadia,31,EXO 35:21,,
digara,31,LEV 3:16,,
varavaradia,31,NUM 8:26,,
varavaramai,31,NUM 20:3,,
mata-hakani,31,NUM 26:10,,
gaba-mauru,31,JOS 2:15,,
sieba,31,JOS 19:2,,
heḡeḡemadai,31,JDG 2:14,,
iefeta,31,JDG 11:1,,
henege,31,JDG 21:6,,
abiatara,31,1SA 22:20,,
amnon,31,2SA 3:2,,
beroso,31,1KI 5:8,,
herea-daedia,31,2KI 5:22,,
kereremu,31,2CH 16:9,,
momokanidia,31,2CH 31:20,,
manoka-manoka,31,PSA 10:9,,
turi,30,GEN 3:7,,
hadikamu,30,GEN 4:11,,
dagadaga,30,GEN 9:13,,
varavaramu,30,GEN 12:1,,
peritomea,30,GEN 17:14,,
ome,30,GEN 17:20,,
dabaraia,30,GEN 24:33,,
aniva,30,GEN 25:28,,
roboa,30,GEN 25:31,,
boua,30,GEN 31:54,,
bavaladia,30,GEN 42:37,,
laurina,30,GEN 48:13,,
hekuremu,30,GEN 49:9,,
ihuana,30,GEN 49:15,,
haberoa,30,GEN 49:23,,
kemena,30,GEN 49:25,,
hamauridiamu,30,GEN 50:20,,
botaia,30,EXO 7:17,,
haḡolea,30,EXO 12:10,,
ḡaukaramu,30,EXO 12:45,,
laulau,30,EXO 20:4,,
kela,30,EXO 25:5,,
daiguni,30,EXO 26:23,,
du,30,EXO 27:10,,
hururu-hururudia,30,EXO 28:17,,
bulo,30,EXO 29:2,,
mirodia,30,LEV 7:21,,
havaramu,30,DEU 32:18,,
malana,30,JOS 10:21,,
karamele,30,JOS 12:22,,
sisiadia,30,JDG 15:4,,
safana,30,2KI 22:3,,
pepa,30,EZR 5:17,,
hato,29,GEN 1:10,,
avadia,29,GEN 1:29,,
davariamu,29,GEN 2:11,,
bavaniani,29,GEN 3:19,,
lulua,29,GEN 3:23,,
digaradia,29,GEN 4:4,,
tadigu,29,GEN 4:9,,
daeva,29,GEN 7:17,,
taihugu,29,GEN 12:13,,
hahaniosi,29,GEN 14:2,,
hahavadia,29,GEN 14:6,,
abi-mauri,29,GEN 14:21,,
hoidia,29,GEN 17:12,,
hisiudia,29,GEN 22:17,,
herevava,29,GEN 29:9,,
maumau,29,GEN 31:1,,
darea,29,GEN 37:29,,
kwaragu,29,GEN 40:16,,
anianiva,29,GEN 41:2,,
bogamui,29,GEN 43:14,,
halaomui,29,GEN 48:20,,
goadamu,29,GEN 49:9,,
huana,29,EXO 12:2,,
pamu,29,EXO 15:27,,
ugava,29,EXO 19:4,,
giniva,29,EXO 20:21,,
teronona,29,EXO 25:21,,
hetutuhi,29,LEV 26:37,,
baduna,29,NUM 35:21,,
hisihisimu,29,1SA 1:8,,
bada-herea,29,1SA 30:16,,
igari-henina,29,2SA 23:3,,
baasa,29,1KI 15:16,,
mesulama,29,2KI 22:3,,
baruku,29,NEH 3:20,,
lolomu,29,JOB 19:7,,
gavana,29,MAT 27:2,,
hidio,28,GEN 2:21,,
tarasisi,28,GEN 10:4,,
vadaeni,28,GEN 12:19,,
karoadia,28,GEN 14:20,,
pura,28,GEN 24:55,,
kakakaka,28,GEN 25:25,,
rakadia,28,GEN 30:36,,
doudia,28,GEN 34:29,,
ḡui,28,GEN 37:7,,
ḡavadia,28,GEN 37:17,,
tadikakamui,28,GEN 42:34,,
durudia,28,EXO 1:10,,
haraḡamu,28,EXO 4:10,,
tarika-tarika,28,EXO 12:42,,
ruhadia,28,EXO 18:10,,
duduna,28,EXO 25:18,,
palapaladia,28,LEV 11:3,,
vevena,28,JOS 21:4,,
nahuadia,28,JDG 2:22,,
ituari-henina,28,JDG 11:12,,
tahumu,28,1SA 25:26,,
ariaradia,28,2SA 1:20,,
dehena,28,1KI 7:21,,
esera,28,1CH 4:17,,
marai,28,JOB 8:12,,
makedonia,28,ACT 16:9,,
ae,27,GEN 1:9,,
biagua,27,GEN 1:28,,
biagumu,27,GEN 3:16,,
alagu,27,GEN 4:14,,
ihabua-taridia,27,GEN 6:17,,
ḡoevaḡoevadia,27,GEN 7:2,,
hakaumu,27,GEN 15:7,,
kede,27,GEN 15:17,,
gwauta-rarua,27,GEN 17:20,,
dika-hereadia,27,GEN 19:13,,
manada,27,GEN 25:27,,
dadia,27,GEN 27:35,,
hadibaia,27,GEN 31:20,,
masedia,27,GEN 34:27,,
hekamonai,27,GEN 35:16,,
tamara,27,GEN 38:6,,
vavedia,27,GEN 40:20,,
asita,27,GEN 42:21,,
daradia,27,EXO 6:9,,
elkana,27,EXO 6:24,,
fineha,27,EXO 6:25,,
nilo,27,EXO 7:17,,
hetoadia,27,EXO 10:19,,
hakaumai,27,EXO 13:14,,
mamina,27,EXO 13:17,,
dokomu,27,EXO 15:15,,
marere,27,EXO 15:16,,
bebeka-bebekadia,27,EXO 29:1,,
rakatani,27,EXO 36:4,,
ae-hedairike,27,LEV 21:18,,
anianimu,27,DEU 4:28,,
tarimu,27,DEU 8:20,,
boumu,27,DEU 27:20,,
moidia,27,DEU 33:29,,
gwauhamatana,27,JOS 2:20,,
ahugu,27,RUT 1:21,,
hamaurida,27,1SA 4:3,,
ihamaurina,27,1SA 14:39,,
abisai,27,1SA 26:6,,
hedadarai,27,1SA 28:23,,
adonia,27,2SA 3:4,,
heaḡilaia,27,1CH 16:35,,
tore-isi-lou,27,MAT 22:22,,
maruane,26,GEN 1:27,,
kwaramu,26,GEN 3:15,,
tauhau,26,GEN 4:23,,
taurahani-ahui,26,GEN 5:25,,
henuna,26,GEN 6:17,,
hebua,26,GEN 7:23,,
haḡoledia,26,GEN 8:20,,
hivi,26,GEN 10:17,,
lauri,26,GEN 13:9,,
hahutumadia,26,GEN 13:16,,
nadua,26,GEN 18:7,,
tadikakagu,26,GEN 19:7,,
ḡeia,26,GEN 21:30,,
kakoro,26,GEN 24:25,,
loaloa,26,GEN 24:63,,
mokona,26,GEN 25:32,,
rakatanimu,26,GEN 28:15,,
muramuradia,26,GEN 37:25,,
itahuna,26,GEN 44:12,,
ḡiḡi,26,GEN 49:7,,
dadabaia,26,EXO 2:11,,
pepe,26,EXO 17:15,,
taku,26,EXO 19:22,,
iala-masena,26,EXO 21:13,,
araia,26,EXO 22:6,,
revarevana,26,EXO 28:36,,
hini,26,EXO 30:24,,
halahemu,26,EXO 34:6,,
haheḡanidia,26,EXO 34:11,,
toutou,26,LEV 13:4,,
hadikaiamu,26,LEV 14:44,,
hahetohodia,26,LEV 19:35,,
mamidia,26,NUM 11:8,,
hadoko,26,NUM 17:10,,
hagaudia,26,NUM 31:26,,
iboudai,26,DEU 5:3,,
basioto,26,DEU 8:17,,
haerodia,26,DEU 11:2,,
ola,26,DEU 11:10,,
ihahebubuna,26,DEU 21:7,,
hehunimu,26,DEU 27:24,,
latamai,26,JOS 10:6,,
oak,26,JOS 19:33,,
reḡe,26,1SA 15:14,,
seruia,26,1SA 26:6,,
hirama,26,2SA 5:10,,
dehe,26,1KI 6:3,,
kaivakukudia,26,1KI 14:9,,
ben-hadad,26,1KI 15:18,,
maraimu,26,2KI 19:26,,
kaunsil,26,2KI 25:19,,
hanania,26,1CH 3:19,,
hemataurai,26,1CH 16:27,,
darauese,26,EZR 4:5,,
roma,26,JHN 11:48,,
ita-itadia,25,GEN 2:9,,
turiagu,25,GEN 2:23,,
hekwarahimu,25,GEN 3:17,,
babada,25,GEN 6:4,,
didika,25,GEN 6:5,,
hadohado,25,GEN 8:22,,
mainomu,25,GEN 15:15,,
bata,25,GEN 18:8,,
ginia,25,GEN 19:4,,
hesiku,25,GEN 19:11,,
damena,25,GEN 19:26,,
hapapa,25,GEN 21:19,,
noholaiamu,25,GEN 21:23,,
kohuana,25,GEN 23:9,,
kamonaia,25,GEN 25:21,,
iboumai,25,GEN 26:10,,
kurokurodia,25,GEN 30:33,,
hagini,25,GEN 30:38,,
gadogu,25,GEN 39:15,,
toiosi,25,GEN 40:12,,
roge,25,GEN 41:34,,
itana,25,GEN 42:9,,
udaia,25,GEN 44:2,,
adavamui,25,GEN 45:19,,
lahedo,25,EXO 5:17,,
hahohodia,25,EXO 7:3,,
parapara,25,EXO 8:2,,
inihetomana,25,EXO 9:18,,
noi,25,EXO 12:35,,
asine,25,EXO 13:22,,
itadiamu,25,EXO 14:13,,
koroa,25,EXO 20:4,,
negemu,25,EXO 21:7,,
abi-torehai,25,EXO 22:25,,
hehelaḡa,25,EXO 22:31,,
vaina,25,EXO 25:7,,
doadia,25,EXO 29:12,,
karakara,25,EXO 31:3,,
siahumu,25,EXO 32:11,,
buloa,25,EXO 32:20,,
atomu,25,EXO 33:22,,
vareailaia,25,LEV 4:5,,
koikoina,25,LEV 20:2,,
ginidia,25,NUM 16:34,,
aranon,25,NUM 21:13,,
ikamonaina,25,DEU 29:19,,
hahelaga,25,JOS 6:4,,
dava-bada,25,JOS 6:24,,
heaumu,25,JOS 8:6,,
maladia,25,JDG 7:5,,
ḡonaḡonalaia,25,JDG 9:27,,
turagu,25,RUT 4:1,,
iḡaukaralaina,25,1SA 13:19,,
ahia,25,1SA 14:3,,
badinadiamu,25,1SA 15:11,,
ioram,25,2SA 8:10,,
daka,25,1KI 10:8,,
nebata,25,1KI 11:26,,
serubabele,25,1CH 3:19,,
ḡaḡae,25,2CH 32:31,,
boiomu,25,JOB 8:13,,
timoteo,25,ACT 16:1,,
loamu,24,GEN 1:28,,
bubuni,24,GEN 7:19,,
didi,24,GEN 8:19,,
ihararuana,24,GEN 9:24,,
kwalahuna,24,GEN 15:17,,
kwalahu,24,GEN 19:28,,
baiala,24,GEN 22:5,,
bogamu,24,GEN 25:23,,
siaimu,24,GEN 26:29,,
bavalaia,24,GEN 27:3,,
vadavada,24,GEN 28:12,,
rigidia,24,GEN 30:37,,
haboua,24,GEN 41:34,,
anianidia,24,GEN 41:35,,
varavaramui,24,GEN 42:19,,
haḡeredia,24,GEN 48:8,,
bamomui,24,GEN 48:21,,
idita,24,GEN 49:7,,
makiri,24,GEN 50:23,,
aurina,24,EXO 20:25,,
kunuka-kunuka,24,EXO 21:29,,
iduruna,24,EXO 23:5,,
hevaira,24,EXO 25:20,,
daha-toi,24,EXO 32:28,,
ahumui,24,LEV 10:15,,
sina,24,LEV 11:35,,
mauridia,24,LEV 14:4,,
eliab,24,NUM 1:9,,
gogodia,24,NUM 15:32,,
turiadia,24,NUM 24:8,,
hakwaidudia,24,NUM 24:8,,
kamonaiva,24,DEU 4:33,,
ira,24,DEU 19:5,,
revaia,24,JOS 6:17,,
hahonudia,24,JOS 9:13,,
lakisi,24,JOS 10:3,,
ekron,24,JOS 13:3,,
sisera,24,JDG 4:2,,
iotam,24,JDG 9:5,,
tahuava,24,JDG 14:4,,
kisa,24,1SA 9:1,,
hasaele,24,1KI 19:15,,
iehoahasa,24,2KI 10:35,,
mede,24,2KI 17:6,,
haboumu,24,1CH 27:27,,
tau-anigu,24,JOB 10:11,,
ḡonaḡona,24,JOB 17:2,,
lalo-duhu,24,JOB 36:12,,
moalelaimu,24,PSA 5:11,,
mu,24,PSA 31:18,,
antioka,24,ACT 6:5,,
hididia,23,GEN 1:18,,
ḡahuna,23,GEN 2:7,,
reḡua,23,GEN 2:15,,
kain,23,GEN 4:1,,
tadimu,23,GEN 4:9,,
ivilikou,23,GEN 4:21,,
rauna,23,GEN 8:11,,
gasa,23,GEN 10:19,,
gomora,23,GEN 10:19,,
haheparara,23,GEN 10:25,,
gabani,23,GEN 11:30,,
perisi,23,GEN 13:7,,
butua,23,GEN 15:12,,
ataga,23,GEN 18:6,,
rami-hebou,23,GEN 19:8,,
ḡolea,23,GEN 22:2,,
maaka,23,GEN 22:24,,
isiaigu,23,GEN 29:15,,
gadoi,23,GEN 29:20,,
natumai,23,GEN 31:16,,
lalo-dikamu,23,GEN 31:30,,
gwauta-hani,23,GEN 31:41,,
hisidia,23,GEN 34:25,,
boloa,23,GEN 41:14,,
hamaoromai,23,GEN 44:23,,
boirimui,23,GEN 46:33,,
aiodia,23,GEN 49:8,,
hahisia,23,GEN 49:23,,
ikwadina,23,GEN 50:10,,
nanadaigu,23,EXO 3:13,,
hakwaidua,23,EXO 12:46,,
halaodiamu,23,EXO 13:15,,
hunu,23,EXO 16:13,,
haero,23,EXO 18:22,,
mamoena,23,EXO 22:4,,
bavatodia,23,EXO 25:37,,
labora-laborana,23,EXO 27:4,,
dehorona,23,EXO 27:20,,
muro,23,EXO 30:23,,
makohi,23,EXO 32:19,,
rakuraku,23,LEV 1:7,,
og,23,NUM 21:20,,
mamaoro-mamaoro,23,DEU 4:8,,
hamatamu,23,DEU 26:17,,
maorodia,23,DEU 32:36,,
luda,23,JOS 7:1,,
tuan,23,JOS 8:22,,
taova,23,JDG 2:18,,
naomi,23,RUT 1:2,,
nabala,23,1SA 25:3,,
heaiva,23,2SA 8:2,,
maguna,23,1KI 9:15,,
maaseia,23,1CH 15:18,,
iesua,23,1CH 24:11,,
mamoedia,23,2CH 30:17,,
kurese,23,2CH 36:21,,
hekwara,23,NEH 5:14,,
hatamu,23,JOB 29:19,,
hahebou,22,GEN 1:9,,
atoamu,22,GEN 9:13,,
haran,22,GEN 11:26,,
vairai,22,GEN 17:21,,
ikerukeruna,22,GEN 18:4,,
boromakauna,22,GEN 18:8,,
doria,22,GEN 19:9,,
dekemai,22,GEN 24:25,,
imodaiamu,22,GEN 24:27,,
heita,22,GEN 31:49,,
hereḡu,22,GEN 39:23,,
ihahedinaraina,22,GEN 41:15,,
harua,22,GEN 41:32,,
karamui,22,GEN 44:17,,
siai,22,GEN 45:23,,
aniamu,22,GEN 49:9,,
daidai,22,EXO 2:23,,
nadab,22,EXO 6:23,,
dihu,22,EXO 8:3,,
iahu,22,EXO 10:9,,
rami,22,EXO 12:11,,
toma-diho,22,EXO 12:25,,
herea-dae,22,EXO 15:6,,
laḡadia,22,EXO 16:30,,
daigunina,22,EXO 25:12,,
hahelai-kau,22,EXO 26:19,,
ihua-ihua,22,EXO 26:32,,
ihahelai-kaudia,22,EXO 27:10,,
gaihona,22,EXO 30:23,,
habada,22,EXO 34:24,,
inarina,22,LEV 6:2,,
huadia,22,LEV 10:4,,
bibinana,22,LEV 13:45,,
manori,22,LEV 26:39,,
haheitalaidia,22,NUM 13:26,,
utumu,22,NUM 14:41,,
laumamu,22,DEU 4:9,,
aramu,22,DEU 29:23,,
hunidia,22,JOS 2:4,,
hahituosi,22,JOS 6:8,,
asdod,22,JOS 11:22,,
lo,22,RUT 1:13,,
tohe,22,1SA 2:14,,
rauaia,22,1SA 14:45,,
loulouva,22,1SA 18:30,,
tahugu,22,1SA 27:1,,
rahudia,22,2SA 5:25,,
heḡahusi,22,2SA 13:2,,
daragu,22,2SA 24:14,,
ohe,22,1KI 7:29,,
ava-keikei,22,1KI 7:32,,
queen,22,1KI 11:19,,
obadia,22,1KI 18:3,,
daha-hitu,22,1KI 20:30,,
naboto,22,1KI 21:1,,
iehoram,22,1KI 22:50,,
ura-kwalimu,22,2KI 12:4,,
hisi-ani,22,2KI 13:4,,
iohanan,22,1CH 3:15,,
susa,22,EZR 4:9,,
laroa,22,JOB 3:9,,
namonamomu,22,JOB 3:18,,
heude-heudemu,22,JOB 9:6,,
efeso,22,ACT 18:19,,
rau,21,GEN 3:14,,
hamaorolaimu,21,GEN 12:1,,
ihagwauta-hanina,21,GEN 14:5,,
hadikagu,21,GEN 16:5,,
hahinemu,21,GEN 16:8,,
koidia,21,GEN 21:23,,
maiva,21,GEN 24:63,,
taravadia,21,GEN 26:11,,
kurea,21,GEN 29:3,,
pipikina,21,GEN 30:15,,
revarevadia,21,GEN 30:32,,
bamoava,21,GEN 39:3,,
hairaigu,21,GEN 45:13,,
gera,21,GEN 46:21,,
itamara,21,EXO 6:23,,
hamirodia,21,EXO 20:25,,
hetaru,21,EXO 22:27,,
-na,21,EXO 25:39,,
kurokuro,21,EXO 28:6,,
ihahelaḡadia,21,EXO 29:27,,
ihataurahani-tana,21,LEV 23:32,,
kwanau,21,NUM 3:26,,
ihagwauta-ruana,21,NUM 7:78,,
hadibalaia,21,NUM 8:4,,
gwau-kau,21,NUM 22:37,,
aonegadia,21,DEU 1:13,,
kudoumui,21,DEU 1:29,,
haheitalaigu,21,DEU 3:24,,
kamonaidia,21,DEU 4:1,,
uhau,21,DEU 7:3,,
iabidia,21,DEU 9:9,,
hamoalea,21,DEU 24:5,,
haginiamu,21,DEU 27:15,,
taiamui,21,DEU 30:17,,
igwauraina,21,JDG 7:15,,
dagu,21,JDG 7:21,,
mavaru,21,JDG 21:21,,
dabaidia,21,JDG 21:21,,
kwaidu,21,1SA 4:18,,
ioel,21,1SA 8:2,,
gorerea,21,1SA 19:14,,
akisi,21,1SA 21:10,,
hadadesere,21,2SA 8:3,,
seraia,21,2SA 8:17,,
hanohoa,21,1KI 11:34,,
hekwadi,21,1KI 12:11,,
iesebel,21,1KI 18:4,,
roharoha,21,1KI 20:7,,
amon,21,1KI 22:26,,
taiamu,21,2KI 19:16,,
netania,21,2KI 25:23,,
itataodia,21,1CH 26:24,,
hahedibava,21,2CH 17:9,,
rakataniamu,21,JOB 6:14,,
ihamaurigu,21,JOB 19:25,,
ihabaimui,21,AMO 5:18,,
anibou,21,MAT 23:6,,
heherea,20,GEN 1:31,,
laḡana,20,GEN 2:7,,
sila,20,GEN 4:19,,
ibolona,20,GEN 4:25,,
kororo,20,GEN 8:1,,
nineve,20,GEN 10:11,,
hapararaia,20,GEN 14:15,,
imatauraina,20,GEN 20:11,,
ibodohilaina,20,GEN 22:13,,
heruha,20,GEN 24:8,,
kahugu,20,GEN 24:54,,
harahua,20,GEN 27:27,,
alamu,20,GEN 27:42,,
rosia,20,GEN 29:13,,
gwauraigu,20,GEN 30:33,,
henidamu,20,GEN 31:48,,
perese,20,GEN 38:29,,
habadua,20,GEN 40:1,,
naridia,20,GEN 40:4,,
edai,20,GEN 42:21,,
hesron,20,GEN 46:9,,
naaman,20,GEN 46:21,,
lasiva,20,EXO 3:2,,
ḡaraḡarana,20,EXO 11:8,,
hetabira,20,EXO 12:4,,
domaga,20,EXO 12:37,,
hahodi,20,EXO 15:8,,
momorudia,20,EXO 25:38,,
vaiurina,20,EXO 26:4,,
nevaria,20,EXO 30:26,,
ihagaudia,20,EXO 38:21,,
abitorehai,20,LEV 6:2,,
bodo,20,LEV 6:12,,
berona,20,LEV 13:10,,
berodia,20,LEV 13:16,,
goreredia,20,LEV 14:54,,
gunava,20,LEV 18:27,,
hahemiro,20,LEV 18:30,,
ihagwautadia,20,LEV 27:32,,
taruhana,20,NUM 5:3,,
roromu,20,DEU 32:11,,
anatoto,20,JOS 21:18,,
ha-araia,20,JDG 9:49,,
siriho,20,JDG 15:14,,
reḡereḡena,20,JDG 16:2,,
ḡoumu,20,1SA 15:14,,
urana,20,1SA 20:13,,
asahele,20,2SA 2:17,,
obed-edom,20,2SA 6:10,,
ahitofel,20,2SA 15:12,,
ikahagu,20,2SA 23:5,,
ramoto-gilead,20,1KI 4:13,,
kokoroku,20,1KI 4:23,,
arabia,20,1KI 10:15,,
gerebu-taurahani,20,1KI 12:21,,
omri,20,1KI 16:16,,
iehoasa,20,2KI 11:21,,
noho-namo,20,2KI 20:19,,
ahikama,20,2KI 22:12,,
heaḡilaiamu,20,JOB 37:24,,
moalelaidiamu,20,PSA 16:3,,
keherena,20,PSA 116:13,,
nadinadidia,19,GEN 1:11,,
daia,19,GEN 2:21,,
hidiogu,19,GEN 2:23,,
gadomu,19,GEN 3:10,,
darena,19,GEN 3:24,,
davarigu,19,GEN 4:14,,
sem,19,GEN 5:32,,
garamui,19,GEN 9:9,,
nahoro,19,GEN 11:22,,
iduahidia,19,GEN 13:16,,
badidiai,19,GEN 13:18,,
refaim,19,GEN 14:5,,
bo,19,GEN 16:8,,
ihabua-tarina,19,GEN 19:15,,
kirikirilaia,19,GEN 21:9,,
kilograms,19,GEN 23:16,,
momona,19,GEN 24:25,,
siba,19,GEN 26:33,,
gunamu,19,GEN 29:26,,
teman,19,GEN 36:11,,
elaha,19,GEN 36:41,,
igabuna,19,GEN 40:1,,
huria,19,GEN 43:31,,
lasidia,19,GEN 44:4,,
biagumui,19,GEN 44:9,,
dadaraidiamu,19,GEN 46:34,,
duna,19,GEN 47:31,,
malagu,19,EXO 4:10,,
haḡanilaia,19,EXO 6:13,,
hahisimui,19,EXO 9:15,,
nahuamu,19,EXO 10:28,,
hegogona,19,EXO 12:6,,
bahu,19,EXO 16:19,,
mana,19,EXO 16:31,,
nadinadi,19,EXO 16:31,,
kurokurona,19,EXO 16:31,,
dibaḡania,19,EXO 17:7,,
sapairo,19,EXO 24:10,,
guhina,19,EXO 26:14,,
hedare,19,EXO 28:32,,
huridia,19,EXO 29:17,,
moalelai,19,EXO 31:17,,
tame,19,EXO 34:27,,
vareailai,19,LEV 6:30,,
daudia,19,LEV 11:8,,
kebere,19,LEV 14:10,,
ialonai,19,LEV 24:3,,
iubile,19,LEV 25:10,,
gadeadia,19,LEV 26:13,,
ilao-ahuna,19,NUM 1:53,,
snow,19,NUM 12:10,,
imamai,19,NUM 21:2,,
haḡanigu,19,NUM 23:20,,
laimaosi,19,NUM 31:8,,
libna,19,NUM 33:20,,
ialana,19,NUM 35:20,,
hamaorolaigu,19,DEU 5:28,,
habadaiamu,19,DEU 33:20,,
duahi,19,JOS 8:34,,
vine-ranuna,19,JOS 9:4,,
hasoro,19,JOS 11:1,,
bete-semese,19,JOS 15:10,,
henari,19,JDG 3:25,,
hosidia,19,JDG 5:22,,
haloa,19,RUT 2:13,,
taitaimu,19,1SA 1:8,,
perovetava,19,1SA 10:11,,
abigail,19,1SA 25:1,,
dikadikamu,19,2SA 17:8,,
herevalaiamu,19,2SA 19:10,,
sosana,19,1KI 7:19,,
aivori,19,1KI 10:18,,
nariava,19,1KI 20:33,,
atalia,19,2KI 8:26,,
matania,19,2KI 24:17,,
amaria,19,1CH 6:7,,
hasabia,19,1CH 6:45,,
tobia,19,2CH 17:8,,
hebeatai,19,2CH 33:19,,
huo,19,JOB 18:8,,
bavabidadama,19,JOB 39:11,,
gwarumedia,18,GEN 1:26,,
ihavaradia,18,GEN 2:4,,
eden,18,GEN 2:8,,
sinahu-taurahani,18,GEN 5:4,,
gwauta-ima,18,GEN 5:10,,
sarai,18,GEN 11:29,,
hagara,18,GEN 16:1,,
ubua,18,GEN 21:7,,
hanamomumu,18,GEN 26:29,,
uduguiraidia,18,GEN 27:29,,
toutoudia,18,GEN 30:32,,
malokihi,18,GEN 32:22,,
sukoto,18,GEN 33:17,,
hatoamu,18,GEN 35:20,,
baitato,18,GEN 37:20,,
lasihia,18,GEN 37:29,,
hahebubua,18,GEN 38:9,,
heḡereḡeremu,18,GEN 41:39,,
eremu,18,GEN 41:40,,
ama,18,GEN 42:7,,
ruaia,18,GEN 45:6,,
bavato,18,GEN 45:17,,
laima,18,GEN 47:2,,
mataia,18,GEN 49:11,,
helalolaia,18,EXO 2:24,,
usiele,18,EXO 6:18,,
dogodia,18,EXO 9:2,,
avana,18,EXO 10:15,,
hatubu,18,EXO 12:15,,
kahagu,18,EXO 13:8,,
vaiuridia,18,EXO 25:4,,
mia-kakadia,18,EXO 25:4,,
hetoi,18,EXO 25:27,,
ikoko,18,EXO 26:17,,
igau,18,EXO 26:37,,
gwauta-raruosi,18,EXO 28:21,,
davedave,18,EXO 29:24,,
ihahelaḡana,18,EXO 29:26,,
ialadia,18,EXO 32:12,,
rohoa,18,EXO 32:32,,
tua,18,EXO 37:21,,
lahaina,18,LEV 10:4,,
daea,18,LEV 13:2,,
elisama,18,NUM 1:10,,
nauna,18,NUM 7:14,,
bubu,18,NUM 16:37,,
haga,18,NUM 23:9,,
hatoi,18,NUM 24:10,,
tirisa,18,NUM 26:33,,
konena,18,NUM 34:6,,
turamu,18,DEU 13:6,,
dika-rohorohona,18,DEU 17:1,,
pada,18,DEU 24:21,,
vabuna,18,DEU 25:9,,
udu,18,DEU 28:37,,
hadoamu,18,DEU 29:23,,
rahaba,18,JOS 2:1,,
keila,18,JOS 15:44,,
geba,18,JOS 18:24,,
sibomai,18,JOS 24:22,,
gimadia,18,JDG 7:24,,
manoa,18,JDG 13:2,,
taodia,18,JDG 20:13,,
ituari-henidia,18,JDG 20:31,,
daredia,18,JDG 20:46,,
ahitubu,18,1SA 14:3,,
hegwauhamata,18,1SA 18:3,,
hatai,18,1SA 18:6,,
ahimelek,18,1SA 21:1,,
inumu,18,2SA 19:35,,
moaleva,18,1KI 4:20,,
reke,18,1KI 7:18,,
ruahui-ima,18,2KI 14:2,,
pepana,18,EZR 4:6,,
rohorohomu,18,EST 3:8,,
bogaragimu,18,PSA 116:19,,
noimuimu,18,ISA 5:3,,
harorolaiamu,18,NAM 1:15,,
kaperanaum,18,MAT 4:13,,
kaisarea,18,MAT 16:13,,
hadiaria,17,GEN 1:15,,
hadokodia,17,GEN 2:2,,
karalaia,17,GEN 2:22,,
idavarina,17,GEN 4:15,,
dikoana,17,GEN 5:6,,
ham,17,GEN 5:32,,
padadai,17,GEN 9:16,,
rakalaia,17,GEN 9:23,,
kusu,17,GEN 10:6,,
aram,17,GEN 10:22,,
avabi,17,GEN 18:6,,
guhi,17,GEN 19:8,,
muritai,17,GEN 19:35,,
mirina,17,GEN 22:17,,
eregu,17,GEN 22:18,,
kuri,17,GEN 24:14,,
hetahu,17,GEN 31:35,,
bamomai,17,GEN 34:15,,
ha-ore,17,GEN 34:29,,
habadelaidia,17,GEN 37:2,,
tadikaka,17,GEN 42:13,,
davarimu,17,GEN 46:30,,
laohaigu,17,GEN 47:30,,
itamui,17,GEN 48:11,,
hekori,17,GEN 49:17,,
nadi-ginina,17,GEN 49:24,,
gagadoi,17,EXO 1:9,,
horeb,17,EXO 3:1,,
aminadab,17,EXO 6:23,,
idibadia,17,EXO 14:29,,
veve,17,EXO 15:15,,
haheitalaia,17,EXO 15:25,,
daudauna,17,EXO 19:13,,
rahurahu,17,EXO 19:19,,
sisi,17,EXO 32:20,,
hakaradia,17,EXO 32:21,,
habuamui,17,EXO 33:3,,
hadibalaigu,17,EXO 33:13,,
hedinaraiva,17,EXO 34:10,,
tara,17,EXO 34:13,,
kokia,17,EXO 34:34,,
ḡaukaralaia,17,EXO 38:24,,
igabu,17,LEV 7:14,,
masena,17,LEV 14:51,,
doruna,17,LEV 15:9,,
hemaraina,17,NUM 12:14,,
hosea,17,NUM 13:8,,
mikael,17,NUM 13:13,,
astaroto,17,DEU 1:4,,
au-tubuadia,17,DEU 7:5,,
ikwadilaina,17,DEU 16:13,,
ḡava,17,DEU 16:20,,
kererena,17,DEU 21:8,,
momomu,17,DEU 21:20,,
habadugu,17,DEU 32:21,,
ikwarana,17,JOS 9:15,,
maragina,17,JOS 17:9,,
taho,17,JDG 8:25,,
haloudia,17,JDG 9:57,,
gerebu-hani,17,JDG 12:6,,
helaga,17,JDG 13:7,,
ruta,17,RUT 1:4,,
hekureva,17,1SA 3:2,,
boga-auka,17,1SA 10:26,,
daimai,17,1SA 12:19,,
nere,17,1SA 14:50,,
daḡedaḡena,17,1SA 25:3,,
usa,17,2SA 6:3,,
inaridia,17,2SA 8:16,,
amasa,17,2SA 17:25,,
inuna,17,2SA 23:17,,
sinavaidia,17,2SA 23:30,,
ihahetohona,17,1KI 6:25,,
mahutamu,17,1KI 18:27,,
hetao,17,2KI 5:18,,
rabsake,17,2KI 18:17,,
reḡereḡedia,17,2KI 18:36,,
heihi-ihirai,17,2KI 19:27,,
eliasibi,17,1CH 3:24,,
iala-masedia,17,2CH 25:14,,
dahu,17,JOB 28:4,,
hekamonaimu,17,JOB 37:4,,
motumotu,17,PSA 72:10,,
kekenimu,17,SNG 7:1,,
hekeho,17,ISA 24:18,,
hahevahu,17,ISA 51:19,,
davamui,17,ISA 52:3,,
huala,17,JER 51:34,,
koigu,16,GEN 3:13,,
hegiro,16,GEN 3:24,,
auri-laboralabora,16,GEN 4:22,,
hidaosi,16,GEN 8:20,,
ebere,16,GEN 10:21,,
kade,16,GEN 14:7,,
kopukopu,16,GEN 14:10,,
hamasea,16,GEN 20:4,,
basinela,16,GEN 21:10,,
murimurina,16,GEN 24:11,,
haduagu,16,GEN 24:37,,
taihudia,16,GEN 24:59,,
ḡei,16,GEN 26:15,,
hadokilaia,16,GEN 27:15,,
kudouna,16,GEN 27:33,,
hadaiamu,16,GEN 27:42,,
ahumai,16,GEN 31:14,,
mahanaim,16,GEN 32:2,,
reuele,16,GEN 36:4,,
dokia,16,GEN 37:23,,
tuhutuhuna,16,GEN 41:5,,
harimu,16,GEN 41:15,,
latadai,16,GEN 42:22,,
hahonu,16,GEN 42:25,,
gwauta-tauratoi,16,GEN 46:18,,
heubu,16,GEN 47:22,,
agu,16,EXO 5:1,,
hametaua,16,EXO 5:9,,
haḡanilaidia,16,EXO 6:13,,
mali,16,EXO 6:19,,
medu-hetari,16,EXO 9:23,,
urua,16,EXO 12:22,,
nanadaimu,16,EXO 13:14,,
habubunidia,16,EXO 14:28,,
hetahamu,16,EXO 15:14,,
ihamaurimu,16,EXO 15:26,,
huru,16,EXO 17:10,,
heraherana,16,EXO 25:31,,
imaosi,16,EXO 26:4,,
hakapu-tao,16,EXO 26:6,,
urim,16,EXO 28:30,,
taḡena,16,EXO 29:14,,
helada,16,EXO 34:5,,
davea,16,LEV 7:30,,
iabi-ohodia,16,LEV 9:15,,
naua,16,LEV 13:33,,
kwaramui,16,LEV 19:27,,
atokauna,16,LEV 27:13,,
ihagwauta-tana,16,NUM 7:72,,
hadonoa,16,NUM 11:33,,
habouamu,16,NUM 19:10,,
noholaidia,16,NUM 21:25,,
kwadia,16,NUM 22:23,,
heduru,16,NUM 25:2,,
aroere,16,NUM 32:34,,
roroma,16,NUM 35:16,,
karukarudia,16,DEU 1:39,,
gwauraidiamu,16,DEU 2:11,,
raba,16,DEU 3:11,,
hanamodiamu,16,DEU 10:18,,
haḡanimuimu,16,DEU 19:7,,
rami-hebouna,16,DEU 22:19,,
sirimu,16,DEU 27:18,,
karadiamu,16,DEU 28:36,,
teio,16,DEU 29:23,,
hadibamu,16,DEU 32:7,,
guimu,16,DEU 33:26,,
inoholaidia,16,JDG 5:24,,
havara-havara,16,JDG 14:17,,
daelaia,16,1SA 6:21,,
mikala,16,1SA 14:49,,
ahimasa,16,1SA 14:50,,
ohedia,16,2SA 2:16,,
rekab,16,2SA 4:2,,
hahani,16,2SA 12:6,,
mailaiamu,16,2SA 18:25,,
hahelaia,16,2SA 21:10,,
ḡeḡegu,16,2SA 22:5,,
lalo-ḡoevaḡoeva,16,2SA 22:27,,
hemana,16,1KI 4:31,,
tonnes,16,1KI 9:14,,
koimui,16,2KI 18:32,,
iehoiakini,16,2KI 24:7,,
malkia,16,1CH 6:40,,
pasahuru,16,1CH 9:12,,
botabota,16,1CH 13:8,,
daramui,16,1CH 22:19,,
nahuana,16,2CH 27:6,,
iheatolaina,16,NEH 12:46,,
damuna,16,JOB 4:11,,
mala,16,JOB 5:21,,
tohomu,16,JOB 12:11,,
koe-hirihiri,16,JOB 37:9,,
kerehaimu,16,JOB 39:22,,
manokamu,16,PSA 6:2,,
anerudia,16,PSA 78:49,,
lasaro,16,LUK 16:20,,
huaria,15,GEN 3:15,,
ada,15,GEN 4:19,,
iḡaukaralaidia,15,GEN 4:22,,
imada,15,GEN 5:29,,
atua,15,GEN 6:18,,
harohoa,15,GEN 8:6,,
kaukau,15,GEN 8:13,,
lokua,15,GEN 13:18,,
eliesere,15,GEN 15:2,,
maoromaoromu,15,GEN 17:1,,
heḡore,15,GEN 18:15,,
noidia,15,GEN 19:3,,
vara-edeana,15,GEN 22:2,,
iura-henina,15,GEN 24:67,,
hadad,15,GEN 25:15,,
valahu-valahu,15,GEN 27:1,,
tau-muritai,15,GEN 27:15,,
davagu,15,GEN 30:32,,
iutudia,15,GEN 31:19,,
hisihisiva,15,GEN 40:6,,
l,15,GEN 41:26,,
gosen,15,GEN 45:10,,
hakapua,15,GEN 46:4,,
durumu,15,GEN 49:25,,
gunalaidia,15,EXO 1:5,,
mamia,15,EXO 3:19,,
dadabadia,15,EXO 5:14,,
amram,15,EXO 6:18,,
nason,15,EXO 6:23,,
hapararadia,15,EXO 8:22,,
rudia,15,EXO 8:29,,
guba-rahu,15,EXO 9:23,,
odadia,15,EXO 10:19,,
dahulai,15,EXO 12:7,,
iḡuina,15,EXO 12:22,,
senemu,15,EXO 13:5,,
gaiho,15,EXO 15:25,,
sin,15,EXO 16:1,,
ihagwauta-imana,15,EXO 16:1,,
ranu-mase,15,EXO 17:3,,
laga,15,EXO 19:18,,
basineto,15,EXO 20:7,,
heraḡa,15,EXO 21:27,,
namomu,15,EXO 25:2,,
digina,15,EXO 25:25,,
buredia,15,EXO 25:33,,
ikaruhina,15,EXO 30:6,,
halaomai,15,EXO 34:9,,
hekise-hekise,15,EXO 34:24,,
iasi,15,LEV 4:12,,
gabana,15,LEV 8:7,,
imodaigu,15,LEV 10:3,,
kito,15,LEV 11:16,,
gudu,15,LEV 13:2,,
madunana,15,LEV 20:17,,
nadinadina,15,LEV 21:20,,
hahisihisidia,15,LEV 25:46,,
homere,15,LEV 27:16,,
ihaginina,15,NUM 4:32,,
huro,15,NUM 11:8,,
hetomana,15,NUM 15:13,,
ibadinadia,15,NUM 15:24,,
ilao-ahudia,15,NUM 20:20,,
simiri,15,NUM 25:14,,
iḡavana,15,NUM 32:15,,
hagoadaia,15,DEU 2:30,,
gesuru,15,DEU 3:14,,
haḡanilaimui,15,DEU 5:33,,
kudougu,15,DEU 9:19,,
hahekau,15,DEU 9:28,,
moi,15,DEU 11:24,,
senegu,15,DEU 26:5,,
abiva,15,DEU 33:3,,
inaimai,15,JOS 5:13,,
kiriat-iearimi,15,JOS 9:17,,
eglon,15,JOS 10:3,,
gesere,15,JOS 10:33,,
sema,15,JOS 15:26,,
rimon,15,JOS 15:32,,
itomadiho-henina,15,JOS 22:25,,
barak,15,JDG 4:6,,
ihabaigu,15,JDG 6:22,,
henimaimu,15,JDG 15:10,,
henegalaia,15,JDG 19:30,,
daha-taurahani,15,JDG 20:25,,
lasihidia,15,JDG 21:9,,
ierohama,15,1SA 1:1,,
hana,15,1SA 1:2,,
kehodia,15,1SA 3:15,,
iabese,15,1SA 11:1,,
lonatan,15,1SA 14:3,,
hadava,15,1SA 14:24,,
moalelaidia,15,1SA 15:22,,
anena,15,2SA 1:17,,
isiboset,15,2SA 2:8,,
sefatia,15,2SA 3:4,,
hamaoromumu,15,2SA 7:11,,
habodoa,15,2SA 14:7,,
raka-hanai,15,2SA 20:12,,
lalo-maoromaoro,15,1KI 3:6,,
ido,15,1KI 4:14,,
mina,15,1KI 10:17,,
asera,15,1KI 15:13,,
mamase,15,1KI 20:29,,
pataia,15,1KI 22:24,,
helagadia,15,1KI 22:43,,
eliakim,15,2KI 18:18,,
nebusaradana,15,2KI 25:8,,
aratasasta,15,EZR 4:7,,
eva-evamu,15,JOB 1:7,,
hekwakwanaimu,15,JOB 12:5,,
dikamu,15,JOB 21:10,,
lena,15,JOB 26:13,,
aha,15,JOB 39:25,,
hesikumu,15,PSA 6:6,,
kunumu,15,PSA 36:8,,
apolo,15,SNG 2:3,,
sadaraka,15,DAN 1:7,,
mesaka,15,DAN 1:7,,
abedenego,15,DAN 1:7,,
tito,15,2CO 2:13,,
loava,14,GEN 1:2,,
onuku,14,GEN 2:12,,
ḡaḡaedia,14,GEN 3:7,,
heḡereḡeregu,14,GEN 3:22,,
heheniva,14,GEN 5:22,,
hadika,14,GEN 6:12,,
kou,14,GEN 8:2,,
lababadia,14,GEN 10:11,,
tera,14,GEN 11:24,,
bela,14,GEN 14:2,,
suru,14,GEN 16:7,,
ihahemaoro-henina,14,GEN 18:25,,
goadagu,14,GEN 19:19,,
maun,14,GEN 21:5,,
paḡana,14,GEN 21:14,,
hane-ulatona,14,GEN 21:21,,
efron,14,GEN 23:8,,
k,14,GEN 23:16,,
mamuna,14,GEN 24:9,,
ḡuriḡuriva,14,GEN 24:45,,
taiva,14,GEN 24:67,,
hadibalaimu,14,GEN 26:2,,
atu,14,GEN 26:11,,
pauana,14,GEN 27:3,,
ihanamomu,14,GEN 27:35,,
ihaboudia,14,GEN 29:7,,
mama,14,GEN 30:1,,
henaoa,14,GEN 30:15,,
dadidia,14,GEN 31:31,,
efrata,14,GEN 35:16,,
elifasa,14,GEN 36:4,,
gwaugwau,14,GEN 37:10,,
rioa,14,GEN 37:34,,
dorudia,14,GEN 42:26,,
bagu-haoro,14,GEN 44:15,,
tuina,14,GEN 48:12,,
haoa,14,GEN 49:9,,
gaigaina,14,GEN 49:17,,
dahua,14,GEN 50:2,,
hururu,14,EXO 3:2,,
bodaga,14,EXO 7:18,,
idaina,14,EXO 8:10,,
haheitalaimu,14,EXO 9:16,,
medu-hetarina,14,EXO 9:22,,
ikaralaidia,14,EXO 9:31,,
alamui,14,EXO 12:13,,
ihatubuna,14,EXO 12:19,,
namonamova,14,EXO 14:25,,
miriama,14,EXO 15:20,,
tareko,14,EXO 15:20,,
maumauraia,14,EXO 15:24,,
urodia,14,EXO 16:3,,
bogamai,14,EXO 16:3,,
diaridiarina,14,EXO 16:10,,
haḡanimu,14,EXO 18:23,,
ratana,14,EXO 23:19,,
haheraia,14,EXO 25:11,,
bogaragi,14,EXO 26:28,,
iudalaina,14,EXO 27:3,,
atagana,14,EXO 29:23,,
haḡole,14,EXO 30:20,,
gaihodia,14,EXO 30:34,,
hururu-hururu,14,EXO 34:29,,
ikorodia,14,EXO 35:33,,
gaukara,14,EXO 39:31,,
rohomu,14,LEV 11:46,,
iou,14,LEV 13:27,,
ihaḡoevana,14,LEV 14:2,,
bolodia,14,LEV 14:42,,
hododia,14,LEV 20:27,,
hekoi,14,LEV 25:17,,
hoalaia,14,LEV 26:32,,
netanele,14,NUM 1:8,,
herahiadia,14,NUM 7:84,,
inuamu,14,NUM 11:12,,
dadaraigu,14,NUM 14:11,,
kahimu,14,NUM 17:13,,
boirigu,14,NUM 23:7,,
ihi-ihiraia,14,NUM 23:7,,
heremon,14,DEU 3:8,,
hadibalaimui,14,DEU 4:1,,
dadaraimu,14,DEU 7:25,,
daudaudia,14,DEU 13:7,,
umana,14,DEU 23:25,,
raraidia,14,DEU 28:32,,
lalohadai,14,DEU 31:21,,
gimaiamu,14,DEU 32:10,,
revadia,14,JOS 7:1,,
debiri,14,JOS 10:3,,
komumu,14,JOS 10:17,,
siklag,14,JOS 15:31,,
itava,14,JOS 24:31,,
herevalaimu,14,JDG 5:11,,
hagaria,14,JDG 6:25,,
hahemaraigu,14,JDG 11:35,,
havevea,14,JDG 17:4,,
taga,14,RUT 2:1,,
maraḡimu,14,1SA 2:29,,
lalo-hekwarahi,14,1SA 9:5,,
taogu,14,1SA 22:8,,
atogu,14,1SA 23:11,,
hahedai,14,2SA 3:10,,
mefiboset,14,2SA 4:4,,
hagau-hagau,14,2SA 6:19,,
tekoa,14,2SA 14:2,,
husai,14,2SA 15:32,,
marere-marere,14,2SA 22:8,,
lalo-manau,14,2SA 22:28,,
haginigu,14,2SA 22:34,,
hadibadiamu,14,2SA 22:35,,
loulaidia,14,1KI 2:40,,
doriva-dorivana,14,1KI 8:27,,
lagatoidia,14,1KI 10:22,,
negegu,14,1KI 14:9,,
gaukaradia,14,1KI 16:7,,
gehasi,14,2KI 4:12,,
peka,14,2KI 15:25,,
karea,14,2KI 25:23,,
usisi,14,1CH 6:5,,
dibaiamu,14,1CH 17:18,,
hegwaurai,14,2CH 28:15,,
taoa,14,2CH 28:19,,
ihamomokanidia,14,EZR 2:59,,
hemaraimu,14,EZR 9:6,,
gageva-gagevadia,14,JOB 13:7,,
papapapa,14,JOB 19:24,,
ḡanaḡanamu,14,JOB 23:2,,
hamaorodiamu,14,JOB 34:18,,
hamoaleamu,14,PSA 94:19,,
kaivakukuna,14,PSA 106:19,,
heura,14,PRO 7:18,,
ikouna,14,SNG 5:4,,
hatoredia,14,ISA 9:11,,
mata-bodaga,14,JER 2:33,,
ihamoalena,14,JER 15:16,,
sirihona,14,EZK 40:3,,
sadukea,14,MAT 3:7,,
harorolaiava,14,MAT 4:23,,
tamanudia,14,MAT 9:30,,
mareta,14,LUK 10:37,,
hure,14,JHN 2:13,,
festo,14,ACT 24:27,,
ado,13,GEN 1:5,,
hisina,13,GEN 3:16,,
ofiri,13,GEN 10:29,,
kene,13,GEN 15:19,,
natuda,13,GEN 19:32,,
gau,13,GEN 21:7,,
ha-inulaidia,13,GEN 24:14,,
ulatona,13,GEN 24:14,,
haneulato,13,GEN 24:16,,
burukana,13,GEN 24:36,,
kedara,13,GEN 25:13,,
damudia,13,GEN 25:28,,
hagania,13,GEN 28:1,,
idaumu,13,GEN 31:5,,
hamoro,13,GEN 33:19,,
tahudiamu,13,GEN 37:16,,
timuna,13,GEN 38:12,,
ita-taona,13,GEN 39:4,,
kougu,13,GEN 40:15,,
taua,13,GEN 40:22,,
helalolai,13,GEN 42:9,,
tadimui,13,GEN 42:15,,
benai,13,GEN 43:29,,
kahumui,13,GEN 44:10,,
haḡanimai,13,GEN 44:21,,
gunalaimui,13,GEN 45:5,,
udadia,13,GEN 45:19,,
reina,13,GEN 47:4,,
hamauridiava,13,EXO 1:17,,
bibinagu,13,EXO 6:12,,
hadonodia,13,EXO 7:12,,
karalai,13,EXO 9:31,,
hebouna,13,EXO 12:19,,
dihuna,13,EXO 12:22,,
bame,13,EXO 12:48,,
hurehuredia,13,EXO 15:19,,
hagagevaia,13,EXO 23:6,,
mamaruane,13,EXO 23:17,,
palakadia,13,EXO 24:12,,
ihaḡoevadia,13,EXO 25:38,,
ikaralaina,13,EXO 25:39,,
hakapudia,13,EXO 26:6,,
hetau,13,EXO 26:12,,
igabudia,13,EXO 30:1,,
haheḡanina,13,EXO 30:21,,
lalo-auka,13,EXO 32:9,,
bodagadia,13,LEV 20:23,,
noholai,13,LEV 23:42,,
tau-animui,13,LEV 26:30,,
hakarohomui,13,LEV 26:33,,
reḡu,13,NUM 3:25,,
nasiri,13,NUM 6:2,,
igunalaidia,13,NUM 10:15,,
harohodia,13,NUM 11:31,,
lefune,13,NUM 13:6,,
ialodiai,13,NUM 15:21,,
boirimu,13,NUM 22:37,,
agag,13,NUM 24:7,,
itomadiho-henidia,13,NUM 25:3,,
nebo,13,NUM 32:3,,
hahavaia,13,DEU 19:6,,
udumui,13,DEU 28:27,,
hadihodia,13,DEU 28:60,,
hedai,13,DEU 32:15,,
senu,13,DEU 32:23,,
lalodiamu,13,DEU 33:9,,
rauadia,13,JOS 6:25,,
han,13,JOS 10:27,,
askelono,13,JOS 13:3,,
hegereḡerena,13,JOS 14:12,,
hinom,13,JOS 15:8,,
sifi,13,JOS 15:24,,
hamomokanidia,13,JOS 21:45,,
gwauta-taurahani,13,JDG 3:14,,
iabese-gilead,13,JDG 21:8,,
obed,13,RUT 4:17,,
badava,13,1SA 1:10,,
kavabu,13,1SA 10:1,,
heḡeḡemu,13,1SA 10:1,,
ruarua,13,1SA 13:20,,
heḡaeḡaemu,13,1SA 17:8,,
bea,13,1SA 17:34,,
vareaiva,13,1SA 18:13,,
raragu,13,1SA 26:20,,
kesidia,13,2SA 8:7,,
pepadia,13,2SA 8:16,,
barasilai,13,2SA 17:27,,
netofa,13,2SA 23:28,,
udunana,13,1KI 7:15,,
helaina,13,1KI 13:14,,
ḡoeva-daedia,13,1KI 14:26,,
remalia,13,2KI 15:25,,
senakerib,13,2KI 18:13,,
sealtiele,13,1CH 3:17,,
taurahanita-ahui,13,1CH 9:6,,
iehiele,13,1CH 15:18,,
lohilohi,13,NEH 2:14,,
anania,13,NEH 3:23,,
dara-doko,13,JOB 6:26,,
harohogu,13,JOB 10:7,,
gwauraimui,13,JOB 13:5,,
huniamu,13,JOB 13:24,,
iruru-matagu,13,JOB 16:20,,
tutuka-tutukamu,13,JOB 21:8,,
loaloamu,13,JOB 24:10,,
hamaoroamu,13,JOB 34:18,,
badabadamu,13,JOB 36:28,,
idoaia,13,JOB 40:24,,
ḡoevaḡoevamu,13,PSA 15:2,,
ḡuriḡurimu,13,PSA 38:16,,
hanamomuimu,13,PSA 118:26,,
kupro,13,ISA 23:1,,
andrea,13,MAT 4:18,,
betania,13,MAT 21:17,,
magdala,13,MAT 27:56,,
sakaria,13,LUK 1:4,,
elisabeta,13,LUK 1:4,,
iharorolaina,13,JHN 1:8,,
hariharina,13,ACT 2:38,,
agripa,13,ACT 25:12,,
rahi,12,GEN 1:5,,
raudia,12,GEN 1:30,,
hapariparia,12,GEN 2:6,,
abel,12,GEN 4:2,,
enok,12,GEN 4:17,,
soara,12,GEN 13:10,,
melkisedek,12,GEN 14:16,,
kerea,12,GEN 15:9,,
kikina-badana,12,GEN 19:4,,
bogaragidai,12,GEN 19:9,,
avabidia,12,GEN 19:15,,
vaburana,12,GEN 20:8,,
bogaragimai,12,GEN 23:6,,
hununa,12,GEN 27:28,,
pupuna,12,GEN 28:18,,
davamu,12,GEN 29:15,,
dadaraigumu,12,GEN 29:33,,
lasia,12,GEN 31:25,,
siahugu,12,GEN 31:29,,
ibolodia,12,GEN 31:39,,
ihatatoina,12,GEN 32:19,,
elo,12,GEN 32:29,,
kena,12,GEN 36:11,,
tailaia,12,GEN 37:35,,
aukina,12,GEN 41:14,,
uitina,12,GEN 42:1,,
loulaia,12,GEN 43:9,,
beria,12,GEN 46:17,,
hebere,12,GEN 46:17,,
havaradiamu,12,GEN 49:21,,
tarakia,12,GEN 49:23,,
gwauta-ruaosi,12,GEN 49:28,,
gogoada,12,EXO 1:9,,
inaida,12,EXO 1:10,,
hadibamui,12,EXO 4:15,,
alamai,12,EXO 5:3,,
hahisidiamu,12,EXO 6:5,,
isahara,12,EXO 6:18,,
sikri,12,EXO 6:21,,
abihu,12,EXO 6:23,,
haḡanilaimu,12,EXO 7:2,,
kahuna,12,EXO 9:8,,
toto,12,EXO 9:9,,
heaḡimu,12,EXO 9:17,,
daena,12,EXO 12:7,,
badi-tanona,12,EXO 19:2,,
hedoava,12,EXO 22:21,,
ikaruhi,12,EXO 25:17,,
sakada,12,EXO 25:33,,
-dia,12,EXO 26:29,,
mia-kakana,12,EXO 26:31,,
seseahuna,12,EXO 26:36,,
tumim,12,EXO 28:30,,
horodia,12,EXO 28:41,,
latadia,12,EXO 29:2,,
ase,12,EXO 29:13,,
bogarauna,12,EXO 29:17,,
dahulaidia,12,EXO 29:20,,
gwautaosi,12,EXO 34:28,,
dadihaia,12,LEV 6:4,,
hamakohia,12,LEV 6:28,,
nanina,12,LEV 9:15,,
keberedia,12,LEV 10:1,,
aladiamu,12,LEV 14:13,,
hahekwakwanaia,12,LEV 19:14,,
helalokaumu,12,LEV 19:18,,
maohenina,12,LEV 19:20,,
kwadogi,12,LEV 22:23,,
hematama,12,LEV 26:5,,
amihud,12,NUM 1:10,,
laia,12,NUM 4:7,,
merekina,12,NUM 7:13,,
kibokibona,12,NUM 7:13,,
hadikamui,12,NUM 10:9,,
matamai,12,NUM 10:31,,
havadia,12,NUM 14:45,,
ha-arua,12,NUM 20:8,,
ihabaimu,12,NUM 21:29,,
butumui,12,NUM 25:18,,
uruna,12,NUM 32:13,,
ihabadana,12,NUM 32:14,,
ribla,12,NUM 34:11,,
diana,12,DEU 14:5,,
kwadidia,12,DEU 24:20,,
matauraidiamu,12,DEU 27:16,,
lada-isina,12,DEU 28:37,,
bete-horono,12,JOS 10:10,,
megido,12,JOS 12:21,,
italaina,12,JOS 18:17,,
gole-oho,12,JOS 22:26,,
ierubu-baal,12,JDG 6:32,,
sebaha,12,JDG 8:5,,
salmuna,12,JDG 8:5,,
henimuiva,12,JDG 9:16,,
biagumai,12,JDG 11:6,,
senudia,12,JDG 15:16,,
dagon,12,JDG 16:23,,
rege,12,JDG 19:29,,
hahisigu,12,RUT 1:21,,
gini-gabena,12,RUT 3:10,,
elihu,12,1SA 1:1,,
itaiava,12,1SA 4:15,,
abinadab,12,1SA 7:1,,
heniguva,12,1SA 8:8,,
inanadaina,12,1SA 9:9,,
soba,12,1SA 14:47,,
momomo-kakani,12,2SA 7:28,,
bataseba,12,2SA 11:3,,
ionadab,12,2SA 13:3,,
kidron,12,2SA 15:23,,
toiahuiosi,12,2SA 23:13,,
haḡaukaradia,12,1KI 5:15,,
habadia,12,1KI 6:5,,
kumia,12,1KI 20:38,,
itataona,12,2KI 8:6,,
tao-tore,12,2KI 11:14,,
amoso,12,2KI 19:2,,
guhidia,12,2KI 19:26,,
ramudia,12,2KI 19:30,,
sefania,12,2KI 25:18,,
berekia,12,1CH 3:20,,
hanana,12,1CH 8:23,,
lohiava,12,1CH 11:2,,
lalo-hata,12,1CH 28:9,,
taiagu,12,2CH 7:15,,
lava,12,2CH 34:11,,
rohe-ahu,12,2CH 35:25,,
media,12,EZR 6:2,,
haheaukamu,12,JOB 2:3,,
gori,12,JOB 3:8,,
reḡereḡegu,12,JOB 3:13,,
hidimu,12,JOB 7:15,,
gini-kau,12,JOB 13:3,,
idibagu,12,JOB 23:9,,
diburana,12,JOB 34:22,,
laroamu,12,PSA 33:18,,
gadigadidia,12,PSA 35:16,,
biaguamu,12,PSA 136:8,,
aiomu,12,PRO 1:9,,
halodia,12,ECC 4:1,,
iabi-daena,12,ECC 4:13,,
helarona,12,ISA 57:10,,
helalo-kerehai,12,JER 9:5,,
idauidau,12,JER 46:1,,
bapatisoa,12,MAT 3:12,,
sebedeo,12,MAT 4:21,,
gehena,12,MAT 5:22,,
malamala,12,MAT 12:4,,
stefano,12,ACT 6:5,,
ginigunana,11,GEN 2:11,,
tutua,11,GEN 3:15,,
badumu,11,GEN 4:6,,
lamek,11,GEN 4:18,,
habubunia,11,GEN 7:24,,
dedan,11,GEN 10:7,,
masa,11,GEN 10:23,,
halao,11,GEN 11:3,,
hadaea,11,GEN 11:4,,
milka,11,GEN 11:29,,
tadi,11,GEN 14:3,,
dabara,11,GEN 14:18,,
maragi,11,GEN 19:22,,
haḡeregu,11,GEN 22:14,,
betuel,11,GEN 22:22,,
gagaena,11,GEN 24:62,,
hamarumarua,11,GEN 24:67,,
hekapa,11,GEN 25:22,,
nanadailaia,11,GEN 26:7,,
he,11,GEN 26:29,,
mainodia,11,GEN 26:31,,
gimamu,11,GEN 28:15,,
gao,11,GEN 29:11,,
bilha,11,GEN 29:29,,
vairamai,11,GEN 31:32,,
turu,11,GEN 32:22,,
horana,11,GEN 35:18,,
sama,11,GEN 36:13,,
aia,11,GEN 36:24,,
beoro,11,GEN 36:32,,
saul,11,GEN 36:37,,
iseina,11,GEN 40:1,,
hadibamai,11,GEN 41:12,,
halohiaia,11,GEN 41:40,,
herarai,11,GEN 42:1,,
gadea,11,GEN 42:24,,
heḡaeḡaelai,11,GEN 43:25,,
madunadia,11,GEN 44:13,,
badibadigu,11,GEN 45:10,,
lohiaiamu,11,GEN 45:26,,
uduguiraiamu,11,GEN 49:7,,
kuroka-kuroka,11,GEN 49:12,,
badinaiava,11,EXO 1:17,,
ivaia,11,EXO 4:25,,
musi,11,EXO 6:19,,
amai,11,EXO 8:10,,
dika-hereana,11,EXO 9:18,,
hakauda,11,EXO 13:16,,
halou,11,EXO 15:21,,
litres,11,EXO 16:36,,
badibadina,11,EXO 19:12,,
noholaiava,11,EXO 20:21,,
matuna,11,EXO 21:6,,
ihaḡuḡuruna,11,EXO 22:1,,
bure,11,EXO 25:31,,
gwauta-ta,11,EXO 26:7,,
raroraro,11,EXO 26:26,,
ikokodia,11,EXO 27:19,,
keme,11,EXO 28:4,,
vainana,11,EXO 28:4,,
baguna,11,EXO 28:38,,
abona,11,EXO 29:20,,
bahudia,11,EXO 29:34,,
hamaraḡia,11,EXO 30:15,,
kane,11,EXO 30:23,,
haḡanimui,11,EXO 34:18,,
nevarilaia,11,LEV 5:9,,
hetuturu,11,LEV 6:27,,
urona,11,LEV 6:28,,
hahelaḡaiamu,11,LEV 7:9,,
ḡou,11,LEV 13:10,,
raḡadia,11,LEV 14:40,,
boudia,11,LEV 17:7,,
naudia,11,LEV 21:5,,
perovetamu,11,NUM 11:27,,
sakuru,11,NUM 13:4,,
horoma,11,NUM 14:45,,
daigunidia,11,NUM 15:38,,
abiram,11,NUM 16:1,,
hekokorokumu,11,NUM 16:3,,
vaevae,11,NUM 16:29,,
horo,11,NUM 20:22,,
dibon,11,NUM 21:30,,
lasere,11,NUM 21:32,,
kahikahidia,11,NUM 22:41,,
toremu,11,NUM 23:24,,
aonegamu,11,NUM 24:16,,
iharina,11,NUM 26:51,,
gwauta-toi,11,NUM 29:13,,
si,11,DEU 3:5,,
siaimui,11,DEU 9:23,,
haḡanilaimuimu,11,DEU 11:13,,
gwaurai-gwaurai,11,DEU 28:37,,
vaitanimu,11,DEU 29:23,,
kudoumu,11,DEU 31:8,,
ḡoeva-dae,11,DEU 32:4,,
gageva-gagevana,11,DEU 32:5,,
laha,11,JOS 2:6,,
hanaiva,11,JOS 3:17,,
gahu,11,JOS 7:6,,
beroto,11,JOS 9:17,,
rahu,11,JOS 10:12,,
adara,11,JOS 15:3,,
rikiriki,11,JOS 23:13,,
hahegani,11,JDG 2:17,,
ehud,11,JDG 3:15,,
vilipopo,11,JDG 20:16,,
gerebu-toi,11,1SA 13:5,,
dapaia,11,1SA 15:33,,
haherahu,11,1SA 20:41,,
hehelai,11,1SA 24:3,,
gwauna,11,1SA 25:24,,
ikamonai-henina,11,1SA 28:21,,
inuinuva,11,1SA 30:16,,
kamuta,11,2SA 5:11,,
bronze,11,2SA 8:10,,
hanunu,11,2SA 10:1,,
ihalona,11,2SA 10:2,,
vatudia,11,2SA 10:6,,
vavea,11,2SA 11:13,,
ihedavari-henina,11,2SA 15:32,,
biagudiava,11,2SA 20:23,,
marea,11,2SA 22:35,,
botadia,11,2SA 22:43,,
hetomu,11,1KI 6:27,,
idibaka,11,1KI 7:14,,
reke-hetomana,11,1KI 7:20,,
ava-keikeidia,11,1KI 7:30,,
hahedinaraiamu,11,1KI 8:23,,
dibadiamu,11,1KI 8:39,,
haheḡaeḡaea,11,1KI 13:13,,
ihagwauta-taurahanina,11,1KI 15:1,,
hakaraia,11,1KI 15:26,,
hanani,11,1KI 16:1,,
tano-laga,11,1KI 19:11,,
moimoilaia,11,2KI 9:33,,
daradaramu,11,2KI 18:19,,
ikerukeru,11,2KI 20:9,,
adaia,11,2KI 22:1,,
iduhu-kahana,11,1CH 5:17,,
domaga-rua,11,1CH 5:21,,
eliele,11,1CH 5:24,,
meraioto,11,1CH 6:6,,
hurama,11,1CH 8:5,,
oronana,11,1CH 21:15,,
harimi,11,1CH 24:8,,
selemia,11,1CH 26:14,,
hamoaledia,11,2CH 10:7,,
habuamu,11,2CH 25:16,,
hagai,11,EZR 5:1,,
kirara,11,NEH 8:3,,
taia,11,JOB 12:11,,
badu-ḡaraḡara,11,JOB 21:20,,
idoadia,11,JOB 34:30,,
hepurai,11,JOB 40:11,,
otoa,11,PSA 9:15,,
mata-ḡaniḡani,11,PSA 10:3,,
noiamu,11,PSA 27:4,,
heabi-dae,11,PSA 30:9,,
moimoilaidia,11,PSA 44:5,,
ubudiamu,11,PSA 74:1,,
ihadaidia,11,PSA 110:1,,
tarika-tarikamu,11,PRO 19:8,,
ihamaurida,11,ISA 47:4,,
neria,11,JER 32:12,,
maseva,11,LAM 4:9,,
hoihoiva,11,EZK 27:12,,
gog,11,EZK 38:2,,
hahetoni,11,MIC 1:14,,
iskariote,11,MAT 10:4,,
abiabiraigumu,11,MAT 18:6,,
hasataurodia,11,MAT 23:34,,
baraba,11,MAT 27:16,,
mata-dika,11,MRK 7:22,,
akaia,11,ACT 18:12,,
hedavauhe,10,GEN 2:21,,
motu,10,GEN 2:23,,
riorio,10,GEN 2:25,,
bagumu,10,GEN 3:17,,
haḡaia,10,GEN 4:11,,
set,10,GEN 4:25,,
taurahani-ta-ahui,10,GEN 5:9,,
lohi,10,GEN 8:2,,
garimui,10,GEN 9:2,,
murimui,10,GEN 9:9,,
gerara,10,GEN 10:19,,
afasad,10,GEN 10:22,,
peleg,10,GEN 10:25,,
taihumu,10,GEN 12:19,,
mamare,10,GEN 13:18,,
ihagwauta-toina,10,GEN 14:4,,
hori,10,GEN 14:6,,
dihimu,10,GEN 15:4,,
edea,10,GEN 16:12,,
itata-utuna,10,GEN 17:14,,
hevaseha,10,GEN 19:14,,
karamai,10,GEN 20:9,,
herevalaigu,10,GEN 20:13,,
paran,10,GEN 21:21,,
tubugu,10,GEN 21:23,,
hesiriumu,10,GEN 24:27,,
grams,10,GEN 24:67,,
padan-aram,10,GEN 25:20,,
kakagu,10,GEN 27:11,,
kopigu,10,GEN 27:11,,
hahelaidia,10,GEN 31:17,,
harahudia,10,GEN 31:28,,
moda,10,GEN 31:34,,
malaka-malaka,10,GEN 31:34,,
gauna,10,GEN 31:54,,
hamomokani,10,GEN 32:10,,
mamaraḡi,10,GEN 33:13,,
hatamona,10,GEN 34:9,,
debora,10,GEN 35:8,,
esere,10,GEN 36:21,,
adulama,10,GEN 38:1,,
ihahedinaraidia,10,GEN 40:8,,
igwauraidia,10,GEN 41:8,,
iduahina,10,GEN 41:49,,
morumu,10,GEN 49:17,,
geresom,10,EXO 2:22,,
koko,10,EXO 3:5,,
aukamu,10,EXO 7:14,,
doene,10,EXO 9:2,,
dikeadia,10,EXO 12:15,,
helalo-tao,10,EXO 13:9,,
hepuni,10,EXO 14:25,,
meriba,10,EXO 17:7,,
heara,10,EXO 21:25,,
hedadaba,10,EXO 21:25,,
kepulu,10,EXO 21:26,,
reireidia,10,EXO 25:10,,
kunipa,10,EXO 26:4,,
tauratoiosi,10,EXO 26:10,,
kokodia,10,EXO 26:19,,
helaḡa-herea,10,EXO 26:33,,
paḡa,10,EXO 28:7,,
tuidia,10,EXO 28:42,,
atagadia,10,EXO 29:2,,
urubina,10,EXO 29:13,,
nevaridia,10,EXO 29:16,,
korodia,10,EXO 37:7,,
keheredia,10,EXO 37:16,,
negeamu,10,LEV 1:16,,
herahiana,10,LEV 2:12,,
bagudiai,10,LEV 4:20,,
sinabadana,10,LEV 8:23,,
kemedia,10,LEV 9:20,,
mimiro,10,LEV 11:34,,
haḡoevaiamu,10,LEV 14:14,,
miana,10,LEV 14:15,,
kanudia,10,LEV 15:8,,
vaga,10,LEV 16:29,,
heala,10,LEV 21:20,,
hehoi,10,LEV 25:39,,
hahisihisia,10,LEV 25:43,,
isiaimui,10,LEV 25:46,,
bodohilaia,10,LEV 27:13,,
haheḡereḡerea,10,LEV 27:16,,
-,10,NUM 3:15,,
rehob,10,NUM 13:21,,
datan,10,NUM 16:1,,
lohiadiamu,10,NUM 16:3,,
peoro,10,NUM 23:28,,
hefere,10,NUM 26:32,,
selofehad,10,NUM 26:33,,
kibidia,10,NUM 31:6,,
hahekwakwanaidia,10,NUM 31:16,,
tahata,10,NUM 33:26,,
dokana,10,NUM 34:5,,
ramoto,10,DEU 4:43,,
padamui,10,DEU 5:5,,
doadoa,10,DEU 8:15,,
nanidia,10,DEU 12:15,,
nemailaia,10,DEU 12:21,,
hapadidi,10,DEU 19:6,,
raḡaia,10,DEU 19:14,,
ilapa,10,DEU 23:25,,
eremui,10,DEU 27:9,,
ihadikamui,10,DEU 28:63,,
haginimu,10,DEU 32:6,,
papamu,10,JOS 1:18,,
hegeḡe,10,JOS 6:4,,
daudaumu,10,JOS 6:5,,
aialono,10,JOS 10:12,,
idurudia,10,JOS 10:33,,
hereadiava,10,JOS 11:10,,
sora,10,JOS 15:33,,
idadaraina,10,JOS 22:23,,
bubunimu,10,JOS 23:14,,
vairadai,10,JOS 24:17,,
gaal,10,JDG 9:26,,
rakana,10,JDG 14:9,,
noigu,10,RUT 2:7,,
idavalaina,10,1SA 2:5,,
mailaimu,10,1SA 2:29,,
dekedai,10,1SA 5:7,,
ha-auka,10,1SA 6:6,,
gwauraiava,10,1SA 9:9,,
nahasa,10,1SA 11:1,,
atomui,10,1SA 17:47,,
helalokau,10,1SA 18:1,,
haeroamu,10,1SA 20:7,,
kerete,10,1SA 30:14,,
hahinemui,10,2SA 1:24,,
simea,10,2SA 13:3,,
maoromu,10,2SA 14:21,,
udana,10,2SA 18:6,,
moalegu,10,2SA 18:11,,
hururuna,10,2SA 22:13,,
taramu,10,2SA 23:4,,
gerebu-hitu,10,2SA 24:15,,
suneme,10,1KI 1:3,,
dikalai,10,1KI 14:16,,
idabai-taona,10,2KI 6:13,,
sebna,10,2KI 18:18,,
hadaudaua,10,2KI 20:6,,
sekania,10,1CH 3:21,,
imere,10,1CH 9:12,,
iedutunu,10,1CH 9:16,,
hegunalai,10,1CH 9:34,,
imodaina,10,1CH 25:3,,
guriḡuri,10,2CH 6:29,,
hone,10,2CH 13:15,,
tahomu,10,2CH 25:8,,
ariadia,10,2CH 31:3,,
burukadia,10,EZR 3:12,,
goadalaiamu,10,EZR 5:8,,
sanbalata,10,NEH 2:10,,
vasati,10,EST 1:9,,
abidiamu,10,JOB 5:13,,
kakavakava,10,JOB 6:3,,
henitaona,10,JOB 6:22,,
itagumu,10,JOB 7:8,,
hahemase,10,JOB 9:23,,
noimu,10,JOB 11:19,,
haeromu,10,JOB 21:6,,
hahonuamu,10,JOB 21:24,,
lodu,10,JOB 23:6,,
gurudia,10,JOB 36:29,,
gimadiamu,10,PSA 5:11,,
hahaneamu,10,PSA 14:4,,
basieto,10,PSA 35:25,,
taia-kudima,10,PSA 38:13,,
moalemui,10,PSA 100:2,,
hakania,10,PSA 118:18,,
henanadaimu,10,PSA 119:82,,
matada,10,PSA 123:2,,
hahedinaraimu,10,PRO 11:13,,
ita-ita,10,PRO 12:15,,
noinoimu,10,PRO 18:23,,
maraḡi-maraḡi,10,PRO 24:10,,
dabuidia,10,ISA 3:17,,
kibo,10,ISA 52:11,,
bagudia,10,JER 9:26,,
ole,10,EZK 32:3,,
ḡoregu,10,MAT 10:33,,
bapatisodia,10,MAT 28:19,,
abiabiraiamu,10,JHN 4:42,,
feliki,10,ACT 23:24,,
matudia,9,GEN 2:7,,
mahalalel,9,GEN 5:12,,
iafet,9,GEN 5:32,,
mauriva,9,GEN 7:23,,
taunimanina,9,GEN 7:23,,
metaira-metaira,9,GEN 8:3,,
paḡadia,9,GEN 9:23,,
tarua,9,GEN 9:23,,
mesek,9,GEN 10:2,,
asuru,9,GEN 10:22,,
vavana,9,GEN 12:5,,
dihigu,9,GEN 15:2,,
haḡuḡuru,9,GEN 15:16,,
hakepuludia,9,GEN 19:11,,
siaimai,9,GEN 19:13,,
hedoa,9,GEN 21:34,,
ruha,9,GEN 24:32,,
labana,9,GEN 25:27,,
vasiahu,9,GEN 25:34,,
madinamo,9,GEN 30:11,,
daina,9,GEN 30:21,,
horolaia,9,GEN 31:13,,
ḡahusia,9,GEN 34:2,,
ḡoevadia,9,GEN 35:2,,
rio,9,GEN 35:2,,
hegwaroto,9,GEN 35:17,,
ieusu,9,GEN 36:5,,
sobal,9,GEN 36:20,,
halohiamai,9,GEN 37:8,,
huamu,9,GEN 40:7,,
taunimanimadia,9,GEN 41:36,,
ono,9,GEN 41:45,,
davalaia,9,GEN 44:4,,
iha-aukana,9,GEN 45:1,,
ihamaurimui,9,GEN 45:5,,
toretania,9,GEN 45:25,,
karami,9,GEN 46:9,,
nanadaimui,9,GEN 46:33,,
hisihisidia,9,GEN 47:9,,
tau-animai,9,GEN 47:18,,
sisiana,9,GEN 49:27,,
ietero,9,EXO 3:1,,
dadihaidia,9,EXO 3:22,,
libni,9,EXO 6:17,,
iohururu,9,EXO 9:7,,
ḡole,9,EXO 10:25,,
etam,9,EXO 13:20,,
hevaira-hehenina,9,EXO 14:2,,
kariotadia,9,EXO 14:7,,
mutu,9,EXO 15:5,,
idaimu,9,EXO 15:11,,
kudou-hetaha,9,EXO 15:16,,
igunalaina,9,EXO 16:22,,
nadu,9,EXO 16:23,,
aniava,9,EXO 16:35,,
ilalolaina,9,EXO 20:24,,
ise,9,EXO 21:24,,
hahekwakwanaimu,9,EXO 23:33,,
hahetohona,9,EXO 25:39,,
english,9,EXO 26:15,,
itautau,9,EXO 27:9,,
samarago,9,EXO 28:18,,
iaspi,9,EXO 28:20,,
itoredia,9,EXO 30:12,,
ihahelai-kauna,9,EXO 30:18,,
besalele,9,EXO 31:2,,
uri,9,EXO 31:2,,
kokidia,9,EXO 33:5,,
momoru,9,EXO 37:23,,
gunalaia,9,EXO 38:21,,
iva,9,LEV 1:8,,
bogibada,9,LEV 11:14,,
kokokoko,9,LEV 11:16,,
lalata,9,LEV 11:21,,
hekaramu,9,LEV 12:2,,
manuna,9,LEV 14:6,,
sisisisi,9,LEV 16:12,,
dokidia,9,LEV 16:23,,
molek,9,LEV 18:21,,
sinamui,9,LEV 19:3,,
inoḡo,9,LEV 19:9,,
ihana,9,LEV 20:21,,
hahelaḡadiamu,9,LEV 21:6,,
matakepulu,9,LEV 22:22,,
halohiamui,9,LEV 26:17,,
negemui,9,LEV 26:25,,
kaukaudia,9,NUM 6:3,,
iharuahuina,9,NUM 10:11,,
pelete,9,NUM 16:1,,
imahuiosi,9,NUM 16:35,,
vinena,9,NUM 20:5,,
kemoso,9,NUM 21:29,,
haḡereamu,9,NUM 23:9,,
aloe,9,NUM 24:6,,
hahedinaraidia,9,NUM 31:12,,
reḡuamu,9,NUM 31:30,,
kade-baranea,9,NUM 32:8,,
ikoulaidia,9,NUM 32:16,,
inikahana,9,NUM 32:19,,
anakim,9,DEU 1:28,,
inuva,9,DEU 9:9,,
ihanamomui,9,DEU 10:13,,
hahedibalai,9,DEU 13:5,,
heutu,9,DEU 23:1,,
ogoḡamimu,9,DEU 24:15,,
hamorudia,9,DEU 24:20,,
dadihai,9,DEU 28:33,,
turu-hanai,9,JOS 2:7,,
vairada,9,JOS 8:6,,
makeda,9,JOS 10:10,,
maresa,9,JOS 15:44,,
abiesere,9,JOS 17:2,,
iohiadia,9,JOS 22:30,,
hamanadadia,9,JOS 24:23,,
imodaidia,9,JDG 5:9,,
tui,9,JDG 7:5,,
delila,9,JDG 16:3,,
ḡuigu,9,JDG 16:7,,
kirikirilaigu,9,JDG 16:10,,
eregabena,9,JDG 18:3,,
daha-tauratoi,9,JDG 20:15,,
hohodia,9,JDG 21:23,,
hoihoilai,9,RUT 4:7,,
ram,9,RUT 4:19,,
ha-uraia,9,1SA 1:6,,
hamomokaniamu,9,1SA 12:5,,
mikmasa,9,1SA 13:2,,
hare,9,1SA 17:10,,
ihaheḡereḡerena,9,1SA 21:9,,
ketomu,9,2SA 3:34,,
baanaha,9,2SA 4:2,,
italaidia,9,2SA 5:23,,
itai,9,2SA 15:19,,
henemailaia,9,2SA 18:18,,
henimuva,9,2SA 18:31,,
hatamonadia,9,2SA 19:14,,
bikri,9,2SA 20:1,,
ḡaubadabadadia,9,2SA 21:16,,
arauna,9,2SA 24:16,,
hegegemadai,9,1KI 4:31,,
vareailaidia,9,1KI 7:51,,
hamiaia,9,1KI 8:45,,
kohu-habou,9,1KI 9:19,,
elefant,9,1KI 10:18,,
guruna,9,1KI 18:41,,
hahegoada,9,1KI 20:22,,
ihanamo-louna,9,2KI 12:7,,
menaheme,9,2KI 15:14,,
resini,9,2KI 15:37,,
g,9,2KI 19:3,,
gini-maoro,9,2KI 21:13,,
heḡeḡe-madai,9,2KI 23:5,,
tofete,9,2KI 23:10,,
neko,9,2KI 23:29,,
pedaia,9,2KI 23:36,,
hamaurua,9,2KI 25:4,,
sabada,9,1CH 2:36,,
sebadia,9,1CH 8:15,,
iedaia,9,1CH 9:10,,
iosabad,9,1CH 12:4,,
kikina,9,1CH 16:28,,
ihamaurimai,9,1CH 16:35,,
kwakikwakidia,9,1CH 20:6,,
hahebua,9,1CH 21:12,,
iharuahui-hanina,9,1CH 24:18,,
bukadia,9,1CH 29:29,,
lalo-manoka,9,2CH 13:7,,
kadmiele,9,EZR 2:40,,
hadihoamu,9,JOB 5:10,,
uloulo,9,JOB 7:5,,
helao,9,JOB 13:4,,
hunigu,9,JOB 14:13,,
koekoena,9,JOB 15:27,,
haeremu,9,JOB 19:7,,
daugu,9,JOB 19:21,,
ihalodia,9,JOB 21:2,,
hamauriamu,9,JOB 22:29,,
hitolodia,9,JOB 24:10,,
dauremu,9,JOB 27:8,,
heveri,9,JOB 31:22,,
hekwarahina,9,JOB 34:13,,
banimu,9,JOB 38:40,,
nenediamu,9,PSA 11:4,,
hadikadiamu,9,PSA 15:3,,
tahumumu,9,PSA 40:16,,
ganona,9,PSA 52:2,,
hakanidia,9,PSA 59:5,,
tohoamu,9,PSA 66:10,,
reaiamu,9,PSA 102:4,,
maḡumu,9,PSA 147:13,,
eregabemu,9,PRO 5:18,,
lohiamu,9,PRO 8:15,,
hegwauraimu,9,PRO 12:9,,
heḡonaḡonalai,9,PRO 18:3,,
lalo-pararana,9,PRO 28:11,,
lai-gubana,9,ISA 17:13,,
ikamonaidia,9,ISA 30:9,,
hamaorolaimuimu,9,ISA 42:9,,
havahudia,9,ISA 42:15,,
tubuadia,9,ISA 51:11,,
memeromui,9,JER 3:14,,
memero-memero,9,LAM 2:11,,
beletesasara,9,DAN 1:7,,
amos,9,AMO 1:1,,
aḡeva,9,MAT 7:6,,
lakobo,9,MAT 13:55,,
filipi,9,MAT 16:13,,
mero-mero,9,MAT 18:2,,
kaiafa,9,MAT 26:3,,
hatonidia,9,MRK 6:46,,
gwauraigumu,9,LUK 6:46,,
rabi,9,JHN 1:38,,
korenelio,9,ACT 10:1,,
mareko,9,ACT 12:12,,
tesalonika,9,ACT 17:1,,
korinto,9,ACT 18:1,,
reremu,8,GEN 1:21,,
ida-idana,8,GEN 1:27,,
huaiamu,8,GEN 4:6,,
narimumu,8,GEN 4:7,,
lulugu,8,GEN 4:14,,
kalagadia,8,GEN 4:20,,
enos,8,GEN 4:26,,
kenan,8,GEN 5:9,,
ravamu,8,GEN 6:18,,
kuia,8,GEN 8:4,,
mukou,8,GEN 8:6,,
tubal,8,GEN 10:2,,
put,8,GEN 10:6,,
sinara,8,GEN 10:10,,
usu,8,GEN 10:23,,
iobab,8,GEN 10:29,,
hekamo,8,GEN 11:3,,
ivadia,8,GEN 15:10,,
kopimui,8,GEN 17:11,,
autoi,8,GEN 18:6,,
hakekeroa,8,GEN 19:32,,
kiriat-araba,8,GEN 23:2,,
iguridia,8,GEN 23:11,,
halohiadia,8,GEN 25:16,,
gunika,8,GEN 25:29,,
elon,8,GEN 26:34,,
hahenamona,8,GEN 28:4,,
lusu,8,GEN 28:19,,
reḡudiava,8,GEN 29:9,,
senuna,8,GEN 31:46,,
itotohina,8,GEN 32:10,,
hegaga,8,GEN 32:30,,
penuel,8,GEN 32:31,,
dogo,8,GEN 33:9,,
gunalaigu,8,GEN 33:14,,
dai,8,GEN 34:25,,
oholibama,8,GEN 36:2,,
sibeon,8,GEN 36:2,,
dison,8,GEN 36:21,,
ebal,8,GEN 36:23,,
bosra,8,GEN 36:33,,
vaḡivaḡina,8,GEN 38:18,,
raho-namo,8,GEN 39:6,,
hereagumu,8,GEN 39:9,,
agevana,8,GEN 41:42,,
umadia,8,GEN 41:48,,
keho,8,GEN 41:56,,
mainomui,8,GEN 44:17,,
itamai,8,GEN 44:31,,
lalo-hisihisina,8,GEN 44:31,,
rosidia,8,GEN 45:15,,
iubulaidia,8,GEN 47:24,,
nemaidia,8,GEN 48:6,,
tubudia,8,GEN 48:12,,
haroroa,8,GEN 48:14,,
tau-guna,8,GEN 48:14,,
iuna,8,EXO 4:4,,
haḡanimumu,8,EXO 4:23,,
vasiga,8,EXO 4:25,,
palapalana,8,EXO 4:25,,
misael,8,EXO 6:22,,
lulumui,8,EXO 11:1,,
toutouna,8,EXO 12:5,,
balaia,8,EXO 12:6,,
mamana,8,EXO 13:21,,
imodaimumu,8,EXO 15:11,,
hadaidia,8,EXO 15:17,,
maumauraidia,8,EXO 16:2,,
kuborodia,8,EXO 16:14,,
hagahagana,8,EXO 17:6,,
ḡadeḡade,8,EXO 17:7,,
tuna,8,EXO 22:1,,
haraia,8,EXO 22:6,,
ihagagevana,8,EXO 23:2,,
lalo-ani,8,EXO 23:8,,
ihaheralaidia,8,EXO 25:7,,
siriudia,8,EXO 26:3,,
au-ima,8,EXO 26:26,,
karuhia,8,EXO 26:34,,
moḡe,8,EXO 28:11,,
ihaheḡereḡeredia,8,EXO 28:21,,
bogarau,8,EXO 29:13,,
ḡoledia,8,EXO 29:13,,
bulodia,8,EXO 30:25,,
koki,8,EXO 32:2,,
heroho,8,EXO 32:33,,
iruana,8,EXO 34:21,,
haheboudia,8,EXO 35:1,,
gwadadia,8,LEV 2:14,,
dikea,8,LEV 7:14,,
davedia,8,LEV 8:27,,
pouka,8,LEV 13:29,,
dokilaia,8,LEV 19:19,,
iabi-louna,8,LEV 25:26,,
kudou,8,LEV 26:5,,
hamotudia,8,LEV 26:13,,
kumidia,8,NUM 4:10,,
ihuadia,8,NUM 4:15,,
heheato,8,NUM 4:25,,
buloaḡauna,8,NUM 7:25,,
bonanani,8,NUM 7:28,,
rakatanimai,8,NUM 10:31,,
heitamu,8,NUM 11:6,,
safata,8,NUM 13:5,,
anak,8,NUM 13:22,,
heḡeregerena,8,NUM 14:17,,
gaḡaena,8,NUM 14:22,,
pisga,8,NUM 21:20,,
edrei,8,NUM 21:33,,
boromakaudia,8,NUM 23:22,,
hagahaga,8,NUM 24:21,,
havarava,8,NUM 25:1,,
sei,8,NUM 28:14,,
elata,8,DEU 2:8,,
maakata,8,DEU 3:14,,
hehenina,8,DEU 3:29,,
ḡoḡoeva-ḡoḡoeva,8,DEU 9:5,,
medudia,8,DEU 11:11,,
ihua-ihuadia,8,DEU 11:20,,
igwau-taodia,8,DEU 15:9,,
vahana,8,DEU 18:3,,
manada-manada,8,DEU 28:54,,
hui,8,DEU 32:42,,
sabdi,8,JOS 7:1,,
negemai,8,JOS 7:7,,
aseka,8,JOS 10:10,,
iabin,8,JOS 11:1,,
doro,8,JOS 11:2,,
komutadia,8,JOS 11:13,,
afek,8,JOS 12:18,,
estaol,8,JOS 15:33,,
soko,8,JOS 15:35,,
maono,8,JOS 15:55,,
ofra,8,JOS 18:23,,
ruahui-rua,8,JOS 19:30,,
lopa,8,JOS 19:46,,
abdon,8,JOS 21:30,,
haga-nadina,8,JDG 6:26,,
salmon,8,JDG 9:48,,
koukouna,8,JDG 9:53,,
ḡuimu,8,JDG 15:12,,
hamasegu,8,JDG 15:18,,
raka-vareai,8,JDG 19:27,,
la,8,RUT 2:7,,
bitua,8,RUT 2:14,,
narimu,8,RUT 4:15,,
kirikirilaidiamu,8,1SA 2:1,,
ḡaniḡani,8,1SA 2:29,,
ihabaida,8,1SA 4:7,,
itahudia,8,1SA 10:2,,
kudou-hetahadia,8,1SA 13:7,,
ae-raka,8,1SA 15:4,,
kakorodia,8,1SA 17:17,,
haraga,8,1SA 17:17,,
manadalai,8,1SA 17:39,,
varani,8,1SA 20:27,,
rimuna,8,1SA 24:4,,
ḡonaḡonalaidia,8,1SA 25:14,,
ierahamele,8,1SA 27:10,,
gilboa,8,1SA 28:4,,
dubudia,8,1SA 31:9,,
raramu,8,2SA 1:16,,
idibamu,8,2SA 2:21,,
gavaia,8,2SA 2:24,,
elifelete,8,2SA 5:16,,
ireguna,8,2SA 7:7,,
hemaunu,8,2SA 12:19,,
verigu,8,2SA 22:17,,
imuda,8,2SA 22:19,,
haheḡereḡeredia,8,2SA 23:18,,
ariele,8,2SA 23:20,,
asamavete,8,2SA 23:31,,
ihi-ihiraigu,8,1KI 2:8,,
dobudia,8,1KI 4:29,,
etana,8,1KI 4:31,,
bada-hereadia,8,1KI 7:10,,
ikorona,8,1KI 7:16,,
iḡovalaina,8,1KI 7:18,,
ava-keikeina,8,1KI 7:33,,
hogohogo,8,1KI 8:37,,
ihaginidia,8,1KI 9:15,,
dahudahu,8,1KI 10:25,,
milkom,8,1KI 11:5,,
marere-mareremu,8,1KI 14:15,,
hetuari,8,1KI 14:30,,
hekasilaia,8,1KI 18:46,,
perovetalai,8,1KI 22:8,,
heala-ala,8,2KI 3:23,,
hekwarahilaia,8,2KI 4:13,,
ramina,8,2KI 4:39,,
hapapadia,8,2KI 6:17,,
gabuva,8,2KI 12:3,,
gwau-gwau,8,2KI 19:3,,
uma-uma,8,2KI 21:18,,
asaia,8,2KI 22:12,,
henanadailai,8,2KI 22:13,,
iekonia,8,1CH 3:16,,
asarikama,8,1CH 3:23,,
akubu,8,1CH 3:24,,
iahata,8,1CH 4:2,,
asarele,8,1CH 4:16,,
ieiele,8,1CH 5:7,,
saron,8,1CH 5:16,,
gerebu-ima,8,1CH 5:21,,
ioa,8,1CH 6:21,,
ieremoto,8,1CH 7:8,,
ladan,8,1CH 7:26,,
matitia,8,1CH 9:31,,
regudia,8,1CH 23:29,,
lamepadia,8,1CH 28:15,,
ladaia,8,2CH 5:13,,
hahelaomu,8,2CH 13:9,,
domaga-toi,8,2CH 14:8,,
kahamai,8,2CH 14:11,,
harakadia,8,2CH 19:4,,
kahaia,8,2CH 28:21,,
ḡaunaidia,8,2CH 32:1,,
nehemia,8,EZR 2:2,,
rehumu,8,EZR 2:2,,
serebia,8,EZR 8:18,,
kwabukwabuna,8,EZR 9:14,,
tau-dae,8,EST 2:23,,
hadabualaia,8,EST 6:9,,
lalo-hadailaia,8,EST 9:24,,
leviathan,8,JOB 3:8,,
ranimu,8,JOB 7:4,,
pukimu,8,JOB 7:9,,
ḡorea,8,JOB 8:18,,
hahemaraimu,8,JOB 11:3,,
hamaoromaoroa,8,JOB 11:13,,
odaia,8,JOB 13:25,,
habadelaigumu,8,JOB 16:8,,
kakoromu,8,JOB 18:16,,
duba,8,JOB 26:8,,
kohuadia,8,JOB 30:6,,
tahogu,8,JOB 30:19,,
ninoa,8,JOB 36:30,,
hoamu,8,JOB 37:5,,
ihanamolaimu,8,PSA 9:14,,
dadihaimu,8,PSA 12:5,,
boiboimu,8,PSA 34:17,,
dekedekediai,8,PSA 34:18,,
vevemu,8,PSA 46:6,,
lolona,8,PSA 47:5,,
salamo,8,PSA 47:7,,
havaragu,8,PSA 51:5,,
verimu,8,PSA 52:5,,
reidia,8,PSA 65:12,,
abimai,8,PSA 66:11,,
dobuna,8,PSA 68:22,,
ihadona,8,PSA 80:9,,
gaima,8,PSA 107:29,,
iabidadama-henina,8,PRO 25:19,,
kekenimui,8,SNG 1:5,,
huimu,8,SNG 4:1,,
taiga,8,SNG 4:8,,
hanohomui,8,ISA 5:8,,
rohorohova,8,ISA 16:8,,
maila,8,ISA 18:7,,
haoda,8,ISA 19:8,,
haboumui,8,ISA 27:12,,
reamu,8,ISA 28:7,,
nemuka-nemukadia,8,ISA 41:18,,
anivagamu,8,ISA 58:4,,
unemu,8,LAM 1:7,,
bagu,8,EZK 13:6,,
belesasara,8,DAN 5:1,,
pidipidi,8,MAT 7:7,,
hoalai,8,MAT 7:28,,
ihadibalaidia,8,MAT 8:4,,
betesaida,8,MAT 11:21,,
sinapi,8,MAT 13:30,,
baki,8,MAT 14:19,,
ḡelona,8,MAT 20:5,,
es,8,MAT 26:48,,
bapatisona,8,MRK 10:38,,
kilikia,8,ACT 6:9,,
troa,8,ACT 16:5,,
maoroda,8,ROM 4:24,,
laodikea,8,COL 2:1,,
besemui,7,GEN 1:22,,
hahoho,7,GEN 2:7,,
havila,7,GEN 2:11,,
heva,7,GEN 3:20,,
hataimu,7,GEN 4:21,,
sinahu-taurahani-ta,7,GEN 5:5,,
iared,7,GEN 5:15,,
metusela,7,GEN 5:21,,
hebamo,7,GEN 5:22,,
helalomu,7,GEN 6:7,,
gaba-mauruna,7,GEN 8:6,,
seba,7,GEN 10:7,,
girigasa,7,GEN 10:16,,
seboimi,7,GEN 10:19,,
laolaova,7,GEN 11:2,,
ilarebana,7,GEN 11:8,,
hanoho,7,GEN 12:10,,
ariok,7,GEN 14:1,,
halaoreana,7,GEN 15:7,,
galo,7,GEN 15:11,,
bavadavaia,7,GEN 16:5,,
manoka-manokana,7,GEN 18:7,,
kerekerena,7,GEN 19:1,,
hadiho,7,GEN 19:24,,
kinoa,7,GEN 21:16,,
noho-hanaihanai,7,GEN 21:33,,
kaia,7,GEN 22:6,,
mesopotamia,7,GEN 24:10,,
vai,7,GEN 24:22,,
hanok,7,GEN 25:4,,
abida,7,GEN 25:4,,
tema,7,GEN 25:15,,
badinadiava,7,GEN 26:5,,
basemata,7,GEN 26:34,,
silpa,7,GEN 29:24,,
ruamu,7,GEN 30:2,,
dudai,7,GEN 30:14,,
asinama,7,GEN 30:30,,
manokadia,7,GEN 30:42,,
abihaia,7,GEN 31:1,,
kahumu,7,GEN 31:27,,
mahutava,7,GEN 31:40,,
esodo,7,GEN 31:54,,
varovarodia,7,GEN 32:32,,
gadeidia,7,GEN 35:4,,
timna,7,GEN 36:12,,
lotan,7,GEN 36:20,,
lohilohimu,7,GEN 36:24,,
akan,7,GEN 36:27,,
guma,7,GEN 37:34,,
onan,7,GEN 38:4,,
burena,7,GEN 40:10,,
boseana,7,GEN 40:17,,
tau-animu,7,GEN 40:19,,
ihoina,7,GEN 42:3,,
lakwana,7,GEN 42:25,,
ihaere-henina,7,GEN 45:3,,
iamin,7,GEN 46:10,,
tola,7,GEN 46:13,,
iesere,7,GEN 46:24,,
gwauta-hitu,7,GEN 47:28,,
gurigu,7,GEN 47:29,,
unukahanai,7,GEN 50:10,,
dikadikava,7,EXO 1:20,,
bavalagu,7,EXO 2:14,,
siaimumu,7,EXO 3:12,,
seme,7,EXO 4:10,,
mamauri,7,EXO 4:18,,
ruhamui,7,EXO 6:6,,
asiri,7,EXO 6:24,,
koupa,7,EXO 7:19,,
koridia,7,EXO 8:17,,
hetarina,7,EXO 9:12,,
unuhohodia,7,EXO 10:14,,
iririlaina,7,EXO 11:5,,
taravana,7,EXO 12:14,,
adorahina,7,EXO 12:18,,
donikina,7,EXO 22:4,,
havahuraia,7,EXO 22:20,,
hadaradaradia,7,EXO 23:27,,
narigu,7,EXO 24:12,,
ihualaina,7,EXO 25:14,,
ikoulaina,7,EXO 26:7,,
mia-kaka,7,EXO 27:16,,
hahedokina,7,EXO 28:4,,
sadio,7,EXO 28:17,,
topasio,7,EXO 28:17,,
berulio,7,EXO 28:20,,
ḡeḡelaia,7,EXO 29:5,,
sinabadadia,7,EXO 29:20,,
hapiua,7,EXO 32:5,,
gadara,7,EXO 32:6,,
sesea,7,EXO 33:9,,
koumu,7,EXO 33:22,,
huro-nadidia,7,EXO 34:1,,
kwanaudia,7,EXO 35:18,,
hatu,7,EXO 35:25,,
idurulaina,7,EXO 36:3,,
hena,7,EXO 39:3,,
gabumu,7,LEV 7:9,,
hadokilai,7,LEV 8:7,,
hatua,7,LEV 8:7,,
baimumu,7,LEV 11:17,,
buruki,7,LEV 19:10,,
ihahemaraina,7,LEV 20:20,,
dokilai,7,LEV 21:10,,
mailaidiamu,7,LEV 22:2,,
hanuaboina,7,LEV 23:5,,
hoimu,7,LEV 25:16,,
hahutumamui,7,LEV 26:9,,
haginimui,7,LEV 26:13,,
gamaliel,7,NUM 1:10,,
abihaili,7,NUM 3:35,,
arava,7,NUM 11:3,,
kibroto-hatava,7,NUM 11:34,,
taunabinai,7,NUM 13:17,,
soan,7,NUM 13:22,,
itaolaina,7,NUM 18:30,,
kapaia,7,NUM 21:8,,
ilao-henidia,7,NUM 21:23,,
siporo,7,NUM 22:2,,
ihi-ihiraiamu,7,NUM 23:8,,
hadodia,7,NUM 24:6,,
asriel,7,NUM 26:31,,
hasiahua,7,NUM 27:20,,
nohona,7,NUM 30:3,,
esiono-gebere,7,NUM 33:35,,
kinerete,7,NUM 34:11,,
buki,7,NUM 34:22,,
hahepadidi,7,NUM 35:12,,
garigu,7,DEU 4:10,,
siahu-badana,7,DEU 4:37,,
laomui,7,DEU 7:24,,
hakani,7,DEU 8:5,,
atodiamu,7,DEU 11:26,,
kavakavana,7,DEU 15:13,,
hekoho,7,DEU 24:1,,
moimoilaiamu,7,DEU 25:4,,
davarimui,7,DEU 25:18,,
laohaimui,7,DEU 28:68,,
asiema,7,DEU 29:15,,
rakatanimui,7,DEU 31:6,,
dedi,7,DEU 32:35,,
halasidia,7,JOS 2:5,,
bet-avene,7,JOS 7:2,,
hahoadia,7,JOS 8:2,,
tapua,7,JOS 12:17,,
taanak,7,JOS 12:21,,
hadailaia,7,JOS 14:7,,
otoniele,7,JOS 15:17,,
kina,7,JOS 15:22,,
kesili,7,JOS 15:30,,
gedoro,7,JOS 15:58,,
kana,7,JOS 16:8,,
noilaia,7,JOS 19:50,,
tuarimu,7,JOS 23:10,,
boera,7,JDG 4:21,,
hadibalaimai,7,JDG 6:13,,
loasa,7,JDG 6:29,,
dodo,7,JDG 7:5,,
ḡavadiamu,7,JDG 8:5,,
hamoalediamu,7,JDG 9:13,,
ruahui-toi,7,JDG 10:2,,
igwaurai-maorona,7,JDG 12:6,,
dou,7,JDG 14:15,,
iudia,7,JDG 15:4,,
hagana,7,JDG 15:8,,
lolodia,7,JDG 15:14,,
hamanadaia,7,JDG 16:5,,
hagoadagu,7,JDG 16:28,,
domaga-hani,7,JDG 20:2,,
haganidia,7,JDG 21:10,,
lebona,7,JDG 21:19,,
ravagu,7,RUT 1:11,,
totodia,7,1SA 1:21,,
dadaraimumu,7,1SA 8:7,,
ilaohenina,7,1SA 9:14,,
horomu,7,1SA 10:1,,
donikidia,7,1SA 10:2,,
padamai,7,1SA 14:42,,
ihahavadia,7,1SA 14:46,,
ahinoama,7,1SA 14:50,,
hataia,7,1SA 16:16,,
goliata,7,1SA 17:4,,
ihatuna,7,1SA 17:7,,
gwaugu,7,1SA 24:6,,
hanamomai,7,1SA 25:15,,
matogana,7,1SA 28:16,,
gugubagumu,7,2SA 1:9,,
heaulaia,7,2SA 4:4,,
milo,7,2SA 5:9,,
haheḡiḡidia,7,2SA 5:20,,
baka,7,2SA 5:23,,
loram,7,2SA 8:10,,
launa,7,2SA 9:9,,
koekoedia,7,2SA 10:4,,
iri,7,2SA 12:31,,
heboudia,7,2SA 13:23,,
hagarigu,7,2SA 14:15,,
uralaia,7,2SA 21:2,,
dobudobudia,7,2SA 22:16,,
hadareregu,7,2SA 22:18,,
hatubuamu,7,2SA 23:4,,
lavadia,7,1KI 6:6,,
reireina,7,1KI 6:15,,
hahetaria,7,1KI 7:15,,
hahetaridia,7,1KI 7:24,,
eneseni,7,1KI 8:29,,
guidia,7,1KI 8:47,,
boto,7,1KI 10:11,,
sefela,7,1KI 10:27,,
silono,7,1KI 11:29,,
sisaka,7,1KI 11:40,,
karaiava,7,1KI 12:32,,
gimaiava,7,1KI 14:27,,
gogomu,7,1KI 17:12,,
kavabuna,7,1KI 17:14,,
merogu,7,1KI 18:12,,
dadaira,7,1KI 18:32,,
ḡavamu,7,1KI 19:20,,
hahedokilaimu,7,1KI 20:11,,
hakaralaia,7,2KI 3:3,,
hekwarahiva,7,2KI 6:11,,
hehari,7,2KI 7:11,,
sefaravaimi,7,2KI 17:24,,
harohomui,7,2KI 18:29,,
herohe,7,2KI 18:31,,
ḡahudia,7,2KI 23:12,,
elnatan,7,2KI 24:8,,
elioenai,7,1CH 3:23,,
delaia,7,1CH 3:24,,
hodia,7,1CH 4:19,,
baladia,7,1CH 4:33,,
abisua,7,1CH 6:4,,
serahia,7,1CH 6:6,,
iehosadak,7,1CH 6:14,,
maluku,7,1CH 6:44,,
hasenua,7,1CH 9:7,,
hasub,7,1CH 9:14,,
sebania,7,1CH 15:24,,
haḡoeva,7,1CH 22:2,,
tohodiamu,7,1CH 29:17,,
ihagini-louna,7,2CH 24:27,,
kwabukwabumui,7,2CH 30:6,,
hedaro,7,2CH 30:8,,
lesua,7,2CH 31:15,,
ha-oreamu,7,EZR 4:12,,
binui,7,EZR 8:33,,
hadiaridia,7,EZR 9:8,,
hamatamata,7,EZR 9:9,,
torehaimu,7,NEH 5:10,,
igwau-taona,7,NEH 9:17,,
goadagoadamu,7,JOB 3:21,,
ruaiamu,7,JOB 4:8,,
butugu,7,JOB 4:14,,
ḡaraḡaramu,7,JOB 6:17,,
kirikirilaigumu,7,JOB 12:4,,
ha-arudia,7,JOB 12:15,,
hahebubuamu,7,JOB 16:13,,
hamasediamu,7,JOB 18:15,,
hadikagumu,7,JOB 19:3,,
dabuia,7,JOB 19:9,,
haḡoevagu,7,JOB 23:10,,
hamanokaia,7,JOB 23:16,,
hadokoamu,7,JOB 28:3,,
vabura,7,JOB 28:3,,
miri,7,JOB 29:18,,
heani,7,JOB 31:27,,
kehoamu,7,JOB 33:2,,
haḡanidiamu,7,JOB 36:10,,
noholaidiamu,7,JOB 37:12,,
boimu,7,PSA 1:2,,
havavalaia,7,PSA 8:5,,
ikerukerudia,7,PSA 17:8,,
hakaudiamu,7,PSA 25:9,,
iabigu,7,PSA 31:4,,
naridiamu,7,PSA 31:20,,
laumada,7,PSA 33:20,,
haḡerediamu,7,PSA 34:15,,
dadaraimai,7,PSA 44:13,,
haerodiamu,7,PSA 77:5,,
ihakanidia,7,PSA 81:15,,
ḡonaḡonalaiamu,7,PSA 89:41,,
ihamoaledia,7,PSA 104:15,,
raraga,7,PSA 107:27,,
negenege,7,PSA 119:119,,
raka-muri,7,PRO 1:32,,
hehedinararai,7,PRO 8:9,,
hesivarai,7,PRO 11:13,,
henitao,7,PRO 15:27,,
dada,7,PRO 21:22,,
bodomu,7,PRO 26:20,,
kobo,7,SNG 6:11,,
haheḡeḡea,7,SNG 7:2,,
memefisi,7,ISA 19:13,,
sidia,7,ISA 28:10,,
badi,7,ISA 28:16,,
pitopito,7,ISA 50:9,,
vamudia,7,JER 7:21,,
dava-abi,7,JER 10:15,,
inogo,7,JER 12:10,,
hadibadiava,7,JER 12:16,,
ebede-melek,7,JER 38:7,,
vedaia,7,JER 48:11,,
davarana,7,JER 49:23,,
kebara,7,EZK 1:1,,
krusolito,7,EZK 1:16,,
rohegu,7,EZK 2:2,,
haoro,7,EZK 13:6,,
gagaemu,7,EZK 16:7,,
ihabadelaina,7,DAN 6:5,,
seana,7,HOS 10:7,,
hahedibana,7,MAT 13:52,,
dollar,7,MAT 18:28,,
padana,7,MAT 26:58,,
kurene,7,MAT 27:32,,
hariharibada,7,LUK 2:40,,
natanael,7,JHN 1:42,,
abiabiraigu,7,JHN 7:38,,
krete,7,ACT 2:11,,
lustera,7,ACT 14:6,,
iabiabiraina,7,ACT 14:27,,
galatia,7,ACT 16:6,,
atena,7,ACT 17:15,,
tau-anida,7,ROM 8:23,,
heida-idana,6,GEN 1:27,,
arua,6,GEN 2:11,,
gihon,6,GEN 2:13,,
hanaihanaiva,6,GEN 3:24,,
reḡudiamu,6,GEN 4:20,,
harohoda,6,GEN 5:29,,
oiamu,6,GEN 6:21,,
louva,6,GEN 8:3,,
koria,6,GEN 8:11,,
iharuahui-hituna,6,GEN 8:14,,
momomomo,6,GEN 8:17,,
kevau,6,GEN 9:13,,
gomere,6,GEN 10:2,,
lud,6,GEN 10:22,,
reu,6,GEN 11:18,,
serug,6,GEN 11:20,,
tahodiho,6,GEN 12:8,,
eskol,6,GEN 14:13,,
burukamu,6,GEN 15:15,,
rogorogomu,6,GEN 16:11,,
taraia,6,GEN 19:9,,
kahirakahira,6,GEN 19:20,,
bamomumu,6,GEN 21:22,,
makapela,6,GEN 23:9,,
naridiava,6,GEN 24:30,,
hulala,6,GEN 24:53,,
sua,6,GEN 25:2,,
derana,6,GEN 25:25,,
uduguiraimu,6,GEN 27:29,,
ihanamogu,6,GEN 27:36,,
pere,6,GEN 28:14,,
rakalaiamu,6,GEN 28:20,,
ha-inudia,6,GEN 29:7,,
hedaverai,6,GEN 30:8,,
au-huahua,6,GEN 30:14,,
koremadia,6,GEN 30:32,,
laogu,6,GEN 31:28,,
helulu,6,GEN 32:28,,
nahata,6,GEN 36:13,,
katakata,6,GEN 38:14,,
kwatua,6,GEN 38:28,,
gigi,6,GEN 40:11,,
gwauta-osi,6,GEN 42:3,,
tadimai,6,GEN 43:4,,
durumui,6,GEN 43:14,,
halaoda,6,GEN 43:18,,
tau-roboana,6,GEN 43:33,,
keruma,6,GEN 44:18,,
palu,6,GEN 46:9,,
iakin,6,GEN 46:10,,
simron,6,GEN 46:13,,
imna,6,GEN 46:17,,
bekere,6,GEN 46:21,,
tarava,6,GEN 49:10,,
hetu,6,GEN 49:13,,
kumilaia,6,GEN 50:2,,
tabaia,6,EXO 2:3,,
ainala,6,EXO 2:7,,
taitaiva,6,EXO 2:23,,
ihua-ihuana,6,EXO 12:7,,
iditadia,6,EXO 12:8,,
bahuna,6,EXO 12:10,,
abib,6,EXO 13:4,,
migdol,6,EXO 14:2,,
lauridia,6,EXO 14:22,,
durudiamu,6,EXO 14:25,,
lailai,6,EXO 23:16,,
tohotohodia,6,EXO 23:24,,
haḡuḡurudia,6,EXO 23:26,,
eregabedia,6,EXO 24:5,,
hakakakakadia,6,EXO 25:5,,
hahesiriudia,6,EXO 26:28,,
ihaheralaina,6,EXO 26:31,,
reirei,6,EXO 27:8,,
dududia,6,EXO 28:25,,
iḡeḡelaina,6,EXO 28:37,,
hahedokidia,6,EXO 28:40,,
vamuna,6,EXO 29:25,,
ha-ara,6,EXO 30:8,,
hurihuri,6,EXO 30:18,,
kinamomo,6,EXO 30:23,,
dahulaia,6,EXO 30:33,,
ihahelaḡamui,6,EXO 31:13,,
torelai,6,EXO 31:18,,
havevedia,6,EXO 32:4,,
ageva,6,EXO 35:22,,
damenana,6,LEV 2:13,,
ato-kauna,6,LEV 6:5,,
ḡoḡoeva,6,LEV 7:19,,
ḡauaia,6,LEV 11:4,,
koni,6,LEV 11:5,,
uhedia,6,LEV 11:37,,
hehuhu,6,LEV 13:40,,
boha,6,LEV 13:40,,
keberena,6,LEV 14:12,,
nuana,6,LEV 14:15,,
momoruna,6,LEV 14:41,,
asasele,6,LEV 16:8,,
ha-idau,6,LEV 19:35,,
rava,6,LEV 20:12,,
biagudiamu,6,LEV 21:10,,
regena,6,LEV 21:18,,
hadareremui,6,LEV 26:17,,
hahisihisimui,6,LEV 26:21,,
hadomu,6,LEV 27:16,,
ahiesere,6,NUM 1:12,,
eliasaf,6,NUM 1:14,,
karalaimu,6,NUM 3:31,,
ibololaidia,6,NUM 3:39,,
lahaia,6,NUM 4:13,,
ḡeḡedia,6,NUM 4:26,,
ahuva,6,NUM 9:18,,
asiela,6,NUM 11:26,,
laolaona,6,NUM 11:31,,
samua,6,NUM 13:4,,
talmai,6,NUM 13:22,,
arno,6,NUM 14:44,,
gidadia,6,NUM 16:37,,
tudia,6,NUM 17:5,,
aemai,6,NUM 20:19,,
tarakidia,6,NUM 24:8,,
sitim,6,NUM 25:1,,
sutela,6,NUM 26:35,,
bavala-ala,6,NUM 31:2,,
loaloava,6,NUM 32:13,,
kiriataimi,6,NUM 32:37,,
tore-isi,6,NUM 33:2,,
hahekwarahimui,6,NUM 33:55,,
hamiroamu,6,NUM 35:33,,
bogaradiai,6,DEU 10:15,,
ubuamu,6,DEU 10:18,,
haparipariamu,6,DEU 11:11,,
pupu,6,DEU 12:3,,
ihanamolaidia,6,DEU 12:31,,
ogoḡamina,6,DEU 15:7,,
habadelaimu,6,DEU 15:9,,
bebeka-bebekamui,6,DEU 18:13,,
veri,6,DEU 22:10,,
haheboumui,6,DEU 30:3,,
kudima,6,DEU 30:17,,
segea,6,DEU 32:41,,
dareamu,6,DEU 33:20,,
kesina,6,DEU 33:29,,
tuhutuhudia,6,JOS 2:6,,
hakererea,6,JOS 2:17,,
paḡamui,6,JOS 4:5,,
laboralabora,6,JOS 6:19,,
ḡeḡemai,6,JOS 7:9,,
tomaia,6,JOS 7:9,,
akoro,6,JOS 7:24,,
valavala,6,JOS 9:5,,
gabaedia,6,JOS 10:40,,
lairi,6,JOS 13:30,,
araki,6,JOS 16:2,,
bete-seana,6,JOS 17:11,,
mosa,6,JOS 18:26,,
gibeton,6,JOS 19:44,,
rakalai,6,JDG 2:17,,
hekurena,6,JDG 3:25,,
unua,6,JDG 4:5,,
kison,6,JDG 4:7,,
masegu,6,JDG 4:19,,
kokoa,6,JDG 4:21,,
peta,6,JDG 7:5,,
oreb,6,JDG 7:25,,
ebed,6,JDG 9:26,,
sebulu,6,JDG 9:28,,
piratono,6,JDG 12:13,,
laisi,6,JDG 18:7,,
elimelek,6,RUT 1:2,,
heḡaegae,6,RUT 1:6,,
utuamu,6,RUT 2:9,,
hahinegu,6,1SA 1:15,,
topoa,6,1SA 1:22,,
hakalamu,6,1SA 3:9,,
piu,6,1SA 4:13,,
hadibalaida,6,1SA 9:8,,
ha-uradia,6,1SA 10:26,,
boilaia,6,1SA 11:4,,
hereva-herevava,6,1SA 17:23,,
hidiomu,6,1SA 17:44,,
rerena,6,1SA 18:10,,
tuarilaia,6,1SA 18:17,,
naioto,6,1SA 19:18,,
rohedia,6,1SA 19:20,,
kino,6,1SA 20:36,,
nob,6,1SA 21:1,,
maorogu,6,1SA 24:15,,
nari,6,1SA 25:9,,
mane,6,1SA 25:18,,
taruhaia,6,1SA 26:5,,
idoaiamu,6,1SA 28:9,,
diari-diari,6,1SA 29:10,,
kavava,6,2SA 1:6,,
bahurimi,6,2SA 3:16,,
mainona,6,2SA 3:21,,
manoka-manokamu,6,2SA 3:39,,
baal-perasimi,6,2SA 5:20,,
ahio,6,2SA 6:3,,
hanemaoro,6,2SA 7:7,,
iohia,6,2SA 11:13,,
goadalaia,6,2SA 11:25,,
hakerua,6,2SA 13:39,,
kereredia,6,2SA 14:9,,
boeramu,6,2SA 17:2,,
nariva,6,2SA 17:17,,
hemaraidia,6,2SA 19:3,,
ahuda,6,2SA 20:1,,
iboiridia,6,2SA 20:5,,
hamaurigumu,6,2SA 22:3,,
pevana,6,2SA 22:35,,
henugu,6,2SA 22:40,,
neganai,6,2SA 24:24,,
inuinumu,6,1KI 1:25,,
ihelai-kauna,6,1KI 2:4,,
hahelaḡadiava,6,1KI 3:2,,
sisa,6,1KI 4:3,,
mauru,6,1KI 7:31,,
kimore-kimore,6,1KI 7:45,,
hetoi-rorona,6,1KI 8:42,,
heḡeregeredia,6,1KI 9:4,,
lohiaiava,6,1KI 9:19,,
iloalaina,6,1KI 10:5,,
iboirina,6,1KI 12:3,,
haharaḡaia,6,1KI 12:4,,
kauva,6,1KI 14:28,,
dikava,6,1KI 16:19,,
semere,6,1KI 16:24,,
tisbe,6,1KI 17:1,,
ubumu,6,1KI 17:4,,
laohaimu,6,1KI 18:12,,
nadudia,6,1KI 19:21,,
anivagava,6,1KI 21:27,,
roheamu,6,2KI 2:15,,
guru,6,2KI 3:24,,
maina,6,2KI 4:25,,
hosina,6,2KI 5:9,,
dapadia,6,2KI 8:12,,
igoa,6,2KI 8:29,,
turadia,6,2KI 12:5,,
iharuahui-toina,6,2KI 13:1,,
gvau,6,2KI 15:12,,
varava,6,2KI 18:7,,
arapada,6,2KI 18:34,,
dahuamu,6,2KI 21:13,,
hahebubu,6,2KI 21:16,,
larebadia,6,2KI 23:12,,
eleasa,6,1CH 2:39,,
refaia,6,1CH 3:21,,
ebiasafa,6,1CH 6:23,,
amasai,6,1CH 6:25,,
asele,6,1CH 8:37,,
goadagoadava,6,1CH 11:10,,
eva-evava,6,1CH 16:20,,
selomoto,6,1CH 23:9,,
iehohanan,6,1CH 26:3,,
ihadaina,6,1CH 28:2,,
darikidia,6,1CH 29:7,,
pipikidia,6,2CH 1:15,,
hehuri,6,2CH 4:6,,
ḡaukarava,6,2CH 11:23,,
ibanina,6,2CH 24:12,,
igari-henidia,6,2CH 29:8,,
ha-aukaiamu,6,2CH 32:10,,
bigvai,6,EZR 2:2,,
paroso,6,EZR 2:3,,
bebai,6,EZR 2:11,,
meremoto,6,EZR 8:33,,
hebulo,6,EZR 9:2,,
kahitao,6,NEH 3:3,,
keroro,6,NEH 8:15,,
hekokorokuva,6,NEH 9:16,,
mouka-mouka,6,NEH 9:21,,
ḡuḡurumu,6,EST 5:13,,
helaromu,6,JOB 4:6,,
hakarohodiamu,6,JOB 4:11,,
ḡovaiamu,6,JOB 7:5,,
kima,6,JOB 9:9,,
duahi-duahi,6,JOB 9:10,,
malaka-malakamu,6,JOB 10:6,,
ruhagu,6,JOB 10:14,,
lada-isidia,6,JOB 13:12,,
takumu,6,JOB 17:8,,
ramu,6,JOB 19:28,,
mata-hanaina,6,JOB 20:8,,
hadonoamu,6,JOB 20:15,,
habubunimu,6,JOB 22:10,,
hemetai,6,JOB 24:8,,
mamaoro,6,JOB 27:5,,
nogamu,6,JOB 27:19,,
taba,6,JOB 33:6,,
hakanimu,6,JOB 33:19,,
piuamu,6,JOB 36:33,,
dagumu,6,JOB 39:21,,
heralai,6,JOB 40:10,,
kimai,6,JOB 40:24,,
sivaraigu,6,JOB 42:7,,
kerere-kerere,6,PSA 1:1,,
oda,6,PSA 1:4,,
heloḡo-heloḡomu,6,PSA 2:1,,
lohiamui,6,PSA 2:10,,
heidoa,6,PSA 9:16,,
hahisihisidiamu,6,PSA 10:2,,
koidiamu,6,PSA 12:2,,
siboda,6,PSA 12:4,,
heatolaimu,6,PSA 30:1,,
ihalouna,6,PSA 37:21,,
diaridia,6,PSA 38:10,,
habubunigu,6,PSA 42:7,,
bibinamu,6,PSA 45:2,,
haḡuḡuruamu,6,PSA 57:2,,
rioamu,6,PSA 65:12,,
bogada,6,PSA 67:1,,
hanamoda,6,PSA 67:1,,
mata-lahui,6,PSA 73:22,,
bisini,6,PSA 84:3,,
ha-idaudia,6,PSA 89:34,,
ihenidia,6,PSA 99:8,,
kwalimuna,6,PSA 118:15,,
ha-aukadiamu,6,PSA 147:13,,
natu,6,PRO 4:1,,
hetutuhimu,6,PRO 4:19,,
hapararadiamu,6,PRO 16:28,,
mumuta,6,PRO 23:8,,
ima-idibaka,6,ECC 4:4,,
ratamu,6,SNG 4:5,,
haboudiamu,6,SNG 5:1,,
muko,6,ISA 3:19,,
emanuel,6,ISA 7:9,,
kekeromu,6,ISA 19:14,,
hebota,6,ISA 30:26,,
boiridiamu,6,ISA 31:4,,
hehuhumu,6,ISA 33:9,,
lara,6,ISA 33:23,,
tidara,6,ISA 41:19,,
teasuru,6,ISA 41:19,,
lalo-haguhi,6,ISA 41:29,,
goadalai,6,ISA 47:12,,
ladamui,6,ISA 65:15,,
tapanese,6,JER 2:16,,
heraua,6,JER 7:16,,
beromu,6,JER 30:12,,
hegaegae,6,JER 46:14,,
lulumu,6,JER 46:28,,
dava-heni,6,JER 50:15,,
daedia,6,EZK 9:3,,
oholiba,6,EZK 23:4,,
haheude-heudedia,6,EZK 26:10,,
moi-kaudia,6,EZK 40:22,,
auhitu,6,EZK 40:22,,
heheḡereḡere,6,EZK 42:11,,
foenikia,6,OBA 1:20,,
iopa,6,JON 1:3,,
bapatisomui,6,MAT 3:11,,
tahana,6,MAT 7:3,,
hanaina,6,MAT 9:9,,
lauma-dikana,6,MAT 9:32,,
beel-sebul,6,MAT 10:25,,
gwarume-gwarume,6,MAT 14:17,,
hosana,6,MAT 21:9,,
ldia,6,MAT 27:21,,
gwauta-taosi,6,MAT 28:16,,
midava,6,MRK 5:2,,
bamoda,6,MRK 9:38,,
hegameva,6,MRK 10:46,,
alesana,6,MRK 15:21,,
kefa,6,JHN 1:42,,
hahelalodia,6,ACT 5:31,,
duahiamu,6,ACT 8:30,,
honuhonu,6,ACT 11:24,,
ikonio,6,ACT 13:51,,
derebe,6,ACT 14:6,,
akula,6,ACT 18:2,,
hekisehekise,6,ACT 20:33,,
tauanina,6,ROM 8:6,,
ilalona,6,ROM 8:6,,
diakono,6,ROM 16:1,,
hevarivari,6,1CO 13:12,,
hamotua,6,REV 6:1,,
gorua,5,GEN 1:2,,
ianidia,5,GEN 2:9,,
haduamu,5,GEN 3:11,,
naamaha,5,GEN 4:22,,
karoana,5,GEN 5:1,,
ihagwauta-hituna,5,GEN 7:11,,
rakalaidia,5,GEN 8:17,,
ḡeiḡei,5,GEN 8:22,,
magog,5,GEN 10:2,,
raama,5,GEN 10:7,,
iokotan,5,GEN 10:25,,
kedoralaomere,5,GEN 14:1,,
duruava,5,GEN 14:5,,
matauraigumu,5,GEN 16:5,,
ha-inulaia,5,GEN 21:19,,
busu,5,GEN 22:21,,
vaḡivaḡidia,5,GEN 24:22,,
gadei,5,GEN 24:30,,
udu-baubauna,5,GEN 24:47,,
ketura,5,GEN 25:1,,
nebaioto,5,GEN 25:13,,
duma,5,GEN 25:14,,
huika-huika,5,GEN 25:25,,
lauagu,5,GEN 27:3,,
gimagu,5,GEN 28:20,,
mainogu,5,GEN 28:21,,
huni,5,GEN 31:34,,
lareba,5,GEN 31:54,,
iabok,5,GEN 32:22,,
kinia,5,GEN 32:24,,
lalodikamu,5,GEN 34:8,,
beseda,5,GEN 34:9,,
dibaḡanidia,5,GEN 34:13,,
baal-hanana,5,GEN 36:38,,
akaboro,5,GEN 36:38,,
pau,5,GEN 36:39,,
namohereana,5,GEN 37:3,,
boromana,5,GEN 37:20,,
vado,5,GEN 38:11,,
ima-kwakikwaki,5,GEN 38:25,,
atomai,5,GEN 41:10,,
varoda-varoda,5,GEN 41:21,,
hitolodiava,5,GEN 41:54,,
karada,5,GEN 42:28,,
basiama,5,GEN 43:10,,
ikumidia,5,GEN 43:12,,
loulai,5,GEN 43:12,,
isvi,5,GEN 46:17,,
guni,5,GEN 46:24,,
bavabimai,5,GEN 47:19,,
hoimui,5,GEN 47:23,,
haberodia,5,GEN 49:6,,
ae-geduna,5,GEN 49:17,,
igurina,5,GEN 50:7,,
hamarumarudia,5,GEN 50:21,,
raho-namona,5,EXO 2:2,,
mararoto,5,EXO 2:7,,
hahedokilaidia,5,EXO 3:22,,
taruhava,5,EXO 4:24,,
momodia,5,EXO 5:12,,
ḡuimui,5,EXO 6:6,,
popou,5,EXO 7:19,,
flax,5,EXO 9:31,,
ihamasedia,5,EXO 12:28,,
herevalaimui,5,EXO 14:3,,
elim,5,EXO 15:27,,
hakunu,5,EXO 16:12,,
refidim,5,EXO 17:1,,
ihelalolaina,5,EXO 17:14,,
hanamodiava,5,EXO 18:9,,
heḡole-oho,5,EXO 20:24,,
doaia,5,EXO 21:28,,
siaiamu,5,EXO 23:20,,
nanigo,5,EXO 23:28,,
hitu-ahuiosi,5,EXO 24:9,,
negari-negari,5,EXO 24:10,,
centimetres,5,EXO 25:10,,
bio,5,EXO 25:29,,
igaudia,5,EXO 26:32,,
toidia,5,EXO 27:7,,
vaiuri,5,EXO 27:16,,
hemata,5,EXO 28:25,,
mairi,5,EXO 28:37,,
piribou,5,EXO 28:42,,
itahunidia,5,EXO 29:33,,
oholiab,5,EXO 31:6,,
lolova,5,EXO 32:17,,
aema,5,EXO 32:26,,
kara-havara,5,EXO 34:7,,
ḡaukaralaiava,5,EXO 36:4,,
dudia,5,EXO 38:11,,
daetania,5,EXO 40:36,,
hakaukaudia,5,LEV 2:14,,
demodo,5,LEV 3:4,,
karalaidia,5,LEV 4:31,,
hamatalaia,5,LEV 6:3,,
kakasia,5,LEV 6:28,,
unadia,5,LEV 11:9,,
helailai,5,LEV 15:20,,
rara-kara,5,LEV 15:25,,
nevari,5,LEV 16:15,,
taḡedia,5,LEV 16:27,,
tahunia,5,LEV 17:13,,
daḡedaḡedia,5,LEV 17:15,,
heini,5,LEV 19:27,,
reta,5,LEV 23:40,,
arabimi,5,LEV 23:40,,
iatanai,5,LEV 24:4,,
selomiti,5,LEV 24:11,,
kwamadia,5,LEV 25:3,,
hetabiramu,5,LEV 25:44,,
iruhana,5,LEV 25:50,,
aiomui,5,LEV 26:13,,
badugu,5,LEV 26:28,,
elisuru,5,NUM 1:5,,
sedeuru,5,NUM 1:5,,
selumiele,5,NUM 1:6,,
surisadai,5,NUM 1:6,,
suara,5,NUM 1:8,,
helon,5,NUM 1:9,,
pedasuru,5,NUM 1:10,,
abidan,5,NUM 1:11,,
gideoni,5,NUM 1:11,,
amisadai,5,NUM 1:12,,
pagiele,5,NUM 1:13,,
okran,5,NUM 1:13,,
ahira,5,NUM 1:15,,
enan,5,NUM 1:15,,
laele,5,NUM 3:24,,
laidia,5,NUM 4:7,,
hiri,5,NUM 4:10,,
laolaomu,5,NUM 9:13,,
idi,5,NUM 11:8,,
asiname,5,NUM 11:14,,
haseroto,5,NUM 11:35,,
amiele,5,NUM 13:12,,
adavamai,5,NUM 14:3,,
basiela,5,NUM 14:12,,
gorudia,5,NUM 14:14,,
badinagu,5,NUM 14:24,,
maragidia,5,NUM 14:31,,
ḡagaena,5,NUM 14:32,,
rimudia,5,NUM 15:38,,
hahaḡaia,5,NUM 16:30,,
ihuri-ohona,5,NUM 19:9,,
arada,5,NUM 21:1,,
iahasa,5,NUM 21:23,,
medeba,5,NUM 21:30,,
taoradia,5,NUM 22:1,,
matauraimu,5,NUM 22:17,,
hekahi-hekahina,5,NUM 22:26,,
inaio,5,NUM 24:23,,
dibaḡanimui,5,NUM 25:18,,
mahala,5,NUM 26:33,,
eleale,5,NUM 32:3,,
hamanokadia,5,NUM 32:7,,
sibma,5,NUM 32:38,,
iairi,5,NUM 32:41,,
ain,5,NUM 34:11,,
hapadidia,5,NUM 35:11,,
sufu,5,DEU 1:1,,
hatomu,5,DEU 2:11,,
harimui,5,DEU 2:25,,
besere,5,DEU 4:43,,
hahesiriua,5,DEU 7:12,,
haheḡonudia,5,DEU 7:23,,
hakaniamu,5,DEU 8:5,,
lalokauna,5,DEU 13:6,,
hedairike,5,DEU 15:21,,
lagauhanai,5,DEU 16:5,,
hepapahuahulaia,5,DEU 17:8,,
haduamui,5,DEU 17:11,,
hahemaorolai,5,DEU 21:5,,
daḡedaḡemu,5,DEU 21:20,,
edeedemu,5,DEU 21:20,,
isiva,5,DEU 23:13,,
hahenemailaia,5,DEU 26:2,,
imodaimui,5,DEU 26:19,,
koiamu,5,DEU 27:18,,
hagagevaiamu,5,DEU 27:19,,
hahelaḡamui,5,DEU 28:9,,
iruru-matamu,5,DEU 28:32,,
vaira-hua,5,DEU 28:50,,
koumui,5,DEU 28:53,,
sulphur,5,DEU 29:23,,
iesurunu,5,DEU 32:15,,
takodia,5,DEU 32:32,,
kiama-kiamana,5,DEU 32:41,,
ialodia,5,DEU 32:46,,
oridia,5,DEU 33:26,,
daramu,5,JOS 1:9,,
dadarai,5,JOS 1:18,,
kwaramai,5,JOS 2:19,,
metres,5,JOS 3:4,,
hakororoa,5,JOS 4:23,,
helagana,5,JOS 6:4,,
hahekwarahia,5,JOS 6:18,,
heḡigi,5,JOS 6:20,,
habuamai,5,JOS 7:7,,
heduanai,5,JOS 7:16,,
hamorua,5,JOS 8:35,,
iaramutu,5,JOS 10:3,,
iafia,5,JOS 10:3,,
heaudia,5,JOS 10:10,,
komuva,5,JOS 10:27,,
en-rogele,5,JOS 15:7,,
baala,5,JOS 15:9,,
aksa,5,JOS 15:16,,
sanoa,5,JOS 15:34,,
en-gedi,5,JOS 15:62,,
nesena,5,JOS 18:12,,
hosa,5,JOS 19:29,,
estemoa,5,JOS 21:14,,
iadadia,5,JOS 23:7,,
tohodia,5,JDG 2:22,,
sinahutauratoi,5,JDG 3:31,,
heholo,5,JDG 4:21,,
loridane,5,JDG 5:17,,
aiogu,5,JDG 5:30,,
ogogami,5,JDG 6:15,,
hahelagaia,5,JDG 6:26,,
sebe,5,JDG 7:25,,
boirimai,5,JDG 8:1,,
hitu-ahui-osi,5,JDG 9:2,,
lehi,5,JDG 15:9,,
huigu,5,JDG 16:13,,
tadikakamai,5,JDG 20:23,,
dareremu,5,JDG 20:41,,
hamatamataia,5,RUT 4:15,,
karukaruna,5,RUT 4:16,,
hofni,5,1SA 1:3,,
negai,5,1SA 1:14,,
hakwaidudiamu,5,1SA 2:4,,
hahemaurimu,5,1SA 2:6,,
hehuari,5,1SA 2:10,,
kohi,5,1SA 2:10,,
bouva,5,1SA 2:22,,
mari-abi,5,1SA 6:2,,
badulaia,5,1SA 8:6,,
rohemu,5,1SA 10:6,,
tauhaugu,5,1SA 12:2,,
noinoilaia,5,1SA 12:17,,
malkisua,5,1SA 14:49,,
iḡavagu,5,1SA 15:11,,
hamanaua,5,1SA 15:17,,
sinavai-sinavai,5,1SA 17:40,,
manada-manadadia,5,1SA 17:40,,
modana,5,1SA 17:40,,
ihahemaraimu,5,1SA 20:30,,
doeg,5,1SA 21:7,,
hore,5,1SA 23:15,,
tahugumu,5,1SA 24:11,,
miadia,5,1SA 26:16,,
aba,5,1SA 26:20,,
igimagu,5,1SA 28:2,,
hetarulaia,5,1SA 28:14,,
anelaia,5,1SA 29:5,,
gwada,5,2SA 2:16,,
hagiti,5,2SA 3:4,,
tuarina,5,2SA 3:30,,
taiamai,5,2SA 7:22,,
suna,5,2SA 8:5,,
ahilud,5,2SA 8:16,,
gugubaia,5,2SA 13:2,,
horonaimi,5,2SA 13:34,,
hebubumu,5,2SA 14:14,,
da,5,2SA 18:8,,
momo-herea,5,2SA 18:17,,
heloḡo-heloḡona,5,2SA 18:29,,
harohomu,5,2SA 18:31,,
husata,5,2SA 21:18,,
ruahui-hani,5,2SA 21:20,,
abatadia,5,2SA 22:5,,
diarimu,5,2SA 23:4,,
ahohi,5,2SA 23:9,,
harara,5,2SA 23:11,,
helese,5,2SA 23:26,,
itiri,5,2SA 23:38,,
dudu,5,2SA 24:12,,
hahavamu,5,2SA 24:13,,
hahedokilaiva,5,1KI 1:1,,
abisaga,5,1KI 1:3,,
gwauraimai,5,1KI 1:21,,
ietere,5,1KI 2:5,,
helaḡa-hereana,5,1KI 3:4,,
lasilaidia,5,1KI 5:9,,
iabi-isina,5,1KI 7:30,,
iḡovalaidia,5,1KI 7:42,,
daelaidia,5,1KI 8:4,,
heitava,5,1KI 8:8,,
ḡurimu,5,1KI 8:33,,
seadia,5,1KI 8:64,,
aurua,5,1KI 9:10,,
laḡamu,5,1KI 13:7,,
abiama,5,1KI 14:31,,
maoromaorova,5,1KI 15:5,,
tutuka,5,1KI 16:18,,
ihamasena,5,1KI 17:18,,
roteme,5,1KI 19:4,,
nimisi,5,1KI 19:16,,
heagi,5,1KI 20:11,,
rauagu,5,1KI 20:32,,
demaria,5,1KI 21:19,,
tano-hetoana,5,1KI 21:23,,
kenana,5,1KI 22:11,,
ibouboumui,5,1KI 22:28,,
haheaua,5,1KI 22:34,,
asuba,5,1KI 22:42,,
siaidiamu,5,2KI 1:6,,
magevana,5,2KI 3:9,,
boirida,5,2KI 3:10,,
tahunidia,5,2KI 3:19,,
bamodiamu,5,2KI 6:16,,
helohia,5,2KI 8:20,,
kibi-hiriri,5,2KI 11:14,,
matan,5,2KI 11:18,,
raka-hanaina,5,2KI 14:9,,
gosan,5,2KI 17:6,,
sisibalai,5,2KI 17:15,,
dabua-huri,5,2KI 18:17,,
maraḡi-maraḡina,5,2KI 18:24,,
iḡonaḡonalaina,5,2KI 19:16,,
taiko-taikomu,5,2KI 19:21,,
hakororodia,5,2KI 19:24,,
udu-baubaumu,5,2KI 19:28,,
nanadailaidia,5,2KI 22:7,,
samai,5,1CH 2:28,,
sesana,5,1CH 2:31,,
pelatia,5,1CH 3:21,,
hatusu,5,1CH 3:22,,
hodavia,5,1CH 3:24,,
meunimi,5,1CH 4:41,,
sia,5,1CH 5:13,,
sima,5,1CH 6:20,,
uriele,5,1CH 6:24,,
isihia,5,1CH 7:3,,
iediaele,5,1CH 7:6,,
serese,5,1CH 7:16,,
galala,5,1CH 9:15,,
talmon,5,1CH 9:17,,
leiele,5,1CH 15:18,,
duanai,5,1CH 17:9,,
hegaeḡae,5,1CH 19:17,,
rehabia,5,1CH 23:17,,
hanaihanaiamu,5,1CH 23:25,,
hakoso,5,1CH 24:10,,
heheru,5,2CH 2:10,,
libia,5,2CH 12:3,,
hadibadibadia,5,2CH 17:7,,
hadavaia,5,2CH 24:22,,
ofele,5,2CH 27:3,,
kopadia,5,2CH 29:34,,
kirikirilaidia,5,2CH 30:10,,
kohu-hua,5,2CH 34:13,,
satu,5,EZR 2:8,,
atere,5,EZR 2:16,,
besai,5,EZR 2:17,,
hasumu,5,EZR 2:19,,
heḡereḡeremui,5,EZR 4:2,,
hanohomai,5,EZR 4:2,,
ihadibamu,5,EZR 4:14,,
enekahana,5,EZR 4:17,,
hahedualaia,5,EZR 5:17,,
gimamai,5,EZR 8:22,,
hisihisina,5,NEH 2:2,,
kirikirilaimai,5,NEH 2:19,,
dagedaḡe,5,NEH 2:19,,
bubudia,5,NEH 5:13,,
nohodia,5,NEH 8:7,,
reḡereḡemui,5,NEH 8:11,,
ioiaribi,5,NEH 11:5,,
hedava,5,NEH 12:24,,
moimoilai,5,NEH 13:15,,
inuava,5,EST 1:10,,
hamedata,5,EST 3:1,,
bildad,5,JOB 2:11,,
suhi,5,JOB 2:11,,
tau-boera,5,JOB 3:17,,
leonana,5,JOB 4:11,,
hedavauhemu,5,JOB 4:13,,
alagumu,5,JOB 6:4,,
ice,5,JOB 6:16,,
raraigu,5,JOB 6:28,,
hapapaia,5,JOB 11:5,,
dedimu,5,JOB 12:5,,
halaogumu,5,JOB 13:24,,
kororomu,5,JOB 14:11,,
halasidiamu,5,JOB 15:13,,
gugubaiamu,5,JOB 15:20,,
hadarereamu,5,JOB 15:24,,
hodaia,5,JOB 15:30,,
matamamu,5,JOB 15:35,,
gadigadina,5,JOB 16:9,,
dabaigu,5,JOB 16:12,,
balahenimu,5,JOB 17:9,,
hadiburadia,5,JOB 19:8,,
rata-hetarina,5,JOB 20:17,,
ha-orediamu,5,JOB 21:13,,
gunalaiamu,5,JOB 21:33,,
maumaumu,5,JOB 23:2,,
magigina,5,JOB 25:2,,
haraḡa-haraḡamu,5,JOB 26:13,,
ihi-ihiraigumu,5,JOB 30:10,,
hakede,5,JOB 34:2,,
habadamu,5,JOB 35:16,,
kokoikoi,5,JOB 36:4,,
ḡuidiamu,5,JOB 36:13,,
kevarudia,5,JOB 37:3,,
hahonudiamu,5,JOB 37:11,,
lomu,5,JOB 39:4,,
kareva,5,JOB 41:29,,
herevalaigumu,5,PSA 3:2,,
gedana,5,PSA 6:6,,
hatuidia,5,PSA 8:2,,
herea-mikamika,5,PSA 9:2,,
hanimu,5,PSA 17:8,,
heḡova,5,PSA 32:1,,
habadelaiamu,5,PSA 32:2,,
malamu,5,PSA 34:13,,
moigu,5,PSA 36:11,,
hahemaraidiamu,5,PSA 37:19,,
ḡavaiamu,5,PSA 38:20,,
bavabigu,5,PSA 41:10,,
taiko-taiko,5,PSA 44:14,,
daremui,5,PSA 50:22,,
hakwaidu,5,PSA 51:8,,
manauna,5,PSA 51:17,,
haheude-heudea,5,PSA 60:2,,
manorimu,5,PSA 63:1,,
heabi-isi,5,PSA 75:6,,
halasia,5,PSA 78:49,,
lahea,5,PSA 80:10,,
heatolaiamu,5,PSA 89:12,,
ialogu,5,PSA 94:19,,
ikahadia,5,PSA 115:9,,
helaia,5,PSA 128:3,,
anitarana,5,PSA 139:15,,
taritari,5,PSA 140:11,,
henahua,5,PRO 1:4,,
lohilohiamu,5,PRO 4:23,,
ihakanina,5,PRO 5:23,,
garilaiamu,5,PRO 10:24,,
lalo-gagevagageva,5,PRO 11:3,,
hoiamu,5,PRO 11:26,,
hekoimu,5,PRO 14:8,,
lailaiamu,5,PRO 16:18,,
meromero,5,PRO 22:6,,
gahi,5,PRO 25:18,,
daro,5,PRO 28:9,,
henaomu,5,PRO 28:24,,
haraga-haraga,5,ECC 5:2,,
haguhilaimu,5,ECC 6:9,,
matau,5,ECC 10:1,,
ikaramu,5,ECC 12:1,,
korema-korema,5,SNG 1:5,,
haheḡereḡeremu,5,SNG 1:9,,
vahamu,5,SNG 1:10,,
habadinalaidia,5,SNG 8:11,,
hetomadia,5,ISA 2:6,,
hedoma-hedomadia,5,ISA 9:18,,
lalo-siahu,5,ISA 10:25,,
honuhonu-dae,5,ISA 11:9,,
pataro,5,ISA 11:11,,
tailaidia,5,ISA 16:7,,
biagu,5,ISA 19:4,,
raragamu,5,ISA 19:14,,
dorimu,5,ISA 22:19,,
nahu,5,ISA 25:11,,
hahemaoromu,5,ISA 29:21,,
ihahemaraimui,5,ISA 30:3,,
hakapu,5,ISA 32:3,,
ginikau,5,ISA 41:21,,
damu,5,ISA 42:22,,
bel,5,ISA 46:1,,
ramimu,5,ISA 47:3,,
havaramui,5,ISA 48:1,,
noholaimu,5,ISA 49:19,,
haheroho-mauri,5,ISA 51:1,,
kekepulu,5,ISA 56:10,,
ḡoreamu,5,ISA 59:13,,
ratadia,5,ISA 60:16,,
hadareremu,5,JER 1:19,,
hamotu,5,JER 2:20,,
haheperitome,5,JER 4:4,,
hekui-hekui,5,JER 6:26,,
tau-ani,5,JER 16:4,,
gegemui,5,JER 21:4,,
gwau-tora,5,JER 23:40,,
gemaria,5,JER 29:3,,
heroha,5,JER 32:4,,
ibiaguna,5,JER 32:10,,
dagidia,5,JER 42:1,,
tebe,5,JER 46:25,,
ḡeḡemui,5,JER 49:5,,
mi,5,JER 51:61,,
ginina,5,EZK 3:23,,
hurimu,5,EZK 16:4,,
gavena,5,EZK 17:6,,
hakimore-kimorea,5,EZK 21:9,,
ohola,5,EZK 23:4,,
deḡideḡina,5,EZK 24:6,,
hahedava-heni,5,EZK 25:14,,
bara,5,EZK 27:8,,
haroromu,5,EZK 27:35,,
daga,5,EZK 31:5,,
ima-palapala,5,EZK 40:5,,
iabi-daedia,5,HOS 4:10,,
lagatoina,5,JON 1:3,,
manaumui,5,ZEP 2:3,,
harorova,5,MAT 3:1,,
hitoloa,5,MAT 4:2,,
vanagi,5,MAT 4:21,,
taunabenai,5,MAT 6:22,,
mataio,5,MAT 9:9,,
alfeo,5,MAT 10:3,,
dunidia,5,MAT 12:41,,
mahutadia,5,MAT 13:25,,
herodia,5,MAT 14:3,,
loane,5,MAT 14:5,,
dono,5,MAT 18:6,,
henamo,5,MAT 20:13,,
maraḡi-maraḡidia,5,MAT 23:23,,
seua,5,MAT 25:34,,
getesemane,5,MAT 26:35,,
ḡuriguri,5,MAT 26:42,,
kwaki-kwakina,5,MRK 7:33,,
dobiva,5,MRK 9:22,,
badinava,5,LUK 1:6,,
hamaoromaoro,5,LUK 3:5,,
kidaia,5,LUK 8:22,,
haheaukana,5,LUK 9:51,,
nikodemo,5,JHN 3:1,,
kepuludia,5,JHN 9:1,,
igwaurai-hedinaraina,5,JHN 18:37,,
pamfulia,5,ACT 2:10,,
eunuko,5,ACT 8:27,,
taso,5,ACT 9:11,,
italia,5,ACT 10:1,,
ihaboulaidia,5,ACT 15:20,,
tuatira,5,ACT 16:14,,
haduamumu,5,ACT 16:18,,
iason,5,ACT 17:5,,
priskila,5,ACT 18:2,,
gaio,5,ACT 19:29,,
aristako,5,ACT 19:29,,
dingi,5,ACT 27:16,,
haine,5,ROM 13:3,,
ihaḡoina,5,1CO 11:7,,
numerana,5,REV 13:17,,
guitau,4,GEN 1:14,,
bedolak,4,GEN 2:12,,
ḡaḡaemu,4,GEN 3:11,,
giniginidia,4,GEN 3:18,,
varahuna,4,GEN 3:19,,
hadabualaidia,4,GEN 3:21,,
hagerea,4,GEN 4:5,,
hodara,4,GEN 4:19,,
botagu,4,GEN 4:23,,
laga-ani,4,GEN 5:29,,
ha-utua,4,GEN 6:17,,
laḡatoi,4,GEN 7:7,,
ararat,4,GEN 8:4,,
iavan,4,GEN 10:2,,
kitim,4,GEN 10:4,,
nimrod,4,GEN 10:8,,
kasaluhim,4,GEN 10:14,,
aravada,4,GEN 10:18,,
adma,4,GEN 10:19,,
tunu,4,GEN 11:3,,
habua,4,GEN 13:10,,
goimi,4,GEN 14:1,,
sidim,4,GEN 14:3,,
kakadia,4,GEN 14:13,,
kenisi,4,GEN 15:19,,
taravamu,4,GEN 17:2,,
hedoa-hedoamu,4,GEN 17:8,,
ihagoadadia,4,GEN 18:5,,
irau,4,GEN 18:6,,
ihereva-henina,4,GEN 18:31,,
hegege,4,GEN 19:4,,
ḡavagu,4,GEN 19:19,,
hegwau-tao,4,GEN 20:9,,
besemu,4,GEN 21:12,,
hiria,4,GEN 22:9,,
sohara,4,GEN 23:8,,
hahekuredia,4,GEN 24:11,,
ehea,4,GEN 24:15,,
vaḡivaḡi,4,GEN 24:47,,
taihumai,4,GEN 24:60,,
iokosan,4,GEN 25:2,,
efere,4,GEN 25:4,,
rehoboto,4,GEN 26:22,,
avania,4,GEN 27:31,,
paḡamu,4,GEN 27:40,,
hekwina,4,GEN 28:18,,
dohore,4,GEN 29:7,,
lalo-dikava,4,GEN 29:20,,
tuigu,4,GEN 30:3,,
hutumava,4,GEN 30:43,,
henaodia,4,GEN 31:30,,
havagu,4,GEN 31:36,,
vasilai,4,GEN 31:39,,
heride,4,GEN 32:25,,
lalodika,4,GEN 34:3,,
ialam,4,GEN 36:5,,
disan,4,GEN 36:21,,
manahata,4,GEN 36:23,,
onam,4,GEN 36:23,,
bilhan,4,GEN 36:27,,
husam,4,GEN 36:34,,
samula,4,GEN 36:36,,
taigu,4,GEN 37:35,,
ilailaina,4,GEN 38:29,,
iregudia,4,GEN 40:5,,
asenat,4,GEN 41:45,,
ihoilaina,4,GEN 43:22,,
tau-badana,4,GEN 44:20,,
hamulu,4,GEN 46:12,,
malkiel,4,GEN 46:17,,
asbel,4,GEN 46:21,,
arad,4,GEN 46:21,,
husim,4,GEN 46:23,,
ramese,4,GEN 47:11,,
habouva,4,GEN 47:27,,
ubumui,4,GEN 50:21,,
mamanoka,4,EXO 1:9,,
tauhauna,4,EXO 2:11,,
haḡeremui,4,EXO 3:16,,
kahumai,4,EXO 3:18,,
haheralaidia,4,EXO 3:22,,
metaumu,4,EXO 6:12,,
nefeg,4,EXO 6:21,,
ibouna,4,EXO 8:26,,
rae,4,EXO 9:31,,
korema,4,EXO 10:15,,
hekasilai,4,EXO 12:11,,
lagau,4,EXO 12:11,,
iharuahui-tana,4,EXO 12:18,,
dahudia,4,EXO 12:22,,
kumi,4,EXO 12:34,,
tomadiho,4,EXO 13:5,,
ḡavamui,4,EXO 14:4,,
boioboio,4,EXO 14:14,,
kunuva,4,EXO 16:3,,
botalaia,4,EXO 17:5,,
hadibalaidiamu,4,EXO 18:16,,
pound,4,EXO 21:32,,
hekehona,4,EXO 21:33,,
heato-kau,4,EXO 22:25,,
nevarilaidia,4,EXO 24:8,,
henudia,4,EXO 25:35,,
merekidia,4,EXO 25:38,,
moḡea,4,EXO 28:14,,
huakinto,4,EXO 28:19,,
ametuso,4,EXO 28:19,,
kubou,4,EXO 28:28,,
gabagabana,4,EXO 28:34,,
gabadia,4,EXO 28:42,,
hadigudia,4,EXO 29:4,,
ihorona,4,EXO 29:7,,
hadokilaidia,4,EXO 29:8,,
kida,4,EXO 30:24,,
libano,4,EXO 30:34,,
dimura-dimura,4,EXO 30:36,,
mavaruva,4,EXO 32:19,,
turamui,4,EXO 32:27,,
dorugu,4,EXO 33:23,,
haḡanilai,4,EXO 35:10,,
herahialai,4,EXO 35:22,,
kapadia,4,EXO 36:38,,
ḡaukaralai,4,EXO 38:28,,
ikaroadia,4,LEV 2:12,,
ihahisidia,4,LEV 6:4,,
iana,4,LEV 7:9,,
bodagana,4,LEV 7:21,,
nuadia,4,LEV 8:27,,
huahai,4,LEV 10:17,,
asieme,4,LEV 11:4,,
hea,4,LEV 11:6,,
boḡe,4,LEV 11:19,,
noko,4,LEV 11:19,,
bita,4,LEV 11:29,,
siha,4,LEV 11:30,,
hapariparidia,4,LEV 11:38,,
labora,4,LEV 13:30,,
totototo,4,LEV 13:31,,
ramana,4,LEV 13:41,,
manokana,4,LEV 13:47,,
valahu-valahumu,4,LEV 13:56,,
ibunina,4,LEV 14:9,,
enobou,4,LEV 15:2,,
hura-aru,4,LEV 15:13,,
ḡole-ohoboubouna,4,LEV 18:21,,
helaḡalaimu,4,LEV 21:1,,
aukidia,4,LEV 21:5,,
hakaukaua,4,LEV 23:14,,
elabona,4,LEV 23:32,,
koimu,4,LEV 25:14,,
varavara-dosina,4,LEV 25:25,,
dadaraimui,4,LEV 26:11,,
havamui,4,LEV 26:17,,
heaḡina,4,LEV 26:19,,
hohoamu,4,LEV 26:36,,
dadaraidiava,4,LEV 26:43,,
ibodohilaidia,4,LEV 27:5,,
elisafan,4,NUM 3:30,,
irohona,4,NUM 4:5,,
taravaia,4,NUM 5:19,,
mamumu,4,NUM 5:21,,
kibokibodia,4,NUM 7:84,,
gwada-gwada,4,NUM 11:8,,
tunamu,4,NUM 11:23,,
ahiman,4,NUM 13:22,,
tako,4,NUM 13:23,,
goadada,4,NUM 13:30,,
dibaḡanigu,4,NUM 14:22,,
maumauraigumu,4,NUM 14:27,,
igogodia,4,NUM 15:33,,
dudui-isi,4,NUM 18:8,,
gaigaidia,4,NUM 21:6,,
oboto,4,NUM 21:10,,
serede,4,NUM 21:12,,
iuduguiraidia,4,NUM 23:11,,
hakapumu,4,NUM 24:16,,
taitaidia,4,NUM 25:6,,
salu,4,NUM 25:14,,
nemuele,4,NUM 26:9,,
semida,4,NUM 26:32,,
hogla,4,NUM 26:33,,
tahan,4,NUM 26:35,,
abarim,4,NUM 27:12,,
kone-noho,4,NUM 31:27,,
gold-na,4,NUM 31:54,,
ataroto,4,NUM 32:3,,
havoto-iairi,4,NUM 32:41,,
amoe,4,NUM 33:9,,
bet-iesimoto,4,NUM 33:49,,
reḡumui,4,DEU 1:9,,
ikwaramui,4,DEU 1:13,,
haḡanida,4,DEU 1:19,,
tadikakada,4,DEU 1:28,,
kedemoto,4,DEU 2:26,,
aragob,4,DEU 3:4,,
sirion,4,DEU 3:9,,
seniri,4,DEU 3:9,,
saleka,4,DEU 3:10,,
bete-peoro,4,DEU 3:29,,
havaburaia,4,DEU 4:11,,
amuna,4,DEU 4:20,,
itoi-rorona,4,DEU 4:34,,
haheitalaimui,4,DEU 4:36,,
golan,4,DEU 4:43,,
goadamui,4,DEU 6:17,,
gwau-daḡe,4,DEU 9:6,,
palaka,4,DEU 10:1,,
abatana,4,DEU 11:4,,
gerisim,4,DEU 11:29,,
era,4,DEU 15:8,,
dudukau,4,DEU 15:14,,
hanamolaimui,4,DEU 16:10,,
uduguiraimui,4,DEU 23:4,,
ihanamolaimui,4,DEU 23:5,,
koroamu,4,DEU 27:15,,
iu,4,DEU 28:13,,
hidiomui,4,DEU 28:26,,
hedarahumu,4,DEU 28:29,,
aboni-noho,4,DEU 28:56,,
hahetahadia,4,DEU 28:65,,
huaiava,4,DEU 31:9,,
habadelaimui,4,DEU 31:26,,
badi-tanodia,4,DEU 32:22,,
idurumu,4,DEU 33:26,,
keia,4,JOS 5:9,,
manokamanoka,4,JOS 7:5,,
kefira,4,JOS 9:17,,
tuariva,4,JOS 10:14,,
kineroto,4,JOS 11:2,,
mispe,4,JOS 11:8,,
gebala,4,JOS 13:5,,
mefata,4,JOS 13:18,,
gabaena,4,JOS 13:20,,
bet-araba,4,JOS 15:6,,
edere,4,JOS 15:21,,
molada,4,JOS 15:26,,
hasara-sual,4,JOS 15:28,,
asana,4,JOS 15:42,,
aksib,4,JOS 15:44,,
samiri,4,JOS 15:48,,
gilo,4,JOS 15:51,,
naara,4,JOS 16:7,,
logora,4,JOS 22:8,,
ikwadi,4,JOS 23:13,,
vageḡe,4,JOS 24:19,,
gaasa,4,JOS 24:30,,
daḡe,4,JDG 2:19,,
auauna,4,JDG 3:22,,
abinaom,4,JDG 4:6,,
basinala,4,JDG 4:8,,
mahutana,4,JDG 4:21,,
hedinaraiamu,4,JDG 5:11,,
hegiḡi,4,JDG 6:28,,
harod,4,JDG 7:1,,
sinahu-toiosi,4,JDG 7:7,,
hegeḡemadai,4,JDG 7:18,,
hamakohi,4,JDG 7:19,,
dadabamui,4,JDG 8:7,,
horogu,4,JDG 9:15,,
ialomui,4,JDG 9:16,,
raku,4,JDG 9:48,,
tobo,4,JDG 11:3,,
aogwa,4,JDG 12:6,,
dogogu,4,JDG 13:16,,
araiamu,4,JDG 15:14,,
igui,4,JDG 15:14,,
ipani,4,JDG 16:13,,
heabi-oho,4,JDG 17:2,,
betelehem-luda,4,JDG 17:8,,
betelehem-iuda,4,JDG 19:18,,
malon,4,RUT 1:2,,
taitaina,4,1SA 1:10,,
hataḡadiamu,4,1SA 2:7,,
iruru-matana,4,1SA 2:33,,
heatona,4,1SA 5:4,,
hadikada,4,1SA 6:9,,
abiele,4,1SA 9:1,,
pagana,4,1SA 9:2,,
lalo-hadailaimu,4,1SA 9:19,,
toredia,4,1SA 10:25,,
meraba,4,1SA 14:49,,
aun,4,1SA 17:5,,
daharaia,4,1SA 17:6,,
kavaia,4,1SA 18:10,,
iala-masemu,4,1SA 19:2,,
duruamu,4,1SA 22:17,,
dadimu,4,1SA 23:1,,
haheḡaeḡaedia,4,1SA 25:18,,
hariharilai,4,1SA 25:27,,
ainema,4,1SA 26:22,,
harimai,4,1SA 27:11,,
haraivagu,4,1SA 28:15,,
gwadagu,4,1SA 31:4,,
hetoḡe,4,1SA 31:4,,
loab,4,2SA 2:13,,
gohugohuna,4,2SA 2:13,,
gohugohu,4,2SA 2:13,,
mataka-mataka,4,2SA 2:16,,
rispa,4,2SA 3:7,,
turiamu,4,2SA 5:1,,
sobab,4,2SA 5:14,,
eliada,4,2SA 5:16,,
perese-usa,4,2SA 6:8,,
honedia,4,2SA 6:15,,
iabi-loudia,4,2SA 8:3,,
lo-debara,4,2SA 9:4,,
daba-rerena,4,2SA 11:12,,
lasida,4,2SA 15:14,,
mato,4,2SA 15:22,,
tamakadia,4,2SA 15:30,,
bamoamu,4,2SA 17:2,,
haganilaidia,4,2SA 18:5,,
ihedavari-henimu,4,2SA 19:20,,
habadelaigu,4,2SA 19:27,,
kimuhamu,4,2SA 19:37,,
biaguava,4,2SA 20:23,,
ḡegea,4,2SA 21:16,,
sibekai,4,2SA 21:18,,
elhanan,4,2SA 21:19,,
hakevarua,4,2SA 22:15,,
hariolaigu,4,2SA 22:40,,
harigu,4,2SA 22:45,,
heude-heudedia,4,2SA 22:46,,
inegedia,4,2SA 23:17,,
kememu,4,1KI 1:2,,
seto,4,1KI 1:6,,
ohegu,4,1KI 3:20,,
ruma-hagini,4,1KI 5:18,,
ihahetohodia,4,1KI 6:25,,
igaukaralaina,4,1KI 7:14,,
kuboro,4,1KI 7:15,,
kuborona,4,1KI 7:15,,
kuboro-kuboro,4,1KI 7:23,,
toi-ahuiosi,4,1KI 7:24,,
habahabadia,4,1KI 7:28,,
lalo-namodia,4,1KI 8:66,,
raidia,4,1KI 9:26,,
hodo,4,1KI 10:16,,
ato-kau,4,1KI 10:19,,
tukimi,4,1KI 10:22,,
kue,4,1KI 10:28,,
ilou-henina,4,1KI 11:22,,
gunalaimu,4,1KI 14:9,,
sarefata,4,1KI 17:9,,
riodia,4,1KI 20:31,,
imla,4,1KI 22:8,,
hatamonaia,4,1KI 22:13,,
baal-sebub,4,2KI 1:2,,
edehetomana,4,2KI 1:7,,
koehirihiri,4,2KI 2:1,,
kariotana,4,2KI 2:11,,
daroa,4,2KI 5:11,,
raka-lasina,4,2KI 7:17,,
igodia,4,2KI 10:13,,
haherohedia,4,2KI 11:17,,
iehosabad,4,2KI 12:21,,
pekahia,4,2KI 15:22,,
hala,4,2KI 17:6,,
dadairana,4,2KI 18:17,,
ḡonaḡonalaigu,4,2KI 19:6,,
lahulahuna,4,2KI 19:7,,
uma-umana,4,2KI 21:18,,
ihadikalaidia,4,2KI 22:19,,
ruahui-ta,4,2KI 24:18,,
ḡaukaralaiva,4,2KI 25:14,,
lohanan,4,2KI 25:23,,
salma,4,1CH 2:11,,
iesaia,4,1CH 3:21,,
re-aia,4,1CH 4:2,,
pasea,4,1CH 4:12,,
adiele,4,1CH 4:36,,
ledaia,4,1CH 4:37,,
rakavareaina,4,1CH 4:39,,
iraka-vareaina,4,1CH 5:9,,
mahata,4,1CH 6:35,,
abdi,4,1CH 6:44,,
amasi,4,1CH 6:46,,
alemete,4,1CH 6:60,,
ierimoto,4,1CH 7:7,,
lod,4,1CH 8:12,,
merib-baal,4,1CH 8:34,,
binea,4,1CH 8:37,,
kore,4,1CH 9:19,,
meselemia,4,1CH 9:21,,
gimadiava,4,1CH 9:24,,
beraka,4,1CH 12:3,,
semaria,4,1CH 12:5,,
idurugu,4,1CH 12:17,,
adna,4,1CH 12:20,,
gavadia,4,1CH 14:14,,
ihataidia,4,1CH 15:16,,
semiramoto,4,1CH 15:18,,
lahasiel,4,1CH 16:6,,
ledutunu,4,1CH 16:41,,
miamini,4,1CH 24:9,,
petahia,4,1CH 24:16,,
kohorodia,4,1CH 27:25,,
hatalai,4,1CH 28:12,,
puku,4,1CH 29:2,,
igovalaidia,4,1CH 29:4,,
dariki,4,1CH 29:7,,
hakiraradia,4,2CH 6:40,,
henemailai,4,2CH 7:14,,
haheḡanilaia,4,2CH 8:14,,
honena,4,2CH 13:15,,
habadaiava,4,2CH 14:7,,
bavabiabiraia,4,2CH 20:20,,
hahebuatari,4,2CH 20:23,,
tami,4,2CH 20:35,,
banidia,4,2CH 29:3,,
aio,4,2CH 30:8,,
henanadailaia,4,2CH 32:31,,
halataia,4,2CH 33:14,,
sesebasara,4,EZR 1:8,,
sinahu-taurahanita,4,EZR 2:8,,
asgada,4,EZR 2:12,,
adini,4,EZR 2:15,,
iora,4,EZR 2:18,,
gidele,4,EZR 2:47,,
nekoda,4,EZR 2:48,,
simisai,4,EZR 4:8,,
sisiga,4,EZR 4:15,,
tatenai,4,EZR 5:3,,
setara-bosenai,4,EZR 5:3,,
ha-ahua,4,EZR 5:3,,
ihabouna,4,EZR 6:11,,
urakwalimu,4,EZR 7:13,,
ihahairaina,4,EZR 7:27,,
pahata-moab,4,EZR 8:4,,
kwabukwabumai,4,EZR 9:8,,
tagena,4,NEH 2:13,,
geseme,4,NEH 2:19,,
hananele,4,NEH 3:1,,
vadavadana,4,NEH 3:15,,
ihahemaoro-henidia,4,NEH 5:7,,
vatua,4,NEH 6:12,,
imoalelaina,4,NEH 8:10,,
buni,4,NEH 9:4,,
dabuva,4,NEH 9:21,,
lagadia,4,NEH 9:28,,
toreamu,4,NEH 9:38,,
digi,4,NEH 10:37,,
hegai,4,EST 2:3,,
hahane,4,EST 4:1,,
hataka,4,EST 4:5,,
purimi,4,EST 9:15,,
ohova,4,JOB 1:1,,
habadadia,4,JOB 1:10,,
sofara,4,JOB 2:11,,
naamata,4,JOB 2:11,,
ubugu,4,JOB 3:12,,
kwaidumu,4,JOB 4:10,,
habadelaidiamu,4,JOB 4:18,,
kaimana,4,JOB 5:3,,
igwaurai-maorogu,4,JOB 6:29,,
hisi-dae,4,JOB 8:21,,
berogu,4,JOB 9:17,,
hahohodiamu,4,JOB 9:17,,
lalo-idita,4,JOB 9:18,,
halouamu,4,JOB 10:8,,
ihabadelaigu,4,JOB 10:17,,
habaduamu,4,JOB 12:6,,
ḡonaḡonalaidiamu,4,JOB 12:21,,
habadelaimumu,4,JOB 15:6,,
manadadia,4,JOB 15:11,,
enehetomadia,4,JOB 15:13,,
hagariamu,4,JOB 15:24,,
ahutudia,4,JOB 15:28,,
kasiridia,4,JOB 15:33,,
aradiamu,4,JOB 15:34,,
daḡadia,4,JOB 18:7,,
ihahekwakwanaina,4,JOB 18:10,,
laohaiamu,4,JOB 18:14,,
kaukaumu,4,JOB 18:16,,
boiriamu,4,JOB 19:16,,
varoda-varodamu,4,JOB 19:20,,
garaḡarana,4,JOB 20:23,,
ḡeḡemu,4,JOB 22:10,,
ihahemaoro-henigu,4,JOB 23:7,,
tailaiamu,4,JOB 24:12,,
heturamu,4,JOB 24:17,,
hadaudaumu,4,JOB 24:22,,
biluga,4,JOB 25:6,,
taḡana,4,JOB 27:19,,
gabisi,4,JOB 28:18,,
irakatanina,4,JOB 28:28,,
hadabualaigu,4,JOB 29:14,,
dadairadia,4,JOB 30:6,,
paḡagu,4,JOB 31:22,,
ereguna,4,JOB 32:4,,
hapararaiamu,4,JOB 32:8,,
metaira,4,JOB 32:13,,
hekahi-tao,4,JOB 33:11,,
hakiraradiamu,4,JOB 33:16,,
hagaridiamu,4,JOB 33:16,,
hamaorolaidiamu,4,JOB 33:26,,
hemoi,4,JOB 34:25,,
patapatamu,4,JOB 34:25,,
imodaidiamu,4,JOB 36:7,,
hegiro-hegiromu,4,JOB 37:12,,
laguta,4,JOB 39:6,,
tubebe,4,JOB 39:20,,
pana,4,JOB 39:21,,
kirikirilaiamu,4,JOB 39:22,,
gaua,4,JOB 41:2,,
hodahoda,4,JOB 41:16,,
kwadiamu,4,JOB 41:30,,
hunidiamu,4,JOB 42:3,,
hedadaraimu,4,JOB 42:6,,
kahaiamu,4,PSA 3:2,,
huona,4,PSA 9:15,,
tohogu,4,PSA 17:3,,
heaḡilaidiamu,4,PSA 20:7,,
hakaugumu,4,PSA 23:2,,
haloamu,4,PSA 23:4,,
kwalimumu,4,PSA 24:8,,
boga-alaga,4,PSA 26:4,,
ikahada,4,PSA 33:20,,
ilalo-taodia,4,PSA 34:16,,
manadamu,4,PSA 36:10,,
haeroava,4,PSA 39:3,,
bamogumu,4,PSA 42:8,,
ḡovamai,4,PSA 44:19,,
imodaigumu,4,PSA 46:10,,
rohodia,4,PSA 51:1,,
manaumu,4,PSA 51:17,,
ḡiḡimu,4,PSA 59:7,,
raraimu,4,PSA 63:2,,
ranu-lohilohi,4,PSA 68:26,,
hahisihisiamu,4,PSA 69:26,,
doamui,4,PSA 75:4,,
kapu,4,PSA 77:4,,
iruru-mata,4,PSA 80:5,,
idoi,4,PSA 81:3,,
aibisi,4,PSA 84:3,,
hebogahisina,4,PSA 89:49,,
manu-tahu,4,PSA 91:3,,
garilaia,4,PSA 91:5,,
ohemu,4,PSA 91:7,,
hamoalegu,4,PSA 92:4,,
halaodiava,4,PSA 106:37,,
iboulaidia,4,PSA 106:37,,
hadikaiava,4,PSA 106:38,,
hurehurena,4,PSA 107:29,,
ihi-ihiraidiamu,4,PSA 107:40,,
pou,4,PSA 110:3,,
mamoe-mamoe,4,PSA 114:4,,
nihimu,4,PSA 126:1,,
iruru-matadia,4,PSA 126:5,,
hadohadomu,4,PSA 126:5,,
haheaukalaia,4,PSA 132:1,,
karakaradia,4,PSA 135:15,,
henarimu,4,PSA 142:4,,
haheḡereḡere,4,PRO 1:6,,
aonegamui,4,PRO 1:22,,
hamaoromaorodia,4,PRO 3:6,,
idoamu,4,PRO 6:2,,
gageva-gagevamu,4,PRO 10:9,,
toamu,4,PRO 10:25,,
dairia,4,PRO 11:25,,
ihavavalaina,4,PRO 12:4,,
hahemaraiamu,4,PRO 12:4,,
gwaurai-hedinarai,4,PRO 12:17,,
cse,4,PRO 14:29,,
hahisiamu,4,PRO 14:31,,
hetuturumu,4,PRO 15:2,,
kakorona,4,PRO 17:1,,
adavaiamu,4,PRO 18:22,,
tapoa,4,PRO 20:8,,
dadidadimu,4,PRO 22:16,,
dadabagu,4,PRO 23:35,,
heinai,4,PRO 26:26,,
ivavalaina,4,PRO 27:24,,
ha-araiamu,4,PRO 29:8,,
lalo-diari,4,PRO 29:18,,
herevalaidiamu,4,PRO 29:24,,
giboa,4,PRO 30:17,,
ihahedibalaina,4,PRO 31:26,,
hahemoale,4,ECC 2:1,,
hekwarahilaiva,4,ECC 2:18,,
heura-heheni,4,ECC 3:8,,
haduhudia,4,ECC 3:11,,
idauhai,4,ECC 7:23,,
burea,4,ECC 12:5,,
kofere,4,SNG 1:14,,
vara-hekapa,4,SNG 4:2,,
edeamu,4,SNG 4:2,,
moalelaiva,4,ISA 1:29,,
haura-haurana,4,ISA 1:31,,
helao-ahu,4,ISA 4:5,,
hadiburaiamu,4,ISA 5:30,,
rahumui,4,ISA 10:24,,
gurimui,4,ISA 14:20,,
lolololomu,4,ISA 15:2,,
lapa,4,ISA 18:5,,
kwara-havava,4,ISA 28:5,,
hitolona,4,ISA 29:8,,
hahemaraimui,4,ISA 30:3,,
heimodaimu,4,ISA 32:9,,
kwabu-kwabudia,4,ISA 37:4,,
kepulumu,4,ISA 42:19,,
hametaumui,4,ISA 43:23,,
ilaoa,4,ISA 44:19,,
lalolaigu,4,ISA 46:5,,
hahetohoamu,4,ISA 46:6,,
ilohiadia,4,ISA 47:5,,
heralaimu,4,ISA 49:18,,
hahairaimu,4,ISA 55:5,,
gaba-maurudia,4,ISA 60:8,,
uhena,4,ISA 60:21,,
ubulaidia,4,ISA 62:8,,
hakekerodia,4,ISA 63:6,,
ihabadugu,4,ISA 65:3,,
hahonumu,4,ISA 65:11,,
hahelaḡamu,4,ISA 66:17,,
kani,4,JER 2:30,,
batugu,4,JER 3:3,,
herohe-ahu,4,JER 6:26,,
heperitome,4,JER 9:25,,
ihagaridia,4,JER 10:5,,
huahuamu,4,JER 12:2,,
ala-alamu,4,JER 12:12,,
bogalaidia,4,JER 13:14,,
naoa,4,JER 17:26,,
heaḡilaimu,4,JER 20:5,,
si-dagu,4,JER 25:9,,
dika-rohoroho,4,JER 29:17,,
hanamele,4,JER 32:7,,
iruhadia,4,JER 34:7,,
hekahu-nege,4,JER 34:8,,
ink,4,JER 36:18,,
hamaorolaimai,4,JER 44:16,,
koekoe,4,JER 48:37,,
helokuna,4,EZK 2:9,,
dere,4,EZK 4:4,,
hoilaia,4,EZK 7:13,,
hu,4,EZK 10:5,,
hodomu,4,EZK 16:40,,
heatokau,4,EZK 18:8,,
hehado,4,EZK 19:13,,
gogomui,4,EZK 20:34,,
harakamui,4,EZK 20:37,,
talaimu,4,EZK 20:46,,
ḡonaḡonalaimu,4,EZK 22:5,,
uralai,4,EZK 22:6,,
heudahanai,4,EZK 23:45,,
dobu-masemasena,4,EZK 32:23,,
taomui,4,EZK 36:3,,
hahedibalaia,4,EZK 39:7,,
mata-hanaidia,4,EZK 40:2,,
hekoro,4,EZK 41:19,,
eukaleli,4,DAN 3:5,,
ihahemaraidia,4,DAN 4:37,,
daradarava,4,DAN 5:9,,
patapatava,4,DAN 7:7,,
gabriel,4,DAN 8:16,,
irohodia,4,DAN 9:24,,
iura-henidia,4,HOS 4:12,,
tabatabadia,4,JOL 1:4,,
larebamu,4,HAB 1:10,,
iḡiḡi-rohorohona,4,ZEC 1:21,,
hadabualai,4,MAT 6:30,,
hekehomu,4,MAT 7:8,,
banilaia,4,MAT 9:16,,
selote,4,MAT 10:4,,
torelaia,4,MAT 11:10,,
ani-dae,4,MAT 11:19,,
duduhu,4,MAT 13:15,,
dihona,4,MAT 14:14,,
genesaret,4,MAT 14:33,,
muridai,4,MAT 15:23,,
heloge,4,MAT 19:23,,
senisi,4,MAT 21:12,,
hahemaorona,4,MAT 23:33,,
hagadoi,4,MAT 24:22,,
eloi,4,MAT 27:46,,
arimatea,4,MAT 27:57,,
gabenana,4,MRK 4:38,,
iairo,4,MRK 5:20,,
bapatisolaimui,4,MRK 10:38,,
ruhaiamu,4,MRK 11:5,,
bina,4,MRK 13:6,,
heganava,4,MRK 14:67,,
augusto,4,LUK 2:1,,
dairi,4,LUK 7:38,,
boloava,4,LUK 8:29,,
siloam,4,LUK 13:4,,
vavemu,4,LUK 14:10,,
anibouna,4,LUK 14:15,,
noi-hegame,4,LUK 16:3,,
toreisi-lou,4,LUK 20:36,,
hetuitui,4,LUK 22:41,,
bainama,4,JHN 14:18,,
hahelalolaimui,4,JHN 14:26,,
siahumai,4,JHN 18:31,,
tohova,4,JHN 19:12,,
berea,4,ACT 17:9,,
kwalimuva,4,ACT 19:20,,
habadelaida,4,ACT 19:40,,
tukiko,4,ACT 20:4,,
basitato,4,ROM 9:6,,
luka,4,ROM 16:21,,
haḡoigu,4,1CO 4:16,,
heaḡilaimuimu,4,1CO 15:31,,
lauma-anina,4,1CO 15:44,,
heaḡilaimui,4,2CO 1:13,,
siluano,4,2CO 1:19,,
haḡoia,4,EPH 5:1,,
padanai,4,1TH 4:17,,
haḡoidia,4,HEB 4:11,,
auhituosi,4,REV 1:20,,
ruahui-haniosi,4,REV 4:10,,
aleluia,4,REV 19:1,,
ihididia,3,GEN 1:7,,
idau-idaudia,3,GEN 1:11,,
lakara-donodono,3,GEN 1:21,,
hemaraiva,3,GEN 2:25,,
kerumana,3,GEN 3:8,,
geduna,3,GEN 3:15,,
haberogu,3,GEN 4:23,,
horomakau,3,GEN 7:14,,
raramui,3,GEN 9:5,,
atuamu,3,GEN 9:17,,
asakena,3,GEN 10:3,,
elisa,3,GEN 10:4,,
babel,3,GEN 10:10,,
kaftorim,3,GEN 10:14,,
usala,3,GEN 10:27,,
mesa,3,GEN 10:30,,
more,3,GEN 12:6,,
bera,3,GEN 14:2,,
emim,3,GEN 14:5,,
kopukopuna,3,GEN 14:10,,
anere,3,GEN 14:13,,
salem,3,GEN 14:18,,
gwvau,3,GEN 14:22,,
bered,3,GEN 16:14,,
rakagu,3,GEN 18:3,,
kirimu,3,GEN 18:13,,
hariahui,3,GEN 18:28,,
metaina,3,GEN 19:8,,
rumu,3,GEN 20:6,,
sinamai,3,GEN 20:12,,
lagwa,3,GEN 21:14,,
taraki-taraki,3,GEN 21:20,,
fikol,3,GEN 21:22,,
abihaidia,3,GEN 22:17,,
kemuel,3,GEN 22:21,,
reḡuava,3,GEN 24:2,,
mamugu,3,GEN 24:2,,
haneulatona,3,GEN 24:14,,
gadeina,3,GEN 24:22,,
s,3,GEN 24:67,,
mibisam,3,GEN 25:13,,
misima,3,GEN 25:14,,
nafisi,3,GEN 25:15,,
tahuni,3,GEN 26:15,,
gei,3,GEN 26:18,,
lohilohiva,3,GEN 26:19,,
esek,3,GEN 26:20,,
heatulaia,3,GEN 26:20,,
geia,3,GEN 26:32,,
darahua,3,GEN 27:22,,
harahugu,3,GEN 27:26,,
hehekure,3,GEN 29:2,,
lalana,3,GEN 29:12,,
hane-muritai,3,GEN 29:18,,
madi-namo,3,GEN 30:11,,
rogorogova,3,GEN 30:41,,
galeed,3,GEN 31:47,,
ihamaorolaimu,3,GEN 32:5,,
murimai,3,GEN 32:18,,
varovarona,3,GEN 32:25,,
mamu,3,GEN 32:32,,
ihamarumaruna,3,GEN 34:3,,
lalo-hisihisidia,3,GEN 34:7,,
omara,3,GEN 36:11,,
sefo,3,GEN 36:11,,
gatam,3,GEN 36:11,,
misa,3,GEN 36:13,,
itiran,3,GEN 36:26,,
mehetabel,3,GEN 36:39,,
dotan,3,GEN 37:17,,
tadida,3,GEN 37:26,,
itailaina,3,GEN 37:34,,
hira,3,GEN 38:1,,
haheadavadia,3,GEN 38:14,,
gana,3,GEN 38:18,,
ḡovalaia,3,GEN 38:19,,
varoda-varodadia,3,GEN 41:4,,
hamarai,3,GEN 41:6,,
halougu,3,GEN 41:13,,
heauva,3,GEN 41:43,,
potifera,3,GEN 41:45,,
koumai,3,GEN 42:30,,
taumuritai,3,GEN 42:32,,
lalo-hisihisigu,3,GEN 42:38,,
basiala,3,GEN 43:5,,
hoigu,3,GEN 45:4,,
hegagiu,3,GEN 45:14,,
sered,3,GEN 46:14,,
ialeel,3,GEN 46:14,,
hagi,3,GEN 46:16,,
suni,3,GEN 46:16,,
eri,3,GEN 46:16,,
areli,3,GEN 46:16,,
iaseel,3,GEN 46:24,,
silem,3,GEN 46:24,,
ubudiava,3,GEN 47:22,,
eneheto,3,GEN 48:18,,
hekwarahidia,3,EXO 1:14,,
pua,3,EXO 1:15,,
raro-kaka,3,EXO 2:3,,
sipora,3,EXO 2:21,,
araiava,3,EXO 3:2,,
hahekwarahidiamu,3,EXO 3:7,,
avatoa,3,EXO 4:3,,
hahedualai,3,EXO 4:28,,
rudiamu,3,EXO 5:5,,
dadabamai,3,EXO 5:16,,
ladamai,3,EXO 5:21,,
ihakaudia,3,EXO 6:27,,
aruva,3,EXO 7:21,,
hadaedia,3,EXO 8:5,,
unui,3,EXO 8:9,,
uni,3,EXO 8:24,,
idaigu,3,EXO 9:14,,
noilai,3,EXO 11:2,,
hakerudia,3,EXO 11:3,,
guraia,3,EXO 12:8,,
flaoa-asie-hatubua,3,EXO 12:17,,
hamasemui,3,EXO 12:23,,
lagaudia,3,EXO 12:27,,
dihudia,3,EXO 12:34,,
noho-kau,3,EXO 12:45,,
dogomai,3,EXO 13:15,,
kwadogina,3,EXO 13:17,,
pi-hahiroto,3,EXO 14:2,,
baal-sefon,3,EXO 14:2,,
nenedia,3,EXO 14:24,,
hadarerediamu,3,EXO 15:7,,
hahisimu,3,EXO 15:26,,
maumauraiamu,3,EXO 16:7,,
maumauraimaimu,3,EXO 16:7,,
autamona,3,EXO 16:32,,
hadaimu,3,EXO 17:4,,
hodogu,3,EXO 17:4,,
haboioa,3,EXO 17:14,,
gabunai,3,EXO 18:5,,
haduamai,3,EXO 19:23,,
dagadagana,3,EXO 20:21,,
hagagevadiamu,3,EXO 23:8,,
asie-hatubua-flaoana,3,EXO 23:15,,
umu,3,EXO 23:31,,
budabuda,3,EXO 25:5,,
diaranuna,3,EXO 25:6,,
kerubidia,3,EXO 25:22,,
mereki,3,EXO 25:29,,
iudadia,3,EXO 25:38,,
haruaia,3,EXO 26:12,,
palapala,3,EXO 28:16,,
barekete,3,EXO 28:17,,
kwatu,3,EXO 28:28,,
gabagabadia,3,EXO 28:33,,
ḡasia,3,EXO 28:36,,
ḡeḡe,3,EXO 29:9,,
ahisamaka,3,EXO 31:6,,
heloḡo-heloḡova,3,EXO 32:25,,
laḡamui,3,EXO 34:21,,
iraka-kahi-henina,3,EXO 34:30,,
bonaida,3,EXO 35:15,,
negadiai,3,EXO 37:27,,
ikadolaina,3,EXO 38:3,,
ihaerodia,3,EXO 38:23,,
beka,3,EXO 38:26,,
ḡovalai,3,EXO 38:28,,
severa-severa,3,EXO 39:3,,
haḡole-oho,3,LEV 1:9,,
bakia,3,LEV 2:6,,
karalaiamu,3,LEV 4:26,,
kara-koikoi,3,LEV 6:5,,
hadoki,3,LEV 6:10,,
huimui,3,LEV 10:6,,
hadonomu,3,LEV 11:3,,
mada,3,LEV 11:6,,
boebedi,3,LEV 11:18,,
sisiboi,3,LEV 11:19,,
lohilohia,3,LEV 11:36,,
kopana,3,LEV 11:42,,
taohana,3,LEV 13:6,,
dera,3,LEV 13:21,,
kiparana,3,LEV 13:23,,
auki-huina,3,LEV 13:29,,
leprana,3,LEV 13:44,,
hedarena,3,LEV 13:45,,
ihatulaina,3,LEV 13:48,,
daveraia,3,LEV 14:16,,
taba-taba,3,LEV 14:42,,
tabataba,3,LEV 14:43,,
hamirodiamu,3,LEV 14:55,,
vesina,3,LEV 15:16,,
heni-tao,3,LEV 19:20,,
aukimui,3,LEV 19:27,,
heiva,3,LEV 22:24,,
iuduguiraina,3,LEV 24:9,,
ihahohodia,3,LEV 25:3,,
iha-imahuina,3,LEV 25:10,,
hamanau,3,LEV 26:41,,
bololaia,3,LEV 27:10,,
pepena,3,NUM 2:3,,
inauna,3,NUM 6:5,,
larolarona,3,NUM 6:19,,
gimamui,3,NUM 6:24,,
iohiana,3,NUM 7:18,,
idae,3,NUM 7:55,,
esee,3,NUM 10:34,,
tabera,3,NUM 11:3,,
kiukamba,3,NUM 11:5,,
vaḡeḡemu,3,NUM 11:29,,
udumai,3,NUM 12:2,,
igala,3,NUM 13:7,,
palti,3,NUM 13:9,,
gadi,3,NUM 13:11,,
sesai,3,NUM 13:22,,
takona,3,NUM 13:24,,
biaguda,3,NUM 14:4,,
maumauraigu,3,NUM 14:27,,
iḡovana,3,NUM 16:38,,
vadae,3,NUM 16:47,,
mamaruanemui,3,NUM 18:10,,
henimaiva,3,NUM 20:15,,
kouradia,3,NUM 21:14,,
idume,3,NUM 22:7,,
kwadigu,3,NUM 22:28,,
ilao-ahumu,3,NUM 22:32,,
aie,3,NUM 22:41,,
baal-peoro,3,NUM 25:3,,
iasub,3,NUM 26:24,,
helek,3,NUM 26:30,,
suhama,3,NUM 26:42,,
negari-negarina,3,NUM 28:5,,
kwakikwaki,3,NUM 31:50,,
namohereadia,3,NUM 32:1,,
danue,3,NUM 32:36,,
baal-meono,3,NUM 32:38,,
iotobata,3,NUM 33:33,,
akrabim,3,NUM 34:4,,
asamon,3,NUM 34:4,,
hemaka,3,DEU 1:16,,
maoromaoromui,3,DEU 1:16,,
asiola,3,DEU 1:26,,
iefune,3,DEU 1:36,,
tala,3,DEU 2:8,,
avim,3,DEU 2:23,,
kaftoro,3,DEU 2:23,,
ikahidia,3,DEU 3:5,,
inemaina,3,DEU 3:14,,
gwarumena,3,DEU 4:18,,
ḡaraka-ḡaraka,3,DEU 4:24,,
roharohamu,3,DEU 4:28,,
haheitalaida,3,DEU 5:24,,
matauraigu,3,DEU 5:29,,
haḡanilaimumu,3,DEU 6:6,,
hamauridamu,3,DEU 6:24,,
hamomokanimu,3,DEU 7:9,,
itohodia,3,DEU 8:2,,
hereamui,3,DEU 9:1,,
kirikirilaimu,3,DEU 9:28,,
ihapariparidia,3,DEU 11:10,,
henina,3,DEU 11:30,,
ḡaua,3,DEU 14:7,,
iruha-negena,3,DEU 15:18,,
imoilaina,3,DEU 16:13,,
gwaumui,3,DEU 18:14,,
hedave,3,DEU 19:5,,
holoa,3,DEU 19:14,,
kahauna,3,DEU 21:12,,
taubadadia,3,DEU 21:20,,
gatoina,3,DEU 22:6,,
eia,3,DEU 23:3,,
manoriva,3,DEU 25:18,,
manokava,3,DEU 25:18,,
uduguirai,3,DEU 27:21,,
hataḡamui,3,DEU 28:11,,
gaigai-gaigai,3,DEU 28:39,,
hadabumui,3,DEU 28:53,,
inonoḡadia,3,DEU 28:54,,
au-siri,3,DEU 29:11,,
vaḡege,3,DEU 29:20,,
havaḡeḡea,3,DEU 32:16,,
habadudia,3,DEU 32:21,,
hahemaorolaia,3,DEU 33:21,,
henumu,3,DEU 33:27,,
tahumuimu,3,JOS 2:16,,
saretan,3,JOS 3:16,,
matauraiava,3,JOS 4:14,,
laudia,3,JOS 6:1,,
ranu-utu,3,JOS 9:21,,
hereaiava,3,JOS 10:2,,
hamarerea,3,JOS 10:21,,
iherevalaidia,3,JOS 10:21,,
akasaf,3,JOS 11:2,,
baal-gad,3,JOS 11:17,,
ḡagaedia,3,JOS 12:8,,
iokoneam,3,JOS 12:22,,
sihoro,3,JOS 13:3,,
matamaiamu,3,JOS 13:16,,
rekeme,3,JOS 13:21,,
herevagu,3,JOS 14:6,,
taberona,3,JOS 15:2,,
bete-hogla,3,JOS 15:6,,
kiriata-sefere,3,JOS 15:16,,
kabsele,3,JOS 15:21,,
eseme,3,JOS 15:29,,
asna,3,JOS 15:33,,
saaraimi,3,JOS 15:36,,
gedera,3,JOS 15:36,,
latiri,3,JOS 15:48,,
holon,3,JOS 15:51,,
bete-suru,3,JOS 15:58,,
laflete,3,JOS 16:3,,
ibleam,3,JOS 17:11,,
en-doro,3,JOS 17:11,,
heḡege,3,JOS 18:17,,
kabulu,3,JOS 19:27,,
bet-anata,3,JOS 19:38,,
baalata,3,JOS 19:44,,
gata-rimon,3,JOS 21:24,,
iao,3,JOS 23:7,,
momokanimui,3,JOS 24:14,,
besek,3,JDG 1:4,,
adoni-besek,3,JDG 1:5,,
tadidia,3,JDG 1:17,,
goadava,3,JDG 1:28,,
bokimi,3,JDG 2:1,,
hanaidia,3,JDG 3:26,,
haroset-ha-goim,3,JDG 4:2,,
kanota,3,JDG 4:15,,
lavu,3,JDG 4:21,,
inegena,3,JDG 5:18,,
hegimava,3,JDG 8:11,,
letere,3,JDG 8:20,,
avaladia,3,JDG 8:20,,
turiamui,3,JDG 9:2,,
bete-milo,3,JDG 9:6,,
sida-audia,3,JDG 9:15,,
lotam,3,JDG 9:21,,
haheḡiḡia,3,JDG 9:45,,
murimuridia,3,JDG 11:18,,
ituarihenidia,3,JDG 11:31,,
tarekodia,3,JDG 11:34,,
hahekwakwanaigu,3,JDG 11:35,,
toi-ahui-osi,3,JDG 12:9,,
mahane-dan,3,JDG 13:25,,
labolabo,3,JDG 14:8,,
ḡuilai,3,JDG 15:14,,
maoradia,3,JDG 16:7,,
guia,3,JDG 16:12,,
gwada-tao,3,JDG 16:13,,
haveveamu,3,JDG 17:3,,
sinahu-tauratoiosi,3,JDG 18:16,,
nadi-hagana,3,JDG 20:45,,
tato,3,JDG 21:7,,
kilion,3,RUT 1:2,,
rava-bada,3,RUT 1:18,,
hageremu,3,RUT 2:19,,
kopimu,3,RUT 3:3,,
tohu,3,1SA 1:1,,
penina,3,1SA 1:2,,
va,3,1SA 1:12,,
hekamonaiva,3,1SA 1:13,,
halasiamu,3,1SA 1:15,,
hariolaimu,3,1SA 2:4,,
healamu,3,1SA 2:6,,
ha-ogoḡamidiamu,3,1SA 2:7,,
gvvau,3,1SA 2:23,,
hegame,3,1SA 2:36,,
ebenesere,3,1SA 4:1,,
hadarereda,3,1SA 4:3,,
taudiae,3,1SA 4:18,,
ikabod,3,1SA 4:21,,
taudiaese,3,1SA 6:21,,
kahada,3,1SA 7:12,,
inaduna,3,1SA 8:13,,
dogorona,3,1SA 9:21,,
ruirui,3,1SA 10:5,,
ikodo,3,1SA 13:21,,
duruda,3,1SA 14:6,,
hamaoroda,3,1SA 14:9,,
heloḡoheloḡo,3,1SA 14:19,,
lalo-namona,3,1SA 15:32,,
tonika-tonika,3,1SA 16:12,,
ihataina,3,1SA 16:16,,
matani-ḡadiva,3,1SA 17:6,,
aumu,3,1SA 17:43,,
raia,3,1SA 18:11,,
dagigu,3,1SA 18:23,,
hahekurea,3,1SA 19:13,,
goada-goada,3,1SA 20:6,,
kinodia,3,1SA 20:20,,
gadaia,3,1SA 20:38,,
iabiohona,3,1SA 23:15,,
hakila,3,1SA 23:19,,
igavana,3,1SA 23:28,,
heautanidiamu,3,1SA 25:10,,
basitama,3,1SA 25:34,,
ihuridia,3,1SA 25:41,,
havagumu,3,1SA 26:18,,
nanadaigumu,3,1SA 28:16,,
besoro,3,1SA 30:9,,
goreregu,3,1SA 30:13,,
evaeva,3,1SA 30:16,,
bete-sana,3,1SA 31:10,,
maunmu,3,2SA 1:9,,
toea,3,2SA 1:10,,
daḡae,3,2SA 2:16,,
laurimu,3,2SA 2:21,,
ibihara,3,2SA 5:15,,
irahu-masedia,3,2SA 5:24,,
hegereḡeredia,3,2SA 7:9,,
hamareredia,3,2SA 7:10,,
ḡuriḡun,3,2SA 7:27,,
hahelagadia,3,2SA 8:11,,
gado-namo,3,2SA 9:3,,
boina,3,2SA 9:9,,
arnono,3,2SA 10:2,,
taruhamu,3,2SA 11:11,,
isivadia,3,2SA 12:31,,
tohotohoa,3,2SA 14:2,,
dihi,3,2SA 14:7,,
daumu,3,2SA 14:10,,
imodaiava,3,2SA 14:25,,
metauva,3,2SA 14:26,,
ibs,3,2SA 14:26,,
heheḡaeḡae,3,2SA 15:15,,
hitolodiamu,3,2SA 17:29,,
ikahamai,3,2SA 18:3,,
sihona,3,2SA 18:24,,
ihakau-louna,3,2SA 19:10,,
dadaraimaimu,3,2SA 19:43,,
abele,3,2SA 20:14,,
senua,3,2SA 20:15,,
henirnui,3,2SA 21:3,,
ḡaulatalatana,3,2SA 21:20,,
idoagu,3,2SA 22:6,,
beua,3,2SA 22:10,,
haraḡa-haraga,3,2SA 22:11,,
moalelaigu,3,2SA 22:20,,
ha-igodia,3,2SA 22:28,,
hadiariamu,3,2SA 22:29,,
bua,3,2SA 22:38,,
hakerehaidia,3,2SA 22:41,,
idogo-taona,3,2SA 23:10,,
lehoiada,3,2SA 23:20,,
ikese,3,2SA 23:26,,
maharai,3,2SA 23:28,,
gareb,3,2SA 23:38,,
aladiava,3,2SA 24:17,,
pagadia,3,2SA 24:22,,
reḡumu,3,1KI 1:2,,
haḡeremumu,3,1KI 1:20,,
gabugu,3,1KI 1:30,,
heabidadamadia,3,1KI 2:4,,
metau-hereana,3,1KI 2:23,,
haheduamu,3,1KI 2:30,,
asinato,3,1KI 2:42,,
baana,3,1KI 4:12,,
au-utu,3,1KI 5:6,,
nadi-utu,3,1KI 5:15,,
ḡeidia,3,1KI 5:17,,
ioradia,3,1KI 6:4,,
rotonadia,3,1KI 6:4,,
hagere-kau,3,1KI 6:5,,
irna,3,1KI 6:6,,
to-tao,3,1KI 6:6,,
haradia,3,1KI 6:10,,
govadia,3,1KI 6:32,,
toi-lasi,3,1KI 7:6,,
lakin,3,1KI 7:21,,
itoilaidia,3,1KI 7:30,,
o-tao,3,1KI 7:33,,
ilahasidia,3,1KI 7:41,,
hereadaena,3,1KI 8:13,,
rautunu,3,1KI 8:37,,
haerelai,3,1KI 10:3,,
tabekau,3,1KI 10:19,,
hoihoilaidia,3,1KI 10:29,,
giroa,3,1KI 11:4,,
tapene,3,1KI 11:19,,
ihagwautaimana,3,1KI 12:32,,
peroveta-tauna,3,1KI 13:20,,
oromamu,3,1KI 14:2,,
gorereamu,3,1KI 14:5,,
ihakauna,3,1KI 14:7,,
ḡigia,3,1KI 15:19,,
lehu,3,1KI 16:7,,
tibni,3,1KI 16:21,,
segubu,3,1KI 16:34,,
haraivaia,3,1KI 18:18,,
laina,3,1KI 18:45,,
hahonuava,3,1KI 20:27,,
igavadia,3,1KI 21:26,,
hahemanaumu,3,1KI 21:29,,
ihereva-henimu,3,1KI 22:24,,
ita-itagu,3,1KI 22:30,,
habaduava,3,1KI 22:53,,
goledia,3,2KI 1:10,,
haḡeremu,3,2KI 3:14,,
ha-abi,3,2KI 3:23,,
dagaia,3,2KI 4:29,,
asinala,3,2KI 5:25,,
huari,3,2KI 6:18,,
regedia,3,2KI 6:32,,
horomumu,3,2KI 9:3,,
igo-itana,3,2KI 9:16,,
sibia,3,2KI 12:1,,
simeata,3,2KI 12:21,,
sida-auna,3,2KI 14:9,,
lona,3,2KI 14:25,,
imahui-rua,3,2KI 15:2,,
pulu,3,2KI 15:19,,
tiglata-pilesere,3,2KI 15:29,,
haboro,3,2KI 17:6,,
adram-melek,3,2KI 17:31,,
hakalava,3,2KI 18:12,,
rabsarisi,3,2KI 18:17,,
igoadalaina,3,2KI 18:20,,
ḡonagonalaia,3,2KI 19:22,,
saresere,3,2KI 19:37,,
esarahadon,3,2KI 19:37,,
ḡagae,3,2KI 22:19,,
hagoledia,3,2KI 23:16,,
hamutala,3,2KI 23:31,,
heḡegemadai,3,2KI 25:10,,
iaasania,3,2KI 25:23,,
iekamia,3,1CH 2:41,,
nearia,3,1CH 3:22,,
pelaia,3,1CH 3:24,,
hela,3,1CH 4:5,,
geharasimi,3,1CH 4:14,,
sirnei,3,1CH 4:26,,
tiglata-pilnesere,3,1CH 5:6,,
iasere,3,1CH 6:81,,
supim,3,1CH 7:12,,
ulama,3,1CH 7:17,,
eleada,3,1CH 7:20,,
rafa,3,1CH 8:2,,
elpala,3,1CH 8:11,,
mikloto,3,1CH 8:32,,
imri,3,1CH 9:4,,
ibiagudia,3,1CH 9:23,,
gaukarava,3,1CH 9:33,,
iara,3,1CH 9:42,,
iasobeama,3,1CH 11:11,,
pelono,3,1CH 11:27,,
simri,3,1CH 11:45,,
iaasiel,3,1CH 11:47,,
iahasiel,3,1CH 12:4,,
isia,3,1CH 12:6,,
elsabad,3,1CH 12:12,,
manedia,3,1CH 12:40,,
asasia,3,1CH 15:21,,
kenania,3,1CH 15:22,,
hahedarere,3,1CH 19:3,,
auki-huidia,3,1CH 19:4,,
ḡaulatalata,3,1CH 20:6,,
domaga-gwauta,3,1CH 22:14,,
sebuele,3,1CH 23:16,,
ihahahanina,3,1CH 23:19,,
bilga,3,1CH 24:14,,
ihagwauta-tauratoina,3,1CH 24:14,,
subaele,3,1CH 24:20,,
lesaia,3,1CH 25:15,,
heledai,3,1CH 27:15,,
hahutumaia,3,1CH 27:23,,
sisigana,3,1CH 27:24,,
dehorodia,3,1CH 27:28,,
lamepana,3,1CH 28:15,,
dudukaumu,3,1CH 29:17,,
gahuna,3,2CH 1:9,,
diba-maoro,3,2CH 2:12,,
ilahasi-kuborodia,3,2CH 4:12,,
ḡuriḡurina,3,2CH 6:40,,
ḡuriḡuridia,3,2CH 7:15,,
butumu,3,2CH 7:20,,
gabudiamu,3,2CH 13:11,,
odede,3,2CH 15:1,,
idurulaidia,3,2CH 16:9,,
ituari-henimu,3,2CH 20:2,,
lulumai,3,2CH 20:11,,
goadamai,3,2CH 20:12,,
hahebada,3,2CH 24:19,,
namomui,3,2CH 24:20,,
kahamu,3,2CH 25:8,,
mesilemoto,3,2CH 28:12,,
konania,3,2CH 31:12,,
miniamini,3,2CH 31:15,,
koimuimu,3,2CH 32:11,,
lololai,3,2CH 32:18,,
gigidia,3,2CH 34:4,,
karakemisi,3,2CH 35:20,,
adonikama,3,EZR 2:13,,
hadidi,3,EZR 2:33,,
minadia,3,EZR 2:69,,
iosadak,3,EZR 3:2,,
ihahebadelaidia,3,EZR 4:6,,
durudiava,3,EZR 5:2,,
henanadaidia,3,EZR 7:14,,
ahava,3,EZR 8:15,,
kimore-kimorena,3,EZR 8:27,,
heude-heudeva,3,EZR 10:9,,
badabadava,3,EZR 10:9,,
sabetai,3,EZR 10:15,,
kelita,3,EZR 10:23,,
matenai,3,EZR 10:33,,
horono,3,NEH 2:10,,
heḡiḡi-dobina,3,NEH 2:13,,
mesesabele,3,NEH 3:4,,
ioiada,3,NEH 3:6,,
lababa-bada,3,NEH 3:8,,
kolohose,3,NEH 3:15,,
henadad,3,NEH 3:18,,
hamatamatadia,3,NEH 4:2,,
hahegiḡia,3,NEH 4:3,,
padada,3,NEH 4:19,,
davedavea,3,NEH 5:13,,
inihetomadia,3,NEH 6:14,,
iharuahui-imana,3,NEH 6:15,,
dagedage,3,NEH 9:10,,
moalelaiava,3,NEH 9:25,,
baroko,3,NEH 10:37,,
kolaia,3,NEH 11:7,,
bakabukia,3,NEH 11:17,,
ioiakim,3,NEH 12:10,,
hosaia,3,NEH 12:32,,
butu,3,NEH 13:25,,
hamiro,3,NEH 13:29,,
ruahui-hitu,3,EST 1:1,,
taḡadia,3,EST 1:4,,
memukana,3,EST 1:14,,
ihahairaidia,3,EST 2:12,,
hagauhagau,3,EST 2:18,,
puru,3,EST 3:7,,
bavanivaga,3,EST 4:16,,
edehohodia,3,EST 5:11,,
vavegu,3,EST 5:12,,
ihadareredia,3,EST 9:24,,
sabea,3,JOB 1:15,,
ḡabora,3,JOB 3:5,,
hamaseamu,3,JOB 5:2,,
diburamu,3,JOB 5:14,,
kouamu,3,JOB 5:16,,
rauamu,3,JOB 5:20,,
hunimu,3,JOB 5:21,,
hedibaḡanidia,3,JOB 6:15,,
lalo-hadailaiamu,3,JOB 7:17,,
magera,3,JOB 8:14,,
valavalana,3,JOB 8:14,,
revagu,3,JOB 9:20,,
ḡovadiamu,3,JOB 9:24,,
sopu,3,JOB 9:30,,
dorigu,3,JOB 9:31,,
varovaro,3,JOB 10:11,,
hagarimu,3,JOB 11:19,,
aonegagu,3,JOB 12:3,,
hadiaridiamu,3,JOB 12:22,,
habadadiamu,3,JOB 12:23,,
ha-idauamu,3,JOB 14:20,,
hadibaiamu,3,JOB 15:5,,
ibamodia,3,JOB 15:34,,
hagoadamui,3,JOB 16:5,,
daregu,3,JOB 16:9,,
ḡonaḡonalaigumu,3,JOB 16:20,,
halaomaimu,3,JOB 18:3,,
hahekwakwanaiamu,3,JOB 18:7,,
ha-oremu,3,JOB 18:13,,
ihahisina,3,JOB 19:22,,
hegegemu,3,JOB 22:14,,
laurigu,3,JOB 23:9,,
dadidiamu,3,JOB 24:2,,
imoilaidia,3,JOB 24:11,,
parakana,3,JOB 24:19,,
laḡagu,3,JOB 27:3,,
kape,3,JOB 29:10,,
goadalaimu,3,JOB 30:13,,
davarigumu,3,JOB 30:27,,
rahumu,3,JOB 31:26,,
toagu,3,JOB 31:35,,
latalatadia,3,JOB 31:38,,
poumu,3,JOB 32:19,,
ikaragu,3,JOB 32:22,,
ihahisihisidia,3,JOB 36:15,,
hepiu,3,JOB 36:29,,
haḡaniamu,3,JOB 36:32,,
hadonogu,3,JOB 37:20,,
heaḡidia,3,JOB 38:11,,
petadia,3,JOB 38:13,,
lahidia,3,JOB 38:35,,
harohoamu,3,JOB 39:20,,
telimi,3,JOB 40:21,,
ririamu,3,JOB 41:24,,
magigimu,3,JOB 41:25,,
gwaragwara,3,JOB 41:32,,
sivaraimu,3,JOB 42:5,,
heude-heudemui,3,PSA 2:11,,
namogu,3,PSA 4:2,,
hegimamu,3,PSA 5:3,,
hekokorokudia,3,PSA 10:2,,
hamoruamu,3,PSA 10:10,,
matauraimumu,3,PSA 16:10,,
idarena,3,PSA 17:12,,
u,3,PSA 18:34,,
hapapadiamu,3,PSA 19:8,,
hamue,3,PSA 22:7,,
haheude-heudeamu,3,PSA 29:8,,
ihi-ihiraidia,3,PSA 31:18,,
marediamu,3,PSA 37:14,,
ḡadeḡademu,3,PSA 38:6,,
haḡaiamu,3,PSA 38:13,,
ihahisigu,3,PSA 40:14,,
hahisidiava,3,PSA 44:2,,
hahemaraimai,3,PSA 44:9,,
idavalaidia,3,PSA 44:12,,
laumamai,3,PSA 44:25,,
raho,3,PSA 45:2,,
rami-heboudia,3,PSA 45:14,,
regerege,3,PSA 46:3,,
hadokodiamu,3,PSA 46:9,,
heagilaimu,3,PSA 49:6,,
malamui,3,PSA 50:19,,
hahonugu,3,PSA 51:8,,
moaleda,3,PSA 55:14,,
haketodia,3,PSA 59:11,,
bibina,3,PSA 63:5,,
hamaurimaimu,3,PSA 65:5,,
daudau-hereadia,3,PSA 65:5,,
hamanokadiamu,3,PSA 65:10,,
gwau-hemuri,3,PSA 66:7,,
wax,3,PSA 68:2,,
haurahaura,3,PSA 69:3,,
kahaudia,3,PSA 69:31,,
imatauraigu,3,PSA 71:21,,
hekohutani,3,PSA 74:3,,
dina-dae,3,PSA 75:6,,
kevarua,3,PSA 77:17,,
hahedinaraiva,3,PSA 78:11,,
dibava,3,PSA 78:44,,
duava,3,PSA 90:2,,
tutuhia,3,PSA 91:12,,
duhu,3,PSA 92:6,,
hahedokilaiamu,3,PSA 93:1,,
rikirikina,3,PSA 94:13,,
h,3,PSA 95:7,,
hadiburaia,3,PSA 105:28,,
hatoaia,3,PSA 107:25,,
vea,3,PSA 107:29,,
gugubadia,3,PSA 109:16,,
hanamo,3,PSA 112:2,,
iḡuigu,3,PSA 116:16,,
ḡamoḡa,3,PSA 119:96,,
haero-haero,3,PSA 119:97,,
imudagu,3,PSA 119:116,,
ikehodia,3,PSA 119:130,,
hedibagani,3,PSA 120:2,,
igimamu,3,PSA 121:3,,
lagamu,3,PSA 127:2,,
maona,3,PSA 137:6,,
haevaia,3,PSA 144:5,,
heḡaeḡaelaiamu,3,PSA 147:8,,
gagevadia,3,PRO 2:15,,
dimairi,3,PRO 6:6,,
boiva,3,PRO 7:9,,
tawla,3,PRO 10:16,,
hadaudauamu,3,PRO 10:27,,
lalo-ihunu,3,PRO 11:13,,
hitoloamu,3,PRO 12:9,,
manadana,3,PRO 15:4,,
auka-hereana,3,PRO 15:10,,
kamonaiamu,3,PRO 15:29,,
idounai,3,PRO 16:3,,
ihavavalaidia,3,PRO 17:6,,
heḡeregere,3,PRO 17:7,,
ikehona,3,PRO 17:14,,
tapodia,3,PRO 20:26,,
darodia,3,PRO 21:7,,
abikau,3,PRO 21:9,,
dobu-hereana,3,PRO 22:14,,
hoihoilaia,3,PRO 23:23,,
tutudia,3,PRO 26:18,,
ḡeiamu,3,PRO 26:27,,
ḡoremu,3,PRO 30:9,,
uduguiraidiamu,3,PRO 30:11,,
headavamu,3,PRO 30:23,,
oreoredia,3,ECC 2:3,,
iturina,3,ECC 3:7,,
hametaudiamu,3,ECC 6:1,,
hagoadaiamu,3,ECC 7:19,,
ededia,3,ECC 8:5,,
pavapavamu,3,ECC 10:16,,
laoho,3,ECC 12:3,,
hedahu,3,SNG 1:3,,
hamasegumu,3,SNG 2:5,,
nerede,3,SNG 4:13,,
ialokau,3,SNG 5:2,,
buatau,3,SNG 7:7,,
ha-inulaimu,3,SNG 8:2,,
atai-herea,3,ISA 2:2,,
migu,3,ISA 2:20,,
nadi-hagadia,3,ISA 2:21,,
itaolaidia,3,ISA 5:2,,
vinedia,3,ISA 5:2,,
hakekerodiamu,3,ISA 5:11,,
nadi-vasiga,3,ISA 5:28,,
rohova,3,ISA 6:2,,
mahere-salala-hasa-basa,3,ISA 8:1,,
hahairaia,3,ISA 9:1,,
heregu,3,ISA 9:7,,
gatoidia,3,ISA 10:14,,
heloḡo,3,ISA 13:4,,
dagedagena,3,ISA 13:9,,
hasiahudia,3,ISA 13:17,,
vevedia,3,ISA 14:20,,
moimoilaimu,3,ISA 16:10,,
ikokona,3,ISA 22:25,,
ahutuna,3,ISA 27:10,,
gari-badana,3,ISA 28:19,,
kwadidiamu,3,ISA 28:27,,
rahurahuna,3,ISA 29:2,,
hakepulu,3,ISA 29:9,,
kwanauna,3,ISA 33:20,,
baraia,3,ISA 33:21,,
lokuamu,3,ISA 34:4,,
iha-orena,3,ISA 34:11,,
lasihi,3,ISA 34:12,,
hahisihisigumu,3,ISA 38:14,,
hataora,3,ISA 40:4,,
q,3,ISA 41:1,,
hamaorolai,3,ISA 41:22,,
kuiamu,3,ISA 41:25,,
ihapapadia,3,ISA 42:7,,
kudimamu,3,ISA 42:19,,
bavabiabiraigu,3,ISA 43:10,,
hadudumu,3,ISA 44:2,,
loalaidiamu,3,ISA 45:20,,
rosimui,3,ISA 46:3,,
vaiamu,3,ISA 46:6,,
hegana,3,ISA 47:14,,
haḡoevamu,3,ISA 48:10,,
suene,3,ISA 49:12,,
ihabua-tarimu,3,ISA 49:17,,
havahumu,3,ISA 49:17,,
hahisihisimu,3,ISA 49:26,,
bodagamu,3,ISA 50:2,,
kadakodo,3,ISA 54:12,,
natu-adora,3,ISA 56:5,,
doroka-doroka,3,ISA 56:12,,
gadomui,3,ISA 58:4,,
dua,3,ISA 58:10,,
habadelaimaimu,3,ISA 59:12,,
topo,3,ISA 60:16,,
nanadailaigu,3,ISA 65:1,,
ganaganadia,3,ISA 65:19,,
hahelagaiamu,3,ISA 66:3,,
lano,3,JER 2:7,,
ihavahuna,3,JER 4:7,,
aonegamai,3,JER 8:8,,
mata-ganigani,3,JER 8:10,,
imoraia,3,JER 8:14,,
hadaeamu,3,JER 10:13,,
gugubamu,3,JER 13:21,,
itapo,3,JER 15:7,,
auka-hereadia,3,JER 16:12,,
tahomui,3,JER 16:13,,
ihadikalaimui,3,JER 18:11,,
hoduhodu,3,JER 19:1,,
gole,3,JER 19:5,,
badu-garagara,3,JER 21:5,,
konia,3,JER 22:24,,
sisisisimu,3,JER 23:29,,
naudiamu,3,JER 25:23,,
perovetalaia,3,JER 26:11,,
igurigu,3,JER 29:12,,
nehelama,3,JER 29:24,,
garagarana,3,JER 30:24,,
kusi,3,JER 36:14,,
iehudi,3,JER 36:21,,
hamaorolaimumu,3,JER 38:20,,
manaugu,3,JER 38:26,,
habadelaimai,3,JER 42:5,,
hegonaḡonalai,3,JER 42:18,,
maurimui,3,JER 48:6,,
hulalai,3,JER 49:10,,
uralaiamu,3,JER 49:20,,
hedabarai,3,JER 50:43,,
ikahana,3,LAM 1:7,,
ihamatamatana,3,LAM 1:11,,
hahavamai,3,LAM 3:43,,
hanailaia,3,EZK 1:1,,
esekiel,3,EZK 1:3,,
kiama-kiama,3,EZK 1:16,,
helaidia,3,EZK 2:6,,
vaḡoma,3,EZK 4:2,,
ikou-ahuna,3,EZK 4:3,,
aukimu,3,EZK 5:1,,
dikarohorohodia,3,EZK 5:11,,
heloḡo-ahuahu,3,EZK 7:7,,
mukodia,3,EZK 13:18,,
idoadiamu,3,EZK 13:20,,
dabuamu,3,EZK 16:7,,
hadokomu,3,EZK 16:41,,
tubuamu,3,EZK 16:43,,
ihahemaorohenidia,3,EZK 16:52,,
heatokauna,3,EZK 18:8,,
hahelagadiamu,3,EZK 20:12,,
taunimanuna,3,EZK 21:19,,
hedunirai,3,EZK 22:4,,
guiva,3,EZK 23:6,,
hamutumu,3,EZK 26:19,,
heḡege-madai,3,EZK 27:11,,
neseriki,3,EZK 27:27,,
kahikahimu,3,EZK 30:3,,
ihadibadia,3,EZK 33:3,,
hegogomu,3,EZK 33:31,,
namo-herea,3,EZK 33:32,,
haḡoevamui,3,EZK 36:25,,
durana,3,EZK 40:13,,
mia-ḡaḡaena,3,EZK 41:9,,
helaḡa-hereadia,3,EZK 42:13,,
taununanima,3,EZK 44:19,,
hasara-enono,3,EZK 47:17,,
sihi,3,DAN 1:10,,
hahedinaraidiamu,3,DAN 2:22,,
hahetamona,3,DAN 2:43,,
guguru,3,DAN 5:10,,
mene,3,DAN 5:25,,
ginigu,3,DAN 10:13,,
maohenigu,3,HOS 2:19,,
hatoreda,3,HOS 6:2,,
haraiva-raivadia,3,JOL 3:7,,
lalo-davari,3,JOL 3:14,,
pala,3,AMO 1:8,,
ilohiana,3,OBA 1:21,,
kakaia,3,JON 2:10,,
gwaugwaumu,3,MIC 2:6,,
kouda,3,MIC 5:1,,
laumui,3,MIC 6:9,,
hururu-hururumu,3,NAM 3:3,,
habakuku,3,HAB 1:1,,
gogodiamu,3,HAB 2:5,,
ḡabu,3,HAB 3:11,,
hamatamatamu,3,ZEP 3:17,,
bapatisomuimu,3,MAT 3:11,,
hatadikaia,3,MAT 5:13,,
leta,3,MAT 5:18,,
hatataia,3,MAT 5:45,,
hohoa,3,MAT 7:25,,
nuanuava,3,MAT 8:30,,
maloa,3,MAT 8:32,,
hapou,3,MAT 9:17,,
batolomeo,3,MAT 10:3,,
maraḡimaraḡidia,3,MAT 10:42,,
dikamui,3,MAT 12:34,,
vaimu,3,MAT 12:35,,
heuda-hanaina,3,MAT 12:39,,
giḡi,3,MAT 13:4,,
ila,3,MAT 13:13,,
tahahaia,3,MAT 14:4,,
domua,3,MAT 15:11,,
hekeiva,3,MAT 17:9,,
ihamatamatadia,3,MAT 17:11,,
ilulu-ohona,3,MAT 17:19,,
kobi,3,MAT 19:24,,
betefage,3,MAT 21:1,,
ikoilaidia,3,MAT 23:14,,
ihahekwakwanaidia,3,MAT 24:24,,
hodava,3,MAT 24:32,,
diaranu,3,MAT 25:3,,
abilai,3,MAT 25:16,,
avani,3,MAT 26:45,,
karevamui,3,MAT 26:55,,
idabai-taogu,3,MAT 26:55,,
ihamomokanilaidia,3,MAT 26:56,,
golgota,3,MAT 27:33,,
puta,3,MAT 27:48,,
dibaḡaniava,3,MRK 1:13,,
hatororo-tororoa,3,MRK 1:26,,
lesu,3,MRK 1:34,,
gerasa,3,MRK 5:1,,
boloamu,3,MRK 9:17,,
bapatisolaigu,3,MRK 10:38,,
leriko,3,MRK 10:45,,
rakataniava,3,MRK 11:19,,
riki,3,MRK 14:6,,
hadibamuiva,3,LUK 1:4,,
iperitomena,3,LUK 1:59,,
ihatore-isidia,3,LUK 2:34,,
pontio,3,LUK 3:1,,
dorimui,3,LUK 13:28,,
tore-isina,3,LUK 14:14,,
gini-dae,3,LUK 17:20,,
sakaio,3,LUK 19:2,,
laona,3,LUK 19:36,,
hahebapatisomu,3,JHN 1:26,,
mesia,3,JHN 1:41,,
bapatisova,3,JHN 3:22,,
tiberia,3,JHN 6:1,,
bolomu,3,JHN 8:48,,
manea,3,JHN 9:6,,
taoele,3,JHN 13:4,,
huahuamui,3,JHN 15:8,,
nounumu,3,JHN 17:9,,
ihamomokanilaina,3,JHN 19:28,,
tamanua,3,JHN 20:17,,
morutania,3,ACT 1:25,,
pentekoste,3,ACT 2:1,,
ponto,3,ACT 2:9,,
frugia,3,ACT 2:10,,
afrika,3,ACT 2:10,,
dekeda,3,ACT 2:29,,
gwauraiva,3,ACT 3:24,,
hadikadiava,3,ACT 9:21,,
iseudia,3,ACT 9:43,,
klaudio,3,ACT 11:28,,
gadodiai,3,ACT 14:11,,
deo,3,ACT 14:12,,
daramai,3,ACT 14:15,,
lohiabadana,3,ACT 14:23,,
ha-idauda,3,ACT 15:9,,
areo,3,ACT 17:19,,
hadibalaidiava,3,ACT 18:11,,
galio,3,ACT 18:12,,
alesandria,3,ACT 18:24,,
erasto,3,ACT 19:22,,
demetrio,3,ACT 19:24,,
trofimo,3,ACT 20:4,,
mileto,3,ACT 20:15,,
lusia,3,ACT 23:26,,
berenike,3,ACT 25:13,,
daradaralaia,3,ACT 25:20,,
bapatisoda,3,ROM 6:3,,
huahuada,3,ROM 7:4,,
dogoda,3,ROM 7:6,,
dabai,3,ROM 11:17,,
olivena,3,ROM 11:17,,
haduamuimu,3,ROM 12:3,,
vasilaia,3,ROM 15:29,,
taihuda,3,ROM 16:1,,
stefana,3,1CO 1:16,,
iseuna,3,1CO 3:10,,
dihotania,3,1CO 7:10,,
haheaukalai,3,1CO 9:12,,
heau-helulu,3,1CO 9:24,,
heautani,3,1CO 10:14,,
ḡaruḡaru,3,1CO 14:20,,
heigo-ita,3,2CO 7:4,,
hematauraimui,3,2CO 7:15,,
ikahalaina,3,GAL 2:17,,
ierusalemana,3,GAL 4:25,,
havarada,3,EPH 2:10,,
garugaru,3,EPH 4:16,,
dosiamu,3,EPH 5:29,,
epafrodito,3,PHP 2:24,,
epafra,3,COL 1:7,,
helaḡamui,3,COL 1:22,,
tutukatutuka,3,COL 1:23,,
hakeru,3,COL 4:8,,
dema,3,COL 4:14,,
haḡoimai,3,1TH 1:6,,
hamaorolaimuiva,3,2TH 2:5,,
tarikatarika,3,2TI 1:13,,
ganodia,3,HEB 4:12,,
ihakaumui,3,HEB 13:7,,
semurana,3,REV 1:11,,
peregamo,3,REV 1:11,,
sadi,3,REV 1:11,,
filadelfia,3,REV 1:11,,
lodulai,3,REV 2:4,,
moimoi,3,REV 14:19,,
kuroka-kurokadia,3,REV 15:6,,
we,2,GEN 2:5,,
varahu,2,GEN 2:6,,
tigris,2,GEN 2:14,,
iaomu,2,GEN 2:14,,
ish,2,GEN 2:23,,
isha,2,GEN 2:23,,
ḡaḡaegu,2,GEN 3:10,,
haheinai,2,GEN 3:15,,
hanai-hanai,2,GEN 3:22,,
irad,2,GEN 4:18,,
mehuiael,2,GEN 4:18,,
metusael,2,GEN 4:18,,
tubala-kain,2,GEN 4:22,,
hahitu-ahui,2,GEN 4:24,,
ḡaḡau-babadadia,2,GEN 6:4,,
demadia,2,GEN 6:14,,
keni,2,GEN 7:17,,
idoudiai,2,GEN 8:19,,
hae,2,GEN 9:7,,
madai,2,GEN 10:2,,
tira,2,GEN 10:2,,
togarama,2,GEN 10:3,,
dodanim,2,GEN 10:4,,
misraim,2,GEN 10:6,,
sabata,2,GEN 10:7,,
sabateka,2,GEN 10:7,,
hetaraki,2,GEN 10:9,,
ereke,2,GEN 10:10,,
kalne,2,GEN 10:10,,
kala,2,GEN 10:11,,
ludim,2,GEN 10:13,,
anamim,2,GEN 10:13,,
lehabim,2,GEN 10:13,,
napatuhim,2,GEN 10:13,,
patarusim,2,GEN 10:14,,
het,2,GEN 10:15,,
araka,2,GEN 10:17,,
sini,2,GEN 10:17,,
semara,2,GEN 10:18,,
hulu,2,GEN 10:23,,
getere,2,GEN 10:23,,
alamodad,2,GEN 10:26,,
selefe,2,GEN 10:26,,
hasaramavete,2,GEN 10:26,,
iera,2,GEN 10:26,,
hadoram,2,GEN 10:27,,
dikila,2,GEN 10:27,,
abimael,2,GEN 10:28,,
harida,2,GEN 11:4,,
hediba,2,GEN 11:7,,
amarafel,2,GEN 14:1,,
elasara,2,GEN 14:1,,
tidala,2,GEN 14:1,,
hasasono-tamara,2,GEN 14:7,,
adorana,2,GEN 15:4,,
gurimu,2,GEN 15:15,,
kerekere,2,GEN 15:17,,
diravamu,2,GEN 16:13,,
taurahaniahui,2,GEN 16:16,,
lagamui,2,GEN 18:4,,
malakamalaka,2,GEN 19:11,,
taolara,2,GEN 19:23,,
adavada,2,GEN 19:31,,
toreisi,2,GEN 19:33,,
hagabanidia,2,GEN 20:18,,
moria,2,GEN 22:2,,
iehova-ire,2,GEN 22:14,,
taurahaniosi,2,GEN 22:23,,
sinahuhani,2,GEN 23:15,,
basiato,2,GEN 24:50,,
rugu,2,GEN 24:56,,
bere-lahai-roi,2,GEN 24:62,,
govaia,2,GEN 24:65,,
simuran,2,GEN 25:2,,
medan,2,GEN 25:2,,
isabak,2,GEN 25:2,,
eldaha,2,GEN 25:4,,
hituahui,2,GEN 25:7,,
adabeel,2,GEN 25:13,,
ieturu,2,GEN 25:15,,
kedema,2,GEN 25:15,,
gwautararuosi,2,GEN 25:16,,
sinahuta,2,GEN 25:17,,
manorina,2,GEN 25:29,,
naduamu,2,GEN 25:30,,
hitologu,2,GEN 25:30,,
sihari,2,GEN 26:8,,
sitina,2,GEN 26:21,,
beresieba,2,GEN 26:22,,
hadikamai,2,GEN 26:29,,
be-eri,2,GEN 26:34,,
uduguiraigu,2,GEN 27:12,,
mahalata,2,GEN 28:9,,
hane-guna,2,GEN 29:26,,
hapetapetalai,2,GEN 31:15,,
heaulaidia,2,GEN 31:26,,
goreregumu,2,GEN 31:35,,
alaguva,2,GEN 31:40,,
legara-sahaduta,2,GEN 31:47,,
peniel,2,GEN 32:30,,
el-elohe-israel,2,GEN 33:20,,
ḡaḡaia,2,GEN 34:2,,
el-betele,2,GEN 35:7,,
alono-bakutu,2,GEN 35:8,,
benoni,2,GEN 35:18,,
eseban,2,GEN 36:26,,
keran,2,GEN 36:26,,
saavan,2,GEN 36:27,,
aran,2,GEN 36:28,,
dinihaba,2,GEN 36:32,,
bedad,2,GEN 36:35,,
aviti,2,GEN 36:35,,
masareka,2,GEN 36:36,,
matared,2,GEN 36:39,,
mesahab,2,GEN 36:39,,
alava,2,GEN 36:40,,
pinon,2,GEN 36:41,,
mibsara,2,GEN 36:42,,
magdiel,2,GEN 36:43,,
iram,2,GEN 36:43,,
reḡuva,2,GEN 37:2,,
potifara,2,GEN 37:36,,
hakavakavagu,2,GEN 39:17,,
boseadia,2,GEN 40:16,,
vavaroda-vavaroda,2,GEN 41:3,,
agani,2,GEN 41:26,,
rogedia,2,GEN 41:48,,
helalo-boio,2,GEN 41:51,,
ilalolaidia,2,GEN 41:51,,
besegu,2,GEN 41:52,,
nanadaimai,2,GEN 43:7,,
ihabadelaida,2,GEN 43:18,,
ihurilaidia,2,GEN 43:24,,
narimui,2,GEN 45:11,,
hetai,2,GEN 45:14,,
reruedia,2,GEN 45:27,,
iemuel,2,GEN 46:10,,
ohad,2,GEN 46:10,,
puva,2,GEN 46:13,,
esbon,2,GEN 46:16,,
isva,2,GEN 46:17,,
hupim,2,GEN 46:21,,
hahohomu,2,GEN 48:4,,
iatuna,2,GEN 49:10,,
kakakana,2,GEN 49:11,,
dabarai,2,GEN 49:20,,
hanamolaidia,2,GEN 49:28,,
atad,2,GEN 50:10,,
abele-misraim,2,GEN 50:11,,
hahekwarahidiava,2,EXO 1:13,,
matauria,2,EXO 1:21,,
bautama,2,EXO 2:3,,
raria,2,EXO 2:12,,
durumai,2,EXO 2:19,,
hakapuamu,2,EXO 4:11,,
hapapaiamu,2,EXO 4:11,,
taunibunai,2,EXO 4:12,,
buloamu,2,EXO 5:7,,
dahuka,2,EXO 5:14,,
elsafan,2,EXO 6:22,,
tona,2,EXO 7:6,,
iohururudia,2,EXO 9:11,,
hagari,2,EXO 9:25,,
dogomui,2,EXO 9:28,,
is,2,EXO 9:34,,
tubumui,2,EXO 10:6,,
didiari,2,EXO 10:23,,
kwaru,2,EXO 11:7,,
kasirina,2,EXO 12:9,,
iboudia,2,EXO 12:12,,
idabarana,2,EXO 12:16,,
hekouva,2,EXO 12:29,,
kui,2,EXO 12:34,,
nanadu,2,EXO 12:39,,
rakatanidiava,2,EXO 13:22,,
vairani,2,EXO 14:9,,
asiato,2,EXO 14:12,,
mavarudia,2,EXO 15:20,,
ihakunudia,2,EXO 16:8,,
sisidia,2,EXO 16:17,,
gaigai-gaigaina,2,EXO 16:20,,
ubulaimui,2,EXO 16:32,,
dibaḡaniamu,2,EXO 17:2,,
halai,2,EXO 17:12,,
iehova-nisi,2,EXO 17:15,,
hepapahuahumu,2,EXO 18:16,,
gwata,2,EXO 18:21,,
hatonia,2,EXO 18:27,,
ko,2,EXO 20:16,,
ḡahusi,2,EXO 20:17,,
hamaraḡi,2,EXO 21:10,,
ihamakohina,2,EXO 22:2,,
laloani,2,EXO 23:8,,
hakepuludiamu,2,EXO 23:8,,
holo,2,EXO 24:4,,
lahasia,2,EXO 25:11,,
hakerukerua,2,EXO 25:20,,
hedabara,2,EXO 25:30,,
sirina,2,EXO 25:36,,
siridia,2,EXO 26:15,,
rarorarona,2,EXO 26:28,,
idogo-taodia,2,EXO 26:29,,
gagana,2,EXO 27:3,,
rina,2,EXO 27:4,,
hahela,2,EXO 28:3,,
aga,2,EXO 28:3,,
ha-inuamu,2,EXO 28:4,,
akate,2,EXO 28:19,,
matu,2,EXO 28:32,,
turimu,2,EXO 28:32,,
turilai,2,EXO 28:33,,
mairina,2,EXO 28:36,,
iḡeḡelaidia,2,EXO 28:40,,
abodia,2,EXO 29:20,,
davedavelaia,2,EXO 29:26,,
itahunina,2,EXO 29:36,,
itoi-hanaidia,2,EXO 30:4,,
karuhidia,2,EXO 30:6,,
karaimu,2,EXO 30:25,,
natafa,2,EXO 30:34,,
sekelete,2,EXO 30:34,,
kelebena,2,EXO 30:34,,
ihorodia,2,EXO 31:11,,
herohemainona,2,EXO 31:16,,
hereva-herevalai,2,EXO 31:18,,
kadidiha,2,EXO 32:15,,
herehera,2,EXO 33:6,,
hururu-hururuva,2,EXO 34:30,,
taigadia,2,EXO 35:5,,
herehia,2,EXO 35:5,,
udu-ahudia,2,EXO 37:16,,
gimava,2,EXO 38:8,,
turituri,2,EXO 38:23,,
ituridia,2,EXO 38:23,,
domaga-tauratoi,2,EXO 38:26,,
ḡasidia,2,EXO 39:6,,
koronana,2,EXO 39:30,,
haḡugurua,2,EXO 39:42,,
doru,2,LEV 3:9,,
hakerere,2,LEV 5:15,,
taunaena,2,LEV 5:18,,
unubadana,2,LEV 6:5,,
horolaidia,2,LEV 8:10,,
heḡole,2,LEV 10:16,,
lori,2,LEV 11:3,,
ḡauamu,2,LEV 11:3,,
ugava-bada,2,LEV 11:13,,
larata,2,LEV 11:13,,
pivai,2,LEV 11:14,,
kanaḡe,2,LEV 11:16,,
kipa,2,LEV 11:16,,
manubada,2,LEV 11:17,,
kema,2,LEV 11:18,,
lokoru,2,LEV 11:18,,
turumu,2,LEV 11:19,,
taunana,2,LEV 11:25,,
vaboha,2,LEV 11:30,,
taoha,2,LEV 13:2,,
goeva,2,LEV 13:2,,
ḡouna,2,LEV 13:11,,
gadoka-gadokana,2,LEV 13:49,,
idavaridia,2,LEV 14:21,,
boubounabona,2,LEV 14:22,,
ḡoevana,2,LEV 14:57,,
mahutalai,2,LEV 15:24,,
miromu,2,LEV 15:32,,
lalamu,2,LEV 18:12,,
hahemiromu,2,LEV 18:24,,
loridia,2,LEV 18:25,,
lorimui,2,LEV 18:28,,
hahetoholaia,2,LEV 19:36,,
beseamo,2,LEV 20:3,,
bavatu,2,LEV 22:2,,
hakereredia,2,LEV 22:16,,
naiehova,2,LEV 23:3,,
ihiriridia,2,LEV 23:24,,
gabi-ruma,2,LEV 25:34,,
ediatano,2,LEV 25:34,,
ubulaia,2,LEV 25:37,,
dihimui,2,LEV 25:46,,
hagarimui,2,LEV 26:6,,
ilailaidia,2,LEV 26:10,,
vahudinadia,2,LEV 26:34,,
havadiamu,2,LEV 26:37,,
bonaedia,2,LEV 26:45,,
oiese,2,LEV 27:2,,
idurumui,2,NUM 1:5,,
helaḡanaena,2,NUM 3:50,,
kumilai,2,NUM 4:9,,
gwau-hamatana,2,NUM 6:2,,
maedana,2,NUM 6:19,,
herahiaḡaudia,2,NUM 7:37,,
karadika,2,NUM 7:58,,
herevahereva,2,NUM 7:89,,
haḡanilaigu,2,NUM 9:8,,
daetanidia,2,NUM 9:21,,
hobab,2,NUM 10:29,,
heḡeḡae,2,NUM 10:29,,
hagogo,2,NUM 11:8,,
eledad,2,NUM 11:26,,
medad,2,NUM 11:26,,
rahobada,2,NUM 11:28,,
gado-mase,2,NUM 11:34,,
gunalaidiamu,2,NUM 14:14,,
taunirnanima,2,NUM 14:22,,
haherou-heroudia,2,NUM 14:36,,
aiala,2,NUM 14:40,,
karoagwauta,2,NUM 15:6,,
badaranuna,2,NUM 16:14,,
hadonoda,2,NUM 16:34,,
hedavarimu,2,NUM 17:4,,
horomui,2,NUM 18:8,,
taubuna,2,NUM 19:19,,
sukena,2,NUM 20:5,,
butumai,2,NUM 20:14,,
ie-abarim,2,NUM 21:11,,
bere,2,NUM 21:16,,
hadobua,2,NUM 21:18,,
nahaliele,2,NUM 21:19,,
bamoto,2,NUM 21:19,,
petoro,2,NUM 22:5,,
badinabe,2,NUM 22:32,,
bamoto-baal,2,NUM 22:41,,
noho-edea,2,NUM 23:9,,
hagaua,2,NUM 23:10,,
hekapu,2,NUM 24:10,,
maiedia,2,NUM 25:3,,
kosobi,2,NUM 25:15,,
sefon,2,NUM 26:15,,
osni,2,NUM 26:16,,
arod,2,NUM 26:17,,
eran,2,NUM 26:36,,
ahiram,2,NUM 26:38,,
hufam,2,NUM 26:39,,
lahaidia,2,NUM 27:10,,
tanoḡaḡaena,2,NUM 27:14,,
efata,2,NUM 28:9,,
evi,2,NUM 31:8,,
rekem,2,NUM 31:8,,
reba,2,NUM 31:8,,
henumai,2,NUM 31:49,,
ihelalolaidia,2,NUM 31:54,,
logobeha,2,NUM 32:35,,
bete-nimra,2,NUM 32:36,,
kenat,2,NUM 32:42,,
noba,2,NUM 32:42,,
dofka,2,NUM 33:12,,
alusu,2,NUM 33:13,,
ritma,2,NUM 33:18,,
rimon-perese,2,NUM 33:19,,
risa,2,NUM 33:21,,
kehelata,2,NUM 33:22,,
sefere,2,NUM 33:23,,
harada,2,NUM 33:24,,
makeloto,2,NUM 33:25,,
mitka,2,NUM 33:28,,
hasamona,2,NUM 33:29,,
moseroto,2,NUM 33:30,,
horo-hagidigad,2,NUM 33:32,,
abrona,2,NUM 33:34,,
salmona,2,NUM 33:41,,
punon,2,NUM 33:42,,
dibon-gad,2,NUM 33:45,,
sedad,2,NUM 34:8,,
hasara-enan,2,NUM 34:9,,
sefam,2,NUM 34:10,,
semuel,2,NUM 34:20,,
haniel,2,NUM 34:23,,
paltiel,2,NUM 34:26,,
ahihud,2,NUM 34:27,,
danuba,2,NUM 35:6,,
heiriheiri,2,DEU 1:12,,
hamaorolaida,2,DEU 1:25,,
alada,2,DEU 1:27,,
geiamu,2,DEU 1:31,,
halaolao,2,DEU 1:40,,
verimui,2,DEU 4:20,,
bonabonamu,2,DEU 4:28,,
ihadokona,2,DEU 4:43,,
memetau,2,DEU 6:22,,
haboiodia,2,DEU 7:24,,
iheralaidia,2,DEU 7:25,,
hamanaumui,2,DEU 8:3,,
hahitolomui,2,DEU 8:3,,
boga-kunu,2,DEU 8:9,,
ediakara,2,DEU 9:27,,
gudugoda,2,DEU 10:7,,
hadabualaiamu,2,DEU 10:18,,
rakavareai,2,DEU 11:10,,
bagumui,2,DEU 11:18,,
bonaemui,2,DEU 12:6,,
pararadia,2,DEU 14:6,,
ihahitudia,2,DEU 15:1,,
hagorua,2,DEU 15:7,,
hahekidaia,2,DEU 15:8,,
haḡaukaraia,2,DEU 15:19,,
habadea,2,DEU 17:7,,
hahanedia,2,DEU 18:11,,
ha-abia,2,DEU 19:12,,
bamomuimu,2,DEU 20:1,,
aiaia,2,DEU 21:1,,
eremai,2,DEU 21:20,,
helaoahu,2,DEU 22:8,,
usina,2,DEU 23:1,,
hamurimuri,2,DEU 23:12,,
hahisimai,2,DEU 26:6,,
paḡamai,2,DEU 26:6,,
imatauraimui,2,DEU 26:19,,
raḡaiamu,2,DEU 27:17,,
lalo-hesiku,2,DEU 28:20,,
gesegese,2,DEU 28:22,,
tanobadana,2,DEU 28:23,,
ruru,2,DEU 28:40,,
garilaidiamu,2,DEU 28:60,,
hadauredia,2,DEU 28:65,,
garilai,2,DEU 28:67,,
hegwau-hamata,2,DEU 29:12,,
pariparina,2,DEU 29:19,,
hahisilaia,2,DEU 29:22,,
garada,2,DEU 29:29,,
badibadimu,2,DEU 30:14,,
unukahai,2,DEU 30:18,,
habadelaimuimu,2,DEU 30:19,,
heruha-nege,2,DEU 31:10,,
ihabadelaimui,2,DEU 31:28,,
medumedu,2,DEU 32:2,,
laloduhu,2,DEU 32:6,,
latalatana,2,DEU 32:13,,
papapapana,2,DEU 32:18,,
ilalotaodia,2,DEU 32:26,,
vine-ranudia,2,DEU 32:38,,
haberodiamu,2,DEU 32:39,,
kumidiamu,2,DEU 32:39,,
meribata-kade,2,DEU 32:51,,
hahelaḡagu,2,DEU 32:51,,
hegogova,2,DEU 33:5,,
tauta,2,DEU 34:6,,
ahuahu,2,JOS 1:18,,
di,2,JOS 2:11,,
kudoumai,2,JOS 2:11,,
uno,2,JOS 3:4,,
gwautararua,2,JOS 3:12,,
iahara,2,JOS 5:1,,
haḡeḡea,2,JOS 6:11,,
hahekwarahidia,2,JOS 7:3,,
tuana,2,JOS 7:24,,
havaia,2,JOS 8:16,,
haseriseria,2,JOS 8:28,,
siahu-siahuna,2,JOS 9:12,,
mamatamata,2,JOS 9:13,,
koimai,2,JOS 9:22,,
ḡelo,2,JOS 10:13,,
laramutu,2,JOS 10:23,,
auima,2,JOS 10:26,,
madon,2,JOS 11:1,,
merom,2,JOS 11:5,,
misirefoto-maimi,2,JOS 11:8,,
halak,2,JOS 11:17,,
baditanona,2,JOS 11:17,,
anab,2,JOS 11:21,,
labok,2,JOS 12:2,,
gedere,2,JOS 12:13,,
nafata-doro,2,JOS 12:23,,
lahasa,2,JOS 13:18,,
safon,2,JOS 13:27,,
bohan,2,JOS 15:6,,
adumimi,2,JOS 15:7,,
en-semese,2,JOS 15:7,,
badibadidia,2,JOS 15:7,,
nefetoa,2,JOS 15:9,,
labnele,2,JOS 15:11,,
telem,2,JOS 15:24,,
bealoto,2,JOS 15:24,,
bete-pelete,2,JOS 15:27,,
eltolad,2,JOS 15:30,,
madamana,2,JOS 15:31,,
en-ganim,2,JOS 15:34,,
hadasa,2,JOS 15:37,,
lokotele,2,JOS 15:38,,
boskata,2,JOS 15:39,,
gederoto,2,JOS 15:41,,
bete-dagon,2,JOS 15:41,,
etere,2,JOS 15:42,,
arab,2,JOS 15:52,,
luta,2,JOS 15:55,,
kiriata-baal,2,JOS 15:60,,
kiriat-ieanmi,2,JOS 15:60,,
ataroto-adara,2,JOS 16:5,,
mikimetata,2,JOS 16:6,,
lanoa,2,JOS 16:6,,
dara-daena,2,JOS 18:17,,
semaraim,2,JOS 18:22,,
bete-makaboto,2,JOS 19:5,,
saridi,2,JOS 19:10,,
daberata,2,JOS 19:13,,
gata-hefere,2,JOS 19:13,,
nea,2,JOS 19:13,,
iftahele,2,JOS 19:14,,
nahalala,2,JOS 19:15,,
dogoro,2,JOS 19:16,,
sunem,2,JOS 19:18,,
kision,2,JOS 19:20,,
helkat,2,JOS 19:25,,
misala,2,JOS 19:26,,
hamon,2,JOS 19:28,,
elteke,2,JOS 19:44,,
timnata-sera,2,JOS 19:50,,
heharilai,2,JOS 22:8,,
garamai,2,JOS 22:27,,
ohemui,2,JOS 23:13,,
hamauridava,2,JOS 24:17,,
gunalaimai,2,JDG 1:1,,
sefata,2,JDG 1:17,,
bamodiava,2,JDG 1:19,,
ivareaina,2,JDG 1:24,,
here,2,JDG 1:35,,
saalbim,2,JDG 1:35,,
ḡanaḡanava,2,JDG 2:18,,
hisiva,2,JDG 2:18,,
haḡaraḡaraia,2,JDG 2:20,,
kusan-risataimi,2,JDG 3:8,,
mei,2,JDG 3:24,,
ki,2,JDG 3:25,,
samgara,2,JDG 3:31,,
anata,2,JDG 3:31,,
hahemaorova,2,JDG 4:4,,
iaele,2,JDG 4:17,,
gauka,2,JDG 4:18,,
ura-kwalimudia,2,JDG 5:2,,
doḡorodia,2,JDG 5:15,,
halaheva,2,JDG 5:17,,
meroso,2,JDG 5:23,,
iehova-salom,2,JDG 6:24,,
paripari,2,JDG 6:40,,
taunumanima,2,JDG 7:4,,
abele-mehola,2,JDG 7:22,,
bete-bara,2,JDG 7:24,,
gava,2,JDG 8:4,,
ḡinigini,2,JDG 8:7,,
tau-eregabena,2,JDG 8:14,,
huahuagu,2,JDG 9:9,,
ikerukerugu,2,JDG 9:15,,
laloava,2,JDG 9:17,,
moalelaimui,2,JDG 9:19,,
aruma,2,JDG 9:31,,
tebese,2,JDG 9:50,,
heautanidia,2,JDG 11:3,,
mavaruna,2,JDG 11:34,,
asioma,2,JDG 12:2,,
ibisan,2,JDG 12:8,,
hilele,2,JDG 12:13,,
dogomu,2,JDG 13:15,,
vavemai,2,JDG 14:15,,
enehetomana,2,JDG 15:7,,
ramata-lehi,2,JDG 15:17,,
en-hakore,2,JDG 15:19,,
motumu,2,JDG 16:9,,
pania,2,JDG 16:13,,
hatuava,2,JDG 16:14,,
louiou,2,JDG 16:16,,
ipanina,2,JDG 16:19,,
raivaraiva,2,JDG 18:7,,
bete-rehob,2,JDG 18:28,,
ḡelomu,2,JDG 19:9,,
ibani-henina,2,JDG 20:36,,
noha,2,JDG 20:43,,
oropa,2,RUT 1:4,,
hapararada,2,RUT 1:17,,
gogova,2,RUT 2:3,,
gorumu,2,RUT 2:12,,
hahedokia,2,RUT 3:3,,
diniga,2,1SA 2:13,,
keikei,2,1SA 2:14,,
hapiuamu,2,1SA 2:24,,
bavatogu,2,1SA 2:36,,
momova,2,1SA 3:1,,
heḡara-heḡara,2,1SA 3:11,,
hetahava,2,1SA 4:13,,
helou,2,1SA 4:18,,
ikure-ahuna,2,1SA 5:4,,
bitadia,2,1SA 6:5,,
hakavakavadia,2,1SA 6:6,,
iverina,2,1SA 6:7,,
betesemese,2,1SA 6:12,,
ḡoudia,2,1SA 6:12,,
utuava,2,1SA 6:13,,
b,2,1SA 7:3,,
lesana,2,1SA 7:12,,
seroro,2,1SA 9:1,,
bekorata,2,1SA 9:1,,
maraḡi-herea,2,1SA 9:21,,
lada-isi,2,1SA 10:12,,
hamaurimuimu,2,1SA 10:19,,
matri,2,1SA 10:21,,
labese,2,1SA 11:3,,
hahisihisimai,2,1SA 12:4,,
siaidiava,2,1SA 12:11,,
heḡonu,2,1SA 13:1,,
sual,2,1SA 13:17,,
unukaha,2,1SA 14:1,,
migron,2,1SA 14:2,,
haga-nadidia,2,1SA 14:4,,
lagava,2,1SA 14:15,,
hahisimumu,2,1SA 16:15,,
cheese,2,1SA 17:18,,
lalo-tamona,2,1SA 18:1,,
hataiava,2,1SA 18:10,,
dekea,2,1SA 18:11,,
adriele,2,1SA 18:19,,
mehola,2,1SA 18:19,,
ikwinana,2,1SA 19:13,,
etahuamu,2,1SA 20:1,,
daḡa,2,1SA 20:3,,
unukahamu,2,1SA 20:22,,
legamu,2,1SA 20:38,,
heude-heudena,2,1SA 21:1,,
kavaiamu,2,1SA 21:14,,
tamarisk,2,1SA 22:6,,
taudiaedia,2,1SA 22:19,,
garimai,2,1SA 23:3,,
lesimono,2,1SA 23:19,,
iesimono,2,1SA 23:24,,
tuarilaiamu,2,1SA 25:28,,
itahumu,2,1SA 25:29,,
lalo-maoro,2,1SA 25:33,,
galimi,2,1SA 25:44,,
manena,2,1SA 30:12,,
asitala,2,1SA 30:22,,
mun,2,2SA 1:7,,
gwadamu,2,2SA 2:22,,
abitala,2,2SA 3:4,,
itireama,2,2SA 3:5,,
egla,2,2SA 3:5,,
vena,2,2SA 3:12,,
mao,2,2SA 3:14,,
hedokilai,2,2SA 3:31,,
gitaimi,2,2SA 4:3,,
heauna,2,2SA 4:4,,
ḡaraia,2,2SA 4:6,,
elisua,2,2SA 5:15,,
ihaheḡiḡi-dobidia,2,2SA 5:20,,
irahu-masena,2,2SA 6:8,,
ialomu,2,2SA 7:3,,
hamanaudia,2,2SA 8:1,,
ere-ere,2,2SA 8:2,,
mamudia,2,2SA 8:4,,
labora-laboradia,2,2SA 8:8,,
helam,2,2SA 10:16,,
sobaka,2,2SA 10:16,,
komukau,2,2SA 11:1,,
henanadaina,2,2SA 11:3,,
eliama,2,2SA 11:3,,
hadibadibaia,2,2SA 11:19,,
tarakimui,2,2SA 11:20,,
hadareremai,2,2SA 11:23,,
bavadavadia,2,2SA 12:8,,
ihamaorolaina,2,2SA 12:18,,
iradia,2,2SA 12:31,,
iau,2,2SA 13:6,,
ihi-ihiraiava,2,2SA 13:15,,
hahekwarahimu,2,2SA 13:25,,
iha-idaudia,2,2SA 14:20,,
hametaugu,2,2SA 15:33,,
hegaga-hehenina,2,2SA 16:13,,
raka-vareaidia,2,2SA 17:17,,
rogelim,2,2SA 17:27,,
guḡuru,2,2SA 18:8,,
headai,2,2SA 18:9,,
lapaia,2,2SA 18:11,,
ilaohaina,2,2SA 18:22,,
rakirakidia,2,2SA 19:3,,
tauhaumu,2,2SA 19:7,,
iherevalaina,2,2SA 19:43,,
kara-kava,2,2SA 20:1,,
bete-maka,2,2SA 20:14,,
adorama,2,2SA 20:24,,
haḡaukaradiava,2,2SA 20:24,,
seva,2,2SA 20:25,,
gob,2,2SA 21:18,,
hagariguva,2,2SA 22:5,,
huodia,2,2SA 22:6,,
hekoulaia,2,2SA 22:12,,
dubana,2,2SA 22:12,,
guba-rahua,2,2SA 22:14,,
halailaia,2,2SA 22:33,,
isisibadia,2,2SA 23:1,,
negediamu,2,2SA 23:6,,
lentil,2,2SA 23:11,,
lalo-hekisehekisena,2,2SA 23:15,,
ribai,2,2SA 23:29,,
eliaba,2,2SA 23:32,,
saalbon,2,2SA 23:32,,
ahiama,2,2SA 23:33,,
hesero,2,2SA 23:35,,
seleke,2,2SA 23:37,,
naharai,2,2SA 23:37,,
hahida,2,2SA 24:2,,
rara-hebubu,2,1KI 2:32,,
halahuia,2,1KI 2:32,,
kemegu,2,1KI 3:20,,
goevaḡoeva,2,1KI 3:21,,
adoniram,2,1KI 4:6,,
abda,2,1KI 4:6,,
kalakolo,2,1KI 4:31,,
darada,2,1KI 4:31,,
herevalaidiava,2,1KI 4:33,,
husopo,2,1KI 4:33,,
keridia,2,1KI 5:9,,
rai,2,1KI 5:9,,
sivi,2,1KI 6:1,,
lalo-ikouna,2,1KI 6:9,,
toidaedia,2,1KI 6:15,,
toidae,2,1KI 6:16,,
iharuadia,2,1KI 6:27,,
bagubagu,2,1KI 6:31,,
hahelokudia,2,1KI 6:34,,
iridia,2,1KI 7:9,,
hekunu,2,1KI 7:25,,
kapa,2,1KI 7:28,,
haheradia,2,1KI 7:29,,
habahabana,2,1KI 7:31,,
habahaba,2,1KI 7:32,,
ito,2,1KI 7:33,,
lada-tao,2,1KI 7:35,,
ikahi,2,1KI 7:49,,
goevaḡoevana,2,1KI 7:50,,
ihahelai-dobidia,2,1KI 7:50,,
irutahunana,2,1KI 8:8,,
heudamu,2,1KI 8:21,,
iguidia,2,1KI 8:46,,
hama,2,1KI 8:65,,
edehetomadia,2,1KI 9:13,,
hahelaimu,2,1KI 10:9,,
maniki,2,1KI 10:22,,
sukedia,2,1KI 10:27,,
genubata,2,1KI 11:20,,
sereda,2,1KI 11:26,,
haheganidia,2,1KI 11:38,,
ihoudiai,2,1KI 11:38,,
herlidia,2,1KI 13:3,,
giḡia,2,1KI 13:3,,
haganigu,2,1KI 13:9,,
henege-dobina,2,1KI 13:25,,
taitaia,2,1KI 13:29,,
goeva-daedia,2,1KI 14:26,,
loulaidiava,2,1KI 14:28,,
atodiava,2,1KI 14:28,,
abisalomo,2,1KI 15:2,,
momokaniva,2,1KI 15:3,,
abele-bete-maka,2,1KI 15:20,,
arasa,2,1KI 16:9,,
ihatoiahui-taurahanina,2,1KI 16:29,,
keriti,2,1KI 17:3,,
mailaiva,2,1KI 17:6,,
tohena,2,1KI 17:14,,
kaurakaura,2,1KI 17:14,,
diholaia,2,1KI 17:23,,
iharaivana,2,1KI 18:17,,
heivava,2,1KI 18:28,,
auhani,2,1KI 18:33,,
orina,2,1KI 18:45,,
avaniani,2,1KI 19:5,,
ḡigidia,2,1KI 19:14,,
ibolomu,2,1KI 19:16,,
hetalai,2,1KI 20:29,,
ikumilaina,2,1KI 20:38,,
ihekwarahilaidia,2,1KI 20:40,,
lalo-metauna,2,1KI 20:43,,
lalo-ḡaraḡarana,2,1KI 21:4,,
dokilaidia,2,1KI 21:27,,
aela,2,1KI 22:17,,
taraki,2,1KI 22:34,,
heaulaiava,2,1KI 22:34,,
silihi,2,1KI 22:42,,
hedagwa,2,2KI 1:2,,
ḡolemui,2,2KI 1:10,,
haperedia,2,2KI 3:4,,
kiri-haresete,2,2KI 3:25,,
tubu-kau,2,2KI 4:17,,
asimana,2,2KI 4:35,,
buna,2,2KI 5:26,,
hamaorolaiamu,2,2KI 6:12,,
ihadikada,2,2KI 7:12,,
taotao,2,2KI 7:17,,
regudiava,2,2KI 10:6,,
bet-ekede,2,2KI 10:12,,
iehonadab,2,2KI 10:15,,
kariti,2,2KI 11:4,,
hiririva,2,2KI 11:14,,
budua,2,2KI 12:9,,
somere,2,2KI 12:21,,
ihatoiahui-hituna,2,2KI 13:10,,
ihadarerena,2,2KI 13:17,,
hahisihisidiava,2,2KI 13:22,,
ioahasa,2,2KI 14:1,,
aitame,2,2KI 14:8,,
ava-ḡiniḡinina,2,2KI 14:9,,
uda-boromana,2,2KI 14:9,,
heimodaina,2,2KI 14:10,,
amitai,2,2KI 14:25,,
asineto,2,2KI 14:27,,
lekolia,2,2KI 15:2,,
hagorerea,2,2KI 15:5,,
ihatoiahui-taurahani-tana,2,2KI 15:13,,
lono,2,2KI 15:29,,
ierusa,2,2KI 15:33,,
guhiguhina,2,2KI 16:18,,
salmanesere,2,2KI 17:3,,
hehuniva,2,2KI 17:9,,
asima,2,2KI 17:30,,
utuva,2,2KI 18:12,,
ihaerolaina,2,2KI 18:20,,
kwaiduna,2,2KI 18:21,,
hetao-kau,2,2KI 18:21,,
meimui,2,2KI 18:27,,
vau,2,2KI 19:3,,
tirihaka,2,2KI 19:9,,
koilaimu,2,2KI 19:10,,
resef,2,2KI 19:12,,
tel-asara,2,2KI 19:12,,
ḡonaḡonalaimumu,2,2KI 19:21,,
helari,2,2KI 19:22,,
gonaḡonalaia,2,2KI 19:23,,
lata-hereadia,2,2KI 19:23,,
udu-aurina,2,2KI 19:28,,
haloumu,2,2KI 19:28,,
nisrok,2,2KI 19:37,,
heabidadamagu,2,2KI 20:3,,
gelona,2,2KI 20:11,,
merodak-baladan,2,2KI 20:12,,
baladan,2,2KI 20:12,,
daidaidia,2,2KI 21:6,,
hirua,2,2KI 21:14,,
rakalaiva,2,2KI 21:21,,
toiahui-ta,2,2KI 22:1,,
asalia,2,2KI 22:3,,
hagau,2,2KI 22:4,,
ibanilaina,2,2KI 22:6,,
igaukaralaidia,2,2KI 22:7,,
hulda,2,2KI 22:14,,
tikva,2,2KI 22:14,,
noho-bou,2,2KI 23:5,,
badu-garaḡara,2,2KI 23:26,,
leremia,2,2KI 23:31,,
sisi-sisi,2,2KI 24:13,,
ihagwauta-taurahani-tana,2,2KI 25:8,,
tanahumete,2,2KI 25:23,,
evil-merodak,2,2KI 25:27,,
sefi,2,1CH 1:36,,
batasua,2,1CH 2:3,,
rava-maraḡina,2,1CH 2:4,,
oseme,2,1CH 2:15,,
asahuru,2,1CH 2:24,,
abisuru,2,1CH 2:28,,
selede,2,1CH 2:30,,
ahalai,2,1CH 2:31,,
iaraha,2,1CH 2:34,,
efelala,2,1CH 2:37,,
sisimai,2,1CH 2:40,,
lerahamele,2,1CH 2:42,,
rahama,2,1CH 2:44,,
gasese,2,1CH 2:46,,
pelet,2,1CH 2:47,,
saafa,2,1CH 2:47,,
sorata,2,1CH 2:53,,
lahata,2,1CH 4:2,,
koso,2,1CH 4:8,,
kelubu,2,1CH 4:11,,
esetono,2,1CH 4:11,,
tehina,2,1CH 4:12,,
meonotai,2,1CH 4:13,,
dibakana,2,1CH 4:14,,
iru,2,1CH 4:15,,
iehalelele,2,1CH 4:16,,
merede,2,1CH 4:17,,
sarafa,2,1CH 4:22,,
iaribi,2,1CH 4:24,,
asiele,2,1CH 4:35,,
alono,2,1CH 4:37,,
iaroa,2,1CH 5:14,,
iesisai,2,1CH 5:14,,
hara,2,1CH 5:26,,
ahimoto,2,1CH 6:25,,
sofai,2,1CH 6:26,,
loel,2,1CH 6:28,,
hagia,2,1CH 6:30,,
gaukarana,2,1CH 6:31,,
baaseia,2,1CH 6:40,,
eteni,2,1CH 6:41,,
kisi,2,1CH 6:44,,
iahasaha,2,1CH 6:78,,
isirahia,2,1CH 7:3,,
refa,2,1CH 7:25,,
resefe,2,1CH 7:25,,
tela,2,1CH 7:25,,
hotama,2,1CH 7:32,,
sofa,2,1CH 7:35,,
ula,2,1CH 7:39,,
sasaka,2,1CH 8:14,,
loha,2,1CH 8:16,,
siletai,2,1CH 8:20,,
esebaal,2,1CH 8:33,,
pitono,2,1CH 8:35,,
melek,2,1CH 8:35,,
tarea,2,1CH 8:35,,
iehoada,2,1CH 8:36,,
bokeru,2,1CH 8:38,,
searia,2,1CH 8:38,,
utai,2,1CH 9:4,,
ieuele,2,1CH 9:6,,
sinahutaurahanita,2,1CH 9:9,,
iehoiaribi,2,1CH 9:10,,
iahasera,2,1CH 9:12,,
mesilemiti,2,1CH 9:12,,
lese,2,1CH 10:14,,
hakamoni,2,1CH 11:11,,
sakara,2,1CH 11:35,,
iosafat,2,1CH 11:43,,
isimaia,2,1CH 12:4,,
alai,2,1CH 12:11,,
ihaerona,2,1CH 12:32,,
reḡereḡe,2,1CH 15:16,,
elifelehu,2,1CH 15:18,,
mikineia,2,1CH 15:18,,
alamoto,2,1CH 15:20,,
seminiti,2,1CH 15:21,,
haboumai,2,1CH 16:35,,
gogogogo,2,1CH 16:35,,
tou,2,1CH 18:9,,
hadorama,2,1CH 18:10,,
sofaka,2,1CH 19:16,,
setama,2,1CH 23:8,,
ieria,2,1CH 23:19,,
lekameama,2,1CH 23:19,,
hesiri,2,1CH 24:15,,
ihagwauta-taurahanitana,2,1CH 24:16,,
iharuahuiruana,2,1CH 24:17,,
maasia,2,1CH 24:18,,
iehedeia,2,1CH 24:20,,
isihara,2,1CH 24:22,,
iaasia,2,1CH 24:26,,
beno,2,1CH 24:26,,
bukia,2,1CH 25:4,,
eliata,2,1CH 25:4,,
gidalti,2,1CH 25:4,,
romamatiesere,2,1CH 25:4,,
iosobekasa,2,1CH 25:4,,
maloti,2,1CH 25:4,,
hotiri,2,1CH 25:4,,
mahasioto,2,1CH 25:4,,
iduanaidia,2,1CH 25:8,,
eliehoenai,2,1CH 26:3,,
iehieli,2,1CH 26:21,,
inanatalaina,2,1CH 26:27,,
sabdiele,2,1CH 27:2,,
meronoto,2,1CH 27:30,,
gwau-sisiba,2,1CH 27:32,,
lalo-ura,2,1CH 28:21,,
ura-kwalimuna,2,1CH 29:5,,
imatauraimu,2,2CH 1:11,,
idibakana,2,2CH 2:13,,
huram-abi,2,2CH 2:13,,
hakwadogia,2,2CH 3:3,,
helaga-herea,2,2CH 4:22,,
hataidia,2,2CH 7:6,,
palaka-palaka,2,2CH 9:15,,
haharagaia,2,2CH 10:4,,
gerebu-tauratoi,2,2CH 12:3,,
domaga-taurahani,2,2CH 13:3,,
ikwaramai,2,2CH 13:12,,
domaga-ima,2,2CH 13:17,,
neneamu,2,2CH 16:9,,
lehohanan,2,2CH 17:15,,
gvauraidia,2,2CH 20:21,,
tan,2,2CH 20:23,,
iehosabea,2,2CH 22:11,,
ḡaukaralaidia,2,2CH 24:7,,
laohaiava,2,2CH 24:11,,
nomu,2,2CH 26:10,,
asuna,2,2CH 28:21,,
habododia,2,2CH 29:7,,
lalo-maoromaorona,2,2CH 29:34,,
helaoreadia,2,2CH 31:2,,
boga-aukana,2,2CH 32:5,,
hekwarahilai,2,2CH 35:14,,
rohe-ahulaia,2,2CH 35:25,,
hevasehalaidia,2,2CH 36:16,,
haḡaḡaea,2,2CH 36:21,,
mitredata,2,EZR 1:8,,
bilsan,2,EZR 2:2,,
pahatamoab,2,EZR 2:6,,
sakai,2,EZR 2:9,,
mikma,2,EZR 2:27,,
senaha,2,EZR 2:35,,
toiahui,2,EZR 2:35,,
hatita,2,EZR 2:42,,
sobai,2,EZR 2:42,,
hasufa,2,EZR 2:43,,
tabaoto,2,EZR 2:43,,
kero,2,EZR 2:44,,
padono,2,EZR 2:44,,
lebana,2,EZR 2:45,,
hagaba,2,EZR 2:46,,
gahara,2,EZR 2:47,,
gasama,2,EZR 2:48,,
bakabuku,2,EZR 2:51,,
hakufa,2,EZR 2:51,,
harahuru,2,EZR 2:51,,
mehida,2,EZR 2:52,,
harasa,2,EZR 2:52,,
barako,2,EZR 2:53,,
nesia,2,EZR 2:54,,
hatifa,2,EZR 2:54,,
sotai,2,EZR 2:55,,
darakono,2,EZR 2:56,,
hatili,2,EZR 2:57,,
pokerete-hasabaimi,2,EZR 2:57,,
tele-mela,2,EZR 2:59,,
tele-harasa,2,EZR 2:59,,
kerubu,2,EZR 2:59,,
henemai,2,EZR 2:61,,
gwau-maoro,2,EZR 3:7,,
losadak,2,EZR 3:8,,
haginiava,2,EZR 4:1,,
bouamu,2,EZR 4:2,,
tabele,2,EZR 4:7,,
ihadikalaina,2,EZR 4:22,,
ihadibalaimu,2,EZR 5:10,,
laohaidiamu,2,EZR 6:3,,
haganimuimu,2,EZR 6:8,,
iboulaina,2,EZR 6:9,,
hahegoeva,2,EZR 6:20,,
goḡoeva-ḡoḡoeva,2,EZR 6:20,,
babulon,2,EZR 7:16,,
gaukaralaia,2,EZR 7:17,,
haganilai,2,EZR 7:23,,
hadibamuimu,2,EZR 7:24,,
ruahui-taurahani,2,EZR 8:11,,
kasifia,2,EZR 8:17,,
inoina,2,EZR 8:22,,
noadia,2,EZR 8:33,,
hedaredia,2,EZR 9:5,,
kakakakamu,2,EZR 9:6,,
gvaurai,2,EZR 10:1,,
elasa,2,EZR 10:22,,
sabai,2,EZR 10:28,,
matata,2,EZR 10:33,,
hakalia,2,NEH 1:1,,
kisleve,2,NEH 1:1,,
herohemainomu,2,NEH 1:5,,
nisan,2,NEH 2:1,,
siahumui,2,NEH 2:20,,
ibulodia,2,NEH 3:8,,
hasabaneia,2,NEH 3:10,,
halohese,2,NEH 3:12,,
goada-dikadika,2,NEH 3:16,,
habadumu,2,NEH 4:5,,
huhutuma,2,NEH 5:2,,
hidiomai,2,NEH 5:5,,
hoidiamu,2,NEH 5:8,,
vaurai,2,NEH 5:11,,
davedavedia,2,NEH 5:13,,
ihatoiahui-ruana,2,NEH 5:14,,
hegaeḡaelai,2,NEH 5:18,,
ihagarigu,2,NEH 6:14,,
harifi,2,NEH 7:24,,
patapatana,2,NEH 8:4,,
anaia,2,NEH 8:4,,
hadorodia,2,NEH 8:11,,
gubadia,2,NEH 9:6,,
dabudabu,2,NEH 9:29,,
ginetono,2,NEH 10:6,,
tora,2,NEH 10:31,,
inanatalaidia,2,NEH 10:33,,
herekwa,2,NEH 10:39,,
hasaia,2,NEH 11:5,,
itiele,2,NEH 11:7,,
salai,2,NEH 11:8,,
pelalia,2,NEH 11:12,,
ahasai,2,NEH 11:13,,
imatamana,2,NEH 11:17,,
amok,2,NEH 12:7,,
ladua,2,NEH 12:11,,
hahenamodia,2,NEH 12:27,,
dabaimui,2,NEH 13:21,,
india,2,EST 1:1,,
harabona,2,EST 1:10,,
setara,2,EST 1:10,,
bigitana,2,EST 2:21,,
terese,2,EST 2:21,,
hanamolaigu,2,EST 5:13,,
hoimai,2,EST 7:4,,
ege-diho,2,EST 7:8,,
heau-dikadika,2,EST 8:10,,
ihag,2,EST 9:18,,
vauta-hanina,2,EST 9:18,,
idadidia,2,JOB 1:17,,
huhu,2,JOB 1:19,,
gagaegu,2,JOB 1:21,,
egwa,2,JOB 3:3,,
rotoamu,2,JOB 3:9,,
hepunimu,2,JOB 3:21,,
maḡua,2,JOB 3:23,,
kaubebe,2,JOB 4:19,,
kimoremoredia,2,JOB 5:7,,
heḡuiheḡui,2,JOB 5:13,,
goumu,2,JOB 6:5,,
heaḡilai,2,JOB 6:10,,
hadiburadiamu,2,JOB 6:16,,
kamelodia,2,JOB 6:18,,
helarova,2,JOB 6:20,,
hepapahuahulai,2,JOB 6:27,,
helarodia,2,JOB 7:6,,
hagarigumu,2,JOB 7:14,,
ragaia,2,JOB 8:16,,
haganiamu,2,JOB 9:7,,
hahonugumu,2,JOB 9:18,,
oromagu,2,JOB 10:8,,
vabura-vaburana,2,JOB 10:21,,
gonaḡona,2,JOB 11:3,,
ḡoeva-daemu,2,JOB 12:5,,
hakavakavadiamu,2,JOB 12:17,,
hamorudiamu,2,JOB 12:19,,
hakapudiamu,2,JOB 12:20,,
kehodiamu,2,JOB 12:22,,
hahutumadiamu,2,JOB 12:23,,
eregabegu,2,JOB 13:26,,
houka-houkamu,2,JOB 13:28,,
haturiaia,2,JOB 14:6,,
hevarure,2,JOB 14:18,,
mamiamu,2,JOB 14:22,,
halari,2,JOB 16:9,,
vahagu,2,JOB 16:10,,
huarigu,2,JOB 16:12,,
nadinadigu,2,JOB 16:13,,
vabura-vabura,2,JOB 16:16,,
ihamomokanigu,2,JOB 16:19,,
hahebadu,2,JOB 17:2,,
hakwadogidia,2,JOB 18:7,,
hahisihisigu,2,JOB 19:2,,
magua,2,JOB 19:8,,
vadivadidia,2,JOB 19:15,,
topoamu,2,JOB 20:16,,
ani-gunita,2,JOB 20:20,,
kimoremorena,2,JOB 20:25,,
verevai,2,JOB 21:16,,
habodoamu,2,JOB 21:17,,
tahunidiamu,2,JOB 21:26,,
raki,2,JOB 24:8,,
mairumairu,2,JOB 24:15,,
heubumu,2,JOB 24:21,,
adadia,2,JOB 24:24,,
vala,2,JOB 26:13,,
vero,2,JOB 26:13,,
udu-baubaugu,2,JOB 27:3,,
vabudia,2,JOB 27:15,,
poupou,2,JOB 27:23,,
nd,2,JOB 28:2,,
ḡeidiamu,2,JOB 28:4,,
urumu,2,JOB 28:11,,
peninimi,2,JOB 28:18,,
haḡadia,2,JOB 29:23,,
hamarumarudiamu,2,JOB 29:25,,
hevasehalaigumu,2,JOB 30:1,,
koupadia,2,JOB 30:6,,
kanudi,2,JOB 30:10,,
ḡuigumu,2,JOB 30:18,,
koremana,2,JOB 30:30,,
hehuni-hehuni,2,JOB 31:27,,
barakele,2,JOB 32:2,,
tahudiava,2,JOB 32:11,,
hasinadodiamu,2,JOB 33:11,,
rauadiamu,2,JOB 33:18,,
ḡuriamu,2,JOB 33:26,,
ihamoalelaina,2,JOB 34:9,,
huaridiamu,2,JOB 34:24,,
boiboilaiamu,2,JOB 35:9,,
dibaḡanimu,2,JOB 36:18,,
sisimu,2,JOB 37:6,,
paraka,2,JOB 37:9,,
dagadagadia,2,JOB 37:11,,
mareremu,2,JOB 37:17,,
sivaraimai,2,JOB 37:19,,
masaroto,2,JOB 38:32,,
bavala,2,JOB 38:39,,
hakunudia,2,JOB 38:39,,
taritarimu,2,JOB 39:24,,
hiririamu,2,JOB 39:25,,
kereregu,2,JOB 40:8,,
ninina-namo,2,JOB 40:10,,
behemoto,2,JOB 40:15,,
hakerukeruamu,2,JOB 40:22,,
karaudi,2,JOB 41:7,,
daidaimu,2,JOB 41:20,,
ganoka-ganokadia,2,JOB 41:30,,
halohilohiamu,2,JOB 41:31,,
lalo-dibura,2,PSA 2:1,,
etomu,2,PSA 3:2,,
lasigu,2,PSA 7:5,,
durava,2,PSA 7:6,,
laloḡoevaḡoeva,2,PSA 7:10,,
dobumu,2,PSA 7:15,,
heagilaiamu,2,PSA 10:3,,
hekokorokuna,2,PSA 10:4,,
hamuea,2,PSA 10:11,,
kahadiamu,2,PSA 10:14,,
hamaorogumu,2,PSA 11:1,,
maora,2,PSA 11:2,,
lalo-rua,2,PSA 12:2,,
malada,2,PSA 12:4,,
hereagu,2,PSA 13:2,,
anidiamu,2,PSA 14:4,,
hadibagumu,2,PSA 16:7,,
haheitalaigumu,2,PSA 16:11,,
lahi-hururuhururu,2,PSA 18:12,,
haraiamu,2,PSA 18:28,,
kerere-kereredia,2,PSA 19:12,,
hehuni-hehunidia,2,PSA 19:12,,
havavalaiamu,2,PSA 21:3,,
hadaudau,2,PSA 21:4,,
hagorugu,2,PSA 22:15,,
dabaraiamu,2,PSA 23:5,,
inoho-henina,2,PSA 24:1,,
ikoukoumui,2,PSA 24:7,,
ialoa,2,PSA 25:7,,
maoromaorogu,2,PSA 26:1,,
bibia,2,PSA 26:9,,
heatolaidia,2,PSA 29:1,,
tano-gaḡaena,2,PSA 29:8,,
makohina,2,PSA 31:12,,
hahanemumu,2,PSA 31:17,,
metaimu,2,PSA 31:19,,
varoda-varodava,2,PSA 32:3,,
hisidae,2,PSA 32:11,,
aoto,2,PSA 35:3,,
dedidedi,2,PSA 35:6,,
dadihaiamu,2,PSA 35:10,,
nanadailaigumu,2,PSA 35:11,,
igo-diho,2,PSA 35:14,,
ibunidia,2,PSA 35:19,,
ha-inudiamu,2,PSA 36:8,,
igwaurai-maoromu,2,PSA 37:6,,
hariharimu,2,PSA 37:26,,
haheaukagu,2,PSA 40:1,,
torelaigu,2,PSA 40:7,,
iabi,2,PSA 40:14,,
lalogumu,2,PSA 40:17,,
hemaunulai,2,PSA 41:7,,
lahagu,2,PSA 41:9,,
sinaia,2,PSA 42:7,,
moalelaidiava,2,PSA 44:3,,
alamaimu,2,PSA 44:22,,
duahimaimu,2,PSA 44:22,,
pen,2,PSA 45:1,,
horolaimu,2,PSA 45:7,,
kasia,2,PSA 45:8,,
raivaraivamu,2,PSA 46:6,,
hakwaiduamu,2,PSA 46:9,,
aeda,2,PSA 47:3,,
maragimu,2,PSA 52:3,,
huarimu,2,PSA 52:5,,
hanohoamu,2,PSA 54:3,,
hahekwakwanaigumu,2,PSA 55:3,,
irurumatagu,2,PSA 56:8,,
arana,2,PSA 62:3,,
tohomai,2,PSA 66:10,,
koekoemai,2,PSA 66:11,,
hahanemu,2,PSA 69:13,,
urudia,2,PSA 71:18,,
demari,2,PSA 72:9,,
gorerediamu,2,PSA 73:5,,
dina-diho,2,PSA 75:6,,
igari-henimu,2,PSA 76:7,,
irakalaina,2,PSA 78:10,,
kerehaiva,2,PSA 78:34,,
hahisihisiava,2,PSA 78:40,,
hetari,2,PSA 78:47,,
aitupto,2,PSA 78:51,,
heabi-mauri,2,PSA 78:61,,
ihi-ihiraimaimu,2,PSA 79:4,,
ḡonaḡonalaimaimu,2,PSA 79:4,,
hakauamu,2,PSA 80:1,,
ihi-ihirai,2,PSA 80:6,,
hakerukerudia,2,PSA 80:10,,
burukimu,2,PSA 80:12,,
ganaḡanamu,2,PSA 84:2,,
hagaudiamu,2,PSA 87:6,,
ialo-hisihisi,2,PSA 88:9,,
habuagu,2,PSA 88:16,,
hahebua-tarina,2,PSA 91:6,,
havahuradia,2,PSA 94:23,,
anemui,2,PSA 100:2,,
lalo-ḡoevaḡoevagu,2,PSA 101:2,,
edeana,2,PSA 102:7,,
hagadoidia,2,PSA 102:23,,
hamaurimumu,2,PSA 103:3,,
rauaiamu,2,PSA 103:4,,
heuraheni,2,PSA 103:4,,
hamatamataiamu,2,PSA 103:5,,
odaiamu,2,PSA 103:16,,
mukurodia,2,PSA 104:3,,
hururudia,2,PSA 104:4,,
hagahagadia,2,PSA 104:18,,
goevaḡoevamu,2,PSA 106:3,,
oro,2,PSA 106:30,,
turiariki,2,PSA 106:33,,
diburava,2,PSA 107:10,,
hametaudia,2,PSA 107:12,,
madai-madai,2,PSA 107:27,,
metai,2,PSA 107:30,,
hanohodiamu,2,PSA 107:36,,
ihapararana,2,PSA 108:7,,
ihurilaina,2,PSA 108:9,,
momomokakani,2,PSA 111:7,,
mamaoromamaoro,2,PSA 111:7,,
mareremarere,2,PSA 112:6,,
hahedaimu,2,PSA 112:10,,
reḡereḡerena,2,PSA 115:17,,
masemasedia,2,PSA 119:70,,
vaburamu,2,PSA 119:82,,
irohana,2,PSA 119:123,,
davemu,2,PSA 119:128,,
hodi,2,PSA 119:131,,
kiniamu,2,PSA 119:147,,
ihahemetaimu,2,PSA 121:5,,
teronodia,2,PSA 122:5,,
ududa,2,PSA 126:2,,
ihadodia,2,PSA 126:6,,
hisi-daena,2,PSA 126:6,,
halatadia,2,PSA 129:3,,
rosiamu,2,PSA 129:7,,
ḡaukaralaidiamu,2,PSA 131:1,,
hamahutadia,2,PSA 132:4,,
natu-roboadia,2,PSA 135:8,,
ḡuimai,2,PSA 137:3,,
hadailaimu,2,PSA 140:2,,
ihahetutuhidia,2,PSA 140:4,,
hamakohiamu,2,PSA 141:7,,
hanamolaia,2,PSA 145:4,,
nunumaidia,2,PSA 145:14,,
hakunudiamu,2,PSA 145:16,,
halodiamu,2,PSA 147:3,,
hahonumumu,2,PSA 147:14,,
kara-balaheni,2,PRO 2:11,,
hadaudaudia,2,PRO 3:2,,
hesikulaia,2,PRO 3:11,,
heabimu,2,PRO 3:14,,
heḡui-heḡui,2,PRO 3:32,,
maraḡigu,2,PRO 4:3,,
davaridiamu,2,PRO 4:22,,
mageva,2,PRO 4:27,,
lohilohina,2,PRO 5:18,,
anara,2,PRO 5:20,,
ḡuiamu,2,PRO 5:22,,
hahekwinaia,2,PRO 6:10,,
hakunumaiamu,2,PRO 6:13,,
mata-kunumai,2,PRO 6:15,,
hiridia,2,PRO 7:3,,
kinamono,2,PRO 7:17,,
ha-uraiamu,2,PRO 7:21,,
gwadaiamu,2,PRO 7:23,,
inai-henina,2,PRO 8:13,,
ima-lalo-ani,2,PRO 8:18,,
anigu,2,PRO 8:19,,
ilalo-taona,2,PRO 10:7,,
udu-mauri,2,PRO 10:8,,
gugurumu,2,PRO 10:28,,
baiamu,2,PRO 11:7,,
tutukamu,2,PRO 12:3,,
hahedikamu,2,PRO 13:3,,
heaonegamu,2,PRO 13:20,,
lava-dae,2,PRO 14:26,,
hamanokaiamu,2,PRO 14:30,,
lalo-moale,2,PRO 15:15,,
heinai-hehenina,2,PRO 15:17,,
avohana,2,PRO 15:19,,
oru,2,PRO 16:10,,
bonegita,2,PRO 16:27,,
lahu,2,PRO 17:6,,
lalo-metau,2,PRO 17:22,,
vaveamu,2,PRO 18:6,,
hahehonumu,2,PRO 18:20,,
hedaro-boubou,2,PRO 18:24,,
haḡoevadiamu,2,PRO 20:30,,
iabi-hidina,2,PRO 22:1,,
hadibalaimumu,2,PRO 22:19,,
ani-lavadae,2,PRO 23:21,,
heaimu,2,PRO 23:29,,
bulodiamu,2,PRO 23:30,,
manada-manadamu,2,PRO 23:31,,
hekorimu,2,PRO 23:32,,
au-tubuana,2,PRO 23:34,,
ig,2,PRO 25:11,,
dodinai,2,PRO 25:16,,
vatuamu,2,PRO 26:10,,
mumutana,2,PRO 26:11,,
heaḡilaidia,2,PRO 27:1,,
ikahu-taona,2,PRO 27:16,,
segeamu,2,PRO 27:17,,
itohona,2,PRO 27:21,,
hekoki,2,PRO 27:22,,
havahuamu,2,PRO 29:4,,
takutaku,2,PRO 29:20,,
miḡu,2,PRO 30:26,,
lemuele,2,PRO 31:1,,
linen,2,PRO 31:22,,
hisihisilaiva,2,ECC 2:17,,
reḡereḡeda,2,ECC 3:7,,
heinai-heheni,2,ECC 3:8,,
paru,2,ECC 5:12,,
tudaga,2,ECC 5:17,,
kara-maoromaoro,2,ECC 7:20,,
edh,2,ECC 8:10,,
badirla,2,ECC 9:10,,
hetoamu,2,ECC 9:12,,
heidoamu,2,ECC 9:12,,
diagau,2,ECC 9:18,,
kohumu,2,ECC 10:18,,
haherahuna,2,SNG 1:2,,
vatagadia,2,SNG 1:8,,
ratagu,2,SNG 1:13,,
hahekwinagu,2,SNG 2:6,,
rosigu,2,SNG 2:6,,
ivitoto,2,SNG 3:7,,
isemu,2,SNG 4:2,,
karakomo,2,SNG 4:14,,
mauri-ranuna,2,SNG 4:15,,
pidipidimu,2,SNG 5:2,,
punedia,2,SNG 5:12,,
sulama,2,SNG 6:13,,
hudomu,2,SNG 7:2,,
isegu,2,SNG 7:9,,
imailaina,2,SNG 8:10,,
hadodoa,2,ISA 1:6,,
heḡerḡerena,2,ISA 1:18,,
kwama-kwama,2,ISA 2:4,,
kaiadia,2,ISA 2:4,,
hetahuni,2,ISA 2:10,,
ḡau-latalatadia,2,ISA 2:13,,
hapuki,2,ISA 2:18,,
ihagarina,2,ISA 2:19,,
isenudia,2,ISA 3:6,,
moimoilaidiamu,2,ISA 3:15,,
toradia,2,ISA 3:20,,
torana,2,ISA 3:24,,
hevale,2,ISA 3:26,,
guriguri,2,ISA 5:2,,
veriamu,2,ISA 5:18,,
ha-iditaia,2,ISA 5:20,,
houka-houka,2,ISA 5:24,,
heoda,2,ISA 5:24,,
hioga,2,ISA 5:26,,
serapi,2,ISA 6:2,,
miroka,2,ISA 6:5,,
terebinth,2,ISA 6:13,,
dekedekedai,2,ISA 7:15,,
hekada,2,ISA 7:16,,
heruhadia,2,ISA 7:25,,
henegadia,2,ISA 8:12,,
hadibadibalaidia,2,ISA 8:16,,
hahedibalaimu,2,ISA 9:15,,
perovetana,2,ISA 9:15,,
kwalahudia,2,ISA 9:18,,
tagadia,2,ISA 10:14,,
tuhutuhu,2,ISA 11:1,,
igegelaina,2,ISA 11:5,,
idiba-maorona,2,ISA 11:9,,
vagege,2,ISA 11:13,,
dinai,2,ISA 12:4,,
kalodia,2,ISA 13:2,,
heḡereḡeremai,2,ISA 14:10,,
hisiuna,2,ISA 14:12,,
hadihomu,2,ISA 14:15,,
auki,2,ISA 15:2,,
riomu,2,ISA 15:3,,
heau-mauri,2,ISA 15:5,,
eglata-selisia,2,ISA 15:5,,
luhiti,2,ISA 15:5,,
nimirimi,2,ISA 15:6,,
iharoho-mauridia,2,ISA 16:4,,
hatubudia,2,ISA 17:11,,
unukahadia,2,ISA 18:1,,
mamanada-mamanada,2,ISA 18:2,,
hodadia,2,ISA 19:7,,
hatumu,2,ISA 19:9,,
gaukaramu,2,ISA 19:10,,
tamakana,2,ISA 20:2,,
koekoegu,2,ISA 21:3,,
iḡiḡi-dobidia,2,ISA 22:5,,
dabaimu,2,ISA 22:17,,
heatolaidiamu,2,ISA 23:8,,
tuiamu,2,ISA 25:5,,
tuia,2,ISA 25:5,,
nurinurina,2,ISA 25:6,,
hedaga,2,ISA 26:7,,
hualana,2,ISA 27:1,,
kwarakauna,2,ISA 28:1,,
mage,2,ISA 28:4,,
ha-ani,2,ISA 28:12,,
ranu-masena,2,ISA 29:8,,
itadamu,2,ISA 29:15,,
hadavalaidia,2,ISA 30:5,,
hisihisi-bada,2,ISA 30:6,,
palaka-palakana,2,ISA 30:8,,
ikoidia,2,ISA 30:10,,
kahira-kahiramu,2,ISA 30:13,,
badu-ḡaraḡarana,2,ISA 30:30,,
haloudiamu,2,ISA 31:2,,
laḡaḡa,2,ISA 31:9,,
lanalana,2,ISA 32:4,,
hakunua,2,ISA 32:6,,
hatalaimu,2,ISA 32:7,,
isisiba-henidia,2,ISA 32:8,,
ilalodia,2,ISA 32:12,,
kara-dibaka,2,ISA 33:1,,
rohana,2,ISA 33:17,,
palai,2,ISA 33:20,,
heloku,2,ISA 34:4,,
gatoi,2,ISA 34:15,,
kasiri,2,ISA 35:9,,
davalaidia,2,ISA 35:10,,
pavana,2,ISA 37:9,,
gudu-isidia,2,ISA 40:4,,
hahetariamu,2,ISA 40:19,,
hadodiamu,2,ISA 40:24,,
golemu,2,ISA 43:2,,
igwaurai-maorodia,2,ISA 43:9,,
puri,2,ISA 44:13,,
nauamu,2,ISA 44:13,,
heganamu,2,ISA 44:15,,
gabuamu,2,ISA 44:16,,
badimu,2,ISA 44:28,,
hahenemailaimu,2,ISA 45:4,,
ḡaulatalatadia,2,ISA 45:14,,
irauana,2,ISA 46:2,,
haheḡereḡeremai,2,ISA 46:5,,
reḡereḡemu,2,ISA 47:5,,
siahu-herea,2,ISA 47:9,,
hamamaia,2,ISA 47:11,,
henemailaiamu,2,ISA 48:1,,
hakaumumu,2,ISA 48:17,,
ihaginimu,2,ISA 49:17,,
hanohogu,2,ISA 49:21,,
hakororoamu,2,ISA 50:2,,
durugumu,2,ISA 50:7,,
ha-aramu,2,ISA 50:11,,
dorumui,2,ISA 51:23,,
rakamui,2,ISA 51:23,,
huahaida,2,ISA 53:4,,
mumu,2,ISA 53:7,,
huahaidia,2,ISA 53:11,,
ikoukoumu,2,ISA 54:12,,
hahururuamu,2,ISA 54:16,,
bibigu,2,ISA 56:3,,
asioto,2,ISA 57:10,,
haduhuamu,2,ISA 57:20,,
heatumu,2,ISA 58:4,,
anivagana,2,ISA 58:5,,
ihanamo-loumu,2,ISA 58:8,,
hahebubudia,2,ISA 59:7,,
haraḡaharaḡamu,2,ISA 59:7,,
hagagevadia,2,ISA 59:8,,
irauamu,2,ISA 60:16,,
hadiarimu,2,ISA 60:19,,
maragi-maragina,2,ISA 60:22,,
hekoumu,2,ISA 61:1,,
kuma,2,ISA 62:6,,
hisihisilai,2,ISA 63:9,,
dosidia,2,ISA 63:9,,
larova,2,ISA 64:3,,
lauma-daure,2,ISA 65:14,,
haheḡoevamu,2,ISA 66:17,,
hahelagamu,2,JER 1:5,,
hevaira-henidia,2,JER 1:15,,
asieto,2,JER 2:6,,
dibura-masemase,2,JER 2:6,,
kerereva,2,JER 2:8,,
kone-tanodia,2,JER 2:10,,
igari-henigu,2,JER 2:19,,
hebogahisigu,2,JER 3:12,,
eregabemai,2,JER 3:24,,
itapona,2,JER 4:11,,
idaena,2,JER 4:16,,
tabubu-tabubu,2,JER 4:24,,
haoredia,2,JER 5:17,,
puradia,2,JER 5:24,,
ibani-henidia,2,JER 5:26,,
taudh,2,JER 5:26,,
rahimu,2,JER 6:4,,
kerekeremu,2,JER 6:4,,
deḡedeḡena-rahu,2,JER 6:8,,
gugulaimu,2,JER 6:13,,
lamai-lamai,2,JER 6:14,,
ḡeḡeda,2,JER 6:25,,
habadugumu,2,JER 7:18,,
vairava,2,JER 7:24,,
nu,2,JER 8:12,,
laimui,2,JER 9:4,,
hakorena,2,JER 9:8,,
lalo-aukadia,2,JER 9:14,,
ufasa,2,JER 10:9,,
heguruamu,2,JER 10:13,,
haero-kerere,2,JER 10:15,,
ihabua-tarimui,2,JER 11:15,,
hadomui,2,JER 11:17,,
vahuna,2,JER 12:11,,
herio,2,JER 13:11,,
hodudia,2,JER 13:11,,
loa-kava,2,JER 14:10,,
inanadailaina,2,JER 15:5,,
gari-bada,2,JER 15:8,,
hekakasi,2,JER 16:6,,
raraidiamu,2,JER 16:17,,
pavapavamui,2,JER 17:20,,
hegaegaelaiamu,2,JER 18:11,,
hahitolodia,2,JER 18:21,,
havabudia,2,JER 18:21,,
davada,2,JER 20:10,,
ihahisihisina,2,JER 21:12,,
vagivagina,2,JER 22:24,,
haguguru,2,JER 23:20,,
lalo-pararalaia,2,JER 23:20,,
rorohoroho,2,JER 24:2,,
hegonagonalai,2,JER 24:9,,
iboudhi,2,JER 25:2,,
ho,2,JER 25:11,,
kavadia,2,JER 25:16,,
ḡaba,2,JER 25:30,,
moresete,2,JER 26:18,,
gunalaida,2,JER 28:8,,
igwau-edeede-henina,2,JER 28:16,,
lalomumu,2,JER 30:14,,
horea-horea,2,JER 30:14,,
haguḡuru,2,JER 30:24,,
efrai,2,JER 31:9,,
urimu,2,JER 31:29,,
heraga,2,JER 31:40,,
ihagvautana,2,JER 32:1,,
mahaseia,2,JER 32:12,,
hetabirana,2,JER 32:44,,
noho-maino,2,JER 33:6,,
haganilaimai,2,JER 35:8,,
haganilaimui,2,JER 35:18,,
iria,2,JER 37:13,,
neregala-saresere,2,JER 39:3,,
rabmaga,2,JER 39:3,,
ruhamu,2,JER 40:4,,
dagibadadia,2,JER 42:8,,
gigimui,2,JER 42:10,,
lasimui,2,JER 42:16,,
hagoevaiamu,2,JER 43:12,,
pupudia,2,JER 43:13,,
namomai,2,JER 44:17,,
gadoidia,2,JER 44:28,,
herumu,2,JER 45:5,,
apisi,2,JER 46:5,,
regeregemu,2,JER 47:6,,
kerioto,2,JER 48:24,,
dobudobu,2,JER 48:28,,
hedai-dobi,2,JER 48:43,,
lahedia,2,JER 49:2,,
hamaraḡimu,2,JER 49:15,,
haheaudia,2,JER 49:19,,
haerolaia,2,JER 49:20,,
gugubadiamu,2,JER 49:23,,
lagaga,2,JER 49:24,,
merodak,2,JER 50:2,,
hakore,2,JER 50:9,,
deḡedeḡena,2,JER 50:12,,
maremu,2,JER 50:14,,
pekodo,2,JER 50:21,,
hebogahisidia,2,JER 50:42,,
lololaia,2,JER 51:14,,
hahegaegaedia,2,JER 51:27,,
heiri-heirimu,2,JER 51:46,,
hehda,2,JER 51:47,,
irurumatana,2,LAM 1:2,,
ḡanaganamu,2,LAM 1:8,,
miro-hereana,2,LAM 1:17,,
maurigu,2,LAM 3:53,,
manoka-manokadia,2,LAM 4:5,,
idokilaidia,2,LAM 4:5,,
mata-kepuludia,2,LAM 4:14,,
dokomai,2,LAM 4:18,,
hanohomu,2,LAM 4:22,,
ialomai,2,LAM 5:17,,
n,2,EZK 1:11,,
hagaia,2,EZK 2:8,,
hulalaia,2,EZK 2:10,,
ha-aukamu,2,EZK 3:7,,
vaira-auka,2,EZK 3:8,,
oda-oda,2,EZK 5:2,,
gevena,2,EZK 5:3,,
turidia,2,EZK 5:3,,
hageremui,2,EZK 5:11,,
daemui,2,EZK 5:17,,
lebulebudia,2,EZK 6:9,,
hoihoilaimu,2,EZK 7:12,,
hotuhotu,2,EZK 7:13,,
mamanomu,2,EZK 7:17,,
badahereadia,2,EZK 8:9,,
tamusu,2,EZK 8:14,,
haheabigu,2,EZK 11:1,,
ialo-manada,2,EZK 11:19,,
lasilaia,2,EZK 12:4,,
mauruna,2,EZK 12:5,,
ihaḡuḡurudia,2,EZK 12:23,,
perovetalaimu,2,EZK 13:2,,
al,2,EZK 13:6,,
ganadia,2,EZK 13:18,,
gu,2,EZK 13:18,,
damumui,2,EZK 13:21,,
dahumu,2,EZK 16:4,,
tarumu,2,EZK 16:4,,
haheralaimu,2,EZK 16:11,,
lebulebulai,2,EZK 16:17,,
henitaomu,2,EZK 16:31,,
rigirigina,2,EZK 17:4,,
raga,2,EZK 17:6,,
lata-hereana,2,EZK 17:22,,
halataiamu,2,EZK 17:24,,
gwaurai-lagau,2,EZK 18:18,,
badu-hebubugu,2,EZK 20:33,,
ganaḡana,2,EZK 21:6,,
kevaru-kevaru,2,EZK 21:10,,
lapalapa,2,EZK 21:16,,
hahelalolaidia,2,EZK 21:23,,
tutu,2,EZK 22:13,,
havevemui,2,EZK 22:20,,
hadokidia,2,EZK 23:26,,
havavalaidia,2,EZK 23:42,,
hagugurua,2,EZK 24:13,,
miahanaihanai,2,EZK 25:15,,
kikiri,2,EZK 26:4,,
kohoromu,2,EZK 26:9,,
inoholaimu,2,EZK 26:17,,
baramu,2,EZK 27:6,,
reireimu,2,EZK 27:6,,
bete-togarama,2,EZK 27:14,,
rodo,2,EZK 27:15,,
eboni,2,EZK 27:15,,
loku,2,EZK 27:24,,
ḡovamu,2,EZK 28:13,,
kerubina,2,EZK 28:14,,
padapadadia,2,EZK 28:14,,
ḡiniḡinina,2,EZK 28:24,,
vahumu,2,EZK 29:12,,
pelusio,2,EZK 30:15,,
unuheheto,2,EZK 31:18,,
geḡea,2,EZK 32:22,,
ḡaunaimui,2,EZK 36:3,,
hesede-hesede,2,EZK 37:7,,
hatoremui,2,EZK 37:12,,
hamono-gog,2,EZK 39:11,,
at,2,EZK 40:16,,
haheḡeḡedia,2,EZK 40:25,,
dehedia,2,EZK 42:5,,
hekouna,2,EZK 44:2,,
efadia,2,EZK 46:5,,
maḡumaḡudia,2,EZK 46:21,,
daehai,2,EZK 47:9,,
hetelono,2,EZK 47:15,,
sibiraimi,2,EZK 47:16,,
haurana,2,EZK 47:16,,
inogodia,2,EZK 48:10,,
gabiruma,2,EZK 48:15,,
gwauria,2,DAN 2:4,,
duavana,2,DAN 2:18,,
hadailai,2,DAN 2:29,,
kasiri-kasiri,2,DAN 4:12,,
irevana,2,DAN 4:17,,
haparipariava,2,DAN 4:33,,
demaia,2,DAN 5:2,,
laboraia,2,DAN 5:6,,
laboramu,2,DAN 5:10,,
ihamaoromaorodia,2,DAN 5:12,,
hadabualaimu,2,DAN 5:16,,
tekele,2,DAN 5:25,,
ihakeruna,2,DAN 6:18,,
haheḡanimu,2,DAN 6:26,,
ulai,2,DAN 8:2,,
heimodaiva,2,DAN 8:4,,
nuaia,2,DAN 8:7,,
pavapavaia,2,DAN 9:1,,
matahanai,2,DAN 9:24,,
heude-heudegu,2,DAN 10:10,,
talaina,2,DAN 11:18,,
maivalo,2,DAN 11:24,,
ravamui,2,HOS 4:13,,
barokodia,2,HOS 6:3,,
hurea,2,HOS 7:8,,
taitailaia,2,HOS 10:5,,
avene,2,HOS 10:8,,
gou,2,HOS 11:10,,
ima-idibakadia,2,HOS 13:2,,
herevamui,2,HOS 14:2,,
rau-ani,2,JOL 1:4,,
vakadia,2,JOL 1:7,,
hakurokurodia,2,JOL 1:7,,
dabuamui,2,JOL 1:13,,
hesede-hesedemu,2,JOL 2:8,,
nakamu,2,JOL 2:10,,
tutuna,2,AMO 4:11,,
nanadaimuimu,2,AMO 6:3,,
deremu,2,AMO 6:4,,
heḡaeḡaeva,2,AMO 7:1,,
maḡedia,2,AMO 8:1,,
maḡe,2,AMO 8:2,,
ihaharaḡana,2,JON 1:5,,
hauna,2,JON 3:3,,
lolo-lolo,2,JON 3:8,,
hadikalaidia,2,JON 3:10,,
hagau-hagaumu,2,MIC 2:4,,
hahedibamu,2,MIC 3:11,,
hehure-hehure,2,MIC 4:10,,
botaiamu,2,MIC 5:1,,
ihabuadia,2,MIC 7:4,,
kopukopudia,2,MIC 7:10,,
nahumu,2,NAM 1:1,,
hatalaia,2,NAM 1:11,,
kiama-kiamamu,2,NAM 2:4,,
hahekwakwanaidiamu,2,NAM 3:4,,
uda-sisiadia,2,HAB 1:8,,
ihahemaoro-henimai,2,HAB 1:12,,
lalo-manada,2,ZEP 3:12,,
miroka-mirokadia,2,ZEC 3:3,,
auri-metauna,2,ZEC 5:7,,
noholaidiava,2,ZEC 7:7,,
anivagadia,2,ZEC 8:19,,
rubedia,2,ZEC 9:13,,
helo,2,ZEC 9:15,,
taomai,2,MAL 1:4,,
moalelaimuimu,2,MAL 1:10,,
dadihaigumu,2,MAL 3:8,,
hahemaurina,2,MAL 4:2,,
hesrom,2,MAT 1:3,,
abiud,2,MAT 1:13,,
asoro,2,MAT 1:13,,
akim,2,MAT 1:14,,
eliud,2,MAT 1:14,,
kogena,2,MAT 4:5,,
laumeva,2,MAT 4:21,,
hitolomu,2,MAT 5:6,,
tadika,2,MAT 5:13,,
rohamu,2,MAT 5:45,,
hadikamaimu,2,MAT 6:12,,
taboromu,2,MAT 6:26,,
hatuhatumu,2,MAT 6:28,,
hadabualaimui,2,MAT 6:30,,
rourou,2,MAT 8:32,,
tadeo,2,MAT 10:3,,
heinaruna,2,MAT 10:10,,
bavatuatu,2,MAT 10:14,,
ihadibana,2,MAT 10:24,,
ḡova,2,MAT 10:26,,
manada-manadana,2,MAT 11:8,,
dokilaimu,2,MAT 11:8,,
korasin,2,MAT 11:21,,
davahadia,2,MAT 11:21,,
burukiva,2,MAT 12:1,,
severana,2,MAT 13:5,,
habubuni,2,MAT 13:7,,
kukudima,2,MAT 13:15,,
igahusina,2,MAT 13:22,,
habubuniamu,2,MAT 13:22,,
tubutanimu,2,MAT 13:32,,
tahuva,2,MAT 13:45,,
masia,2,MAT 14:19,,
hahegure-hegurea,2,MAT 14:24,,
veravai,2,MAT 15:8,,
sisia-sisia,2,MAT 15:27,,
ima-doko,2,MAT 15:30,,
herome,2,MAT 16:3,,
tarikatarikamu,2,MAT 16:25,,
ilulu-ohodia,2,MAT 17:21,,
memero-memerodia,2,MAT 18:6,,
hahekapudia,2,MAT 19:6,,
gwautaruaosi,2,MAT 19:28,,
c,2,MAT 20:6,,
seudiamu,2,MAT 20:23,,
halohiadiamu,2,MAT 20:25,,
kwaki-kwakidia,2,MAT 23:4,,
hagwautamu,2,MAT 23:23,,
hododiamu,2,MAT 23:37,,
headavava,2,MAT 24:38,,
bank,2,MAT 25:27,,
hitologuva,2,MAT 25:35,,
maseguva,2,MAT 25:35,,
igogu,2,MAT 25:36,,
hitolova,2,MAT 25:37,,
gorereva,2,MAT 25:39,,
maraḡi-maraḡi-hereana,2,MAT 25:40,,
vainana-negai,2,MAT 26:2,,
ḡaunabunai,2,MAT 26:48,,
hahebadena,2,MAT 26:65,,
dekedekena,2,MAT 26:71,,
lama,2,MAT 27:46,,
sabaktani,2,MAT 27:46,,
bapatisodiava,2,MRK 1:5,,
ialamai,2,MRK 1:24,,
ḡabana,2,MRK 1:26,,
hahediha,2,MRK 2:17,,
gadeana,2,MRK 5:3,,
hamotuva,2,MRK 5:4,,
namova,2,MRK 5:26,,
haturiaiamu,2,MRK 5:35,,
losef,2,MRK 6:3,,
laḡada,2,MRK 6:31,,
kanudina,2,MRK 7:33,,
dalmanuta,2,MRK 8:10,,
hakurokuroa,2,MRK 9:3,,
gwara-gwaramu,2,MRK 9:18,,
laoda,2,MRK 9:40,,
kahadamu,2,MRK 9:40,,
boirimumu,2,MRK 10:49,,
hemata-kauna,2,MRK 11:2,,
lato,2,MRK 11:16,,
hoalaiva,2,MRK 11:18,,
natu-adorana,2,MRK 12:6,,
dibaḡanigumu,2,MRK 12:15,,
cent,2,MRK 12:42,,
haguhi,2,MRK 13:11,,
iravaia,2,MRK 14:15,,
rufo,2,MRK 15:21,,
salome,2,MRK 15:40,,
galuma-galumana,2,MRK 16:2,,
teofilo,2,LUK 1:1,,
henidava,2,LUK 1:2,,
iadana,2,LUK 1:49,,
tubuda,2,LUK 1:72,,
igoda,2,LUK 1:78,,
hadibada,2,LUK 2:15,,
ihadiarilaidia,2,LUK 2:32,,
ihaketodia,2,LUK 2:34,,
heiri,2,LUK 2:34,,
hamanada,2,LUK 3:5,,
matat,2,LUK 3:24,,
melki,2,LUK 3:24,,
matatia,2,LUK 3:25,,
kwadilaia,2,LUK 4:35,,
bone,2,LUK 5:5,,
ivareailaina,2,LUK 5:18,,
irogonina,2,LUK 5:29,,
ima-heveri,2,LUK 6:8,,
hadikamuimu,2,LUK 6:27,,
haparipari,2,LUK 7:38,,
harahu,2,LUK 7:38,,
ioana,2,LUK 8:3,,
lasitania,2,LUK 8:35,,
dadaraimuimu,2,LUK 10:16,,
hekikwo,2,LUK 10:29,,
iubulaina,2,LUK 11:6,,
ua,2,LUK 12:49,,
anina-doko,2,LUK 14:13,,
budoa,2,LUK 17:6,,
nanadailaimui,2,LUK 20:3,,
hapapahuahu,2,LUK 22:24,,
ihagoadana,2,LUK 22:43,,
hetutu,2,LUK 23:27,,
paradiso,2,LUK 23:43,,
emausa,2,LUK 24:12,,
lerusalem,2,LUK 24:33,,
hamaoromuiva,2,LUK 24:44,,
guha,2,LUK 24:49,,
bapatisodiamu,2,JHN 1:25,,
hahebapatisova,2,JHN 1:28,,
hahebapatiso,2,JHN 1:33,,
nuia,2,JHN 2:10,,
laḡau-hanai,2,JHN 2:12,,
ihoidia,2,JHN 2:14,,
hereva-herevamu,2,JHN 4:27,,
gabugabudia,2,JHN 6:9,,
unlui,2,JHN 9:27,,
mata-papa,2,JHN 9:39,,
abiabiraiava,2,JHN 12:11,,
haduhu,2,JHN 12:40,,
pelro,2,JHN 13:9,,
gwauraimuimu,2,JHN 13:18,,
haheitalaimai,2,JHN 14:8,,
heatolaigu,2,JHN 16:14,,
toḡea,2,JHN 19:34,,
barasaba,2,ACT 1:23,,
iusto,2,ACT 1:23,,
matia,2,ACT 1:23,,
kapadokia,2,ACT 2:9,,
taritariva,2,ACT 2:42,,
raraimai,2,ACT 3:4,,
vadodia,2,ACT 6:1,,
hahutumadiava,2,ACT 6:7,,
loalaiva,2,ACT 7:43,,
duahiava,2,ACT 8:28,,
ialamasena,2,ACT 9:23,,
raniva,2,ACT 9:24,,
gaba-matuna,2,ACT 9:25,,
aenea,2,ACT 9:33,,
tabita,2,ACT 9:36,,
doreka,2,ACT 9:36,,
goadalaiva,2,ACT 9:36,,
ḡuriava,2,ACT 10:2,,
agabo,2,ACT 11:28,,
pafo,2,ACT 13:6,,
eluma,2,ACT 13:8,,
perega,2,ACT 13:14,,
pisidia,2,ACT 13:14,,
gwauhamatadia,2,ACT 13:34,,
lukaonia,2,ACT 14:6,,
hereme,2,ACT 14:12,,
peritomemui,2,ACT 15:1,,
haraivadia,2,ACT 15:19,,
ita-taodia,2,ACT 15:23,,
pauio,2,ACT 15:34,,
ekalesiana,2,ACT 16:4,,
musia,2,ACT 16:7,,
bitunia,2,ACT 16:7,,
ludia,2,ACT 16:14,,
hoiva,2,ACT 16:14,,
noimai,2,ACT 16:15,,
uhea,2,ACT 17:6,,
bonal,2,ACT 17:27,,
haduadiamu,2,ACT 17:30,,
krispo,2,ACT 18:8,,
sostene,2,ACT 18:17,,
kenkrea,2,ACT 18:18,,
aso,2,ACT 20:13,,
tolemaia,2,ACT 21:7,,
kaladia,2,ACT 22:3,,
goadalaiava,2,ACT 22:3,,
ḡuidiava,2,ACT 22:4,,
koudiava,2,ACT 22:4,,
habadelaiava,2,ACT 23:28,,
teretulo,2,ACT 24:1,,
gaubada,2,ACT 25:14,,
enoenona,2,ACT 27:4,,
hekwarahimai,2,ACT 27:7,,
laomai,2,ACT 27:7,,
dobitania,2,ACT 27:12,,
idamana,2,ACT 27:30,,
publio,2,ACT 28:7,,
loi,2,ACT 28:11,,
hahelagagu,2,ROM 1:1,,
boirimuimu,2,ROM 1:6,,
hahekora,2,ROM 1:20,,
hebore,2,ROM 1:29,,
loalaimu,2,ROM 3:13,,
tohotohoamu,2,ROM 4:12,,
havaraiava,2,ROM 5:21,,
kahuda,2,ROM 7:6,,
ima-doa,2,ROM 8:12,,
hamase,2,ROM 8:13,,
gwauraidamu,2,ROM 8:16,,
haheaukada,2,ROM 8:25,,
bibida,2,ROM 8:35,,
vara-kava,2,ROM 11:17,,
hirimu,2,ROM 11:17,,
spania,2,ROM 15:24,,
badiholo,2,ROM 16:23,,
taunimanuma,2,1CO 1:25,,
ihanamoda,2,1CO 2:7,,
lalo-hadailai,2,1CO 2:9,,
idairina,2,1CO 3:7,,
mamanoka-mamanoka,2,1CO 4:10,,
maoromui,2,1CO 6:11,,
vadona,2,1CO 7:11,,
iḡeḡena,2,1CO 9:25,,
tutuamu,2,1CO 9:26,,
hasio,2,1CO 10:21,,
kumiamu,2,1CO 11:4,,
imatauraidia,2,1CO 12:23,,
gini-gunadia,2,1CO 12:28,,
laromu,2,1CO 13:7,,
heida-ida,2,1CO 13:12,,
hiririmu,2,1CO 14:7,,
kibina,2,1CO 14:8,,
hadibalaimuimu,2,1CO 15:1,,
tauhalona,2,2CO 1:6,,
hururuhururuna,2,2CO 3:7,,
mata-tuna,2,2CO 4:18,,
haheroheda,2,2CO 5:18,,
hahenamomu,2,2CO 10:12,,
hanaiamu,2,2CO 10:14,,
hahekwarahimuiva,2,2CO 11:9,,
hasataurogu,2,GAL 2:20,,
loma,2,GAL 4:22,,
ruhada,2,GAL 5:1,,
haraivamuimu,2,GAL 5:10,,
haḡuḡurumu,2,EPH 1:23,,
hatamonada,2,EPH 2:14,,
noho-hedoahedoa,2,EPH 2:19,,
larebamui,2,EPH 2:22,,
harana-latana,2,EPH 3:18,,
hahonumui,2,EPH 3:19,,
hureda,2,EPH 4:14,,
gagevagagevadia,2,EPH 4:14,,
didibura,2,EPH 4:18,,
mami,2,EPH 4:19,,
koilaimui,2,EPH 5:6,,
lalomuimu,2,PHP 1:3,,
toutoumui,2,PHP 2:15,,
kahagumu,2,PHP 4:3,,
davariva,2,PHP 4:9,,
hataḡadia,2,COL 2:2,,
ere-dika,2,COL 3:8,,
onesimo,2,COL 4:9,,
haḡanimuiva,2,1TH 2:11,,
iruna,2,2TH 2:6,,
havara-havaramu,2,2TH 3:6,,
gado-dae,2,2TH 3:11,,
humenaio,2,1TI 1:20,,
hematauraidia,2,1TI 2:9,,
hepapahuahudia,2,1TI 6:20,,
unelaiamu,2,2TI 1:4,,
tamodia,2,TIT 1:6,,
migomigo,2,TIT 2:12,,
hahematamata,2,TIT 3:5,,
kamonaina,2,HEB 3:5,,
dibaḡanidamu,2,HEB 4:15,,
diariva,2,HEB 6:4,,
dadabadiamu,2,HEB 12:6,,
gimamuimu,2,1PE 1:5,,
lebulebuva,2,1PE 4:3,,
hagagevamu,2,2PE 3:16,,
horolaimui,2,1JN 2:27,,
nikolaita,2,REV 2:6,,
milion,2,REV 9:16,,
huakina,2,REV 9:17,,
loria,2,REV 12:15,,
kibodia,2,REV 15:7,,
idouna,2,REV 18:9,,
amomo,2,REV 18:13,,
tumiamata,2,REV 18:13,,
roha-maorona,2,REV 21:16,,
kalakedo,2,REV 21:19,,
sadonu,2,REV 21:20,,
alefa,2,REV 22:13,,
omega,2,REV 22:13,,
rui,1,GEN 1:21,,
laulaugu,1,GEN 1:26,,
heida-idagu,1,GEN 1:26,,
ibiru-henina,1,GEN 2:5,,
idibaladia,1,GEN 2:9,,
pison,1,GEN 2:11,,
henis,1,GEN 2:15,,
idibalaidia,1,GEN 2:17,,
hamahutaia,1,GEN 2:21,,
ruduna,1,GEN 2:21,,
hamaorumu,1,GEN 3:11,,
kopamu,1,GEN 3:14,,
hehenimui,1,GEN 3:15,,
hehenidia,1,GEN 3:15,,
ḡiniḡinidia,1,GEN 3:18,,
bana,1,GEN 3:22,,
nod,1,GEN 4:16,,
iabal,1,GEN 4:20,,
iubal,1,GEN 4:21,,
gwautarua,1,GEN 5:8,,
havaridia,1,GEN 6:7,,
ḡuḡuruva,1,GEN 6:9,,
havamo,1,GEN 6:9,,
veda,1,GEN 6:13,,
gaba-maurana,1,GEN 6:16,,
taravagu,1,GEN 6:18,,
ḡoevaoḡoevadia,1,GEN 7:8,,
ihasinahu-tauratoina,1,GEN 7:11,,
hureva,1,GEN 7:18,,
meduna,1,GEN 8:2,,
roho-kau,1,GEN 8:9,,
sioahu,1,GEN 8:22,,
havaraida,1,GEN 9:7,,
bokomakau,1,GEN 9:10,,
hadagahulaia,1,GEN 9:14,,
tatoisi,1,GEN 10:1,,
rifat,1,GEN 10:3,,
akad,1,GEN 10:10,,
resene,1,GEN 10:12,,
lasa,1,GEN 10:19,,
obala,1,GEN 10:28,,
sefara,1,GEN 10:30,,
rarodia,1,GEN 11:3,,
rarokaka,1,GEN 11:3,,
biata,1,GEN 11:4,,
latebaia,1,GEN 11:5,,
hitu-hitu,1,GEN 11:26,,
iska,1,GEN 11:29,,
sinahurua,1,GEN 11:32,,
dimura-dimuradia,1,GEN 13:16,,
birisa,1,GEN 14:2,,
sinab,1,GEN 14:2,,
semebere,1,GEN 14:2,,
astaroto-karanaimi,1,GEN 14:5,,
susim,1,GEN 14:5,,
savekiriataimi,1,GEN 14:5,,
el-paran,1,GEN 14:6,,
en-mispat,1,GEN 14:7,,
laima-osi,1,GEN 14:9,,
badibadi-diai,1,GEN 14:13,,
hoba,1,GEN 14:15,,
save,1,GEN 14:17,,
eksol,1,GEN 14:24,,
kadamono,1,GEN 15:19,,
eregumu,1,GEN 16:13,,
taurahanai-ta-ahui,1,GEN 17:1,,
laḡanidiana,1,GEN 17:17,,
taurahanita,1,GEN 17:24,,
pentomedia,1,GEN 17:27,,
burukagu,1,GEN 18:13,,
iherevahenina,1,GEN 18:27,,
noilaiamu,1,GEN 19:21,,
harogorogodia,1,GEN 19:36,,
ben-ami,1,GEN 19:38,,
imaḡu,1,GEN 20:5,,
hamaoro-laidia,1,GEN 20:8,,
hakereremai,1,GEN 20:9,,
iahuna,1,GEN 21:7,,
ehaloa,1,GEN 21:14,,
diba-ḡania,1,GEN 22:1,,
lakwaia,1,GEN 22:9,,
ruava,1,GEN 22:12,,
bonaharihari,1,GEN 22:14,,
kesed,1,GEN 22:22,,
haso,1,GEN 22:22,,
pilidasa,1,GEN 22:22,,
idilapa,1,GEN 22:22,,
reuma,1,GEN 22:24,,
teba,1,GEN 22:24,,
gaham,1,GEN 22:24,,
tahasa,1,GEN 22:24,,
sarana,1,GEN 23:2,,
sekeleheḡereḡeredia,1,GEN 23:16,,
dihu-lata,1,GEN 24:20,,
ranugurina,1,GEN 24:20,,
hahinenana,1,GEN 24:24,,
rumataudia,1,GEN 24:28,,
asuri,1,GEN 25:3,,
letusi,1,GEN 25:3,,
leumi,1,GEN 25:3,,
hedavelai,1,GEN 25:22,,
konenoho,1,GEN 25:27,,
gabamauru,1,GEN 26:8,,
hereamai,1,GEN 26:16,,
ahusata,1,GEN 26:26,,
ḡereḡeremai,1,GEN 26:29,,
iuditi,1,GEN 26:34,,
seitaia,1,GEN 27:1,,
darahugu,1,GEN 27:12,,
havavalai,1,GEN 27:16,,
darahumu,1,GEN 27:21,,
bologu,1,GEN 27:36,,
itai-taina,1,GEN 27:41,,
vavamu,1,GEN 28:2,,
abrahame,1,GEN 28:4,,
ikwina,1,GEN 28:11,,
mahutalaiamu,1,GEN 28:13,,
hainulaidia,1,GEN 29:2,,
ekurea,1,GEN 29:3,,
nae,1,GEN 29:8,,
kamnonai,1,GEN 29:13,,
haheadavaia,1,GEN 29:26,,
purana,1,GEN 29:27,,
lalo-,1,GEN 29:32,,
noho-tari,1,GEN 30:20,,
ihataḡadia,1,GEN 30:30,,
mamarauendia,1,GEN 31:10,,
harogorogodiamu,1,GEN 31:12,,
davamai,1,GEN 31:15,,
abimauri,1,GEN 31:26,,
modadia,1,GEN 31:34,,
tamanae,1,GEN 31:35,,
habero,1,GEN 31:39,,
hadikaguva,1,GEN 31:40,,
ima-kavakava,1,GEN 31:42,,
nene,1,GEN 31:42,,
hereva-hedinarai,1,GEN 31:47,,
aramaik,1,GEN 31:47,,
hereva-,1,GEN 31:47,,
gimada,1,GEN 31:49,,
golea,1,GEN 31:54,,
sinahu-ruabona,1,GEN 32:14,,
gunalai,1,GEN 32:21,,
gwauta-ta-osi,1,GEN 32:22,,
hanailai,1,GEN 32:23,,
henanadailaiamu,1,GEN 32:29,,
sinahuhaniosi,1,GEN 33:1,,
dinagu,1,GEN 33:11,,
anirla,1,GEN 33:17,,
igo-itadia,1,GEN 34:1,,
badudia,1,GEN 34:7,,
heman,1,GEN 36:22,,
alavan,1,GEN 36:23,,
hemudan,1,GEN 36:26,,
iokab,1,GEN 36:34,,
hadara,1,GEN 36:39,,
ietete,1,GEN 36:40,,
gwautahitu,1,GEN 37:2,,
gwauta-taese,1,GEN 37:9,,
etahoa,1,GEN 37:24,,
kesib,1,GEN 38:5,,
adavanaai,1,GEN 38:6,,
harogorogogu,1,GEN 38:25,,
rumumu,1,GEN 39:9,,
ihakavakavada,1,GEN 39:14,,
nihirai,1,GEN 40:5,,
dagimu,1,GEN 40:13,,
oradia,1,GEN 40:16,,
dabuae,1,GEN 41:14,,
anidiadikadia,1,GEN 41:27,,
safenat-panea,1,GEN 41:45,,
nihiraidia,1,GEN 42:9,,
hasinadoamu,1,GEN 42:11,,
gado-hanai,1,GEN 42:23,,
bainadiba,1,GEN 42:34,,
nanadailai,1,GEN 43:7,,
au-huahuadia,1,GEN 43:11,,
euda,1,GEN 43:18,,
ḡuida,1,GEN 43:18,,
moama,1,GEN 43:20,,
hatagadia,1,GEN 43:23,,
haḡaeḡaelai,1,GEN 43:26,,
ha-ima,1,GEN 43:34,,
baguhaoro,1,GEN 44:5,,
emase,1,GEN 44:20,,
tau-buruka,1,GEN 44:31,,
belau,1,GEN 44:32,,
hebadu,1,GEN 45:5,,
baota,1,GEN 45:9,,
iobo,1,GEN 46:13,,
sifion,1,GEN 46:16,,
arodi,1,GEN 46:16,,
ehi,1,GEN 46:21,,
ros,1,GEN 46:21,,
mupim,1,GEN 46:21,,
meromai,1,GEN 46:34,,
ogogamiva,1,GEN 47:12,,
koimumu,1,GEN 47:18,,
tanomo,1,GEN 47:18,,
laḡeni,1,GEN 47:28,,
bainahalaomu,1,GEN 48:4,,
padan,1,GEN 48:7,,
valahuvalahu,1,GEN 48:10,,
laio-hadai,1,GEN 48:14,,
toiroro,1,GEN 48:14,,
regugu,1,GEN 48:15,,
bada-hereanabaine,1,GEN 48:19,,
koriamu,1,GEN 49:17,,
herevadiabini,1,GEN 49:28,,
ihaḡanidia,1,GEN 49:33,,
tomova,1,GEN 50:20,,
tauna-bunai,1,GEN 50:21,,
bahisidia,1,EXO 1:11,,
parao,1,EXO 1:11,,
pitom,1,EXO 1:11,,
raamese,1,EXO 1:11,,
ihakamo-taodia,1,EXO 1:14,,
sifra,1,EXO 1:15,,
hamaradia,1,EXO 1:16,,
hagwaroto,1,EXO 1:18,,
rogogogo,1,EXO 2:2,,
ihunina,1,EXO 2:3,,
nini,1,EXO 2:3,,
hihinena,1,EXO 2:7,,
hininena,1,EXO 2:8,,
ne,1,EXO 2:11,,
dadabaiamu,1,EXO 2:13,,
halaiva,1,EXO 2:15,,
istarel,1,EXO 3:12,,
hakudimaiamu,1,EXO 4:11,,
hakepuluamu,1,EXO 4:11,,
siailai,1,EXO 4:28,,
hamaoro-laia,1,EXO 4:30,,
dehaka,1,EXO 5:2,,
gogoa,1,EXO 5:7,,
lalahedo,1,EXO 5:8,,
hunimui,1,EXO 5:10,,
hamaoromaimu,1,EXO 5:16,,
he-geremui,1,EXO 5:21,,
ialalaimai,1,EXO 5:21,,
moibe,1,EXO 6:1,,
pa-gamui,1,EXO 6:6,,
tsrael,1,EXO 6:13,,
bvae,1,EXO 6:13,,
iokedbed,1,EXO 6:20,,
sitiri,1,EXO 6:22,,
elisebae,1,EXO 6:23,,
abiasafa,1,EXO 6:24,,
putiele,1,EXO 6:25,,
tanua,1,EXO 7:1,,
diadiai,1,EXO 7:11,,
siadia,1,EXO 8:2,,
me,1,EXO 8:5,,
hadikalaiava,1,EXO 8:12,,
dirave,1,EXO 8:19,,
hodomai,1,EXO 8:26,,
frao,1,EXO 9:12,,
ikahu-negedia,1,EXO 9:17,,
bogaragtidiai,1,EXO 10:1,,
ieova,1,EXO 10:3,,
hahekwakwanaida,1,EXO 10:7,,
rumui,1,EXO 10:10,,
dabi,1,EXO 10:13,,
adoinai,1,EXO 10:15,,
now,1,EXO 10:18,,
ihataurahanai-tana,1,EXO 10:20,,
imama,1,EXO 10:22,,
hemimai,1,EXO 10:25,,
maurinai,1,EXO 11:1,,
giroamu,1,EXO 11:5,,
iani-orena,1,EXO 12:4,,
hakere,1,EXO 12:6,,
lagaumui,1,EXO 12:13,,
lalaidai,1,EXO 12:16,,
isreal,1,EXO 12:19,,
ihua-ihuama,1,EXO 12:22,,
daene,1,EXO 12:23,,
lagaua,1,EXO 12:23,,
bavatua,1,EXO 12:24,,
malokihina,1,EXO 12:29,,
kwabu,1,EXO 12:30,,
kuikui,1,EXO 12:34,,
dibu,1,EXO 12:34,,
marinai,1,EXO 12:44,,
hareva,1,EXO 14:1,,
hehiri-hehirimu,1,EXO 14:3,,
haboioboio,1,EXO 14:3,,
halalo,1,EXO 14:5,,
isiaida,1,EXO 14:5,,
hamaurilaimui,1,EXO 14:13,,
ranuaia,1,EXO 14:22,,
idibidia,1,EXO 14:22,,
hahekwarahdia,1,EXO 14:24,,
uilidia,1,EXO 14:25,,
hamaloadia,1,EXO 15:4,,
hanahanai,1,EXO 15:18,,
ḡḡaena,1,EXO 16:3,,
maumauauriamu,1,EXO 16:8,,
taruhu,1,EXO 16:13,,
bavalamai,1,EXO 17:3,,
dekedekeda,1,EXO 17:7,,
eiva,1,EXO 17:7,,
tamnana,1,EXO 18:4,,
ose,1,EXO 18:13,,
benia,1,EXO 18:16,,
korokori,1,EXO 19:5,,
taunimania,1,EXO 19:11,,
latani,1,EXO 19:18,,
hakamu,1,EXO 20:2,,
iehovva,1,EXO 20:11,,
ikoi,1,EXO 20:16,,
hataha,1,EXO 20:18,,
henamomu,1,EXO 20:24,,
iutulaidia,1,EXO 20:25,,
baigugu,1,EXO 21:5,,
bonanatugu,1,EXO 21:5,,
hadabua,1,EXO 21:11,,
heailai,1,EXO 22:9,,
hoi-asi,1,EXO 22:15,,
imaohenina,1,EXO 22:16,,
doi,1,EXO 22:17,,
sa,1,EXO 22:19,,
ogoḡamidia,1,EXO 22:25,,
igwaurina,1,EXO 23:1,,
matauna,1,EXO 23:5,,
mata-kito,1,EXO 23:8,,
bba,1,EXO 23:16,,
simamu,1,EXO 23:20,,
heḡaḡae,1,EXO 23:20,,
vaitanil,1,EXO 24:4,,
idududia,1,EXO 24:4,,
herohemano,1,EXO 24:5,,
taudiavairadiai,1,EXO 24:7,,
israeltau-badadia,1,EXO 24:11,,
hro-nadidia,1,EXO 24:12,,
ihadibaladia,1,EXO 24:12,,
tau-badidia,1,EXO 24:14,,
labalaba,1,EXO 25:25,,
hebveru,1,EXO 25:39,,
ihaheraladia,1,EXO 26:1,,
bhani,1,EXO 26:2,,
ha-ere-ruaia,1,EXO 26:9,,
frame,1,EXO 26:15,,
ruahuiosi,1,EXO 26:19,,
hahelai,1,EXO 26:25,,
seses,1,EXO 26:33,,
ikado-laina,1,EXO 27:3,,
itatau,1,EXO 27:14,,
sinahu-tu,1,EXO 27:18,,
iḡe,1,EXO 28:4,,
ḡelaina,1,EXO 28:4,,
vairuri,1,EXO 28:8,,
hururuhururudia,1,EXO 28:11,,
ḡasidiamu,1,EXO 28:11,,
bas,1,EXO 28:11,,
ḡasi,1,EXO 28:21,,
haleḡana,1,EXO 29:5,,
dabuna,1,EXO 29:6,,
korona,1,EXO 29:6,,
ḡeḡelaidia,1,EXO 29:9,,
davedavelai,1,EXO 29:24,,
dave-dave,1,EXO 29:26,,
halaḡadia,1,EXO 29:29,,
hairaiagu,1,EXO 29:43,,
herehiana,1,EXO 30:15,,
itahundia,1,EXO 30:16,,
hegadia,1,EXO 30:20,,
sekelesinahu-ima,1,EXO 30:23,,
delaḡana,1,EXO 30:25,,
kariai,1,EXO 30:33,,
kara-kara,1,EXO 31:6,,
idoidaia,1,EXO 31:16,,
badeidia,1,EXO 32:2,,
ehonimu,1,EXO 32:18,,
lebu-lebudia,1,EXO 32:22,,
kwadogi-kwadogi,1,EXO 33:5,,
mamarunedia,1,EXO 34:19,,
mua,1,EXO 34:26,,
vvairana,1,EXO 34:35,,
hahe-gani,1,EXO 35:1,,
taura-toi,1,EXO 35:2,,
lamepu,1,EXO 35:8,,
iseseahulaina,1,EXO 35:12,,
pini,1,EXO 35:22,,
eida,1,EXO 35:24,,
karaioa,1,EXO 36:1,,
heririu,1,EXO 36:22,,
hahelai-ku,1,EXO 36:30,,
haheriaia,1,EXO 37:12,,
henuanai,1,EXO 37:14,,
anmo,1,EXO 37:23,,
ihulaina,1,EXO 38:7,,
hevarivaridia,1,EXO 38:8,,
ruahu,1,EXO 38:10,,
mirigina,1,EXO 38:11,,
ḡaudara,1,EXO 38:21,,
kapalai,1,EXO 38:28,,
hehelai-kau,1,EXO 38:31,,
ha-ere,1,EXO 39:9,,
hasiriudia,1,EXO 39:20,,
baiurina,1,EXO 39:21,,
ḡudia,1,EXO 39:40,,
halaḡana,1,EXO 39:41,,
hahelaikau,1,EXO 40:18,,
heḡere,1,EXO 40:23,,
herena,1,EXO 40:23,,
havaira,1,EXO 40:24,,
eseboromakau,1,LEV 1:3,,
helaorana,1,LEV 1:3,,
kopaia,1,LEV 1:6,,
serinaeiava,1,LEV 1:10,,
damenadia,1,LEV 2:13,,
bainehenia,1,LEV 4:3,,
boromakaudanu,1,LEV 4:20,,
bainealaia,1,LEV 4:24,,
boubouḡauna,1,LEV 4:25,,
enakara-rea,1,LEV 4:33,,
iharuanana,1,LEV 5:10,,
seialatanai,1,LEV 5:11,,
iheni-louna,1,LEV 6:2,,
davanabema,1,LEV 6:5,,
bouboudiaḡaudia,1,LEV 6:25,,
guramu,1,LEV 7:9,,
nadumu,1,LEV 7:9,,
dehoroida,1,LEV 7:12,,
maidigarana,1,LEV 7:30,,
daveamu,1,LEV 7:34,,
ioḡora,1,LEV 7:34,,
hakaralai,1,LEV 8:7,,
nanega,1,LEV 8:11,,
hakaralaidia,1,LEV 8:13,,
lkava,1,LEV 8:26,,
tau-aninae,1,LEV 9:13,,
regea,1,LEV 9:13,,
gadomanu,1,LEV 11:17,,
hataubumui,1,LEV 11:24,,
pusina,1,LEV 11:29,,
ariha,1,LEV 11:29,,
hohoduka,1,LEV 11:30,,
variga,1,LEV 11:30,,
gesoa,1,LEV 11:30,,
baemoru,1,LEV 11:38,,
kurokuromu,1,LEV 13:10,,
totototona,1,LEV 13:30,,
kurokakuroka,1,LEV 13:39,,
medena,1,LEV 13:41,,
rama-boha,1,LEV 13:41,,
seidau,1,LEV 13:55,,
ihurina,1,LEV 13:56,,
hatulaina,1,LEV 13:59,,
ibounai,1,LEV 14:18,,
herohe-maino,1,LEV 14:18,,
ḡoie-oho,1,LEV 14:19,,
gadoka-gadokadia,1,LEV 14:37,,
hura,1,LEV 15:3,,
mahutalaia,1,LEV 15:4,,
hurana,1,LEV 15:13,,
vesi,1,LEV 15:17,,
hekurelai,1,LEV 15:20,,
vesi-aru,1,LEV 15:32,,
maruanene,1,LEV 16:5,,
bege,1,LEV 16:10,,
iehoa,1,LEV 16:12,,
ihaboulana,1,LEV 16:20,,
mirunai,1,LEV 16:26,,
udaḡauna,1,LEV 17:13,,
noholaiva,1,LEV 18:3,,
hidiotamona,1,LEV 18:12,,
ihamu,1,LEV 18:16,,
taiakudima,1,LEV 19:14,,
piupiulai,1,LEV 19:16,,
dekemutauna,1,LEV 19:18,,
idau-idaubasio,1,LEV 19:19,,
haheḡodaḡodadia,1,LEV 19:19,,
unuseniai,1,LEV 19:23,,
taese,1,LEV 20:2,,
raradiana,1,LEV 20:12,,
mauriḡaudia,1,LEV 20:25,,
vadana,1,LEV 20:26,,
hidimui,1,LEV 20:26,,
mata-kepulutauna,1,LEV 21:18,,
doru-laoho,1,LEV 21:20,,
kwadogi-herea,1,LEV 21:20,,
mata-gegeva,1,LEV 21:20,,
kopi-hemaihemai,1,LEV 21:20,,
benakaroa,1,LEV 22:14,,
lalo-namodainai,1,LEV 22:21,,
kuhikuhina,1,LEV 22:22,,
gwau-hamatadavana,1,LEV 22:23,,
idavena,1,LEV 23:12,,
oroḡami,1,LEV 23:22,,
dinanahelaḡana,1,LEV 23:24,,
hau,1,LEV 23:35,,
bouboudiaiboudiai,1,LEV 23:38,,
iboudiaiba,1,LEV 23:39,,
dibri,1,LEV 24:11,,
emutano,1,LEV 25:4,,
dinanaihagwautana,1,LEV 25:9,,
bainehelaḡa,1,LEV 25:10,,
tabasio,1,LEV 25:23,,
iabi-lounabaine,1,LEV 25:26,,
bainebirulaia,1,LEV 25:28,,
dekemuai,1,LEV 25:40,,
nohohedoa,1,LEV 25:47,,
hehoilai,1,LEV 25:51,,
aido,1,LEV 26:9,,
henimuitoma,1,LEV 26:16,,
havaroda-varodamui,1,LEV 26:16,,
laboralaborana,1,LEV 26:19,,
hagadoimui,1,LEV 26:22,,
itatautuna,1,LEV 26:25,,
benainaimui,1,LEV 26:25,,
tau-anidiamasedia,1,LEV 26:30,,
laumaguese,1,LEV 26:30,,
giḡidia,1,LEV 26:31,,
noholaiavanegadia,1,LEV 26:35,,
hadonomui,1,LEV 26:38,,
laḡa-anibaine,1,LEV 26:43,,
gabuhelaḡana,1,LEV 27:3,,
fl,1,LEV 27:3,,
aogoḡami,1,LEV 27:8,,
laohaiaha,1,LEV 27:11,,
homerena,1,LEV 27:16,,
idudu,1,NUM 1:5,,
hatodia,1,NUM 1:17,,
tatudia,1,NUM 1:28,,
hataruhaia,1,NUM 1:50,,
laolaolaia,1,NUM 1:51,,
ha-oda,1,NUM 1:52,,
taruhaiaheḡeḡe,1,NUM 1:53,,
dubunana,1,NUM 1:53,,
haḡana,1,NUM 1:54,,
pepedia,1,NUM 2:2,,
suriele,1,NUM 3:35,,
ikokobona,1,NUM 3:37,,
taruah,1,NUM 3:38,,
bakara,1,NUM 3:46,,
bololaidia,1,NUM 3:49,,
iahaia,1,NUM 4:7,,
kavabudia,1,NUM 4:9,,
latanaiihaboulaina,1,NUM 4:14,,
gagadia,1,NUM 4:14,,
kalaganaḡaukaradia,1,NUM 4:30,,
ihua-ihuamai,1,NUM 4:31,,
ihahelaikaudia,1,NUM 4:32,,
duanailai,1,NUM 4:32,,
ikaradiamai,1,NUM 4:35,,
heboukalagana,1,NUM 4:39,,
ḡaukaradiaikaradia,1,NUM 4:47,,
ediaie,1,NUM 5:2,,
biona,1,NUM 5:17,,
toanaai,1,NUM 5:21,,
baineabia,1,NUM 6:2,,
iboudiaiia,1,NUM 6:8,,
mamoemaruanena,1,NUM 6:12,,
bonamamoe,1,NUM 6:14,,
nakara-dika,1,NUM 6:14,,
maruanenata,1,NUM 6:14,,
hadiarimui,1,NUM 6:25,,
rumarumadia,1,NUM 7:3,,
mamaruanena,1,NUM 7:3,,
sekelehitu-ahui,1,NUM 7:13,,
na-,1,NUM 7:21,,
naruanena,1,NUM 7:27,,
enaherahia,1,NUM 7:61,,
merekidiata,1,NUM 7:85,,
kibokibodiata,1,NUM 7:85,,
ediametau,1,NUM 7:85,,
bonadiae,1,NUM 7:86,,
begwauta-rua,1,NUM 7:87,,
bouboudiaida,1,NUM 7:87,,
mamarua,1,NUM 7:88,,
nedia,1,NUM 7:88,,
tamonaḡaudia,1,NUM 7:88,,
nahebou,1,NUM 8:9,,
idurulaida,1,NUM 8:22,,
ḡaḡaenaai,1,NUM 9:1,,
korikoriai,1,NUM 9:2,,
tauria,1,NUM 9:10,,
dinaihagwauta-hanina,1,NUM 9:11,,
bonadaba,1,NUM 9:15,,
ikokina,1,NUM 10:2,,
tore-isitoana,1,NUM 10:6,,
hahelaḡadiamai,1,NUM 10:10,,
hahekerukerudia,1,NUM 10:34,,
melon,1,NUM 11:5,,
liki,1,NUM 11:5,,
onion,1,NUM 11:5,,
galik,1,NUM 11:5,,
manemane,1,NUM 11:8,,
laloḡaraḡara,1,NUM 11:10,,
lmamu,1,NUM 11:12,,
henilaidia,1,NUM 11:12,,
imaumauraina,1,NUM 12:8,,
miriamae,1,NUM 12:10,,
rafu,1,NUM 13:9,,
gadiel,1,NUM 13:10,,
sodi,1,NUM 13:10,,
susi,1,NUM 13:11,,
gemali,1,NUM 13:12,,
seturu,1,NUM 13:13,,
nabi,1,NUM 13:14,,
vopsi,1,NUM 13:14,,
gevele,1,NUM 13:15,,
maki,1,NUM 13:15,,
rimona,1,NUM 13:23,,
tanoanidia,1,NUM 13:26,,
gaḡau-babadadia,1,NUM 13:33,,
nefili,1,NUM 13:33,,
evara,1,NUM 13:33,,
taunimanirna,1,NUM 14:11,,
habuadiatari,1,NUM 14:12,,
eitadia,1,NUM 14:22,,
baeiraka,1,NUM 14:30,,
aiedia,1,NUM 14:33,,
barnomuimu,1,NUM 14:42,,
arnalek,1,NUM 14:45,,
bahalaoa,1,NUM 15:8,,
baineabi,1,NUM 15:9,,
baehalaoa,1,NUM 15:24,,
kara-dikaiabi-ohona,1,NUM 15:25,,
baineheni,1,NUM 15:27,,
halebulebu,1,NUM 15:39,,
onu,1,NUM 16:1,,
vadao,1,NUM 16:13,,
maibonadia,1,NUM 16:35,,
aibaela,1,NUM 16:38,,
bakaraia,1,NUM 16:46,,
kalagaana,1,NUM 16:50,,
imaumauraimu,1,NUM 17:5,,
aaronena,1,NUM 17:6,,
kahiramu,1,NUM 17:13,,
bonanatumu,1,NUM 18:9,,
ḡautamona,1,NUM 18:15,,
karoamu,1,NUM 18:21,,
dikaboubouna,1,NUM 19:9,,
bainedaua,1,NUM 19:13,,
dairilaia,1,NUM 19:13,,
ikaruhidia,1,NUM 19:15,,
baemase,1,NUM 20:4,,
rimonona,1,NUM 20:5,,
ḡaudiaba,1,NUM 20:8,,
imanae,1,NUM 20:11,,
atarim,1,NUM 21:1,,
hebua-tari,1,NUM 21:3,,
maumauraimu,1,NUM 21:7,,
raraiatao,1,NUM 21:9,,
ḡaḡaenana,1,NUM 21:11,,
tatuha,1,NUM 21:12,,
wahebe,1,NUM 21:14,,
sufa,1,NUM 21:14,,
ege-egedia,1,NUM 21:15,,
isisibana,1,NUM 21:27,,
nofa,1,NUM 21:30,,
amawa,1,NUM 22:5,,
rugumu,1,NUM 22:13,,
basinamahabadaia,1,NUM 22:18,,
iboirimu,1,NUM 22:20,,
hekahina,1,NUM 22:24,,
taai,1,NUM 22:26,,
kiriata-husoto,1,NUM 22:39,,
balaan,1,NUM 22:41,,
nadekegu,1,NUM 23:3,,
sofimi,1,NUM 23:14,,
gwauriadiamu,1,NUM 23:26,,
henuidia,1,NUM 24:1,,
hakapuna,1,NUM 24:4,,
namonata,1,NUM 24:13,,
kahirana,1,NUM 24:17,,
nena,1,NUM 25:5,,
vaḡeḡena,1,NUM 25:13,,
punu,1,NUM 26:23,,
sefufam,1,NUM 26:39,,
sufam,1,NUM 26:39,,
iokebed,1,NUM 26:59,,
iehovavairanai,1,NUM 26:61,,
bogaragadiai,1,NUM 27:7,,
rimodaigu,1,NUM 27:14,,
v,1,NUM 27:21,,
benaflaoa,1,NUM 28:5,,
bonaena,1,NUM 28:10,,
heniatoma,1,NUM 28:11,,
toibe,1,NUM 28:12,,
namoḡaudia,1,NUM 28:13,,
iasie,1,NUM 28:17,,
bedehoro,1,NUM 28:20,,
bevaia,1,NUM 28:23,,
dinaihahituna,1,NUM 28:25,,
bahahelaḡaia,1,NUM 28:27,,
herohemaina,1,NUM 28:30,,
babulo,1,NUM 29:3,,
helaḡanata,1,NUM 29:12,,
gwauta-toiosi,1,NUM 29:14,,
gwauta-haniosi,1,NUM 29:15,,
natudiamamaruanedia,1,NUM 29:17,,
baheni,1,NUM 29:37,,
rdaha-rua,1,NUM 31:5,,
amovada,1,NUM 31:14,,
tin,1,NUM 31:22,,
lead,1,NUM 31:22,,
bonaorea,1,NUM 31:26,,
ehididia,1,NUM 31:42,,
hahalaḡa,1,NUM 31:54,,
nimra,1,NUM 32:3,,
sebam,1,NUM 32:3,,
beon,1,NUM 32:3,,
atroto-sofan,1,NUM 32:35,,
bete-haran,1,NUM 32:36,,
ladadiae,1,NUM 32:38,,
bonanoba,1,NUM 32:42,,
sivaraidiae,1,NUM 33:2,,
hahiroto,1,NUM 33:8,,
etore,1,NUM 33:21,,
bene-iakan,1,NUM 33:31,,
beneiakan,1,NUM 33:32,,
ladanata,1,NUM 33:36,,
ororonaai,1,NUM 33:39,,
ie,1,NUM 33:45,,
almon-diblataim,1,NUM 33:46,,
almon,1,NUM 33:47,,
diblataim,1,NUM 33:47,,
abele-sitim,1,NUM 33:49,,
hasara-adara,1,NUM 34:4,,
sifron,1,NUM 34:9,,
elidad,1,NUM 34:21,,
kislon,1,NUM 34:21,,
iogli,1,NUM 34:22,,
efod,1,NUM 34:23,,
siftan,1,NUM 34:24,,
paranaka,1,NUM 34:25,,
asan,1,NUM 34:26,,
selomi,1,NUM 34:27,,
pedahele,1,NUM 34:28,,
naediai,1,NUM 35:6,,
sinaavaina,1,NUM 35:10,,
hanuatoi,1,NUM 35:14,,
rohomauri,1,NUM 35:15,,
tutulaia,1,NUM 35:17,,
taunabadana,1,NUM 35:28,,
habubua,1,NUM 35:33,,
iduhuta,1,NUM 36:9,,
tofele,1,DEU 1:1,,
disahab,1,DEU 1:1,,
iaolao,1,DEU 1:2,,
bemagwauta-ta,1,DEU 1:2,,
ihagwauta-tanaena,1,DEU 1:3,,
haḡanilaimuiva,1,DEU 1:18,,
dika-hereanaamo,1,DEU 1:19,,
naamoro,1,DEU 1:20,,
negeda,1,DEU 1:27,,
hagarida,1,DEU 1:28,,
kwakwadogi,1,DEU 1:28,,
bamomuiva,1,DEU 2:7,,
sinavainata,1,DEU 2:14,,
unauru,1,DEU 2:14,,
samsumim,1,DEU 2:20,,
nasiaidia,1,DEU 2:26,,
gwauda,1,DEU 2:30,,
emabona,1,DEU 3:14,,
umuidanu,1,DEU 3:20,,
besetaudia,1,DEU 3:28,,
amobae,1,DEU 4:6,,
baekamonai,1,DEU 4:6,,
ororoamo,1,DEU 4:11,,
etoredia,1,DEU 4:13,,
laulauana,1,DEU 4:25,,
vairarnui,1,DEU 4:34,,
vairamuiai,1,DEU 4:38,,
toe,1,DEU 4:42,,
umuiese,1,DEU 5:23,,
aramai,1,DEU 5:25,,
bemalaloa,1,DEU 5:29,,
arumutanona,1,DEU 6:3,,
henemui,1,DEU 6:10,,
haḡanilaida,1,DEU 6:25,,
hititaudia,1,DEU 7:1,,
baḡiḡi,1,DEU 7:5,,
kohikohi,1,DEU 7:5,,
helaḡadiaba,1,DEU 7:5,,
hanamomomui,1,DEU 7:14,,
silver-na,1,DEU 7:25,,
henibona,1,DEU 7:25,,
ihamanaumui,1,DEU 8:2,,
iboudiailalodiai,1,DEU 8:4,,
tanoena,1,DEU 8:9,,
tane,1,DEU 8:16,,
ubumuiva,1,DEU 8:16,,
bavabilaia,1,DEU 8:18,,
hari-ahuiororo,1,DEU 9:9,,
taudiavada,1,DEU 9:12,,
ruaosina,1,DEU 9:17,,
nagoru,1,DEU 9:25,,
daralai,1,DEU 10:3,,
bene-iaakan,1,DEU 10:6,,
ranu-guridia,1,DEU 10:6,,
bonamosera,1,DEU 10:6,,
noho-hedoatauna,1,DEU 10:18,,
tanonaai,1,DEU 10:19,,
ihapariparina,1,DEU 11:14,,
idauidaudia,1,DEU 12:6,,
haḡailaimui,1,DEU 12:11,,
emuiuit,1,DEU 12:17,,
tohomuimu,1,DEU 13:3,,
kamonaihenia,1,DEU 13:8,,
ramamui,1,DEU 14:1,,
boge,1,DEU 14:18,,
henimuḡaudia,1,DEU 14:26,,
rogena,1,DEU 14:28,,
taunabona,1,DEU 14:29,,
igwau-taodiavada,1,DEU 15:2,,
bonarimamu,1,DEU 15:7,,
ogoḡaminaba,1,DEU 15:9,,
karaaukana,1,DEU 15:18,,
adorahiai,1,DEU 16:6,,
emuhanua,1,DEU 16:14,,
hakoikoidiamu,1,DEU 16:19,,
enadika,1,DEU 17:1,,
eḡerena,1,DEU 17:11,,
bouboudiabona,1,DEU 18:1,,
boukana,1,DEU 18:3,,
ediabese,1,DEU 18:18,,
holoahuna,1,DEU 19:14,,
basiehadibamui,1,DEU 20:18,,
maisinavaina,1,DEU 21:4,,
benaboma,1,DEU 21:11,,
ketona,1,DEU 22:4,,
ihagini-torenaai,1,DEU 22:4,,
dadariamu,1,DEU 22:5,,
bonahuahua,1,DEU 22:9,,
boumurinai,1,DEU 22:13,,
tahotaholaia,1,DEU 22:14,,
bonasinana,1,DEU 22:15,,
baehahedinarai,1,DEU 22:15,,
papaia,1,DEU 22:17,,
hanuatau-badadia,1,DEU 22:18,,
kereredavana,1,DEU 22:19,,
tamanabae,1,DEU 22:19,,
ladanavada,1,DEU 22:19,,
rami-heboutoadia,1,DEU 22:20,,
enoboudia,1,DEU 22:22,,
hanualalonai,1,DEU 22:23,,
bahodoa,1,DEU 22:24,,
taunabunaiasi,1,DEU 22:26,,
hanaimui,1,DEU 23:4,,
iuduguiraimui,1,DEU 23:5,,
ihamainodia,1,DEU 23:6,,
kukuri,1,DEU 23:13,,
hadikaiana,1,DEU 25:3,,
dekediabainela,1,DEU 25:7,,
ihagu,1,DEU 25:7,,
benaena,1,DEU 25:8,,
veri-oho,1,DEU 25:10,,
utui,1,DEU 25:12,,
boerava,1,DEU 25:18,,
heveriveriva,1,DEU 25:18,,
kwabu-kwabudiaida,1,DEU 26:5,,
gadomai,1,DEU 26:7,,
mae,1,DEU 26:18,,
ḡaunaamo,1,DEU 27:2,,
senemuiedia,1,DEU 27:3,,
bouboudiaba,1,DEU 27:6,,
uduguriaia,1,DEU 27:24,,
hanemailaimui,1,DEU 28:10,,
aibaine,1,DEU 28:20,,
tau-varoda,1,DEU 28:22,,
bonakeru,1,DEU 28:22,,
ḡoudae-ḡoudae,1,DEU 28:22,,
bonavalavala,1,DEU 28:22,,
masemui,1,DEU 28:26,,
kuhikuhi,1,DEU 28:27,,
hakavamui,1,DEU 28:28,,
hedarahu,1,DEU 28:29,,
irudia,1,DEU 28:32,,
hakavamu,1,DEU 28:34,,
tuimu,1,DEU 28:35,,
bahado,1,DEU 28:39,,
hedahulai,1,DEU 28:40,,
momoemui,1,DEU 28:47,,
hitolomui,1,DEU 28:48,,
ranu-masemui,1,DEU 28:48,,
badabu,1,DEU 28:48,,
idiodia,1,DEU 28:52,,
karabaine,1,DEU 28:54,,
hamareremu,1,DEU 28:56,,
gugubamui,1,DEU 28:60,,
ihahutumamui,1,DEU 28:63,,
ihamasemui,1,DEU 28:63,,
idau-idauiboudiai,1,DEU 28:64,,
mata-itaita,1,DEU 29:4,,
taia-kamonai,1,DEU 29:4,,
nado,1,DEU 29:4,,
nahakaumui,1,DEU 29:5,,
ranu-ututaudia,1,DEU 29:11,,
taudiaai,1,DEU 29:13,,
hahemarumaru,1,DEU 29:19,,
bogaragidiaie,1,DEU 30:3,,
hebounegana,1,DEU 31:11,,
bogadiabae,1,DEU 31:20,,
dinaai,1,DEU 31:27,,
eseini,1,DEU 31:28,,
gesegesena,1,DEU 32:10,,
dosia,1,DEU 32:10,,
harohodiamu,1,DEU 32:11,,
batana,1,DEU 32:14,,
rumurumu,1,DEU 32:15,,
ḡaubadabada,1,DEU 32:15,,
havaḡeḡegu,1,DEU 32:21,,
havaḡeḡedia,1,DEU 32:21,,
dobu-hereadia,1,DEU 32:22,,
doudiamu,1,DEU 32:22,,
havarodadia,1,DEU 32:24,,
hekorina,1,DEU 32:33,,
lalonamo,1,DEU 33:23,,
sisivamu,1,DEU 33:29,,
kahan,1,JOS 1:15,,
haḡanilaimai,1,JOS 1:16,,
rauamai,1,JOS 2:13,,
tumai,1,JOS 2:18,,
ihanaina,1,JOS 3:14,,
gibeata-haraloto,1,JOS 5:3,,
tanoml,1,JOS 5:6,,
tamo,1,JOS 5:12,,
habouhabou,1,JOS 6:19,,
haboudiava,1,JOS 6:24,,
sebarimi,1,JOS 7:5,,
doḡorona,1,JOS 7:14,,
hahekwarahimai,1,JOS 7:25,,
hahekwarahimumu,1,JOS 7:25,,
senusenua,1,JOS 7:26,,
havamai,1,JOS 8:6,,
dobudobuna,1,JOS 8:11,,
hekeidihona,1,JOS 8:14,,
lanua,1,JOS 8:17,,
ihua-pada,1,JOS 8:22,,
hilrihari,1,JOS 8:28,,
senusenu,1,JOS 8:29,,
ihabiulaina,1,JOS 8:31,,
adoni-sedek,1,JOS 10:1,,
adonisedek,1,JOS 10:3,,
hohama,1,JOS 10:3,,
pirama,1,JOS 10:3,,
hetaridia,1,JOS 10:11,,
amasedia,1,JOS 10:11,,
iasara,1,JOS 10:13,,
keidia,1,JOS 10:18,,
horama,1,JOS 10:33,,
aiadia,1,JOS 11:20,,
halohiaiava,1,JOS 12:2,,
halohiadiava,1,JOS 12:5,,
lasarono,1,JOS 12:18,,
simrono-meron,1,JOS 12:20,,
meara,1,JOS 13:4,,
bete-baal-meono,1,JOS 13:17,,
seretesahara,1,JOS 13:19,,
basielia,1,JOS 13:21,,
deḡoro,1,JOS 13:23,,
ramata-mispe,1,JOS 13:26,,
betonimi,1,JOS 13:26,,
bete-haram,1,JOS 13:27,,
kadebaranea,1,JOS 14:6,,
hamanokadiava,1,JOS 14:8,,
tarika-tarikava,1,JOS 14:8,,
karaka,1,JOS 15:3,,
kiriatiearimi,1,JOS 15:9,,
learimi,1,JOS 15:10,,
kesalono,1,JOS 15:10,,
sikerono,1,JOS 15:11,,
kiriatasefere,1,JOS 15:15,,
hen,1,JOS 15:19,,
laguru,1,JOS 15:21,,
dimona,1,JOS 15:22,,
adada,1,JOS 15:22,,
itnan,1,JOS 15:23,,
hasoro-hadata,1,JOS 15:25,,
kerioto-hesron,1,JOS 15:25,,
amama,1,JOS 15:26,,
hasara-gada,1,JOS 15:27,,
hesemon,1,JOS 15:27,,
bisiotia,1,JOS 15:28,,
imi,1,JOS 15:29,,
sansana,1,JOS 15:31,,
lebaoto,1,JOS 15:32,,
silihim,1,JOS 15:32,,
enam,1,JOS 15:34,,
aditaim,1,JOS 15:36,,
gederotaim,1,JOS 15:36,,
senan,1,JOS 15:37,,
migdal-gad,1,JOS 15:37,,
dilean,1,JOS 15:38,,
kabon,1,JOS 15:40,,
lahamam,1,JOS 15:40,,
kitilisi,1,JOS 15:40,,
ifta,1,JOS 15:43,,
nesib,1,JOS 15:43,,
dana,1,JOS 15:49,,
kiriata-sana,1,JOS 15:49,,
estemo,1,JOS 15:50,,
anim,1,JOS 15:50,,
esan,1,JOS 15:52,,
lanim,1,JOS 15:53,,
bete-tapua,1,JOS 15:53,,
afeka,1,JOS 15:53,,
humuta,1,JOS 15:54,,
sioro,1,JOS 15:54,,
iokodeam,1,JOS 15:56,,
halahulu,1,JOS 15:58,,
maarata,1,JOS 15:59,,
bet-anoto,1,JOS 15:59,,
el-tekon,1,JOS 15:59,,
midin,1,JOS 15:61,,
sekaka,1,JOS 15:61,,
nibsan,1,JOS 15:62,,
taanata-silo,1,JOS 16:6,,
ianoa,1,JOS 16:7,,
hetere,1,JOS 17:2,,
selofehas,1,JOS 17:3,,
lubuna,1,JOS 17:3,,
en-tapua,1,JOS 17:7,,
sega,1,JOS 17:15,,
geliloto,1,JOS 18:17,,
emekesi,1,JOS 18:21,,
para,1,JOS 18:23,,
kefaramoni,1,JOS 18:24,,
ofni,1,JOS 18:24,,
iripele,1,JOS 18:27,,
tarala,1,JOS 18:27,,
ha-elaf,1,JOS 18:28,,
bala,1,JOS 19:3,,
betulu,1,JOS 19:4,,
siklaḡ,1,JOS 19:5,,
hasara-susa,1,JOS 19:5,,
bete-lebaoto,1,JOS 19:6,,
saruhene,1,JOS 19:6,,
baalata-bere,1,JOS 19:8,,
mareala,1,JOS 19:11,,
dabesete,1,JOS 19:11,,
kisloto-taboro,1,JOS 19:12,,
ete-kasin,1,JOS 19:13,,
hanaton,1,JOS 19:14,,
katata,1,JOS 19:15,,
idala,1,JOS 19:15,,
kesuloto,1,JOS 19:18,,
hafaraim,1,JOS 19:19,,
sion,1,JOS 19:19,,
anaharata,1,JOS 19:19,,
rabiti,1,JOS 19:20,,
ebe,1,JOS 19:20,,
remete,1,JOS 19:21,,
en-hada,1,JOS 19:21,,
bete-pase,1,JOS 19:21,,
sahasuma,1,JOS 19:22,,
gwautatauratoi,1,JOS 19:22,,
hali,1,JOS 19:25,,
betene,1,JOS 19:25,,
alamelek,1,JOS 19:26,,
amad,1,JOS 19:26,,
sihoro-libnata,1,JOS 19:26,,
bet-emek,1,JOS 19:27,,
neiele,1,JOS 19:27,,
ebron,1,JOS 19:28,,
mahalab,1,JOS 19:29,,
umaha,1,JOS 19:30,,
helef,1,JOS 19:33,,
saananim,1,JOS 19:33,,
adaminekeb,1,JOS 19:33,,
lakumu,1,JOS 19:33,,
asnoto-taboro,1,JOS 19:34,,
hukok,1,JOS 19:34,,
sere,1,JOS 19:35,,
rakata,1,JOS 19:35,,
adama,1,JOS 19:36,,
enhasoro,1,JOS 19:37,,
irono,1,JOS 19:38,,
migdalele,1,JOS 19:38,,
horeme,1,JOS 19:38,,
bete-seme,1,JOS 19:38,,
iri-semese,1,JOS 19:41,,
saalabin,1,JOS 19:42,,
itla,1,JOS 19:42,,
lehud,1,JOS 19:45,,
beneberak,1,JOS 19:45,,
gatarimon,1,JOS 19:45,,
meiakon,1,JOS 19:46,,
rakon,1,JOS 19:46,,
leseme,1,JOS 19:47,,
leseme-dan,1,JOS 19:47,,
ororo-tanodia,1,JOS 19:50,,
hapididia,1,JOS 20:3,,
korikon,1,JOS 20:6,,
ororo-taorana,1,JOS 20:8,,
alamon,1,JOS 21:18,,
kibsaim,1,JOS 21:22,,
be-estera,1,JOS 21:27,,
enganim,1,JOS 21:29,,
hamoto-doro,1,JOS 21:32,,
karatan,1,JOS 21:32,,
lokoneam,1,JOS 21:34,,
karata,1,JOS 21:34,,
dimna,1,JOS 21:35,,
kohumui,1,JOS 22:8,,
idaidana,1,JOS 22:28,,
iarebaia,1,JOS 22:29,,
ibolidiai,1,JOS 23:3,,
iluludia,1,JOS 23:10,,
hosigui,1,JOS 24:6,,
kamonaimui,1,JOS 24:14,,
genese,1,JOS 24:32,,
kitron,1,JDG 1:30,,
nahalolo,1,JDG 1:30,,
ako,1,JDG 1:31,,
alab,1,JDG 1:31,,
helba,1,JDG 1:31,,
afik,1,JDG 1:31,,
idoamui,1,JDG 2:3,,
timnata-here,1,JDG 2:9,,
masetanidia,1,JDG 2:21,,
rakalaiava,1,JDG 2:22,,
baalheremon,1,JDG 3:3,,
uhaudia,1,JDG 3:6,,
aseroto,1,JDG 3:7,,
kuibit,1,JDG 3:16,,
nadi-pupudia,1,JDG 3:19,,
munmuri,1,JDG 3:19,,
idibala,1,JDG 3:21,,
tage,1,JDG 3:22,,
kununa,1,JDG 3:22,,
nadipupudia,1,JDG 3:26,,
seira,1,JDG 3:26,,
ikododia,1,JDG 3:31,,
lapidoto,1,JDG 4:4,,
sanamim,1,JDG 4:11,,
udunadia,1,JDG 5:10,,
arudia,1,JDG 5:21,,
kwadiava,1,JDG 6:11,,
rakua,1,JDG 6:26,,
ablesere,1,JDG 6:34,,
liapatali,1,JDG 6:35,,
lahaiamu,1,JDG 6:37,,
mutua,1,JDG 6:38,,
an-o,1,JDG 7:5,,
kado,1,JDG 7:6,,
dikeana,1,JDG 7:13,,
bamoma,1,JDG 7:14,,
tohotohogu,1,JDG 7:17,,
hegini-dava,1,JDG 7:19,,
bete-sita,1,JDG 7:22,,
serera,1,JDG 7:22,,
tabata,1,JDG 7:22,,
hahegereḡeredia,1,JDG 8:2,,
noilaidia,1,JDG 8:8,,
karakoro,1,JDG 8:10,,
ida-idamu,1,JDG 8:18,,
avalamai,1,JDG 8:21,,
mairidia,1,JDG 8:21,,
hadina,1,JDG 8:24,,
moalemai,1,JDG 8:25,,
natu-adoradia,1,JDG 8:30,,
baalberiti,1,JDG 8:33,,
baal-beriti,1,JDG 9:4,,
hituahui-osi,1,JDG 9:5,,
osi,1,JDG 9:18,,
abimalek,1,JDG 9:18,,
aramui,1,JDG 9:20,,
taolai,1,JDG 9:27,,
lerubu-baal,1,JDG 9:28,,
itaitadia,1,JDG 9:36,,
el-beriti,1,JDG 9:46,,
kamon,1,JDG 10:5,,
lefeta,1,JDG 11:10,,
londane,1,JDG 11:22,,
leieta,1,JDG 11:29,,
kwalimugu,1,JDG 11:31,,
miniti,1,JDG 11:33,,
abele-keramim,1,JDG 11:33,,
rami-hebougu,1,JDG 11:37,,
shibboleth,1,JDG 12:6,,
sibboleth,1,JDG 12:6,,
daha-ma,1,JDG 12:6,,
nasin,1,JDG 13:5,,
iala-maseda,1,JDG 13:23,,
iheai-henidia,1,JDG 14:4,,
lalodikava,1,JDG 14:7,,
pipitaia,1,JDG 14:9,,
iha-ogogamimai,1,JDG 14:15,,
auki-turiana,1,JDG 15:17,,
soreke,1,JDG 16:4,,
hamanadamu,1,JDG 16:6,,
haurahaurana,1,JDG 16:9,,
guigu,1,JDG 16:11,,
hatuamu,1,JDG 16:13,,
hauraia,1,JDG 16:19,,
gibo,1,JDG 16:21,,
giroava,1,JDG 16:21,,
ikirikirilaina,1,JDG 16:27,,
iḡaukaralaiana,1,JDG 17:4,,
sinahutauratoiosi,1,JDG 18:17,,
laulauna-e,1,JDG 18:18,,
badu-haraḡa,1,JDG 18:25,,
raivaraivava,1,JDG 18:27,,
laioava,1,JDG 18:27,,
donih,1,JDG 19:10,,
helai-kau,1,JDG 19:10,,
botabotaia,1,JDG 19:22,,
talau,1,JDG 20:2,,
ima-lauri,1,JDG 20:16,,
baal-tamara,1,JDG 20:33,,
gidomo,1,JDG 20:45,,
baiato,1,JDG 21:22,,
haḡeregumu,1,RUT 2:10,,
balina,1,RUT 2:14,,
tapoamu,1,RUT 3:2,,
gwadagwada,1,RUT 3:3,,
gwaduna,1,RUT 3:7,,
tarugu,1,RUT 3:9,,
kara-namo,1,RUT 3:11,,
dokiamu,1,RUT 3:15,,
iloia,1,RUT 4:4,,
ramataim-sofimi,1,1SA 1:1,,
tae,1,1SA 1:1,,
bonase,1,1SA 1:7,,
marere-marereva,1,1SA 1:13,,
kekeromuramurana,1,1SA 1:15,,
topoanege,1,1SA 1:23,,
hahetohodiamu,1,1SA 2:3,,
hahelaidiamu,1,1SA 2:8,,
henidiarnu,1,1SA 2:8,,
harahurahu,1,1SA 2:10,,
naduava,1,1SA 2:13,,
oburo,1,1SA 2:14,,
kodoa,1,1SA 2:14,,
kodo,1,1SA 2:14,,
hadokia,1,1SA 2:28,,
hakunulaimu,1,1SA 2:29,,
bonaia,1,1SA 2:35,,
hereahia,1,1SA 3:14,,
eseisrael,1,1SA 4:2,,
hatarurea,1,1SA 4:5,,
hegedu,1,1SA 4:18,,
benahegwaroto,1,1SA 4:20,,
tau-aninamo,1,1SA 5:4,,
ialada,1,1SA 5:10,,
bavabihaidia,1,1SA 6:7,,
gududia,1,1SA 6:11,,
losua,1,1SA 6:14,,
ealadia,1,1SA 6:19,,
baalona,1,1SA 7:4,,
inoi-henina,1,1SA 7:8,,
daidaibasio,1,1SA 7:8,,
rata-inuna,1,1SA 7:9,,
taihenia,1,1SA 7:9,,
bete-kara,1,1SA 7:11,,
arnoro,1,1SA 7:14,,
gunalairnai,1,1SA 8:20,,
afia,1,1SA 9:1,,
malaḡana,1,1SA 9:2,,
salisa,1,1SA 9:4,,
saalim,1,1SA 9:4,,
sekelena,1,1SA 9:8,,
rakaguna,1,1SA 9:19,,
iboudiaibaina,1,1SA 9:19,,
uralaimu,1,1SA 9:20,,
maraḡi-hereana,1,1SA 9:21,,
egudogoro,1,1SA 9:21,,
hako,1,1SA 9:24,,
baribarana,1,1SA 9:24,,
selesa,1,1SA 10:2,,
hakerehaia,1,1SA 10:9,,
tama-lahaina,1,1SA 10:16,,
hahisimuiva,1,1SA 10:18,,
gibodia,1,1SA 11:2,,
halohiada,1,1SA 11:12,,
habadegu,1,1SA 12:3,,
ihakepululaina,1,1SA 12:3,,
samuele,1,1SA 12:11,,
hamaurimuiva,1,1SA 12:11,,
halohiamuimu,1,1SA 12:14,,
bonamedu,1,1SA 12:17,,
bibimui,1,1SA 12:25,,
nalalodia,1,1SA 13:6,,
matamava,1,1SA 13:8,,
bouboudiana,1,1SA 13:9,,
karohomu,1,1SA 13:11,,
soma,1,1SA 13:11,,
natano,1,1SA 13:18,,
iseḡedia,1,1SA 13:20,,
iseḡelaidia,1,1SA 13:21,,
tanohetoana,1,1SA 14:2,,
sinahu-tauratoisisivana,1,1SA 14:2,,
rakaiahanai,1,1SA 14:4,,
makanana,1,1SA 14:4,,
bose,1,1SA 14:4,,
enakesi,1,1SA 14:14,,
loalaiava,1,1SA 14:18,,
hetuturuva,1,1SA 14:26,,
telaimi,1,1SA 15:4,,
namo-hereadiabona,1,1SA 15:15,,
taia-kirara,1,1SA 15:22,,
dadaraiadainai,1,1SA 15:23,,
hereamumu,1,1SA 15:28,,
enaidita,1,1SA 15:32,,
kudou-hetahadiaida,1,1SA 16:4,,
efese-damim,1,1SA 17:1,,
hahedokinaena,1,1SA 17:5,,
vaḡivaḡidiana,1,1SA 17:6,,
namurinai,1,1SA 17:6,,
hatuhatu,1,1SA 17:7,,
isiaimai,1,1SA 17:9,,
honeva,1,1SA 17:20,,
ihare-henina,1,1SA 17:25,,
hataḡaia,1,1SA 17:25,,
herevanae,1,1SA 17:28,,
eabidia,1,1SA 17:40,,
mamoe-reḡu,1,1SA 17:40,,
ihahekwakwalaina,1,1SA 18:21,,
pavapavaese,1,1SA 18:25,,
seku,1,1SA 19:22,,
lasihigu,1,1SA 20:6,,
esele,1,1SA 20:19,,
inikahamu,1,1SA 20:21,,
ohenai,1,1SA 20:25,,
nao,1,1SA 20:30,,
ha-aukaiadavid,1,1SA 20:33,,
garagu,1,1SA 20:42,,
harnaoroa,1,1SA 21:2,,
abiaoho,1,1SA 21:6,,
hekumi,1,1SA 21:9,,
hadailaidia,1,1SA 21:12,,
ha-idauaidia,1,1SA 21:13,,
kakasi,1,1SA 21:13,,
tabana,1,1SA 21:13,,
herete,1,1SA 22:5,,
helalolaigu,1,1SA 22:15,,
helalolaimai,1,1SA 22:15,,
irnana,1,1SA 23:14,,
tarnagu,1,1SA 23:17,,
davarirnu,1,1SA 23:17,,
oreataudia,1,1SA 23:26,,
engedi,1,1SA 23:29,,
namamoe,1,1SA 24:3,,
gunigunina,1,1SA 24:3,,
hadavalai,1,1SA 24:17,,
komu-namo,1,1SA 24:22,,
gabamui,1,1SA 25:13,,
maḡumai,1,1SA 25:16,,
uiti,1,1SA 25:18,,
helavahuna,1,1SA 25:20,,
nahanamomumu,1,1SA 25:33,,
adavaiatotona,1,1SA 25:39,,
iaitahuna,1,1SA 26:3,,
ha-aukaiaegu,1,1SA 26:19,,
hagereamu,1,1SA 26:20,,
maoko,1,1SA 27:2,,
girisi,1,1SA 27:8,,
henanadaiva,1,1SA 27:10,,
haereva,1,1SA 27:10,,
ihamasegu,1,1SA 28:9,,
burukanata,1,1SA 28:14,,
hadaegu,1,1SA 28:15,,
taunadanu,1,1SA 28:20,,
alaiaharaga,1,1SA 28:24,,
bamomuva,1,1SA 29:10,,
ihodona,1,1SA 30:6,,
abi-maun,1,1SA 30:8,,
aeregabe,1,1SA 30:17,,
tau-manori,1,1SA 30:21,,
murinaiasie,1,1SA 30:21,,
sifimoto,1,1SA 30:28,,
rakala,1,1SA 30:29,,
borasana,1,1SA 30:30,,
ataka,1,1SA 30:30,,
dabaridia,1,1SA 31:8,,
rtnona,1,1SA 31:9,,
hagabudia,1,1SA 31:12,,
vagava,1,2SA 1:12,,
lasara,1,2SA 1:18,,
ororomui,1,2SA 1:21,,
animui,1,2SA 1:21,,
ḡahuḡala,1,2SA 1:21,,
lalokaudia,1,2SA 1:23,,
raho-namodia,1,2SA 1:23,,
hadokilaimuiva,1,2SA 1:24,,
l-enigu,1,2SA 1:26,,
ilalokau-henidia,1,2SA 1:26,,
dagae,1,2SA 2:16,,
helkatahasurim,1,2SA 2:16,,
helekata-hasurim,1,2SA 2:16,,
gia,1,2SA 2:24,,
kilea,1,2SA 3:3,,
herohemalno,1,2SA 3:5,,
habadegumu,1,2SA 3:8,,
ikoimu,1,2SA 3:25,,
siragohugohuna,1,2SA 3:26,,
enobougorerena,1,2SA 3:29,,
haulua,1,2SA 3:33,,
baineme,1,2SA 3:33,,
hanhan,1,2SA 4:3,,
lohiadava,1,2SA 5:2,,
ae-hedairie,1,2SA 5:6,,
nadi-koro,1,2SA 5:11,,
baale-iuda,1,2SA 6:2,,
bota-bota,1,2SA 6:5,,
nakono,1,2SA 6:6,,
heḡana,1,2SA 6:11,,
daralaia,1,2SA 6:11,,
roho-isi,1,2SA 6:16,,
roho-isiva,1,2SA 6:16,,
heruharuha,1,2SA 6:20,,
tau-kavakava,1,2SA 6:20,,
heruherahamu,1,2SA 6:20,,
dahakadainai,1,2SA 7:7,,
hanainanai,1,2SA 7:16,,
metegama,1,2SA 8:1,,
beta,1,2SA 8:8,,
berotai,1,2SA 8:8,,
lehosafat,1,2SA 8:16,,
arniele,1,2SA 9:4,,
makin,1,2SA 9:5,,
meribosel,1,2SA 9:6,,
idunu,1,2SA 9:9,,
loaia,1,2SA 10:3,,
hagaeḡae,1,2SA 10:8,,
boindia,1,2SA 10:16,,
diguva,1,2SA 11:2,,
haheḡoevava,1,2SA 11:4,,
sola,1,2SA 11:10,,
ierubeset,1,2SA 11:21,,
ituan-henina,1,2SA 11:25,,
ledidia,1,2SA 12:25,,
iedidia,1,2SA 12:25,,
lalonal,1,2SA 12:30,,
hegui-heḡui,1,2SA 13:3,,
medemu,1,2SA 13:4,,
heihi-ihiraina,1,2SA 13:15,,
heḡahusina,1,2SA 13:15,,
lulugumu,1,2SA 13:16,,
hadabuadia,1,2SA 13:18,,
ima-lata,1,2SA 13:19,,
iolololona,1,2SA 13:19,,
dara-dokona,1,2SA 13:20,,
baal-hasoro,1,2SA 13:23,,
lalo-hisina,1,2SA 13:39,,
taula,1,2SA 14:2,,
murimuria,1,2SA 14:14,,
hamauna,1,2SA 14:16,,
mornokani,1,2SA 14:19,,
iaḡani,1,2SA 14:28,,
haragava,1,2SA 15:2,,
unai,1,2SA 15:2,,
rna,1,2SA 15:4,,
henilaia,1,2SA 15:7,,
lalo-goevaḡoevadia,1,2SA 15:11,,
uduguiraimumu,1,2SA 16:9,,
heuduguiraimu,1,2SA 16:10,,
boboera,1,2SA 16:14,,
gvvaurai,1,2SA 16:20,,
lalo-hadaina,1,2SA 17:7,,
harihan,1,2SA 17:9,,
iauegu,1,2SA 17:15,,
bamoarnu,1,2SA 17:16,,
itira,1,2SA 17:25,,
sobi,1,2SA 17:27,,
lentils,1,2SA 17:28,,
butter,1,2SA 17:29,,
giti,1,2SA 18:2,,
gadoina,1,2SA 18:8,,
veriveri,1,2SA 18:9,,
absalombe,1,2SA 18:29,,
daekauna,1,2SA 18:33,,
hanhari,1,2SA 19:7,,
hedoria,1,2SA 19:9,,
masemaseva,1,2SA 19:9,,
kaui,1,2SA 19:11,,
rou,1,2SA 19:17,,
ihedavan-henina,1,2SA 19:24,,
haḡoevadiava,1,2SA 19:24,,
huridiava,1,2SA 19:24,,
damal,1,2SA 19:25,,
ubuava,1,2SA 19:32,,
dadihaimai,1,2SA 19:41,,
magudia,1,2SA 20:6,,
hahekwarahida,1,2SA 20:6,,
nadi-bada,1,2SA 20:8,,
iḡiḡi-dobina,1,2SA 20:15,,
gugu,1,2SA 20:15,,
hadikamaiva,1,2SA 21:5,,
ihabua-tarimai,1,2SA 21:5,,
aramoni,1,2SA 21:8,,
nadi-haga,1,2SA 21:10,,
alno,1,2SA 21:12,,
isibibenob,1,2SA 21:16,,
safa,1,2SA 21:18,,
iaare-oregimi,1,2SA 21:19,,
cata,1,2SA 21:22,,
oriorina,1,2SA 23:4,,
loseb-basebete,1,2SA 23:8,,
takemono,1,2SA 23:8,,
age,1,2SA 23:11,,
refairn,1,2SA 23:13,,
hegereḡere,1,2SA 23:16,,
elika,1,2SA 23:25,,
mebunai,1,2SA 23:27,,
helebe,1,2SA 23:29,,
hidai,1,2SA 23:30,,
abialabono,1,2SA 23:31,,
lasene,1,2SA 23:32,,
sarara,1,2SA 23:33,,
ahasabai,1,2SA 23:34,,
paarai,1,2SA 23:35,,
henirnumu,1,2SA 24:12,,
siahua,1,1KI 1:1,,
palana,1,1KI 1:19,,
ihahenamohenina,1,1KI 1:47,,
doḡadoḡa,1,1KI 2:2,,
hadediba,1,1KI 2:3,,
hagwauhamatamu,1,1KI 2:42,,
haheganina,1,1KI 2:43,,
gabudiava,1,1KI 3:3,,
enoa,1,1KI 3:19,,
mahutagu,1,1KI 3:20,,
elihorefe,1,1KI 4:3,,
sabud,1,1KI 4:5,,
ahisara,1,1KI 4:6,,
ben-huru,1,1KI 4:8,,
ben-dekere,1,1KI 4:9,,
maka,1,1KI 4:9,,
elono-bete-hanana,1,1KI 4:9,,
ben-hesed,1,1KI 4:10,,
aruboto,1,1KI 4:10,,
ben-abinadab,1,1KI 4:11,,
tafata,1,1KI 4:11,,
lokomeama,1,1KI 4:12,,
ben-gebere,1,1KI 4:13,,
ahinadab,1,1KI 4:14,,
parua,1,1KI 4:17,,
gebere,1,1KI 4:19,,
mia-kurona,1,1KI 4:22,,
tifsa,1,1KI 4:24,,
hadabudiava,1,1KI 4:27,,
esraha,1,1KI 4:31,,
maholo,1,1KI 4:31,,
nadi-maḡudia,1,1KI 4:33,,
gereburua,1,1KI 5:11,,
ninidia,1,1KI 5:17,,
rumahagini,1,1KI 5:18,,
feet,1,1KI 6:2,,
nadi-ḡei,1,1KI 6:7,,
law,1,1KI 6:7,,
ere-ta,1,1KI 6:10,,
siriua,1,1KI 6:10,,
lalo-ikoudia,1,1KI 6:15,,
seroa,1,1KI 6:21,,
ikoro,1,1KI 6:32,,
ha-ahudia,1,1KI 6:32,,
bulu,1,1KI 6:38,,
lalohadailaiva,1,1KI 6:38,,
ḡoevagoeva,1,1KI 7:9,,
reke-dae,1,1KI 7:17,,
moḡedia,1,1KI 7:17,,
ilahasi,1,1KI 7:20,,
autubua,1,1KI 7:22,,
haheḡegea,1,1KI 7:24,,
ihaheinidia,1,1KI 7:29,,
lalo-heḡeḡe,1,1KI 7:31,,
idogo-taolaina,1,1KI 7:33,,
tohedia,1,1KI 7:38,,
ihagoevadia,1,1KI 7:50,,
etanimi,1,1KI 8:2,,
ganmu,1,1KI 8:40,,
borna,1,1KI 8:44,,
irnadia,1,1KI 8:46,,
gurirnu,1,1KI 8:48,,
dihirnu,1,1KI 8:53,,
rakatanida,1,1KI 8:57,,
dadaraida,1,1KI 8:57,,
lalo-momokanina,1,1KI 9:4,,
hadabilaia,1,1KI 9:16,,
haguḡurua,1,1KI 9:25,,
tons,1,1KI 9:28,,
pavapavarta,1,1KI 10:17,,
ḡoevaḡoeva-hereana,1,1KI 10:18,,
girodia,1,1KI 11:2,,
paranlai,1,1KI 11:18,,
reson,1,1KI 11:23,,
serua,1,1KI 11:26,,
hagaukaradia,1,1KI 11:28,,
rehohoam,1,1KI 12:6,,
gabu-helaḡadia,1,1KI 12:32,,
sivaradia,1,1KI 13:11,,
haguria,1,1KI 13:31,,
haveve,1,1KI 14:9,,
karadikalai,1,1KI 14:16,,
lav,1,1KI 14:17,,
hagabua,1,1KI 15:13,,
tabarimono,1,1KI 15:18,,
hesiono,1,1KI 15:18,,
iono,1,1KI 15:20,,
kara-dikalai,1,1KI 15:30,,
iharuahui-tauratoina,1,1KI 16:8,,
ginata,1,1KI 16:21,,
ihatoiahui-tana,1,1KI 16:23,,
lesebel,1,1KI 16:31,,
etebaal,1,1KI 16:31,,
hiele,1,1KI 16:34,,
sarepata,1,1KI 17:7,,
hakwabua,1,1KI 18:10,,
egea,1,1KI 18:26,,
lae,1,1KI 18:33,,
hatoia,1,1KI 18:34,,
dirla,1,1KI 18:36,,
dubaia,1,1KI 18:45,,
maimu-maimuna,1,1KI 19:12,,
abel-mehola,1,1KI 19:16,,
vauranai,1,1KI 19:18,,
ruaiava,1,1KI 19:19,,
taunmanima,1,1KI 19:21,,
toiahui-rua,1,1KI 20:1,,
hahekwarahidamu,1,1KI 20:7,,
lakwa,1,1KI 20:27,,
ibotana,1,1KI 20:35,,
ihahemaoro-henimu,1,1KI 20:40,,
atlaba,1,1KI 21:2,,
irneana,1,1KI 21:18,,
dikahereadia,1,1KI 21:26,,
regereḡeda,1,1KI 22:3,,
laurnana,1,1KI 22:22,,
digulaia,1,1KI 22:38,,
gabuava,1,1KI 22:43,,
lehoram,1,2KI 1:17,,
noinoilaiamu,1,2KI 2:10,,
ruru-nege,1,2KI 2:21,,
iehroam,1,2KI 3:1,,
atoda,1,2KI 3:10,,
dairidia,1,2KI 3:11,,
basinarna,1,2KI 3:14,,
gohogohudia,1,2KI 3:16,,
vedadia,1,2KI 4:4,,
haḡavaia,1,2KI 4:24,,
siahu-siahu,1,2KI 4:34,,
reredia,1,2KI 4:39,,
baal-salisa,1,2KI 4:42,,
iheai-henigu,1,2KI 5:7,,
lepragu,1,2KI 5:11,,
abana,1,2KI 5:12,,
farapara,1,2KI 5:12,,
heuru,1,2KI 5:14,,
rirnon,1,2KI 5:18,,
tau-eregabedia,1,2KI 5:22,,
hahualaidia,1,2KI 5:23,,
auau,1,2KI 6:6,,
hakenia,1,2KI 6:6,,
bamodamu,1,2KI 6:16,,
hehvarahi,1,2KI 6:33,,
laputani,1,2KI 7:7,,
mata-hakanina,1,2KI 7:9,,
hehemata,1,2KI 7:10,,
hegaeḡaelaia,1,2KI 7:12,,
hitolodamu,1,2KI 7:12,,
rakalania,1,2KI 7:12,,
hepetapetalai,1,2KI 7:15,,
hamaorolaiava,1,2KI 8:5,,
sairi,1,2KI 8:21,,
ravadia,1,2KI 8:27,,
gorereava,1,2KI 8:29,,
in,1,2KI 9:12,,
vadavadadia,1,2KI 9:13,,
ihaheauna,1,2KI 9:20,,
hetaba,1,2KI 9:24,,
bidikara,1,2KI 9:25,,
bete-hagana,1,2KI 9:27,,
umudia,1,2KI 9:30,,
pisipisidia,1,2KI 9:33,,
itomadihohenina,1,2KI 10:19,,
kobena,1,2KI 10:22,,
lehonadab,1,2KI 10:23,,
halasihiaia,1,2KI 10:28,,
gdead,1,2KI 10:33,,
iehoseba,1,2KI 11:2,,
hanamolai,1,2KI 12:5,,
iosakara,1,2KI 12:21,,
hosi-gu,1,2KI 13:7,,
rakalaidiava,1,2KI 13:11,,
hadadidadiva,1,2KI 13:20,,
leho-adini,1,2KI 14:2,,
deuteronomi,1,2KI 14:6,,
sekana,1,2KI 15:7,,
ibleama,1,2KI 15:10,,
iha-imahui-ruana,1,2KI 15:27,,
iotama,1,2KI 15:30,,
nadi-palaka,1,2KI 16:17,,
murirnuri,1,2KI 16:18,,
kuta,1,2KI 17:24,,
sukoto-benoto,1,2KI 17:30,,
kutu,1,2KI 17:30,,
neregala,1,2KI 17:30,,
ekaraia,1,2KI 17:30,,
nibihasa,1,2KI 17:31,,
tarataka,1,2KI 17:31,,
anam-melek,1,2KI 17:31,,
nahua-toho,1,2KI 17:37,,
nehustana,1,2KI 18:4,,
taratana,1,2KI 18:17,,
helahalahamu,1,2KI 18:19,,
helairnu,1,2KI 18:26,,
taḡemui,1,2KI 18:27,,
koirnui,1,2KI 18:29,,
hahetaomui,1,2KI 18:30,,
ituarihenimu,1,2KI 19:9,,
hehuni-hereana,1,2KI 19:23,,
ha-ikerukerudia,1,2KI 20:9,,
haraḡana,1,2KI 20:10,,
dina-hahetohona,1,2KI 20:11,,
imahai-ima,1,2KI 21:1,,
hefisiba,1,2KI 21:1,,
haloaloadia,1,2KI 21:8,,
mesulemete,1,2KI 21:19,,
harusu,1,2KI 21:19,,
lotoba,1,2KI 21:19,,
arnon,1,2KI 21:24,,
henegalala,1,2KI 21:24,,
ledida,1,2KI 22:1,,
herevada,1,2KI 22:13,,
harahasa,1,2KI 22:14,,
hanohodiava,1,2KI 23:7,,
natana-melek,1,2KI 23:11,,
atai-daiutuna,1,2KI 23:12,,
haḡaraḡaraiava,1,2KI 23:26,,
sebida,1,2KI 23:36,,
rumaha,1,2KI 23:36,,
lehoiakini,1,2KI 24:6,,
gwautataurahani,1,2KI 24:8,,
nehusuta,1,2KI 24:8,,
heḡeḡeva,1,2KI 24:11,,
iehoiakina,1,2KI 24:15,,
ihatamahani-tana,1,2KI 25:3,,
haheḡigidia,1,2KI 25:10,,
labora-laboraidia,1,2KI 25:16,,
iaet,1,1CH 1:4,,
ifet,1,1CH 1:5,,
lavan,1,1CH 1:5,,
difata,1,1CH 1:6,,
ivan,1,1CH 1:7,,
ikotan,1,1CH 1:20,,
homam,1,1CH 1:39,,
alian,1,1CH 1:40,,
hamaran,1,1CH 1:41,,
laakan,1,1CH 1:42,,
akahoro,1,1CH 1:49,,
pai,1,1CH 1:50,,
iduhu-lohiadia,1,1CH 1:51,,
alia,1,1CH 1:51,,
letete,1,1CH 1:51,,
iduhulohiadia,1,1CH 1:54,,
akara,1,1CH 2:7,,
kwasima,1,1CH 2:7,,
kelubai,1,1CH 2:9,,
radai,1,1CH 2:14,,
lerioto,1,1CH 2:18,,
aradono,1,1CH 2:18,,
tauratoiahui,1,1CH 2:23,,
orene,1,1CH 2:25,,
atara,1,1CH 2:26,,
maasa,1,1CH 2:27,,
ekere,1,1CH 2:27,,
sarnai,1,1CH 2:28,,
ahabana,1,1CH 2:29,,
molidi,1,1CH 2:29,,
apaimi,1,1CH 2:30,,
apairni,1,1CH 2:31,,
iada,1,1CH 2:32,,
sasa,1,1CH 2:33,,
lorokeama,1,1CH 2:44,,
iahadai,1,1CH 2:47,,
regeme,1,1CH 2:47,,
gesana,1,1CH 2:47,,
sebere,1,1CH 2:48,,
tirihana,1,1CH 2:48,,
makabena,1,1CH 2:49,,
harefe,1,1CH 2:51,,
bete-gadere,1,1CH 2:51,,
haroe,1,1CH 2:52,,
menuhoto,1,1CH 2:52,,
kiriata-iearimi,1,1CH 2:53,,
puti,1,1CH 2:53,,
sumata,1,1CH 2:53,,
misira,1,1CH 2:53,,
ataroto-bete-ioab,1,1CH 2:54,,
soro,1,1CH 2:54,,
tirata,1,1CH 2:55,,
sukata,1,1CH 2:55,,
malkiram,1,1CH 3:18,,
senasara,1,1CH 3:18,,
hosama,1,1CH 3:18,,
nedabia,1,1CH 3:18,,
hasuba,1,1CH 3:20,,
ohele,1,1CH 3:20,,
hasadia,1,1CH 3:20,,
lusaba-hesede,1,1CH 3:20,,
aranana,1,1CH 3:21,,
baria,1,1CH 3:22,,
anani,1,1CH 3:24,,
lahada,1,1CH 4:2,,
isma,1,1CH 4:3,,
idibasa,1,1CH 4:3,,
haseleleponi,1,1CH 4:3,,
husa,1,1CH 4:4,,
ahusama,1,1CH 4:6,,
temeni,1,1CH 4:6,,
haahasatari,1,1CH 4:6,,
serete,1,1CH 4:7,,
isara,1,1CH 4:7,,
etenana,1,1CH 4:7,,
anubu,1,1CH 4:8,,
sobeba,1,1CH 4:8,,
aharahele,1,1CH 4:8,,
harumu,1,1CH 4:8,,
suha,1,1CH 4:11,,
mehin,1,1CH 4:11,,
mehiri,1,1CH 4:11,,
bete-rafa,1,1CH 4:12,,
irinahasa,1,1CH 4:12,,
reka,1,1CH 4:12,,
hatata,1,1CH 4:13,,
naama,1,1CH 4:15,,
sifaha,1,1CH 4:16,,
tiria,1,1CH 4:16,,
ialono,1,1CH 4:17,,
bitia,1,1CH 4:17,,
isiba,1,1CH 4:17,,
ierede,1,1CH 4:18,,
lekutiele,1,1CH 4:18,,
nahama,1,1CH 4:19,,
garama,1,1CH 4:19,,
sirnono,1,1CH 4:20,,
benhanana,1,1CH 4:20,,
tilono,1,1CH 4:20,,
sohete,1,1CH 4:20,,
ben-sohete,1,1CH 4:20,,
leka,1,1CH 4:21,,
laada,1,1CH 4:21,,
bet-asabea,1,1CH 4:21,,
lokimi,1,1CH 4:22,,
koseba,1,1CH 4:22,,
leheme,1,1CH 4:22,,
netaimi,1,1CH 4:23,,
misirna,1,1CH 4:25,,
hamuele,1,1CH 4:26,,
tolada,1,1CH 4:29,,
hasara-susirni,1,1CH 4:31,,
bete-biri,1,1CH 4:31,,
tokene,1,1CH 4:32,,
mesobaba,1,1CH 4:34,,
iamlek,1,1CH 4:34,,
iosa,1,1CH 4:34,,
iosibia,1,1CH 4:35,,
iaakoba,1,1CH 4:36,,
iesohaia,1,1CH 4:36,,
iesimiele,1,1CH 4:36,,
sirnri,1,1CH 4:37,,
tautauna,1,1CH 4:40,,
goḡ,1,1CH 5:4,,
asasa,1,1CH 5:8,,
safama,1,1CH 5:12,,
lanai,1,1CH 5:12,,
iorai,1,1CH 5:13,,
iakan,1,1CH 5:13,,
lado,1,1CH 5:14,,
iado,1,1CH 5:14,,
ahi,1,1CH 5:15,,
abdiele,1,1CH 5:15,,
imaredia,1,1CH 5:18,,
leturu,1,1CH 5:19,,
nodaba,1,1CH 5:19,,
baal-heremon,1,1CH 5:23,,
iahadiele,1,1CH 5:24,,
haḡaraḡara,1,1CH 5:26,,
arnram,1,1CH 6:3,,
arnaria,1,1CH 6:11,,
leaterai,1,1CH 6:21,,
sarnuel,1,1CH 6:33,,
iatiri,1,1CH 6:57,,
hilene,1,1CH 6:58,,
iokomeama,1,1CH 6:68,,
bileama,1,1CH 6:70,,
dabera,1,1CH 6:72,,
aneme,1,1CH 6:73,,
masala,1,1CH 6:74,,
hukoko,1,1CH 6:75,,
ieriele,1,1CH 7:2,,
iahamai,1,1CH 7:2,,
ibsam,1,1CH 7:2,,
iaimaosi,1,1CH 7:7,,
semira,1,1CH 7:8,,
eliesara,1,1CH 7:8,,
setana,1,1CH 7:10,,
ahisahara,1,1CH 7:10,,
heheḡaegae,1,1CH 7:11,,
ahere,1,1CH 7:12,,
iasiel,1,1CH 7:13,,
hupirn,1,1CH 7:15,,
perehe,1,1CH 7:16,,
uiama,1,1CH 7:16,,
rakeme,1,1CH 7:16,,
bedana,1,1CH 7:17,,
hamolekete,1,1CH 7:18,,
isihod,1,1CH 7:18,,
ahiana,1,1CH 7:19,,
likihi,1,1CH 7:19,,
aniama,1,1CH 7:19,,
ihenaodia,1,1CH 7:21,,
seera,1,1CH 7:24,,
usene-sera,1,1CH 7:24,,
naaran,1,1CH 7:28,,
aiaha,1,1CH 7:28,,
birisaiti,1,1CH 7:31,,
iaflete,1,1CH 7:33,,
pasaka,1,1CH 7:33,,
bimihala,1,1CH 7:33,,
asavata,1,1CH 7:33,,
roga,1,1CH 7:34,,
iehuba,1,1CH 7:34,,
helere,1,1CH 7:35,,
selese,1,1CH 7:35,,
amala,1,1CH 7:35,,
haranefere,1,1CH 7:36,,
beri,1,1CH 7:36,,
imra,1,1CH 7:36,,
hod,1,1CH 7:37,,
silsa,1,1CH 7:37,,
pisipa,1,1CH 7:38,,
risia,1,1CH 7:39,,
ahara,1,1CH 8:1,,
abihud,1,1CH 8:3,,
ahoa,1,1CH 8:4,,
sefufana,1,1CH 8:5,,
hegelama,1,1CH 8:7,,
saharaimi,1,1CH 8:8,,
baara,1,1CH 8:8,,
hodese,1,1CH 8:9,,
malkam,1,1CH 8:9,,
sakia,1,1CH 8:10,,
mirima,1,1CH 8:10,,
abitub,1,1CH 8:11,,
misama,1,1CH 8:12,,
semede,1,1CH 8:12,,
ispa,1,1CH 8:16,,
hiski,1,1CH 8:17,,
isimerai,1,1CH 8:18,,
islia,1,1CH 8:18,,
iakimi,1,1CH 8:19,,
elienai,1,1CH 8:20,,
beraia,1,1CH 8:21,,
simirata,1,1CH 8:21,,
isipana,1,1CH 8:22,,
antotia,1,1CH 8:24,,
ifideia,1,1CH 8:25,,
samaserai,1,1CH 8:26,,
seharia,1,1CH 8:26,,
iaresia,1,1CH 8:27,,
sikn,1,1CH 8:27,,
sekere,1,1CH 8:31,,
ibneia,1,1CH 9:8,,
mikri,1,1CH 9:8,,
ibnia,1,1CH 9:8,,
maasai,1,1CH 9:12,,
bakabakara,1,1CH 9:15,,
herese,1,1CH 9:15,,
hegaeḡaeva,1,1CH 9:30,,
heḡaeḡaelaiava,1,1CH 9:32,,
simeama,1,1CH 9:38,,
simin,1,1CH 9:42,,
pasadamimi,1,1CH 11:13,,
goadaherea,1,1CH 11:18,,
samota,1,1CH 11:27,,
ilai,1,1CH 11:29,,
helede,1,1CH 11:30,,
hurai,1,1CH 11:32,,
baharumu,1,1CH 11:33,,
haseme,1,1CH 11:34,,
gisono,1,1CH 11:34,,
sage,1,1CH 11:34,,
elifala,1,1CH 11:35,,
mekerata,1,1CH 11:36,,
naarai,1,1CH 11:37,,
esebai,1,1CH 11:37,,
mibhara,1,1CH 11:38,,
hagri,1,1CH 11:38,,
adina,1,1CH 11:42,,
mitini,1,1CH 11:43,,
tisi,1,1CH 11:45,,
mahava,1,1CH 11:46,,
ieribai,1,1CH 11:46,,
iosavia,1,1CH 11:46,,
elnama,1,1CH 11:46,,
itima,1,1CH 11:46,,
mesoba,1,1CH 11:47,,
ikinodia,1,1CH 12:2,,
idavedia,1,1CH 12:2,,
ima-idibadia,1,1CH 12:2,,
ima-lauridia,1,1CH 12:2,,
lesiele,1,1CH 12:3,,
elusai,1,1CH 12:5,,
ierirnoto,1,1CH 12:5,,
bealia,1,1CH 12:5,,
harufu,1,1CH 12:5,,
ioesere,1,1CH 12:6,,
ioela,1,1CH 12:7,,
misimana,1,1CH 12:10,,
makabanai,1,1CH 12:13,,
dagimaragi,1,1CH 12:14,,
dagi-bada,1,1CH 12:14,,
ihedavan-henidia,1,1CH 12:17,,
durumumu,1,1CH 12:18,,
iodia,1,1CH 12:34,,
baitame,1,1CH 13:2,,
kidono,1,1CH 13:9,,
elpelete,1,1CH 14:5,,
beliada,1,1CH 14:7,,
dondia,1,1CH 14:15,,
ibotadia,1,1CH 15:16,,
hadae,1,1CH 15:16,,
kusaia,1,1CH 15:17,,
aurilaboralabora,1,1CH 15:19,,
lehia,1,1CH 15:24,,
galaḡalava,1,1CH 15:29,,
harohomai,1,1CH 16:35,,
lada-bada,1,1CH 17:8,,
arrto,1,1CH 17:21,,
vairarnu,1,1CH 17:24,,
hanlat,1,1CH 18:3,,
tibihata,1,1CH 18:8,,
savasa,1,1CH 18:16,,
arama-maaka,1,1CH 19:6,,
sipai,1,1CH 20:4,,
lahami,1,1CH 20:5,,
kwadiva,1,1CH 21:20,,
ihaginilaina,1,1CH 22:2,,
hekwarahi-badagu,1,1CH 22:14,,
domagagwauta,1,1CH 22:14,,
nadi-hagini,1,1CH 22:15,,
ima-karakara,1,1CH 22:15,,
hagedaia,1,1CH 22:18,,
hanamnoa,1,1CH 23:5,,
dodidiai,1,1CH 23:6,,
hasiele,1,1CH 23:9,,
flaoadia,1,1CH 23:29,,
itatao,1,1CH 24:5,,
seorimi,1,1CH 24:8,,
ihagwautaruana,1,1CH 24:12,,
lakimi,1,1CH 24:12,,
hupa,1,1CH 24:13,,
iesebeaba,1,1CH 24:13,,
ihagwautahituna,1,1CH 24:15,,
hapisese,1,1CH 24:15,,
iehesekele,1,1CH 24:16,,
gamulu,1,1CH 24:17,,
sohama,1,1CH 24:27,,
ibri,1,1CH 24:27,,
lerimoto,1,1CH 24:30,,
man,1,1CH 24:31,,
asarela,1,1CH 25:2,,
negeregere,1,1CH 25:8,,
isiri,1,1CH 25:11,,
lesarela,1,1CH 25:14,,
lediaele,1,1CH 26:2,,
iataniele,1,1CH 26:2,,
peuletai,1,1CH 26:5,,
otni,1,1CH 26:7,,
refaele,1,1CH 26:7,,
semakia,1,1CH 26:7,,
tebalia,1,1CH 26:11,,
iduanai-henidia,1,1CH 26:13,,
salekete,1,1CH 26:16,,
leria,1,1CH 26:31,,
ihahari-ahuina,1,1CH 26:31,,
dodai,1,1CH 27:4,,
amisabad,1,1CH 27:6,,
samahutu,1,1CH 27:8,,
isiraha,1,1CH 27:8,,
ihataurahanitana,1,1CH 27:12,,
iaunimanima,1,1CH 27:24,,
esri,1,1CH 27:26,,
ramata,1,1CH 27:27,,
sifimi,1,1CH 27:27,,
sitrai,1,1CH 27:29,,
adlai,1,1CH 27:29,,
obili,1,1CH 27:30,,
iasisi,1,1CH 27:30,,
hagere,1,1CH 27:30,,
lalo-uramu,1,1CH 28:9,,
kibokibo,1,1CH 28:17,,
ima-namo,1,1CH 29:5,,
lalo-uradia,1,1CH 29:9,,
ihabadadia,1,1CH 29:12,,
hamiadia,1,1CH 29:18,,
lehove,1,2CH 1:5,,
sukeaudia,1,2CH 1:15,,
atai-dorivadorivana,1,2CH 2:6,,
hoa-mase,1,2CH 2:9,,
gerehu-hitu,1,2CH 2:18,,
laloikoudia,1,2CH 3:5,,
paravaimi,1,2CH 3:6,,
vaiunna,1,2CH 3:14,,
hakamo,1,2CH 3:16,,
badahereana,1,2CH 4:6,,
iḡegelaidia,1,2CH 4:12,,
momo-momo,1,2CH 4:18,,
hese,1,2CH 6:6,,
atulai,1,2CH 6:11,,
maua-helagana,1,2CH 6:41,,
hamedea,1,2CH 6:42,,
hakirara,1,2CH 7:15,,
hamata-soba,1,2CH 8:3,,
tadamoro,1,2CH 8:4,,
betehorono,1,2CH 8:5,,
hagaukaraia,1,2CH 8:9,,
adavarnu,1,2CH 9:7,,
palakapalaka,1,2CH 9:16,,
ae-hadai,1,2CH 9:18,,
suke-audia,1,2CH 9:27,,
rehoboarn,1,2CH 9:31,,
betesuru,1,2CH 11:7,,
adoraimi,1,2CH 11:9,,
hahedaia,1,2CH 11:17,,
leusu,1,2CH 11:19,,
sahama,1,2CH 11:19,,
gerebutauratoi,1,2CH 12:3,,
suki,1,2CH 12:3,,
ituari-henimui,1,2CH 13:12,,
hahedibadiba,1,2CH 15:3,,
ororo-hanuadia,1,2CH 15:8,,
hapatapataia,1,2CH 15:16,,
ihatoiahui-imana,1,2CH 15:19,,
ihatoiahui-tauratoina,1,2CH 16:1,,
abele-maimi,1,2CH 16:4,,
ihatoiahui-taurahanitana,1,2CH 16:12,,
ihahariahui-tana,1,2CH 16:13,,
ben-haili,1,2CH 17:7,,
lehonatan,1,2CH 17:8,,
tobadonia,1,2CH 17:8,,
mrava,1,2CH 18:13,,
issel,1,2CH 18:19,,
sekedia,1,2CH 18:23,,
tomarnu,1,2CH 18:26,,
hedori,1,2CH 18:34,,
ihedavarihenina,1,2CH 19:2,,
boga-aukamui,1,2CH 19:11,,
hamaunmai,1,2CH 20:9,,
ima-dava,1,2CH 20:11,,
ituari-henimai,1,2CH 20:12,,
ieruele,1,2CH 20:16,,
ihahoadia,1,2CH 20:22,,
rohadia,1,2CH 20:24,,
dodavahu,1,2CH 20:37,,
bogaraumu,1,2CH 21:15,,
n-ai,1,2CH 21:19,,
ha-arava,1,2CH 21:19,,
elisafat,1,2CH 23:1,,
gunalaiava,1,2CH 23:13,,
heloareana,1,2CH 23:19,,
bubuava,1,2CH 24:11,,
atoava,1,2CH 24:11,,
hehaḡani,1,2CH 24:20,,
simiriti,1,2CH 24:26,,
ieho-adana,1,2CH 25:1,,
maorova,1,2CH 25:2,,
lalo-ḡoevaḡoevana,1,2CH 25:2,,
sinaltu-ta,1,2CH 25:6,,
ḡaraḡaradia,1,2CH 25:10,,
ava-ḡinigini,1,2CH 25:18,,
labne,1,2CH 26:6,,
guru-baal,1,2CH 26:7,,
haperea,1,2CH 26:8,,
diagunidia,1,2CH 26:9,,
ikinolaidia,1,2CH 26:15,,
ipidi-lasilaidia,1,2CH 26:15,,
igabulaina,1,2CH 26:19,,
arnoso,1,2CH 26:22,,
tohoava,1,2CH 27:6,,
irakakahi-henina,1,2CH 28:9,,
badumui,1,2CH 28:9,,
iehisikia,1,2CH 28:12,,
hadalai,1,2CH 28:12,,
hakerereda,1,2CH 28:13,,
gimiso,1,2CH 28:18,,
ruahui-taurahanita,1,2CH 29:1,,
maoromaoroava,1,2CH 29:2,,
ihoalaidia,1,2CH 29:8,,
isi-henidia,1,2CH 29:8,,
leuele,1,2CH 29:13,,
iehuele,1,2CH 29:14,,
ihagwautatauratoina,1,2CH 29:17,,
heḡaeḡaelaidia,1,2CH 29:19,,
matai-hanai,1,2CH 29:30,,
inihohodia,1,2CH 29:32,,
nahelaḡa,1,2CH 29:34,,
ihatamonadia,1,2CH 30:12,,
haheganilai,1,2CH 30:12,,
henevarilaia,1,2CH 30:16,,
hamia,1,2CH 31:10,,
isimakia,1,2CH 31:13,,
hadabudia,1,2CH 31:16,,
hegigi,1,2CH 32:5,,
iḡonagonalaina,1,2CH 32:17,,
roḡe,1,2CH 32:28,,
dae-laona,1,2CH 32:33,,
imahui-ima,1,2CH 33:1,,
oirava,1,2CH 33:7,,
tauimanima,1,2CH 33:17,,
madaidia,1,2CH 34:6,,
kapa-kapa,1,2CH 34:11,,
ihanamo-loudia,1,2CH 34:11,,
mesularna,1,2CH 34:12,,
aeto,1,2CH 34:15,,
tokohata,1,2CH 34:22,,
hasra,1,2CH 34:22,,
lalo-haraḡadia,1,2CH 35:8,,
henevarilai,1,2CH 35:11,,
gara-kau,1,2CH 36:10,,
iabi-maurina,1,2CH 36:16,,
bogaragirnui,1,2CH 36:23,,
laionai,1,EZR 1:1,,
reelaia,1,EZR 2:2,,
mispara,1,EZR 2:2,,
gibara,1,EZR 2:20,,
kiriat-arimi,1,EZR 2:25,,
magabisi,1,EZR 2:30,,
sinahu-tuaratoi,1,EZR 2:35,,
siaha,1,EZR 2:44,,
hagabaha,1,EZR 2:45,,
samalai,1,EZR 2:46,,
nefisimi,1,EZR 2:50,,
basalutu,1,EZR 2:52,,
hasoferete,1,EZR 2:55,,
peruda,1,EZR 2:55,,
iaala,1,EZR 2:56,,
ami,1,EZR 2:57,,
adana,1,EZR 2:59,,
habaia,1,EZR 2:61,,
henadab,1,EZR 3:9,,
hadava-hadava,1,EZR 3:11,,
mailaimai,1,EZR 4:2,,
bisilama,1,EZR 4:7,,
osonopara,1,EZR 4:10,,
hadibamumu,1,EZR 4:16,,
ekebatana,1,EZR 6:2,,
ihahelagana,1,EZR 6:17,,
gaukaralai,1,EZR 7:18,,
ḡuguru,1,EZR 7:23,,
iosifia,1,EZR 8:10,,
hakatan,1,EZR 8:12,,
loiaribi,1,EZR 8:16,,
vauta-rua,1,EZR 8:35,,
dika-herea,1,EZR 9:1,,
aukigu,1,EZR 9:3,,
rakasidia,1,EZR 9:3,,
dara-dokogu,1,EZR 9:4,,
dabuagu,1,EZR 9:5,,
hahedokigu,1,EZR 9:5,,
hekamo-kau,1,EZR 9:8,,
hagoadamai,1,EZR 9:8,,
imaḡu-ahumai,1,EZR 9:9,,
ḡaunaiamu,1,EZR 9:11,,
roho-maurina,1,EZR 9:14,,
vauhamata,1,EZR 10:2,,
lahaseia,1,EZR 10:15,,
laribi,1,EZR 10:18,,
kelaia,1,EZR 10:23,,
ramia,1,EZR 10:25,,
asisa,1,EZR 10:27,,
atalai,1,EZR 10:28,,
lasub,1,EZR 10:29,,
seala,1,EZR 10:29,,
kelala,1,EZR 10:30,,
ieremai,1,EZR 10:33,,
maadai,1,EZR 10:34,,
uele,1,EZR 10:34,,
bedeia,1,EZR 10:35,,
keluhi,1,EZR 10:35,,
vania,1,EZR 10:36,,
iaasu,1,EZR 10:37,,
maknadebai,1,EZR 10:40,,
sasai,1,EZR 10:40,,
sebina,1,EZR 10:43,,
iadai,1,EZR 10:43,,
tailaiava,1,NEH 1:4,,
dokodokodia,1,NEH 1:9,,
hamoroa,1,NEH 2:3,,
guilaia,1,NEH 2:12,,
gagae,1,NEH 2:17,,
gonagonalaimai,1,NEH 2:19,,
ilalolaimui,1,NEH 2:20,,
hasena,1,NEH 3:3,,
besodeia,1,NEH 3:6,,
melatia,1,NEH 3:7,,
ladono,1,NEH 3:7,,
harahaia,1,NEH 3:8,,
harumafa,1,NEH 3:10,,
bete-hakereme,1,NEH 3:14,,
asabuku,1,NEH 3:16,,
bavai,1,NEH 3:18,,
palala,1,NEH 3:25,,
usai,1,NEH 3:25,,
salafa,1,NEH 3:30,,
mamanodia,1,NEH 4:2,,
senusenudia,1,NEH 4:2,,
ha-ahu,1,NEH 4:7,,
haheḡonua,1,NEH 4:8,,
kwadogi-hereadia,1,NEH 4:13,,
ihiririna,1,NEH 4:18,,
hamatalaimu,1,NEH 5:3,,
hamatalai,1,NEH 5:4,,
duanaigu,1,NEH 5:14,,
lohiadiava,1,NEH 5:15,,
kopi-pusedia,1,NEH 5:18,,
ikeho-hata,1,NEH 6:5,,
hagarimai,1,NEH 6:9,,
elulu,1,NEH 6:15,,
heilatao,1,NEH 7:5,,
raamia,1,NEH 7:7,,
nahamani,1,NEH 7:7,,
misperete,1,NEH 7:7,,
nehumu,1,NEH 7:7,,
bet-asamavete,1,NEH 7:28,,
hodeva,1,NEH 7:43,,
salmai,1,NEH 7:48,,
nefusesimi,1,NEH 7:52,,
basaliti,1,NEH 7:54,,
soferete,1,NEH 7:57,,
perida,1,NEH 7:57,,
laala,1,NEH 7:58,,
adono,1,NEH 7:61,,
hobaia,1,NEH 7:63,,
lada-tore,1,NEH 7:64,,
hasabadana,1,NEH 8:4,,
olivedia,1,NEH 8:15,,
kenani,1,NEH 9:4,,
hahoria,1,NEH 9:10,,
haparararaia,1,NEH 9:11,,
ha-aukava,1,NEH 9:16,,
edeedeva,1,NEH 9:17,,
lalodiava,1,NEH 9:17,,
honuhonu-daemu,1,NEH 9:17,,
digarava,1,NEH 9:25,,
daemai,1,NEH 9:37,,
ḡwau,1,NEH 9:37,,
bilgai,1,NEH 10:8,,
asania,1,NEH 10:9,,
beninu,1,NEH 10:13,,
nebai,1,NEH 10:19,,
magapiasa,1,NEH 10:20,,
iadua,1,NEH 10:21,,
pilha,1,NEH 10:24,,
sobek,1,NEH 10:24,,
hasabana,1,NEH 10:25,,
anana,1,NEH 10:26,,
lalopararadia,1,NEH 10:28,,
karaoadia,1,NEH 10:38,,
ikaroana,1,NEH 10:38,,
ihataurahanitadia,1,NEH 11:1,,
inoho,1,NEH 11:2,,
ataia,1,NEH 11:4,,
ioed,1,NEH 11:7,,
loed,1,NEH 11:7,,
gabai,1,NEH 11:8,,
amasahai,1,NEH 11:13,,
hagedolimi,1,NEH 11:14,,
losabad,1,NEH 11:16,,
guriḡurina,1,NEH 11:17,,
gispa,1,NEH 11:21,,
ere-gwaurai,1,NEH 11:24,,
iekabasele,1,NEH 11:25,,
mekona,1,NEH 11:28,,
en-rumon,1,NEH 11:29,,
nebalata,1,NEH 11:34,,
hataodia,1,NEH 11:36,,
ginetoi,1,NEH 12:4,,
maadia,1,NEH 12:5,,
loiakim,1,NEH 12:10,,
loiada,1,NEH 12:10,,
meraia,1,NEH 12:12,,
maluki,1,NEH 12:14,,
helekai,1,NEH 12:15,,
moadia,1,NEH 12:17,,
pilitai,1,NEH 12:17,,
iehonatan,1,NEH 12:18,,
kalai,1,NEH 12:20,,
bete-gilgal,1,NEH 12:29,,
milalai,1,NEH 12:36,,
gilalai,1,NEH 12:36,,
maai,1,NEH 12:36,,
nese-dae,1,NEH 12:37,,
ieselahia,1,NEH 12:42,,
hamolaedia,1,NEH 12:43,,
haboulaiva,1,NEH 13:5,,
ibalahenidia,1,NEH 13:13,,
iadavadia,1,NEH 13:27,,
rava-maragina,1,NEH 13:28,,
au-rakurakudia,1,NEH 13:31,,
vaiundia,1,EST 1:6,,
ikekedia,1,EST 1:6,,
diu,1,EST 1:7,,
mehumana,1,EST 1:10,,
bisita,1,EST 1:10,,
bigita,1,EST 1:10,,
abagata,1,EST 1:10,,
karakasa,1,EST 1:10,,
irefiuna,1,EST 1:10,,
karasena,1,EST 1:14,,
adamata,1,EST 1:14,,
merese,1,EST 1:14,,
marasena,1,EST 1:14,,
haheduana,1,EST 1:19,,
saasagasa,1,EST 2:14,,
natua,1,EST 2:15,,
tebete,1,EST 2:16,,
reguamu,1,EST 3:9,,
hahane-hahaneva,1,EST 4:3,,
baule,1,EST 4:4,,
davandia,1,EST 4:16,,
taravatua,1,EST 4:16,,
ginana,1,EST 5:2,,
hahebadelaidia,1,EST 6:2,,
ha-oremai,1,EST 7:4,,
pari,1,EST 7:4,,
imatana,1,EST 7:9,,
imatalaina,1,EST 7:10,,
vaḡivagina,1,EST 8:8,,
sivana,1,EST 8:9,,
loalaidia,1,EST 8:10,,
ḡaukaralaidiava,1,EST 8:14,,
parasanadata,1,EST 9:7,,
dalafono,1,EST 9:7,,
aspata,1,EST 9:7,,
porata,1,EST 9:8,,
adalia,1,EST 9:8,,
aridata,1,EST 9:8,,
paramasta,1,EST 9:9,,
arisai,1,EST 9:9,,
aridai,1,EST 9:9,,
vaisata,1,EST 9:9,,
edehohona,1,EST 9:12,,
garadia-,1,EST 9:27,,
purumi,1,EST 9:29,,
lobu,1,JOB 1:5,,
ruaruava,1,JOB 1:14,,
henau,1,JOB 2:8,,
daga-ahu,1,JOB 3:5,,
halalaḡaia,1,JOB 3:5,,
ila-itana,1,JOB 3:8,,
ihaona,1,JOB 3:8,,
hagabania,1,JOB 3:10,,
hahelaigu,1,JOB 3:12,,
helavahu,1,JOB 3:16,,
hahetuna,1,JOB 3:17,,
iditamu,1,JOB 3:20,,
itahina,1,JOB 3:21,,
daḡedagena,1,JOB 4:10,,
hemaunulaia,1,JOB 4:12,,
nihidia,1,JOB 4:13,,
deragu,1,JOB 4:15,,
haraga-haragamu,1,JOB 4:19,,
alaiamu,1,JOB 5:1,,
pisi,1,JOB 5:7,,
kerere-kererena,1,JOB 5:16,,
haheberomu,1,JOB 5:18,,
kumimu,1,JOB 5:18,,
herahu,1,JOB 5:18,,
ikumina,1,JOB 5:26,,
tarakigu,1,JOB 6:4,,
siohadia,1,JOB 6:4,,
batu,1,JOB 6:6,,
ḡoredia,1,JOB 6:10,,
oroamu,1,JOB 6:19,,
davalaigu,1,JOB 6:23,,
hanuaboidia,1,JOB 7:3,,
diva,1,JOB 7:6,,
tabagu,1,JOB 7:19,,
pariparimu,1,JOB 8:11,,
gohaiamu,1,JOB 8:12,,
hemoḡemu,1,JOB 8:17,,
hebutu,1,JOB 8:18,,
haheudea,1,JOB 9:6,,
e-idia,1,JOB 9:8,,
hadana,1,JOB 9:13,,
goada-helulu,1,JOB 9:19,,
taiga-dika,1,JOB 9:20,,
heiru,1,JOB 9:26,,
vanaḡidia,1,JOB 9:26,,
seigu,1,JOB 10:10,,
ranuka-ranuka,1,JOB 10:10,,
hahetarigu,1,JOB 10:10,,
ḡovagu,1,JOB 10:11,,
nahuagu,1,JOB 10:14,,
lanudia,1,JOB 12:15,,
hariolaidiamu,1,JOB 12:18,,
ruhadiamu,1,JOB 12:21,,
hararagadiamu,1,JOB 12:25,,
hereva-herevalaia,1,JOB 13:3,,
tahumui,1,JOB 13:9,,
herevara,1,JOB 13:18,,
hakahidia,1,JOB 13:27,,
imoidia,1,JOB 13:27,,
mouka-moukamu,1,JOB 13:28,,
ikahu-negegu,1,JOB 14:14,,
ae-dagagu,1,JOB 14:16,,
dimura-dimuramu,1,JOB 14:18,,
hehuhu-hehuhumu,1,JOB 14:19,,
hepui-hepui,1,JOB 15:2,,
dobirina,1,JOB 15:2,,
hahehonu,1,JOB 15:2,,
henega-hebouna,1,JOB 15:8,,
hui-buruka,1,JOB 15:10,,
tau-halo,1,JOB 15:11,,
hahururumu,1,JOB 15:12,,
hapouta-poutaiamu,1,JOB 15:27,,
habadika-badikaiamu,1,JOB 15:27,,
heḡaeḡaelaimu,1,JOB 15:35,,
hataiko-taiko,1,JOB 16:4,,
edebadana,1,JOB 16:6,,
havarodagu,1,JOB 16:8,,
varoda-varodana,1,JOB 16:8,,
habaru-habaru,1,JOB 16:10,,
atogumu,1,JOB 16:11,,
negegumu,1,JOB 16:11,,
hamakohigu,1,JOB 16:12,,
audunagu,1,JOB 16:13,,
taunimartima,1,JOB 17:6,,
kanudi-kanudiraigumu,1,JOB 17:6,,
haḡaraḡaraiamu,1,JOB 17:8,,
moru-gurina,1,JOB 18:8,,
helaoahuna,1,JOB 18:8,,
ibodi-kwanauna,1,JOB 18:10,,
hahavaiamu,1,JOB 18:11,,
hamamanoamu,1,JOB 18:12,,
heiene,1,JOB 18:15,,
oiari,1,JOB 18:18,,
lalagalaiamu,1,JOB 18:20,,
hakereregu,1,JOB 19:6,,
hadareregumu,1,JOB 19:10,,
ituari-henigu,1,JOB 19:12,,
iga-igaraigumu,1,JOB 19:17,,
horemu,1,JOB 19:20,,
hdhisigumu,1,JOB 19:22,,
hahisigumu,1,JOB 19:22,,
vaduna,1,JOB 19:24,,
mumutaia,1,JOB 20:15,,
ihakununa,1,JOB 20:23,,
audunana,1,JOB 20:25,,
ihadonodia,1,JOB 20:26,,
hahururua,1,JOB 20:26,,
maumauraidiamu,1,JOB 21:4,,
matadiai,1,JOB 21:8,,
mavarumu,1,JOB 21:11,,
ha-aonegaia,1,JOB 21:22,,
hidorona,1,JOB 21:24,,
lauma-iditana,1,JOB 21:25,,
hai,1,JOB 22:6,,
gari-taku,1,JOB 22:10,,
lalo-iditagu,1,JOB 23:2,,
idurulaigu,1,JOB 23:4,,
halalaḡaḡu,1,JOB 23:16,,
ḡeḡeḡu,1,JOB 23:17,,
gwauhamatadavana,1,JOB 24:3,,
momorudiae,1,JOB 24:6,,
metaidia,1,JOB 24:8,,
dadiamu,1,JOB 24:9,,
moidiamu,1,JOB 24:11,,
masediamu,1,JOB 24:11,,
darediamu,1,JOB 24:16,,
uneadia,1,JOB 24:18,,
geaka-geaka,1,JOB 24:19,,
dodomu,1,JOB 24:19,,
dorivanai,1,JOB 25:2,,
dobu-masemase,1,JOB 26:6,,
hahebouamu,1,JOB 26:8,,
hagaimaia,1,JOB 26:12,,
lahulahumu,1,JOB 26:14,,
guba-rahurahu,1,JOB 26:14,,
korikorirta,1,JOB 27:2,,
ha-iditaiamu,1,JOB 27:2,,
basinato,1,JOB 27:5,,
ano,1,JOB 28:2,,
ihavevena,1,JOB 28:2,,
hetahumu,1,JOB 28:3,,
manodia,1,JOB 28:11,,
glass,1,JOB 28:17,,
iahulahu,1,JOB 28:22,,
kevaruna,1,JOB 28:26,,
bamoguva,1,JOB 29:5,,
vataḡadia,1,JOB 29:6,,
maodia,1,JOB 29:10,,
dodomana,1,JOB 29:17,,
ramugu,1,JOB 29:19,,
rigigu,1,JOB 29:19,,
matamatamu,1,JOB 29:20,,
henariva,1,JOB 29:21,,
ḡauaiamu,1,JOB 30:3,,
bagubagumu,1,JOB 30:10,,
maorana,1,JOB 30:11,,
hearuru,1,JOB 30:12,,
mukona,1,JOB 30:18,,
hakoremaia,1,JOB 30:28,,
hevaka,1,JOB 30:30,,
morumorumu,1,JOB 30:30,,
itadiaimu,1,JOB 31:4,,
duahidiamu,1,JOB 31:4,,
hahetohogu,1,JOB 31:6,,
riria,1,JOB 31:10,,
havalahu-valahua,1,JOB 31:16,,
gunita,1,JOB 31:17,,
larolarogu,1,JOB 31:22,,
hahisina,1,JOB 31:23,,
haduagumu,1,JOB 32:18,,
inai-henigu,1,JOB 33:10,,
itadiava,1,JOB 33:21,,
aonga,1,JOB 34:2,,
patapatadiamu,1,JOB 34:37,,
hadibadibadamu,1,JOB 35:11,,
ha-aonegadamu,1,JOB 35:11,,
heidi-rorona,1,JOB 36:16,,
anelaiamu,1,JOB 36:24,,
varahudia,1,JOB 36:27,,
heturia-rikilaiamu,1,JOB 36:33,,
taho-diho,1,JOB 37:9,,
hetarimu,1,JOB 37:10,,
ihagugurudia,1,JOB 37:12,,
hevarivarina,1,JOB 37:18,,
ihamaoromaorolaidia,1,JOB 37:19,,
itaitana,1,JOB 37:22,,
digidia,1,JOB 38:13,,
muramuraia,1,JOB 38:14,,
lohilohi-dae,1,JOB 38:16,,
haita,1,JOB 38:25,,
deḡedegena-rahu,1,JOB 38:27,,
hunu-hetari,1,JOB 38:29,,
iḡuilaidia,1,JOB 38:31,,
ha-evaia,1,JOB 38:37,,
hemane,1,JOB 38:38,,
rakimu,1,JOB 38:40,,
maramu,1,JOB 39:3,,
habadinalaia,1,JOB 39:11,,
hahetapo-hetapoamu,1,JOB 39:13,,
rakatanidiamu,1,JOB 39:14,,
hasiahu-siahudia,1,JOB 39:14,,
kimoredia,1,JOB 39:23,,
sibo-hemataurai,1,JOB 40:10,,
hakwalimumu,1,JOB 40:14,,
hippopotamus,1,JOB 40:15,,
luna,1,JOB 40:17,,
hebani,1,JOB 40:17,,
gadaramu,1,JOB 40:20,,
toiamu,1,JOB 40:23,,
gadaralaia,1,JOB 41:5,,
vakaia,1,JOB 41:13,,
heḡeḡe-dae,1,JOB 41:14,,
hahekapa-hekapadia,1,JOB 41:15,,
hekahi-hekahi,1,JOB 41:16,,
kimoremore,1,JOB 41:19,,
hahodi-lasi,1,JOB 41:21,,
ha-aradiamu,1,JOB 41:21,,
haheḡari,1,JOB 41:22,,
baruru-barurudia,1,JOB 41:23,,
hahekapa-hekapadiamu,1,JOB 41:23,,
nadi-hurona,1,JOB 41:24,,
houka-houkana,1,JOB 41:27,,
hanahuaiamu,1,JOB 41:32,,
hahoagu,1,JOB 42:3,,
itamumu,1,JOB 42:5,,
vagivaḡina,1,JOB 42:11,,
lemima,1,JOB 42:14,,
kesia,1,JOB 42:14,,
kerene-hapuku,1,JOB 42:14,,
ḡuilaida,1,PSA 2:3,,
vahadia,1,PSA 3:7,,
gimagumu,1,PSA 4:8,,
ḡaragarana,1,PSA 6:1,,
pariparumu,1,PSA 6:6,,
doriva-doriva,1,PSA 7:17,,
higgaion,1,PSA 9:16,,
pururudiamu,1,PSA 10:5,,
hapataia,1,PSA 10:10,,
adaimu,1,PSA 11:2,,
bibinada,1,PSA 12:4,,
mauri-gabuna,1,PSA 12:5,,
ihavevelaina,1,PSA 12:6,,
heherea-dadae,1,PSA 16:3,,
koudiamu,1,PSA 17:10,,
gavagu,1,PSA 17:11,,
ha-aonegaiamu,1,PSA 19:7,,
haodaia,1,PSA 20:5,,
rak-atanigu,1,PSA 22:1,,
gimaguva,1,PSA 22:9,,
heridemu,1,PSA 22:14,,
kaki,1,PSA 22:15,,
ḡegegu,1,PSA 22:16,,
raraigumu,1,PSA 22:17,,
ireḡugu,1,PSA 23:1,,
hahekuregumu,1,PSA 23:2,,
deḡedeḡerahu,1,PSA 23:2,,
horoamu,1,PSA 23:5,,
ima-ḡoevaḡoeva,1,PSA 24:4,,
herouheroua,1,PSA 25:2,,
hemailaimu,1,PSA 25:6,,
iabidadama-henimu,1,PSA 26:3,,
ialo-ḡoevaḡoeva,1,PSA 26:6,,
huriamu,1,PSA 26:6,,
lololaiamu,1,PSA 26:7,,
darogu,1,PSA 26:9,,
daḡedage,1,PSA 27:2,,
ḡosimu,1,PSA 27:12,,
negara,1,PSA 28:2,,
hakevaru,1,PSA 29:7,,
hirihirimu,1,PSA 29:9,,
au-raudia,1,PSA 29:9,,
gadeḡade,1,PSA 30:11,,
mamano,1,PSA 31:10,,
heautanigumu,1,PSA 31:11,,
hahekapu,1,PSA 31:18,,
geakageaka,1,PSA 32:4,,
hahegeḡegu,1,PSA 32:7,,
taurla,1,PSA 32:10,,
lolomui,1,PSA 33:3,,
hamaundia,1,PSA 33:19,,
hatoadia,1,PSA 35:8,,
ihi-ihiraiguva,1,PSA 35:15,,
ha-roro,1,PSA 35:19,,
ahagamu,1,PSA 35:21,,
ihamaoromaorogu,1,PSA 35:23,,
gvauraigu,1,PSA 35:24,,
paraparamu,1,PSA 36:12,,
alomu,1,PSA 37:1,,
tagamu,1,PSA 37:7,,
hereava,1,PSA 37:35,,
digaramu,1,PSA 38:3,,
ikoigu,1,PSA 38:12,,
davanalaiamu,1,PSA 38:20,,
ilalolaimai,1,PSA 40:5,,
lalo-hadaidia,1,PSA 40:5,,
ilokuna,1,PSA 40:7,,
reḡugu,1,PSA 40:11,,
ohona,1,PSA 40:14,,
misara,1,PSA 42:6,,
seiraina,1,PSA 42:7,,
haheḡanilaiamu,1,PSA 42:8,,
haloumai,1,PSA 44:10,,
hakarohomai,1,PSA 44:11,,
hevasehalaimai,1,PSA 44:13,,
ihi-ihiraimai,1,PSA 44:14,,
huarimai,1,PSA 44:19,,
koekoemu,1,PSA 45:3,,
aurla,1,PSA 45:6,,
hamoalemumu,1,PSA 45:8,,
haheraiamu,1,PSA 45:13,,
moale-badadia,1,PSA 45:15,,
bituamu,1,PSA 46:9,,
douamu,1,PSA 46:9,,
heatolaigumu,1,PSA 46:10,,
henudai,1,PSA 47:3,,
goada-bada,1,PSA 50:1,,
hairai-herea,1,PSA 50:2,,
kumamu,1,PSA 50:3,,
gegea,1,PSA 50:3,,
hurigu,1,PSA 51:7,,
kerehaim,1,PSA 51:17,,
raḡamu,1,PSA 52:5,,
imudana,1,PSA 54:4,,
nenenenemu,1,PSA 54:7,,
hadaradaragu,1,PSA 55:3,,
hanigu,1,PSA 55:6,,
haheala,1,PSA 55:9,,
hehenamo,1,PSA 56:12,,
ihatoadia,1,PSA 57:6,,
ragadia,1,PSA 58:6,,
bisisi,1,PSA 58:8,,
kwari,1,PSA 58:8,,
ihebubuna,1,PSA 59:2,,
ioamu,1,PSA 59:6,,
kumumu,1,PSA 59:15,,
haka-lgu,1,PSA 60:9,,
hagagu,1,PSA 61:2,,
sehemu,1,PSA 62:3,,
larodia,1,PSA 62:10,,
segediamu,1,PSA 64:3,,
kinodiamu,1,PSA 64:3,,
tarakiamu,1,PSA 64:4,,
iato-hehunidia,1,PSA 64:5,,
itada,1,PSA 64:5,,
aonegada,1,PSA 64:6,,
hadareremaimu,1,PSA 65:3,,
hariolaiamu,1,PSA 65:6,,
ruadia,1,PSA 65:10,,
hataoradiamu,1,PSA 65:10,,
hadabuadiamu,1,PSA 65:13,,
hadokiamu,1,PSA 65:13,,
moimai,1,PSA 66:12,,
iḡole-ohodia,1,PSA 66:15,,
gwau-emuri,1,PSA 68:6,,
kaukauva,1,PSA 68:9,,
haridiamu,1,PSA 68:12,,
hamuemu,1,PSA 68:16,,
hamuena,1,PSA 68:16,,
hareḡemu,1,PSA 68:25,,
laromumu,1,PSA 69:6,,
ihahemaraigu,1,PSA 69:10,,
batubatudia,1,PSA 69:23,,
tahumunu,1,PSA 70:4,,
umodaimu,1,PSA 71:6,,
ioulou,1,PSA 71:14,,
helado,1,PSA 72:16,,
auka-a,1,PSA 73:4,,
hagudu,1,PSA 73:7,,
kodoava,1,PSA 73:21,,
perepere,1,PSA 74:5,,
toamai,1,PSA 74:9,,
raragararagamu,1,PSA 75:3,,
imudadiamu,1,PSA 75:3,,
haboḡe,1,PSA 75:5,,
kiama-kiamadia,1,PSA 76:3,,
iguina,1,PSA 76:6,,
habereredia,1,PSA 76:6,,
haheriolaia,1,PSA 76:10,,
ihalolaina,1,PSA 77:2,,
koea,1,PSA 77:18,,
hirihiri,1,PSA 77:18,,
vataḡamu,1,PSA 77:19,,
koupa-koupa,1,PSA 78:20,,
gadodiava,1,PSA 78:29,,
gadova,1,PSA 78:30,,
malaka-malakava,1,PSA 78:34,,
hatutukadia,1,PSA 78:37,,
deḡedeḡe,1,PSA 78:40,,
rautunutunu,1,PSA 78:46,,
hakaudiava,1,PSA 78:52,,
kirikirilaimaimu,1,PSA 79:4,,
ihadikalaimai,1,PSA 79:8,,
ihi-ihiraimu,1,PSA 79:12,,
hesiriu-hesiriu,1,PSA 79:13,,
badulai,1,PSA 80:4,,
ha-anilaidia,1,PSA 80:5,,
vevea,1,PSA 80:9,,
heubulaimu,1,PSA 80:13,,
hareḡedia,1,PSA 81:2,,
rahu-rahu,1,PSA 81:7,,
kumaia,1,PSA 83:1,,
iaḡamu,1,PSA 83:1,,
henegamu,1,PSA 83:5,,
seriserina,1,PSA 83:10,,
mariu,1,PSA 83:13,,
hegiromu,1,PSA 83:13,,
ḡoleamu,1,PSA 83:14,,
taruhadia,1,PSA 84:10,,
hailai,1,PSA 84:11,,
hanamoava,1,PSA 85:1,,
heabidama,1,PSA 85:10,,
haheboua,1,PSA 86:11,,
badigu,1,PSA 87:7,,
hisihisigu,1,PSA 88:15,,
kahira-kahirana,1,PSA 88:15,,
habubunigumu,1,PSA 88:16,,
heḡegemu,1,PSA 88:17,,
haduduia,1,PSA 89:17,,
haerotania,1,PSA 89:22,,
malaḡa,1,PSA 89:45,,
haheḡereḡereamu,1,PSA 90:11,,
ubumai,1,PSA 90:14,,
hamoalemai,1,PSA 90:15,,
hahisimaiva,1,PSA 90:15,,
mamiava,1,PSA 90:15,,
kinomu,1,PSA 91:5,,
hakahikahimu,1,PSA 91:7,,
hakahikahia,1,PSA 91:10,,
dodobu,1,PSA 92:5,,
sidana,1,PSA 92:12,,
todedia,1,PSA 92:14,,
ha-aonegadiamu,1,PSA 94:10,,
heḡei,1,PSA 94:13,,
ikarada,1,PSA 95:6,,
tuida,1,PSA 95:6,,
tano-ḡagaena,1,PSA 95:8,,
lalo-kerere,1,PSA 95:10,,
ihahemaoro,1,PSA 96:13,,
hahaneava,1,PSA 99:6,,
hahenamomui,1,PSA 100:4,,
aneiaidia,1,PSA 101:1,,
ialo-gagevagageva,1,PSA 101:4,,
heagimu,1,PSA 101:5,,
ilalonamo-henina,1,PSA 102:13,,
nenea,1,PSA 102:19,,
bolodiamu,1,PSA 102:26,,
halohidia,1,PSA 104:10,,
hapariparidiamu,1,PSA 104:13,,
ihakimoredia,1,PSA 104:15,,
ihagoadalaidia,1,PSA 104:15,,
heḡiḡi-boudia,1,PSA 104:24,,
duahiduahi,1,PSA 104:25,,
lakara,1,PSA 104:26,,
donodono,1,PSA 104:26,,
raraiamu,1,PSA 104:32,,
ha-aonegadia,1,PSA 105:22,,
iḡovadia,1,PSA 105:39,,
kororova,1,PSA 106:9,,
ihavarodavarodadia,1,PSA 106:15,,
bodohia,1,PSA 106:20,,
siriana,1,PSA 106:32,,
manadalaiva,1,PSA 106:35,,
hahebubuva,1,PSA 106:38,,
hamirodiava,1,PSA 106:39,,
ibogahisidia,1,PSA 106:46,,
abidiava,1,PSA 107:5,,
hakunuamu,1,PSA 107:9,,
gadoimu,1,PSA 107:39,,
haheḡeḡegu,1,PSA 109:3,,
ihahemaoro-heninatotona,1,PSA 109:6,,
dodoa,1,PSA 109:18,,
ḡeḡeamu,1,PSA 109:19,,
ogogamimu,1,PSA 109:22,,
tapogu,1,PSA 109:23,,
iheatu-henigu,1,PSA 109:28,,
kunudia,1,PSA 110:3,,
hesinu,1,PSA 112:3,,
gado-idau,1,PSA 114:1,,
ioumu,1,PSA 114:5,,
udu-baubaudia,1,PSA 115:6,,
gugubaguva,1,PSA 116:3,,
hekwakwanaiva,1,PSA 116:6,,
hamauriguva,1,PSA 116:6,,
geḡegu,1,PSA 118:11,,
gwauraimumu,1,PSA 119:13,,
abigumu,1,PSA 119:53,,
dae-kau,1,PSA 119:54,,
idoagumu,1,PSA 119:61,,
ivedailaina,1,PSA 119:83,,
momomo,1,PSA 119:86,,
kakani,1,PSA 119:86,,
aragumu,1,PSA 119:139,,
larodiamu,1,PSA 119:147,,
abi-dadi,1,PSA 119:162,,
wa,1,PSA 119:165,,
hadibalaigumu,1,PSA 119:171,,
hagoreremu,1,PSA 121:6,,
hahekuboua,1,PSA 122:3,,
hekinkirilai,1,PSA 123:4,,
maurida,1,PSA 124:3,,
siahuva,1,PSA 124:3,,
aruda,1,PSA 124:4,,
habubunida,1,PSA 124:4,,
ḡovada,1,PSA 124:5,,
hanuamu,1,PSA 127:2,,
hadaediamu,1,PSA 135:7,,
tarlobada,1,PSA 138:4,,
anelaidia,1,PSA 138:5,,
karakarana,1,PSA 138:8,,
gunalaigumu,1,PSA 139:5,,
gabelaigumu,1,PSA 139:5,,
gorugu,1,PSA 139:11,,
hamatakamu,1,PSA 140:3,,
idoalaigu,1,PSA 140:5,,
hageremumu,1,PSA 141:8,,
dosigumu,1,PSA 142:4,,
gegegu,1,PSA 142:7,,
heinina,1,PSA 143:10,,
dawe,1,PSA 143:12,,
kwakiwakidia,1,PSA 144:1,,
varo-gwauta,1,PSA 144:9,,
gitarana,1,PSA 144:9,,
hapiu,1,PSA 145:7,,
anelai,1,PSA 145:7,,
hariharibadana,1,PSA 147:1,,
beberoho,1,PSA 147:16,,
hatoaiamu,1,PSA 147:18,,
diarimui,1,PSA 148:3,,
dorivana,1,PSA 148:4,,
tano-rau,1,PSA 148:10,,
dekedekenai,1,PSA 148:14,,
haheralaidiamu,1,PSA 149:4,,
karabalaheni,1,PRO 1:4,,
iotona,1,PRO 1:17,,
ihahebubudia,1,PRO 1:18,,
hoinoi,1,PRO 1:20,,
kware-kware,1,PRO 1:22,,
ḡonaḡonalaimui,1,PRO 1:26,,
hidiva,1,PRO 1:29,,
lalo-dobu,1,PRO 2:3,,
idiho-henina,1,PRO 2:18,,
maoromabro,1,PRO 2:21,,
hegui-hegui,1,PRO 2:22,,
ibulolaina,1,PRO 3:10,,
diba-bada,1,PRO 3:20,,
heralaia,1,PRO 3:22,,
hahetaku,1,PRO 3:25,,
taiḡa,1,PRO 3:31,,
tavada,1,PRO 4:16,,
segedia,1,PRO 5:4,,
ikwahimu,1,PRO 5:9,,
eiava-miara,1,PRO 5:19,,
kaura,1,PRO 6:6,,
dadaroamu,1,PRO 6:13,,
dodoriana,1,PRO 6:13,,
duduiamu,1,PRO 6:13,,
badulaidiamu,1,PRO 6:16,,
haraka,1,PRO 6:28,,
daukaumu,1,PRO 6:29,,
ibogahisina,1,PRO 6:34,,
kwakikwakimu,1,PRO 7:3,,
maka-maka,1,PRO 7:6,,
kerekereva,1,PRO 7:9,,
harahuamu,1,PRO 7:13,,
kirina,1,PRO 7:13,,
hepui,1,PRO 8:8,,
gageva-agevadia,1,PRO 8:13,,
halohilohia,1,PRO 8:28,,
moalelaiguva,1,PRO 8:30,,
reagumu,1,PRO 8:36,,
lebulebuna,1,PRO 9:13,,
mamula,1,PRO 9:17,,
vadivadina,1,PRO 9:18,,
haherauamu,1,PRO 10:2,,
kunumaiamu,1,PRO 10:10,,
heḡarana,1,PRO 10:26,,
kunu-metau,1,PRO 10:26,,
gagageva-gagageva,1,PRO 10:32,,
hakoikoiamu,1,PRO 11:1,,
ehakaudiamu,1,PRO 11:3,,
hamaoromaoroamu,1,PRO 11:5,,
heḡuihegui,1,PRO 11:6,,
hahehisimu,1,PRO 11:17,,
basineroho,1,PRO 11:21,,
hane-namo,1,PRO 11:22,,
kurukuruna,1,PRO 11:22,,
dairi-dairimu,1,PRO 11:25,,
ihamanokana,1,PRO 12:4,,
hedaimu,1,PRO 12:12,,
hegwadamuna,1,PRO 12:18,,
vanahamu,1,PRO 12:19,,
hametauamu,1,PRO 12:25,,
kamonaidiamu,1,PRO 13:1,,
halahena,1,PRO 13:12,,
ogoḡamunu,1,PRO 13:18,,
masetanimu,1,PRO 13:22,,
egarimu,1,PRO 14:2,,
hualiuadia,1,PRO 14:14,,
alalo-parara,1,PRO 14:15,,
lahuimu,1,PRO 14:16,,
havavalaidiamu,1,PRO 14:18,,
kekerere,1,PRO 14:22,,
ivavalaidia,1,PRO 14:24,,
baedavaria,1,PRO 14:26,,
masc,1,PRO 14:27,,
baineharohoa,1,PRO 14:32,,
turianki,1,PRO 15:1,,
davari-davari,1,PRO 15:6,,
hehedina-rarai,1,PRO 15:11,,
hekwakwanaina,1,PRO 15:16,,
ianimaina,1,PRO 15:17,,
haumaia,1,PRO 15:18,,
hahealomu,1,PRO 15:22,,
herohomu,1,PRO 16:6,,
hadihodiamu,1,PRO 16:15,,
abi-hidina,1,PRO 16:16,,
iabi-hidula,1,PRO 16:16,,
hamaoromaorodiamu,1,PRO 16:23,,
heiri-heirina,1,PRO 17:1,,
haberoamu,1,PRO 17:10,,
badu-haraḡamu,1,PRO 17:27,,
haheidaumu,1,PRO 18:1,,
ibeiana,1,PRO 18:5,,
idoalaina,1,PRO 18:7,,
lahedomu,1,PRO 18:9,,
haraḡa-haragamu,1,PRO 19:2,,
heautaniamu,1,PRO 19:7,,
heura-henimu,1,PRO 19:8,,
loḡea,1,PRO 19:10,,
ilalo-negena,1,PRO 19:11,,
luluamumerona,1,PRO 19:26,,
hiruka-hiruka,1,PRO 19:29,,
egwauraimu,1,PRO 20:6,,
maorormaoro,1,PRO 20:7,,
lalo-haraga,1,PRO 21:5,,
idoana,1,PRO 21:6,,
hahetahadiamu,1,PRO 21:15,,
moale-kava,1,PRO 21:17,,
bodohiamu,1,PRO 21:18,,
heaḡi-heaḡimu,1,PRO 21:24,,
heḡahusimu,1,PRO 21:26,,
iabi-hididia,1,PRO 22:1,,
gaga-isi,1,PRO 22:9,,
iehovas,1,PRO 22:12,,
manadalaidia,1,PRO 22:25,,
mata-henina,1,PRO 23:6,,
lavadaemu,1,PRO 23:20,,
tohomuta,1,PRO 23:30,,
udia,1,PRO 23:30,,
kimore-kimoremu,1,PRO 23:31,,
ilalo-hatadia,1,PRO 24:9,,
haherahumu,1,PRO 24:26,,
dagana,1,PRO 24:27,,
ihunidia,1,PRO 25:2,,
kakaroa,1,PRO 25:4,,
pavapva,1,PRO 25:5,,
vauraina,1,PRO 25:11,,
apolodia,1,PRO 25:11,,
hamatamatadiamu,1,PRO 25:13,,
heḡara,1,PRO 25:20,,
masea,1,PRO 25:21,,
keruma-keruma,1,PRO 25:25,,
duhumu,1,PRO 25:26,,
heveriverimu,1,PRO 26:7,,
giniginina,1,PRO 26:9,,
garugaruna,1,PRO 26:14,,
davedavemu,1,PRO 26:14,,
hesikulaiamu,1,PRO 26:15,,
lalo-pararadia,1,PRO 26:16,,
tahodiamu,1,PRO 26:18,,
kavari-kavarina,1,PRO 26:23,,
heinaimu,1,PRO 26:24,,
hekeimu,1,PRO 26:27,,
keiamu,1,PRO 26:27,,
dagedaḡena,1,PRO 27:4,,
rohotaniamu,1,PRO 27:8,,
davanamu,1,PRO 27:20,,
biridia,1,PRO 28:4,,
lalo-momokani,1,PRO 28:6,,
egogomu,1,PRO 28:8,,
kepokepomu,1,PRO 28:9,,
iabi-koikoina,1,PRO 28:16,,
ḡavalaiamu,1,PRO 28:20,,
eseltaḡa,1,PRO 28:22,,
hutumamu,1,PRO 28:28,,
hapetapetalaiamu,1,PRO 29:3,,
igwaurai-bagubagudia,1,PRO 29:4,,
otoamu,1,PRO 29:5,,
ihatoalaina,1,PRO 29:5,,
hagabuḡabua,1,PRO 29:21,,
aguru,1,PRO 30:1,,
iake,1,PRO 30:1,,
henao-henao,1,PRO 30:9,,
etomamu,1,PRO 30:12,,
haroroka-rorokamu,1,PRO 30:13,,
doma,1,PRO 30:15,,
maseamu,1,PRO 30:16,,
galodia,1,PRO 30:17,,
hoadia,1,PRO 30:18,,
ere-eremu,1,PRO 30:27,,
ruturutumu,1,PRO 30:29,,
turiaturiamu,1,PRO 30:29,,
baubauna,1,PRO 30:33,,
namo-heredia,1,PRO 31:10,,
igirolaina,1,PRO 31:19,,
hetahalaidiamu,1,PRO 31:21,,
miakoremana,1,PRO 31:22,,
hahedokilaidiamu,1,PRO 31:25,,
inonogadia,1,PRO 31:27,,
laloa-laloa,1,PRO 31:30,,
heḡeḡe-heḡeḡemu,1,ECC 1:6,,
iai,1,ECC 2:17,,
hasenu,1,ECC 2:26,,
ihaboiona,1,ECC 3:6,,
ikahu-negena,1,ECC 3:6,,
hahairaidia,1,ECC 3:11,,
vaḡeḡelai,1,ECC 4:4,,
lokumu,1,ECC 4:5,,
dadihaidiamu,1,ECC 5:8,,
birulaiamu,1,ECC 5:9,,
iha,1,ECC 5:11,,
igogosina,1,ECC 5:13,,
btine,1,ECC 5:18,,
ḡegeva,1,ECC 7:3,,
hakavaiamu,1,ECC 7:7,,
lalo-heaḡi,1,ECC 7:8,,
kukuha,1,ECC 7:25,,
idita-hereana,1,ECC 7:26,,
hahururu-hururuamu,1,ECC 8:1,,
gunaguna-idia,1,ECC 8:10,,
lalo-bodaga,1,ECC 9:2,,
heura-heni,1,ECC 9:6,,
heinai-heni,1,ECC 9:6,,
lalo-namomu,1,ECC 9:7,,
hekwarahilaimu,1,ECC 9:9,,
goada-badamu,1,ECC 9:10,,
rekena,1,ECC 9:12,,
hahoadiamu,1,ECC 9:12,,
taradiamu,1,ECC 10:9,,
poladiamu,1,ECC 10:9,,
haheauamu,1,ECC 10:10,,
matamadia,1,ECC 10:13,,
roholaia,1,ECC 10:20,,
geiḡei,1,ECC 11:4,,
hamoalemu,1,ECC 11:9,,
iriridia,1,ECC 12:3,,
iririna,1,ECC 12:4,,
bainabaina,1,ECC 12:5,,
hesea,1,ECC 12:6,,
keikeina,1,ECC 12:6,,
ha-aonegadiava,1,ECC 12:9,,
hahemaorg,1,ECC 12:14,,
seiamu,1,SNG 1:3,,
hahekurediamu,1,SNG 1:7,,
ihaheralaimu,1,SNG 1:11,,
idabubuna,1,SNG 1:14,,
vine-imeadia,1,SNG 1:14,,
gadoka-gadoka,1,SNG 1:16,,
vahuvahuna,1,SNG 2:1,,
sosanana,1,SNG 2:1,,
siniura,1,SNG 2:2,,
moale-badagu,1,SNG 2:3,,
daegu,1,SNG 2:4,,
ha-igomu,1,SNG 2:9,,
makamaka,1,SNG 2:9,,
mariboi,1,SNG 2:15,,
mamaragi,1,SNG 2:15,,
dadae,1,SNG 4:4,,
bebeka-bebekamu,1,SNG 4:7,,
amana,1,SNG 4:8,,
sinavai-sinavaina,1,SNG 4:15,,
rohoroholai,1,SNG 4:16,,
iduaragu,1,SNG 5:2,,
daukau,1,SNG 5:4,,
abihaigu,1,SNG 5:7,,
hui-tuma,1,SNG 5:11,,
huridiamu,1,SNG 5:12,,
ḡoevadaemu,1,SNG 5:12,,
honana,1,SNG 5:13,,
hakuboroa,1,SNG 5:14,,
eiefant,1,SNG 5:14,,
bauka-bauka,1,SNG 5:15,,
hehedaikau,1,SNG 5:15,,
sidadia,1,SNG 5:15,,
hamanoka-manokagumu,1,SNG 6:5,,
sibosibona,1,SNG 6:9,,
okari,1,SNG 6:11,,
bauka-baukadia,1,SNG 7:1,,
kuboruna,1,SNG 7:2,,
isenuna,1,SNG 7:2,,
gohugohudia,1,SNG 7:4,,
batarabim,1,SNG 7:4,,
roha-hekeina,1,SNG 7:4,,
heveriveridia,1,SNG 7:5,,
harahumu,1,SNG 8:1,,
haomu,1,SNG 8:5,,
baal-hamono,1,SNG 8:11,,
aru-kubou,1,ISA 1:6,,
haḡavedia,1,ISA 1:6,,
vaira-tuhutuhumui,1,ISA 1:7,,
rumaruma,1,ISA 1:8,,
saboata,1,ISA 1:9,,
kwabukwabuda,1,ISA 1:9,,
mamaru-anedia,1,ISA 1:11,,
ikou,1,ISA 1:12,,
boiboidia,1,ISA 1:13,,
paira,1,ISA 1:18,,
huroka-kuroka,1,ISA 1:18,,
ihahemaorohenina,1,ISA 1:20,,
honuva,1,ISA 1:21,,
heatu-kau,1,ISA 1:23,,
bulolaimui,1,ISA 1:25,,
haealo,1,ISA 1:26,,
gaeamo,1,ISA 1:26,,
udeudedia,1,ISA 2:6,,
hamanaudiamu,1,ISA 2:9,,
hamaraḡidiamu,1,ISA 2:9,,
hamaragi,1,ISA 2:11,,
heatomu,1,ISA 2:12,,
kidotaodia,1,ISA 2:13,,
hedinaraina,1,ISA 3:8,,
hadikalaidiamu,1,ISA 3:9,,
badi-kara,1,ISA 3:11,,
igunalaimui,1,ISA 3:12,,
haheḡonudiamu,1,ISA 3:12,,
helodu,1,ISA 3:13,,
haboḡemu,1,ISA 3:16,,
varuamu,1,ISA 3:16,,
sihesihemu,1,ISA 3:16,,
ae-ganagana,1,ISA 3:16,,
hareḡediamu,1,ISA 3:16,,
hapoukadia,1,ISA 3:17,,
kaparidia,1,ISA 3:18,,
odo,1,ISA 3:19,,
mauamauadia,1,ISA 3:20,,
toni,1,ISA 3:20,,
vaḡiva,1,ISA 3:21,,
udu-baubau,1,ISA 3:21,,
ipou,1,ISA 3:22,,
ova,1,ISA 3:22,,
vaina-vaina,1,ISA 3:22,,
severa-severadia,1,ISA 3:23,,
ikumilaidia,1,ISA 3:23,,
ḡauma,1,ISA 4:2,,
ilao-ahulaina,1,ISA 4:6,,
ilao-ahulaidia,1,ISA 4:6,,
herua,1,ISA 5:10,,
matauradiamu,1,ISA 5:13,,
harohadia,1,ISA 5:15,,
hagaihoa,1,ISA 5:20,,
boga-aukadia,1,ISA 5:22,,
heruhamu,1,ISA 5:27,,
mamataka-mamataka,1,ISA 5:28,,
korimu,1,ISA 5:29,,
heḡaralaia,1,ISA 5:30,,
heboi,1,ISA 6:3,,
ikahina,1,ISA 6:6,,
hakudimadia,1,ISA 6:10,,
gvauta,1,ISA 6:13,,
helado-heladomu,1,ISA 7:2,,
seara-iasubu,1,ISA 7:3,,
tutututudia,1,ISA 7:4,,
makohirohoroho,1,ISA 7:8,,
hahekwarahiamu,1,ISA 7:13,,
iabi-hidinado,1,ISA 7:16,,
labolabona,1,ISA 7:18,,
pevadia,1,ISA 7:24,,
hemoimoilai,1,ISA 7:25,,
palakana,1,ISA 8:1,,
ieberekia,1,ISA 8:2,,
darinu,1,ISA 8:3,,
haragamu,1,ISA 8:3,,
siloa,1,ISA 8:6,,
metaira-metairamu,1,ISA 8:6,,
popotodia,1,ISA 8:7,,
hetoi-rorodia,1,ISA 8:8,,
dekedekemai,1,ISA 8:10,,
gware,1,ISA 8:18,,
tanatanamu,1,ISA 8:19,,
hemaunumu,1,ISA 8:19,,
dadiai,1,ISA 8:19,,
bada-hereavaburana,1,ISA 8:22,,
gugubaiava,1,ISA 9:1,,
herou-herouna,1,ISA 9:5,,
hekuikuilai,1,ISA 9:5,,
siahu-bada,1,ISA 9:6,,
hagaradiamu,1,ISA 9:11,,
hagadiamu,1,ISA 9:12,,
hadonodiamu,1,ISA 9:16,,
gahina,1,ISA 10:5,,
papavapava,1,ISA 10:8,,
kalano,1,ISA 10:9,,
herevadiabona,1,ISA 10:12,,
taue,1,ISA 10:13,,
hamarereamu,1,ISA 10:14,,
utu-utulaiamu,1,ISA 10:15,,
iri-irilaiamu,1,ISA 10:15,,
kwadi-kwadilaia,1,ISA 10:15,,
ihavaroda-varodadia,1,ISA 10:16,,
goada-hereadia,1,ISA 10:16,,
eseidia,1,ISA 10:25,,
ikwadiva,1,ISA 10:26,,
pagamui,1,ISA 10:27,,
aiata,1,ISA 10:28,,
makana,1,ISA 10:29,,
laisa,1,ISA 10:30,,
madamena,1,ISA 10:31,,
gebimi,1,ISA 10:31,,
hodahodana,1,ISA 11:4,,
ahadia,1,ISA 11:11,,
henege-daure,1,ISA 11:12,,
dogurana,1,ISA 11:15,,
ahu-ahumu,1,ISA 13:4,,
labanaiamu,1,ISA 13:14,,
hahekuredi,1,ISA 13:20,,
hesiai-laoheniaukana,1,ISA 14:3,,
ihadikamai,1,ISA 14:8,,
haodiamu,1,ISA 14:9,,
ihahenamo-henimu,1,ISA 14:9,,
daba-matana,1,ISA 14:12,,
hamorumu,1,ISA 14:12,,
haerolaimu,1,ISA 14:16,,
vara-dika,1,ISA 14:19,,
idarona,1,ISA 14:23,,
ramumu,1,ISA 14:30,,
dae-lao,1,ISA 15:5,,
ranu-gabudia,1,ISA 15:6,,
eglaimi,1,ISA 15:8,,
bere-elim,1,ISA 15:8,,
ikerukerumu,1,ISA 16:3,,
ha-udunaia,1,ISA 16:3,,
ae-hemoimoilai,1,ISA 16:4,,
daḡemu,1,ISA 16:6,,
dara-dokomui,1,ISA 16:7,,
bokodia,1,ISA 16:8,,
hanaiava,1,ISA 16:8,,
hapariparimuimu,1,ISA 16:9,,
kiri-herese,1,ISA 16:11,,
bopa,1,ISA 16:14,,
baegadoi,1,ISA 16:14,,
hesenudia,1,ISA 17:1,,
ima-kwakikwakidia,1,ISA 17:8,,
bonadiapatadia,1,ISA 17:8,,
dabana,1,ISA 17:11,,
hoda,1,ISA 17:13,,
vanagidia,1,ISA 18:2,,
haragamui,1,ISA 18:2,,
magemu,1,ISA 18:5,,
nemaiamu,1,ISA 18:7,,
heiruna,1,ISA 19:1,,
lalaḡa,1,ISA 19:1,,
bota,1,ISA 19:6,,
kimaimu,1,ISA 19:8,,
daiguni-nadidia,1,ISA 19:13,,
hararagaia,1,ISA 19:14,,
baegwau,1,ISA 19:21,,
saragono,1,ISA 20:1,,
gwarena,1,ISA 20:3,,
sihidia,1,ISA 20:4,,
hahegegea,1,ISA 21:2,,
ha-igogu,1,ISA 21:3,,
hahetahaiamu,1,ISA 21:3,,
muinumu,1,ISA 21:5,,
doniki-gui,1,ISA 21:7,,
kamelo-gui,1,ISA 21:7,,
balaheni-balaheni,1,ISA 21:7,,
kwadimu,1,ISA 21:10,,
tapomu,1,ISA 21:10,,
hedavarilai,1,ISA 21:14,,
gugulaia,1,ISA 22:4,,
ilolo-henidia,1,ISA 22:5,,
gabunana,1,ISA 22:11,,
eliakimi,1,ISA 22:14,,
rum,1,ISA 22:15,,
ata,1,ISA 22:16,,
heḡeḡe-heḡeḡe,1,ISA 22:18,,
bolo,1,ISA 22:18,,
uda-uda,1,ISA 22:24,,
kohu-hoi,1,ISA 23:8,,
lolohia,1,ISA 23:8,,
haheude,1,ISA 23:11,,
heudedia,1,ISA 23:11,,
gaiho-gaiho,1,ISA 23:16,,
hehoi-nege,1,ISA 23:17,,
gogosidia,1,ISA 23:18,,
hoih,1,ISA 23:18,,
hadabua-laidia,1,ISA 23:18,,
harigika-rigikaia,1,ISA 24:1,,
heni-doa,1,ISA 24:2,,
abi-doa,1,ISA 24:2,,
heni-torehai,1,ISA 24:2,,
inohoiaina,1,ISA 24:6,,
ureamu,1,ISA 24:13,,
dibakamu,1,ISA 24:16,,
beseboudiai,1,ISA 25:6,,
negarina,1,ISA 25:6,,
boudiai,1,ISA 25:7,,
sese-ahulaidiamu,1,ISA 25:7,,
a-orea,1,ISA 25:8,,
irurumata,1,ISA 25:8,,
tagedia,1,ISA 25:10,,
ima-dibaka,1,ISA 25:11,,
hamaraḡidia,1,ISA 25:11,,
badinamumu,1,ISA 26:3,,
hamanadaiamu,1,ISA 26:7,,
ilalolaimu,1,ISA 26:8,,
iaradia,1,ISA 26:11,,
lohiamai,1,ISA 26:13,,
ilalo-taolaidia,1,ISA 26:14,,
hebiloumu,1,ISA 26:17,,
hebilou,1,ISA 26:18,,
iduaramui,1,ISA 26:20,,
veromu,1,ISA 27:1,,
dairiamu,1,ISA 27:3,,
iatodia,1,ISA 27:8,,
maḡiḡidia,1,ISA 27:9,,
isisiba-henina,1,ISA 28:6,,
laigo-laigomu,1,ISA 28:7,,
laigolaigomu,1,ISA 28:7,,
heḡonumu,1,ISA 28:7,,
madai-madaimu,1,ISA 28:7,,
doru-heu,1,ISA 28:12,,
hekidaera,1,ISA 28:13,,
he-idoa,1,ISA 28:13,,
hemetaimu,1,ISA 28:15,,
baineha-arua,1,ISA 28:17,,
habubunimui,1,ISA 28:18,,
perasimi,1,ISA 28:21,,
iḡuimui,1,ISA 28:22,,
arina,1,ISA 28:22,,
severa-severana,1,ISA 28:27,,
hataruhamu,1,ISA 29:3,,
ḡahuḡahuna,1,ISA 29:5,,
davadavana,1,ISA 29:5,,
rege-bada,1,ISA 29:6,,
hururu-hururunaida,1,ISA 29:6,,
hahekavakava,1,ISA 29:9,,
kavakavamui,1,ISA 29:9,,
mata-kepulumui,1,ISA 29:9,,
banoho,1,ISA 29:9,,
mahuta-hedavauhe,1,ISA 29:10,,
duahia-duahi,1,ISA 29:11,,
udu-herevadia,1,ISA 29:13,,
rakahenigu,1,ISA 29:13,,
dibadamu,1,ISA 29:15,,
karuhi,1,ISA 29:16,,
vaburadia,1,ISA 29:18,,
diburadia,1,ISA 29:18,,
ḡeḡeva,1,ISA 29:22,,
magigi,1,ISA 29:23,,
hemetaina,1,ISA 30:3,,
hadavalaidiamu,1,ISA 30:5,,
huro-nadina,1,ISA 30:8,,
hamorolaimai,1,ISA 30:10,,
hara-lata,1,ISA 30:13,,
pavamu,1,ISA 30:13,,
makohimu,1,ISA 30:14,,
ihahavamui,1,ISA 30:16,,
halalaḡadia,1,ISA 30:17,,
halalaḡamui,1,ISA 30:17,,
idibamui,1,ISA 30:21,,
laurimui,1,ISA 30:21,,
idairidia,1,ISA 30:23,,
ala-alabadana,1,ISA 30:25,,
garagaramu,1,ISA 30:27,,
lagana,1,ISA 30:28,,
ihakau-kereredia,1,ISA 30:28,,
benaiehova,1,ISA 30:30,,
hakamonaidia,1,ISA 30:30,,
ehadihoamu,1,ISA 30:30,,
hebotana,1,ISA 30:30,,
heara-orelahina,1,ISA 30:30,,
medu-barokona,1,ISA 30:30,,
bonamedu-hetarina,1,ISA 30:30,,
iehovagadona,1,ISA 30:31,,
irubena,1,ISA 30:32,,
au-rakurakuna,1,ISA 30:33,,
heḡerea,1,ISA 31:1,,
hetahulaia,1,ISA 31:1,,
manua,1,ISA 31:5,,
lalo-ḡoevadae,1,ISA 32:8,,
huredia,1,ISA 32:10,,
hesei,1,ISA 32:15,,
haloaloadiamu,1,ISA 32:20,,
hegabu,1,ISA 33:12,,
doumu,1,ISA 33:12,,
kodobeamu,1,ISA 33:15,,
eaiva,1,ISA 33:18,,
lanalanamu,1,ISA 33:19,,
doka,1,ISA 33:21,,
ḡataka-ḡataka,1,ISA 34:6,,
haḡonua,1,ISA 34:7,,
havevemu,1,ISA 34:9,,
varonana,1,ISA 34:11,,
vahuvahu,1,ISA 35:1,,
lohi-lohi,1,ISA 35:7,,
halahalahamu,1,ISA 36:4,,
tagemui,1,ISA 36:12,,
hahelalomui,1,ISA 36:15,,
gwau-gwaubona,1,ISA 37:3,,
baigumui,1,ISA 37:6,,
pava,1,ISA 37:9,,
ḡurigu,1,ISA 37:21,,
doridorina,1,ISA 37:24,,
geidia,1,ISA 37:25,,
namauria,1,ISA 37:35,,
gelomu,1,ISA 38:8,,
ha-ikerukerumu,1,ISA 38:8,,
vadavadadiagwauta,1,ISA 38:8,,
dina-tubuana,1,ISA 38:10,,
utugu,1,ISA 38:12,,
baemia,1,ISA 39:8,,
diho-dae,1,ISA 40:4,,
ihadiarina,1,ISA 40:14,,
hetuturuna,1,ISA 40:15,,
dimura-dimurana,1,ISA 40:15,,
hahetaridiamu,1,ISA 40:19,,
kobomu,1,ISA 40:24,,
haheḡereḡeregu,1,ISA 40:25,,
noho-hanaiharlai,1,ISA 40:28,,
hagoadadiamu,1,ISA 40:29,,
hahavadiamu,1,ISA 41:3,,
ihodo-palakana,1,ISA 41:7,,
haheato-kau,1,ISA 41:7,,
hodoamutauna,1,ISA 41:7,,
ihahekamo-kubouna,1,ISA 41:7,,
kokoamu,1,ISA 41:7,,
gunigunidia,1,ISA 41:9,,
hagoadamu,1,ISA 41:10,,
imudamu,1,ISA 41:10,,
hapatapatadia,1,ISA 41:15,,
didirava,1,ISA 41:23,,
ihahekamo-taodia,1,ISA 41:25,,
imudaiamu,1,ISA 42:1,,
halasi,1,ISA 42:1,,
gwahamata,1,ISA 42:6,,
hasiahuamu,1,ISA 42:13,,
hakakorodia,1,ISA 42:15,,
hedaga-maorodia,1,ISA 42:16,,
siaiamutauna,1,ISA 42:19,,
kiraramu,1,ISA 42:20,,
irakalaidia,1,ISA 42:24,,
ibodohilaimu,1,ISA 43:3,,
henemailaidia,1,ISA 43:7,,
hahemauriva,1,ISA 43:12,,
hahesikumui,1,ISA 43:23,,
hahesikugu,1,ISA 43:24,,
hahelalogu,1,ISA 43:26,,
hedorilai,1,ISA 43:26,,
hehato,1,ISA 44:5,,
gaukaralaiamu,1,ISA 44:12,,
hodohodo,1,ISA 44:12,,
hodoamu,1,ISA 44:12,,
naunau,1,ISA 44:13,,
kuboro-hahetohona,1,ISA 44:13,,
diharoha,1,ISA 44:14,,
kiriri,1,ISA 44:14,,
makahana,1,ISA 44:15,,
gabulaiamu,1,ISA 44:15,,
karaiamue,1,ISA 44:15,,
guriamu,1,ISA 44:17,,
vairanaibaina,1,ISA 44:19,,
ehakaua,1,ISA 44:20,,
hahedagadia,1,ISA 45:2,,
pbona,1,ISA 45:2,,
hagoadamumu,1,ISA 45:5,,
lalo-heḡonudia,1,ISA 45:16,,
dorudiai,1,ISA 46:1,,
haerolaigu,1,ISA 46:5,,
metau-hahetoho,1,ISA 46:6,,
irauamui,1,ISA 46:12,,
rauaraua,1,ISA 46:13,,
vasilaiamu,1,ISA 46:13,,
hametaumu,1,ISA 47:9,,
orodiamu,1,ISA 47:13,,
irauadia,1,ISA 47:14,,
gwauraimuva,1,ISA 48:8,,
halahelaiamu,1,ISA 48:9,,
dimuradia,1,ISA 48:19,,
mataka-matakana,1,ISA 49:2,,
negarla,1,ISA 49:8,,
iatudia,1,ISA 49:8,,
lailaidia,1,ISA 49:11,,
heralaidia,1,ISA 49:18,,
deḡedeḡe-rahu,1,ISA 49:19,,
edeava,1,ISA 49:21,,
idavalaimu,1,ISA 49:26,,
ḡovalaiamu,1,ISA 50:3,,
haogumu,1,ISA 50:4,,
ibutudia,1,ISA 50:6,,
hekanudi,1,ISA 50:6,,
utumui,1,ISA 51:1,,
ḡeimui,1,ISA 51:1,,
narigumu,1,ISA 51:5,,
garag-ara,1,ISA 51:13,,
ha-igoamu,1,ISA 51:14,,
haraivaraivamu,1,ISA 51:15,,
gurumu,1,ISA 51:15,,
nurina,1,ISA 51:17,,
hahisihisimuimu,1,ISA 51:23,,
ḡahumu,1,ISA 52:2,,
heruirui,1,ISA 52:2,,
nobada,1,ISA 52:10,,
natuna-bae,1,ISA 54:1,,
vabumu,1,ISA 54:4,,
hebogahisi-badagu,1,ISA 54:7,,
helalokauna,1,ISA 54:8,,
hegure-heguremu,1,ISA 54:11,,
kogemu,1,ISA 54:12,,
dibamuva,1,ISA 55:5,,
tuhutuhumu,1,ISA 55:10,,
ihereadia,1,ISA 56:5,,
mia-hanaihanaina,1,ISA 56:5,,
irevadia,1,ISA 56:8,,
uda-ahu,1,ISA 56:9,,
gadodiamu,1,ISA 56:11,,
hevasehalaidiamu,1,ISA 57:4,,
hahaḡa,1,ISA 57:4,,
dorinai,1,ISA 57:7,,
hanurika-nurikaiamu,1,ISA 57:20,,
kahu-kuborodia,1,ISA 58:4,,
hetutumu,1,ISA 58:4,,
ha-igoa,1,ISA 58:5,,
hido,1,ISA 58:5,,
helouna,1,ISA 58:5,,
hahegini,1,ISA 58:12,,
ihagini-loudia,1,ISA 58:12,,
hapararamui,1,ISA 59:2,,
hemudumalaia,1,ISA 59:3,,
derekaka,1,ISA 59:5,,
valavaladia,1,ISA 59:6,,
lalolai,1,ISA 59:7,,
lasimai,1,ISA 59:9,,
paitapaitana,1,ISA 59:9,,
darahuamu,1,ISA 59:10,,
mairumairuna,1,ISA 59:10,,
damuḡa,1,ISA 59:15,,
imudaia,1,ISA 59:16,,
tata-dae-roha,1,ISA 60:3,,
dagiradia,1,ISA 60:4,,
baemailai,1,ISA 60:11,,
hahisihisimuva,1,ISA 60:14,,
dadaraimuva,1,ISA 60:14,,
rohegumu,1,ISA 61:1,,
iruha-negedia,1,ISA 61:1,,
iruadia,1,ISA 61:5,,
idadaraimui,1,ISA 61:7,,
momokanigu,1,ISA 61:8,,
laumagu-ese,1,ISA 61:10,,
hatarulaigu,1,ISA 61:10,,
hatubudiamu,1,ISA 61:11,,
variadiai,1,ISA 61:11,,
moalelaimumu,1,ISA 62:4,,
hahelaloa,1,ISA 62:6,,
halaḡaia,1,ISA 62:7,,
gogoamu,1,ISA 62:9,,
ikoudia,1,ISA 62:9,,
raua-raua,1,ISA 63:4,,
inoilaina,1,ISA 63:14,,
irauamai,1,ISA 63:16,,
hakereremaimu,1,ISA 63:17,,
rakodia,1,ISA 64:2,,
hadaidaiamu,1,ISA 64:2,,
odamai,1,ISA 64:6,,
ikahu-taomu,1,ISA 64:7,,
gugulaiamu,1,ISA 64:7,,
ikuimai,1,ISA 64:8,,
imodaimuva,1,ISA 64:11,,
vasiahudia,1,ISA 65:4,,
hahenemailaidia,1,ISA 65:15,,
haḡuḡurudiamu,1,ISA 65:20,,
tau-burukana,1,ISA 65:20,,
hagugurudia,1,ISA 65:20,,
anianilai,1,ISA 65:22,,
lalo-manaumu,1,ISA 66:2,,
boiboiva,1,ISA 66:4,,
hahegabani,1,ISA 66:9,,
dagiramui,1,ISA 66:12,,
haroho-harohomui,1,ISA 66:12,,
ihagaragarana,1,ISA 66:15,,
ihahururuna,1,ISA 66:15,,
baeani,1,ISA 66:17,,
peva-mare,1,ISA 66:19,,
duanaimu,1,JER 1:5,,
hagini-hagini,1,JER 1:10,,
sokede,1,JER 1:11,,
ihahemetaina,1,JER 1:13,,
daidaia,1,JER 1:14,,
hahetahaia,1,JER 1:17,,
ilodu-henina,1,JER 1:18,,
iloduhenidia,1,JER 1:18,,
vairatuhutuhudia,1,JER 2:2,,
ḡaukaralaimu,1,JER 2:8,,
gavadiava,1,JER 2:8,,
dara-dokolaia,1,JER 2:12,,
lalaḡalaia,1,JER 2:12,,
helohilohina,1,JER 2:13,,
damuga,1,JER 2:14,,
ieona,1,JER 2:15,,
heḡaima,1,JER 2:24,,
ha-iruamu,1,JER 2:24,,
tamakamu,1,JER 2:25,,
dlrava,1,JER 2:28,,
gadoamu,1,JER 2:30,,
kekenigu,1,JER 3:4,,
elava,1,JER 3:6,,
urluseni,1,JER 3:6,,
lenai,1,JER 3:9,,
iregumui,1,JER 3:15,,
iḡavadia,1,JER 3:17,,
hetoahu,1,JER 3:17,,
igavagu,1,JER 3:19,,
dihotaniamu,1,JER 3:20,,
koimaimu,1,JER 3:23,,
dibaḡanimaimu,1,JER 3:23,,
hedoma-hedomana,1,JER 4:7,,
gvauraiamu,1,JER 4:15,,
irevamu,1,JER 4:18,,
hahevahura,1,JER 4:27,,
dubaduba,1,JER 4:28,,
hetahu-hetahu,1,JER 5:1,,
nadi-aukadia,1,JER 5:3,,
hakunuva,1,JER 5:7,,
lokalokamu,1,JER 5:8,,
ha-oremui,1,JER 5:18,,
rla,1,JER 5:19,,
gwau-edeededia,1,JER 5:23,,
hamaragidiamu,1,JER 5:28,,
bete-hakerereme,1,JER 6:1,,
ivaira-henina,1,JER 6:3,,
hevaira-henina,1,JER 6:6,,
kwabudia,1,JER 6:9,,
burukidia,1,JER 6:9,,
hehekou,1,JER 6:10,,
ihalahelaina,1,JER 6:11,,
igimamui,1,JER 6:17,,
hebogahisimu,1,JER 6:23,,
gugubadamu,1,JER 6:24,,
taitailaiamu,1,JER 6:26,,
hatakuda,1,JER 6:26,,
hidi-hidi,1,JER 6:27,,
ede-ede,1,JER 6:28,,
ihiririlaina,1,JER 6:29,,
irla,1,JER 7:6,,
hamialaia,1,JER 7:12,,
igwau-henimui,1,JER 7:13,,
bubudiamu,1,JER 7:18,,
haraivagumu,1,JER 7:19,,
haheraivamu,1,JER 7:19,,
ha-aukadiava,1,JER 7:26,,
lasilai,1,JER 8:1,,
ḡavadiava,1,JER 8:2,,
iburukidia,1,JER 8:13,,
revada,1,JER 8:14,,
asinema,1,JER 8:15,,
hakoko,1,JER 8:16,,
tubebemu,1,JER 8:16,,
tabubumu,1,JER 8:16,,
korimui,1,JER 8:17,,
hebala,1,JER 9:5,,
senuamu,1,JER 9:6,,
tai-hevale,1,JER 9:17,,
iruru-matada,1,JER 9:18,,
wamu,1,JER 9:24,,
peritomena,1,JER 9:25,,
merameramu,1,JER 9:26,,
palakamu,1,JER 10:9,,
ḡahukaḡahuka,1,JER 10:9,,
auno,1,JER 10:11,,
taunaimanima,1,JER 10:14,,
taudra,1,JER 10:18,,
ihalaodia,1,JER 10:22,,
dibamumu,1,JER 10:25,,
dagemu,1,JER 11:9,,
dava-ihenina,1,JER 11:20,,
helulumu,1,JER 12:5,,
vamu-ani,1,JER 12:9,,
igwau-hamatalaina,1,JER 12:16,,
kohua-kohuana,1,JER 13:4,,
norio,1,JER 13:7,,
heaḡi-bada,1,JER 13:9,,
ikwaramu,1,JER 13:21,,
manadailai,1,JER 13:23,,
loulaidiamu,1,JER 14:3,,
henemailaimai,1,JER 14:9,,
ḡuriḡurilaia,1,JER 14:11,,
hahelaḡad-ia,1,JER 14:12,,
rahumai,1,JER 14:19,,
ihadihona,1,JER 14:22,,
hageredia,1,JER 15:1,,
idaredia,1,JER 15:3,,
iani-oredia,1,JER 15:3,,
uduguiraigumu,1,JER 15:10,,
vadivadigu,1,JER 15:15,,
kohuakohua,1,JER 16:16,,
helavahumu,1,JER 16:17,,
gabu-aukana,1,JER 16:19,,
taumabunai,1,JER 16:21,,
purina,1,JER 17:1,,
gasia,1,JER 17:1,,
rabatarina,1,JER 17:6,,
haura-hauradia,1,JER 17:6,,
hetoimu,1,JER 17:8,,
helea-daena,1,JER 17:12,,
hegegemadaina,1,JER 17:26,,
ha-ariaa,1,JER 17:27,,
igirogirona,1,JER 18:3,,
lalo-aukamai,1,JER 18:12,,
hagadia,1,JER 18:14,,
keruma-kerumadia,1,JER 18:14,,
iala-masegu,1,JER 18:23,,
hamaorolaimunu,1,JER 19:2,,
hemai-hemai,1,JER 19:3,,
silaia,1,JER 19:8,,
ha-anidia,1,JER 19:9,,
ihagarimu,1,JER 20:4,,
ḡabamu,1,JER 20:8,,
hekirikirilai,1,JER 20:8,,
ihaheaukalaina,1,JER 20:9,,
ihahisihisigu,1,JER 20:11,,
idadaraidia,1,JER 20:11,,
tuarilai,1,JER 21:4,,
henumui,1,JER 21:5,,
heḡeḡe-madaina,1,JER 21:14,,
goevaḡoevadia,1,JER 22:3,,
lalo-hisihisilaia,1,JER 22:10,,
kakakaka-hereana,1,JER 22:14,,
oḡoḡami,1,JER 22:16,,
idibalaigu,1,JER 22:16,,
murimuridiai,1,JER 22:19,,
abarimi,1,JER 22:20,,
kokimu,1,JER 22:24,,
nadia,1,JER 22:25,,
wo,1,JER 22:28,,
mawi,1,JER 23:6,,
dedika-dedikadia,1,JER 23:12,,
dibwa,1,JER 23:12,,
hahonumuimu,1,JER 23:16,,
asiua,1,JER 23:21,,
hesivarailai,1,JER 23:27,,
perovetalaidiamu,1,JER 23:32,,
lekonia,1,JER 24:1,,
awi,1,JER 24:1,,
gvau-tora,1,JER 24:9,,
tanoua,1,JER 24:10,,
ihagwautatoina,1,JER 25:3,,
iui,1,JER 25:32,,
iala-masemui,1,JER 25:34,,
ihakarohomui,1,JER 25:34,,
havahudiamu,1,JER 25:36,,
haganilaimumu,1,JER 26:2,,
haganilaia,1,JER 26:8,,
gwukau,1,JER 27:3,,
lalohadailai,1,JER 27:5,,
birulaia,1,JER 27:11,,
haevamu,1,JER 27:11,,
helalolaidia,1,JER 27:22,,
per,1,JER 28:8,,
vetalai,1,JER 28:8,,
perovetalaiamu,1,JER 28:9,,
hanarua,1,JER 28:17,,
siaidla,1,JER 29:4,,
hahanegu,1,JER 29:12,,
dekemal,1,JER 29:28,,
dibaganimui,1,JER 29:31,,
lalabora,1,JER 30:6,,
davaniu,1,JER 30:14,,
ha-oremumu,1,JER 30:16,,
dadimumu,1,JER 30:16,,
harakaia,1,JER 30:21,,
urahenina,1,JER 31:3,,
kaha-daudaudia,1,JER 31:8,,
regudiamu,1,JER 31:10,,
ḡadegade,1,JER 31:15,,
hadibadibagu,1,JER 31:19,,
matamalana,1,JER 31:22,,
iragadia,1,JER 31:28,,
goa,1,JER 31:39,,
dokadokana,1,JER 31:40,,
hevaira-hehenidia,1,JER 32:4,,
iabi-taona,1,JER 32:7,,
merodia,1,JER 32:30,,
lalo-garagara,1,JER 32:37,,
muridhi,1,JER 32:39,,
gwauhamatalai,1,JER 32:42,,
kara-namodh,1,JER 32:42,,
rahudh,1,JER 33:5,,
halaḡa-anidiamu,1,JER 33:12,,
miridia,1,JER 33:22,,
iḡui-loudia,1,JER 34:7,,
unoholaidia,1,JER 34:22,,
habasinia,1,JER 35:3,,
igdalia,1,JER 35:4,,
ma-aseia,1,JER 35:4,,
iginina,1,JER 35:19,,
vaugu,1,JER 36:5,,
lehudi,1,JER 36:14,,
ini-hereva,1,JER 36:16,,
parapavana,1,JER 36:21,,
abdele,1,JER 36:26,,
iehukala,1,JER 37:3,,
ben,1,JER 37:10,,
hematauraigu,1,JER 37:20,,
iukala,1,JER 38:1,,
kadidihamu,1,JER 38:12,,
ela-bona,1,JER 38:28,,
abla,1,JER 39:3,,
samagara-nebo,1,JER 39:3,,
sarasekimi,1,JER 39:3,,
neregalasaresere,1,JER 39:3,,
oleana,1,JER 39:9,,
nebusasabana,1,JER 39:13,,
ba-noho,1,JER 40:5,,
ogogami-herea,1,JER 40:7,,
efai,1,JER 40:8,,
iesania,1,JER 40:8,,
baalisi,1,JER 40:14,,
iroromana,1,JER 41:4,,
gasidia,1,JER 41:5,,
ihedavari-henidia,1,JER 41:6,,
amo-ese,1,JER 41:8,,
ismaele,1,JER 41:8,,
kamorlai,1,JER 41:11,,
abi-mauridia,1,JER 41:16,,
gerutu,1,JER 41:17,,
dagi-badadia,1,JER 42:1,,
itamaimu,1,JER 42:2,,
gadoimai,1,JER 42:2,,
ragamui,1,JER 42:10,,
hadikalaimui,1,JER 42:10,,
kerehailaiamu,1,JER 42:10,,
doena,1,JER 42:16,,
gavamui,1,JER 42:16,,
fiuria,1,JER 42:20,,
siailaia,1,JER 43:1,,
bavatomai,1,JER 43:3,,
laohaimai,1,JER 43:3,,
hahekerukeruna,1,JER 43:10,,
darurana,1,JER 43:12,,
heliopolisi,1,JER 43:13,,
hiahedua,1,JER 44:10,,
heihi,1,JER 44:12,,
ihirai,1,JER 44:12,,
ibubudia,1,JER 44:18,,
haoremai,1,JER 44:18,,
bonaula,1,JER 44:25,,
hofra,1,JER 44:30,,
sulavaina,1,JER 46:2,,
hakimore-kimoredia,1,JER 46:4,,
diudia,1,JER 46:9,,
gaukaralaidia,1,JER 46:11,,
hetata,1,JER 46:12,,
hahegegemu,1,JER 46:14,,
kahuhu,1,JER 46:20,,
segaia,1,JER 46:23,,
reḡeregena,1,JER 46:27,,
anakimi,1,JER 47:5,,
pauamu,1,JER 47:6,,
haduaiamu,1,JER 47:7,,
madmene,1,JER 48:2,,
iahedona,1,JER 48:10,,
ihaegena,1,JER 48:12,,
haegea,1,JER 48:12,,
hanu,1,JER 48:15,,
nohoa,1,JER 48:17,,
bete-diblataimi,1,JER 48:22,,
bete-gamulu,1,JER 48:23,,
bete-meono,1,JER 48:23,,
kirihrilaia,1,JER 48:26,,
haladoladoa,1,JER 48:27,,
punena,1,JER 48:28,,
ere-daḡedage,1,JER 48:30,,
kuri-here,1,JER 48:31,,
tailaimu,1,JER 48:32,,
rigimu,1,JER 48:32,,
kiri-here,1,JER 48:36,,
hegasi,1,JER 48:37,,
hoduna,1,JER 48:38,,
laḡaga,1,JER 48:43,,
laḡagana,1,JER 48:44,,
davarta,1,JER 48:44,,
abitanidia,1,JER 49:9,,
laḡa-animu,1,JER 49:31,,
roho-,1,JER 49:36,,
ḡaina,1,JER 50:5,,
helua,1,JER 50:7,,
idadina,1,JER 50:11,,
loloa,1,JER 50:15,,
kwarurudia,1,JER 50:17,,
pava-,1,JER 50:18,,
merataimi,1,JER 50:21,,
reḡemu,1,JER 50:22,,
ibotalaina,1,JER 50:23,,
lavuna,1,JER 50:23,,
iabimu,1,JER 50:24,,
sisisisina,1,JER 50:26,,
heagina,1,JER 50:29,,
madaimu,1,JER 50:32,,
ikahu-riegedia,1,JER 50:33,,
daḡedagedia,1,JER 50:42,,
ihakekerona,1,JER 51:7,,
igwaurai-maoroda,1,JER 51:10,,
dokomui,1,JER 51:13,,
dogadoḡamu,1,JER 51:24,,
keimu,1,JER 51:25,,
mini,1,JER 51:27,,
hekoe-hekoemu,1,JER 51:29,,
itaborona,1,JER 51:33,,
ha-oregu,1,JER 51:34,,
lorigu,1,JER 51:34,,
hakororo,1,JER 51:36,,
garaḡaramu,1,JER 51:39,,
baḡo,1,JER 51:48,,
gwaugvvau,1,JER 51:51,,
havahuanu,1,JER 51:55,,
regemu,1,JER 51:55,,
luari,1,JER 51:56,,
helaha,1,JER 51:58,,
hahegigidia,1,JER 52:14,,
bia,1,JER 52:19,,
kuboro-heḡeḡe,1,JER 52:21,,
gegelaia,1,JER 52:22,,
geḡelaia,1,JER 52:23,,
ihatoiahuihituna,1,JER 52:31,,
hagagaia,1,JER 52:31,,
hanaihanaiava,1,JER 52:33,,
degedegena,1,LAM 1:1,,
lalolaidia,1,LAM 1:7,,
ḡanaḡanadia,1,LAM 1:11,,
hahisilaigu,1,LAM 1:12,,
mase-reagu,1,LAM 1:13,,
bogaragigu,1,LAM 1:15,,
imoi-taodia,1,LAM 1:15,,
variha,1,LAM 1:20,,
hemaradia,1,LAM 2:2,,
matarealaimu,1,LAM 2:4,,
bona-ena,1,LAM 2:9,,
manoridiamu,1,LAM 2:11,,
ladolado,1,LAM 2:15,,
ihi-ihiraimumu,1,LAM 2:16,,
hahegigia,1,LAM 2:17,,
imatamadia,1,LAM 2:19,,
hageremai,1,LAM 2:20,,
hekwadi-auna,1,LAM 3:1,,
govagu,1,LAM 3:5,,
magugu,1,LAM 3:7,,
beana,1,LAM 3:10,,
habaiagu,1,LAM 3:11,,
hagaualaidia,1,LAM 3:16,,
ialo,1,LAM 3:19,,
kopikopi,1,LAM 3:45,,
komadana,1,LAM 3:49,,
hadikalaigumu,1,LAM 3:62,,
hevasehalaigu,1,LAM 3:63,,
hoḡohoḡo,1,LAM 4:1,,
davildia,1,LAM 4:2,,
ubudi,1,LAM 4:3,,
kokokokodia,1,LAM 4:3,,
manadava,1,LAM 4:5,,
kukuroka-kukuroka,1,LAM 4:7,,
ḡiriḡi,1,LAM 4:7,,
makuku,1,LAM 4:8,,
adoradia,1,LAM 4:10,,
fiaraḡarana,1,LAM 4:11,,
miromui,1,LAM 4:15,,
hedau,1,LAM 4:15,,
loa-evaeva,1,LAM 4:15,,
ae-gedumai,1,LAM 4:18,,
ugavadia,1,LAM 4:19,,
haḡeremai,1,LAM 5:1,,
hahemaraimaimu,1,LAM 5:1,,
isie,1,LAM 5:5,,
halaga-animaimu,1,LAM 5:5,,
lohiamaimu,1,LAM 5:8,,
kopimai,1,LAM 5:10,,
heḡaraḡarana,1,LAM 5:10,,
haḡaukaradiamu,1,LAM 5:13,,
huadiamu,1,LAM 5:13,,
ihabaimai,1,LAM 5:16,,
ihatoi-ahuina,1,EZK 1:1,,
hanohoava,1,EZK 1:2,,
busi,1,EZK 1:3,,
kehara,1,EZK 1:3,,
hururua,1,EZK 1:4,,
hegirova,1,EZK 1:9,,
heheḡeḡereḡere,1,EZK 1:16,,
heidi,1,EZK 1:22,,
gubarta,1,EZK 1:25,,
hegeḡena,1,EZK 1:27,,
garilaidia,1,EZK 2:6,,
hamaorugu,1,EZK 3:1,,
hakunulaia,1,EZK 3:3,,
hahuakaia,1,EZK 3:8,,
telabibi,1,EZK 3:15,,
ihakau-sirina,1,EZK 3:18,,
maoromaoio,1,EZK 3:20,,
hakapea,1,EZK 3:26,,
tomamnu,1,EZK 3:27,,
tunua,1,EZK 4:1,,
unudaudauna,1,EZK 4:5,,
haguḡurudia,1,EZK 4:8,,
millet,1,EZK 4:9,,
litre,1,EZK 4:11,,
varoda,1,EZK 4:17,,
idai-ahuna,1,EZK 5:2,,
itata-utudia,1,EZK 5:6,,
hadoemui,1,EZK 5:14,,
lalo-siahugu,1,EZK 5:15,,
koura-koura,1,EZK 6:3,,
hahekidadia,1,EZK 6:5,,
ih-aboulaina,1,EZK 6:6,,
paladia,1,EZK 6:6,,
iguimui,1,EZK 6:9,,
gavadiamu,1,EZK 6:9,,
kahikahina,1,EZK 6:12,,
urumo-urumodia,1,EZK 6:13,,
herahu-mase,1,EZK 7:9,,
kohu-momo,1,EZK 7:11,,
hoihoimu,1,EZK 7:12,,
edia-hotuhotu,1,EZK 7:12,,
hegaegaelai,1,EZK 7:14,,
heroḡe-herogemu,1,EZK 7:17,,
ha-orelai,1,EZK 7:19,,
hakunulai,1,EZK 7:19,,
ihahekwakwanailaidia,1,EZK 7:19,,
heagilai,1,EZK 7:20,,
taratvatu,1,EZK 7:26,,
hurwu-hururuna,1,EZK 8:2,,
doboraḡigu,1,EZK 8:3,,
imata-hanailaina,1,EZK 8:3,,
dika-rohoroho-lia,1,EZK 8:10,,
taitailaidiamu,1,EZK 9:4,,
ḡanaḡanalaidiamu,1,EZK 9:4,,
hauaina,1,EZK 10:4,,
hudia,1,EZK 10:5,,
kiama-hamadia,1,EZK 10:9,,
laasania,1,EZK 11:1,,
inadulaina,1,EZK 11:3,,
taunimanimanatuna,1,EZK 11:4,,
agowa,1,EZK 11:5,,
inadulaidia,1,EZK 11:7,,
hahegogomui,1,EZK 11:17,,
gwauedeede,1,EZK 12:3,,
inetauna,1,EZK 12:10,,
kudou-hetahamu,1,EZK 12:18,,
heudeheudemu,1,EZK 12:18,,
heḡova-ahu,1,EZK 13:18,,
idoalaidiamu,1,EZK 13:20,,
tutuana,1,EZK 15:5,,
hedaraunelai,1,EZK 16:2,,
govalaia,1,EZK 16:8,,
maohenimu,1,EZK 16:8,,
hadigumu,1,EZK 16:9,,
vagivagi,1,EZK 16:11,,
haheralai,1,EZK 16:16,,
govalaidia,1,EZK 16:18,,
ḡagaemu,1,EZK 16:22,,
lebulebulaia,1,EZK 16:25,,
hehoihoilai,1,EZK 16:25,,
gsudia,1,EZK 16:33,,
henitaodia,1,EZK 16:33,,
hehulala,1,EZK 16:36,,
olebulebulaidia,1,EZK 16:37,,
dihotanidiamu,1,EZK 16:38,,
dapamu,1,EZK 16:40,,
miriginimu,1,EZK 16:46,,
boga-kunuva,1,EZK 16:49,,
haragaia,1,EZK 16:52,,
kunana,1,EZK 16:55,,
gwaurai-gwawai,1,EZK 16:56,,
duni-dae,1,EZK 16:57,,
hepuina,1,EZK 17:2,,
hape,1,EZK 17:3,,
urumo-urumo,1,EZK 17:6,,
hema,1,EZK 17:7,,
helaorearia,1,EZK 17:14,,
rigirigi,1,EZK 17:22,,
rigirigidia,1,EZK 17:22,,
hakwadogiamu,1,EZK 17:24,,
hakakoroamu,1,EZK 17:24,,
dadiva,1,EZK 18:18,,
irohe-ahudia,1,EZK 19:1,,
ist,1,EZK 19:1,,
igauna,1,EZK 19:9,,
noke,1,EZK 19:11,,
hakakoroa,1,EZK 19:12,,
inanadaigu,1,EZK 20:3,,
ihakau-lasidia,1,EZK 20:9,,
urumona,1,EZK 20:28,,
lasit,1,EZK 20:34,,
hevaira-hehenida,1,EZK 20:35,,
hakaud,1,EZK 20:38,,
harihati,1,EZK 20:39,,
hamuoa,1,EZK 20:39,,
itelaḡagu,1,EZK 20:41,,
hahemirolai,1,EZK 20:43,,
uda-tanona,1,EZK 20:46,,
hodaridia,1,EZK 20:47,,
dara-dokomu,1,EZK 21:6,,
lalo-hisihisimu,1,EZK 21:6,,
ilaia,1,EZK 21:7,,
iunana,1,EZK 21:11,,
dapadapa,1,EZK 21:14,,
kevaru-kevarumu,1,EZK 21:15,,
launmu,1,EZK 21:16,,
ha-,1,EZK 21:17,,
rubediamu,1,EZK 21:21,,
nanadaidiamu,1,EZK 21:21,,
lolo-dagu,1,EZK 21:22,,
igwadadia,1,EZK 21:22,,
vaḡomadia,1,EZK 21:22,,
iato-hatadia,1,EZK 21:22,,
iḡegelaina,1,EZK 21:22,,
hulalalaidia,1,EZK 21:24,,
hakimorekimorea,1,EZK 21:28,,
pururumu,1,EZK 21:31,,
ihamirolaina,1,EZK 22:3,,
hahemataidiamu,1,EZK 22:7,,
hahebademu,1,EZK 22:9,,
rava-maragi,1,EZK 22:11,,
gvaurai-lagau,1,EZK 22:12,,
hekapumu,1,EZK 22:13,,
hahururuhururuamu,1,EZK 22:20,,
ihavevedia,1,EZK 22:20,,
pururumui,1,EZK 22:21,,
daremu,1,EZK 22:27,,
orediamu,1,EZK 22:27,,
ḡaunai,1,EZK 22:27,,
gwa,1,EZK 22:28,,
ha-aradia,1,EZK 22:31,,
hedadaraina,1,EZK 23:17,,
hedadaraigu,1,EZK 23:18,,
lalo-hekisehekisemu,1,EZK 23:21,,
soa,1,EZK 23:23,,
koa,1,EZK 23:23,,
tapusia,1,EZK 23:34,,
ouda,1,EZK 23:40,,
ka,1,EZK 23:45,,
date,1,EZK 23:47,,
rakudia,1,EZK 24:5,,
udunanana,1,EZK 24:12,,
iheaḡilaina,1,EZK 24:21,,
bena-lauegu,1,EZK 24:22,,
heḡanaḡana,1,EZK 24:23,,
ibona,1,EZK 24:25,,
atomuimu,1,EZK 25:4,,
ihadava-henidia,1,EZK 25:12,,
hahedava,1,EZK 25:15,,
tahia,1,EZK 26:4,,
duduidia,1,EZK 26:8,,
govamu,1,EZK 26:10,,
ariaramu,1,EZK 26:11,,
motumotudia,1,EZK 26:18,,
raka-lasi,1,EZK 27:3,,
au-tubuamu,1,EZK 27:5,,
laramu,1,EZK 27:7,,
pepemu,1,EZK 27:7,,
kone-tartodia,1,EZK 27:7,,
heleke,1,EZK 27:11,,
gamada,1,EZK 27:11,,
haraga-haragana,1,EZK 27:12,,
matlai,1,EZK 27:15,,
kadokodo,1,EZK 27:16,,
helebono,1,EZK 27:18,,
hoihoilaiva,1,EZK 27:21,,
kilimada,1,EZK 27:23,,
gedadia,1,EZK 27:24,,
loalai,1,EZK 27:25,,
madunamu,1,EZK 27:25,,
demadema,1,EZK 27:27,,
mutumu,1,EZK 27:27,,
hekui-hekuimu,1,EZK 27:30,,
riodiamu,1,EZK 27:31,,
lalo-iditadia,1,EZK 27:31,,
idita-hereadia,1,EZK 27:31,,
herohe-ahulaimumu,1,EZK 27:32,,
hataḡalaidia,1,EZK 27:33,,
nuku,1,EZK 27:36,,
haberomumu,1,EZK 28:9,,
lat,1,EZK 28:10,,
herahela,1,EZK 28:13,,
iseisedia,1,EZK 28:13,,
raho-namomu,1,EZK 28:17,,
hamiroava,1,EZK 28:17,,
raraimuva,1,EZK 28:18,,
helaḡagu,1,EZK 28:22,,
hmai,1,EZK 29:4,,
hakamodia,1,EZK 29:4,,
herogi-herogi,1,EZK 29:7,,
hamaragidia,1,EZK 29:15,,
ituarihenina,1,EZK 29:18,,
haboha,1,EZK 29:18,,
hatoto,1,EZK 29:18,,
damuḡana,1,EZK 29:19,,
abdiholo,1,EZK 30:4,,
hahebolorudia,1,EZK 30:9,,
tagana,1,EZK 30:10,,
havareaidia,1,EZK 30:11,,
pibesete,1,EZK 30:17,,
tehafenehe,1,EZK 30:18,,
ikumi,1,EZK 30:21,,
sinavai-sinavaidia,1,EZK 31:4,,
latalata,1,EZK 31:5,,
kwaidudia,1,EZK 31:12,,
hegigi-dobina,1,EZK 31:13,,
ihagvauta-ruana,1,EZK 32:1,,
sese,1,EZK 32:2,,
halamiriamu,1,EZK 32:2,,
haduhudiamu,1,EZK 32:2,,
hapetapetalaia,1,EZK 32:5,,
iguimu,1,EZK 32:9,,
hahelado,1,EZK 32:10,,
ḡaudia-aedia,1,EZK 32:13,,
hanegaridia,1,EZK 32:14,,
helevamu,1,EZK 32:14,,
hahekuremu,1,EZK 32:19,,
hahekwinadia,1,EZK 32:27,,
nda,1,EZK 32:30,,
hahegarina,1,EZK 32:30,,
hedaraunelaia,1,EZK 33:5,,
haketoa,1,EZK 33:12,,
idiu,1,EZK 33:29,,
heboulaimumu,1,EZK 33:30,,
dagedagemui,1,EZK 34:4,,
oioro,1,EZK 34:6,,
iubudia,1,EZK 34:10,,
haduhua,1,EZK 34:19,,
varodadia,1,EZK 34:20,,
hebibimu,1,EZK 34:21,,
bibidia,1,EZK 34:21,,
batugudia,1,EZK 34:26,,
haheḡaeḡaemu,1,EZK 35:6,,
gonaḡonalaidia,1,EZK 35:12,,
hesivarailaimui,1,EZK 36:3,,
gagaedia,1,EZK 36:4,,
ruamui,1,EZK 36:9,,
uhemui,1,EZK 36:9,,
noholaimui,1,EZK 36:11,,
bogaragididi,1,EZK 36:21,,
hakamui,1,EZK 36:24,,
negarinegarina,1,EZK 36:25,,
sisirimui,1,EZK 36:25,,
ialo-auka,1,EZK 36:26,,
hamanadamui,1,EZK 36:27,,
noholaidiamubona,1,EZK 36:35,,
maḡudiamu,1,EZK 36:35,,
kakakoro,1,EZK 37:2,,
henidiatomamu,1,EZK 37:5,,
hadudu,1,EZK 37:6,,
govamui,1,EZK 37:6,,
reḡedagu,1,EZK 37:7,,
hemudu-hemudu,1,EZK 37:7,,
hadududia,1,EZK 37:8,,
turiamai,1,EZK 37:11,,
ui,1,EZK 37:20,,
iḡovalai-ḡuḡurudia,1,EZK 38:4,,
kwara-gaudia,1,EZK 38:5,,
medu-hetaridia,1,EZK 38:22,,
kasiri-ani,1,EZK 39:4,,
bolomadia,1,EZK 39:4,,
iraka-hanaina,1,EZK 39:15,,
hamona,1,EZK 39:16,,
tomaunu,1,EZK 39:25,,
vageḡena,1,EZK 39:25,,
koilaigu,1,EZK 39:26,,
hagaridiava,1,EZK 39:26,,
rakataia,1,EZK 39:28,,
hadadia,1,EZK 40:5,,
idae-lao-henina,1,EZK 40:6,,
seaseadia,1,EZK 40:12,,
vaira-kahana,1,EZK 40:15,,
hahaga,1,EZK 40:16,,
kahanadanu,1,EZK 40:40,,
ialalaidia,1,EZK 40:42,,
kahanil,1,EZK 41:7,,
nil,1,EZK 41:12,,
labahadia,1,EZK 41:14,,
helokuva,1,EZK 41:24,,
hulalava,1,EZK 41:24,,
au-reireidia,1,EZK 41:25,,
lalaba,1,EZK 42:2,,
nadi-ariarana,1,EZK 42:3,,
hegaga-henina,1,EZK 42:10,,
hehelaga,1,EZK 42:14,,
uhuḡaina,1,EZK 42:20,,
kaharuadiava,1,EZK 42:20,,
hakiama-kiamaia,1,EZK 43:2,,
ae-palapalagu,1,EZK 43:7,,
imoina,1,EZK 43:7,,
alodia,1,EZK 43:8,,
itomadihohenidia,1,EZK 43:9,,
nahma,1,EZK 43:10,,
ilalo-hatana,1,EZK 43:10,,
ihaero-hatana,1,EZK 43:11,,
hara-latana,1,EZK 43:13,,
daḡana,1,EZK 43:13,,
bebekabebekadia,1,EZK 43:25,,
tauanidia,1,EZK 44:7,,
atva,1,EZK 44:7,,
tan-ona,1,EZK 44:14,,
lialu,1,EZK 44:15,,
inamoe,1,EZK 44:17,,
hahedohlai,1,EZK 44:17,,
piriboudia,1,EZK 44:18,,
halata,1,EZK 44:20,,
uhugaidia,1,EZK 44:23,,
gogoeva,1,EZK 44:23,,
timo,1,EZK 44:31,,
ilulu-lasidia,1,EZK 45:9,,
ibadidia,1,EZK 45:11,,
inta,1,EZK 45:12,,
bebekabebekana,1,EZK 46:4,,
eta,1,EZK 46:11,,
tlanua,1,EZK 46:12,,
ikuilaina,1,EZK 46:14,,
bouhouna,1,EZK 46:14,,
dokodokona,1,EZK 46:19,,
maḡumaḡu,1,EZK 46:23,,
tuimai,1,EZK 47:4,,
riri,1,EZK 47:6,,
lougu,1,EZK 47:7,,
negarimu,1,EZK 47:8,,
hanegaria,1,EZK 47:9,,
en-eglaimi,1,EZK 47:10,,
laguta-lagutana,1,EZK 47:11,,
negari,1,EZK 47:11,,
berota,1,EZK 47:16,,
hasere-hatikono,1,EZK 47:16,,
miriginina,1,EZK 47:17,,
umul,1,EZK 47:22,,
murigini,1,EZK 48:10,,
en,1,EZK 48:10,,
hebodohilaia,1,EZK 48:14,,
ilanua,1,EZK 48:15,,
meribatakade,1,EZK 48:28,,
aspenasa,1,DAN 1:3,,
kwara-haraga,1,DAN 1:4,,
lanania,1,DAN 1:11,,
oromamai,1,DAN 1:13,,
aida,1,DAN 1:16,,
dibadiaidia,1,DAN 1:20,,
hagwauta,1,DAN 1:20,,
laḡania,1,DAN 2:1,,
kaldeataudia,1,DAN 2:2,,
laloguna,1,DAN 2:3,,
pavapavima,1,DAN 2:11,,
lianania,1,DAN 2:17,,
hamaorolaidh,1,DAN 2:17,,
ha-idaudiamu,1,DAN 2:21,,
haginidiamu,1,DAN 2:21,,
taunabutlai,1,DAN 2:24,,
aor,1,DAN 2:24,,
ega,1,DAN 2:24,,
latanal,1,DAN 2:28,,
kiamakiama-hereana,1,DAN 2:31,,
d,1,DAN 2:34,,
hahemakohimu,1,DAN 2:40,,
hedoa-hedoa,1,DAN 2:43,,
hebulomu,1,DAN 2:43,,
hahetamonamu,1,DAN 2:43,,
dura,1,DAN 3:1,,
gwau-lasi,1,DAN 3:4,,
olo,1,DAN 3:10,,
garaḡara,1,DAN 3:13,,
mailaiadia,1,DAN 3:13,,
hasiahuava,1,DAN 3:19,,
logoradia,1,DAN 3:21,,
hedederai,1,DAN 3:27,,
varagana,1,DAN 3:27,,
haheganimu,1,DAN 3:29,,
ihadibalaigu,1,DAN 4:7,,
belelesasara,1,DAN 4:8,,
nihina,1,DAN 4:9,,
gaulatalata,1,DAN 4:10,,
lapadia,1,DAN 4:14,,
uhugai,1,DAN 4:17,,
ihamaorolaigu,1,DAN 4:18,,
ḡawla,1,DAN 4:21,,
anma,1,DAN 4:24,,
hapariparimu,1,DAN 4:25,,
ahulaigu,1,DAN 4:36,,
gogoeva-goḡoeva,1,DAN 4:37,,
inuinulai,1,DAN 5:3,,
toreva,1,DAN 5:5,,
halalagaia,1,DAN 5:6,,
hebalarea,1,DAN 5:6,,
halalaḡamu,1,DAN 5:10,,
rohemumu,1,DAN 5:14,,
iabi-isidia,1,DAN 5:19,,
iato-dihodia,1,DAN 5:19,,
parasini,1,DAN 5:25,,
lagarudia,1,DAN 5:31,,
tauratoi-ahui-rua,1,DAN 5:31,,
hadaiva,1,DAN 6:10,,
noinoiva,1,DAN 6:11,,
midimidi,1,DAN 6:12,,
koulaia,1,DAN 6:17,,
ganaganana,1,DAN 6:20,,
moru-dobidia,1,DAN 6:24,,
herauamu,1,DAN 6:27,,
hahurehurea,1,DAN 7:2,,
rudu,1,DAN 7:5,,
kudou-hetahana,1,DAN 7:7,,
maraḡi-muaḡina,1,DAN 7:8,,
hekehova,1,DAN 7:10,,
idau-,1,DAN 7:14,,
badadi,1,DAN 7:20,,
gonagonalaia,1,DAN 7:25,,
mata-hanaigu,1,DAN 8:2,,
ae-moimoilai,1,DAN 8:13,,
hahedinaiaiamu,1,DAN 8:17,,
goru-dihogu,1,DAN 8:18,,
unana,1,DAN 8:25,,
anivagagu,1,DAN 9:3,,
puse-dabuagu,1,DAN 9:3,,
hahesiriudiamu,1,DAN 9:4,,
mal,1,DAN 9:9,,
taudla,1,DAN 9:10,,
eaia,1,DAN 9:10,,
laiamu,1,DAN 9:18,,
ḡaḡaemai,1,DAN 9:18,,
batna,1,DAN 9:22,,
kara-maoromaorona,1,DAN 9:24,,
iḡeḡe-ahuna,1,DAN 9:25,,
koupana,1,DAN 9:25,,
bainen-a,1,DAN 9:26,,
ḡuḡurudia,1,DAN 10:3,,
hmorena,1,DAN 10:6,,
shu,1,DAN 10:13,,
basikiana,1,DAN 11:2,,
sdver,1,DAN 11:8,,
diba-herea,1,DAN 11:15,,
taḡa-herea,1,DAN 11:24,,
goada-hereana,1,DAN 11:25,,
gaiho-lia,1,DAN 11:26,,
dibaganidia,1,DAN 11:32,,
ihakurokurodia,1,DAN 11:35,,
gwawaia,1,DAN 11:36,,
gow,1,DAN 11:38,,
davabada,1,DAN 11:38,,
hut,1,DAN 11:39,,
ha-utudia,1,DAN 11:40,,
id,1,DAN 11:41,,
ihadikadlia,1,DAN 11:42,,
glmadia,1,DAN 12:1,,
igigi-rohorohona,1,DAN 12:7,,
hehehuni,1,DAN 12:9,,
hahekurokuro,1,DAN 12:10,,
hahevahumu,1,DAN 12:11,,
diblaimi,1,HOS 1:3,,
tadikamamui,1,HOS 2:1,,
taihumui,1,HOS 2:1,,
tapusi,1,HOS 2:3,,
ga,1,HOS 2:3,,
ihadabulaina,1,HOS 2:9,,
haherohemui,1,HOS 2:18,,
lb,1,HOS 3:2,,
daguna,1,HOS 4:6,,
ganiganimu,1,HOS 4:8,,
nanadaiamu,1,HOS 4:12,,
poplar,1,HOS 4:13,,
naluna,1,HOS 4:16,,
koedia,1,HOS 4:19,,
iua,1,HOS 5:5,,
houkahouka,1,HOS 5:12,,
dareda,1,HOS 6:1,,
botada,1,HOS 6:1,,
beroda,1,HOS 6:1,,
baguda,1,HOS 6:3,,
hololai,1,HOS 6:3,,
idiba-ḡoevana,1,HOS 6:6,,
haheboumu,1,HOS 6:9,,
roromadiamu,1,HOS 6:9,,
itaboromu,1,HOS 6:11,,
irakuna,1,HOS 7:4,,
hururumu,1,HOS 7:6,,
heḡasimu,1,HOS 7:14,,
ihadikalaigu,1,HOS 7:15,,
ere-daḡedaḡe,1,HOS 7:16,,
heigumu,1,HOS 8:2,,
hegarana,1,HOS 9:6,,
haherogorogo,1,HOS 9:11,,
mara-dika,1,HOS 9:14,,
dagedagedia,1,HOS 9:15,,
gwuraimu,1,HOS 10:4,,
ḡorumai,1,HOS 10:8,,
imoimoilaina,1,HOS 10:11,,
salamana,1,HOS 10:14,,
bet-arabele,1,HOS 10:14,,
ad,1,HOS 11:8,,
uilu,1,HOS 11:8,,
igwau-henina,1,HOS 11:11,,
haheḡegegu,1,HOS 11:12,,
harahudiamu,1,HOS 13:2,,
ninoana,1,HOS 13:3,,
helohilohi,1,HOS 13:15,,
bibinamai,1,HOS 14:2,,
kara-hebeatai,1,HOS 14:4,,
lily,1,HOS 14:5,,
herahe-rana,1,HOS 14:5,,
gimamumu,1,HOS 14:8,,
petuel,1,JOL 1:1,,
e-dodomu,1,JOL 1:10,,
baruadia,1,JOL 1:17,,
gabola,1,JOL 2:2,,
hearamu,1,JOL 2:3,,
laboradia,1,JOL 2:6,,
anivagamui,1,JOL 2:12,,
taimui,1,JOL 2:12,,
ganaganamui,1,JOL 2:12,,
ihamomokanimui,1,JOL 2:23,,
gunadaia,1,JOL 2:23,,
tubu-daena,1,JOL 2:30,,
badula,1,JOL 3:8,,
hegaegaelaia,1,JOL 3:9,,
unuseili,1,JOL 3:11,,
haranua,1,JOL 3:18,,
kwadikwadi,1,AMO 1:3,,
bet,1,AMO 1:5,,
reruena,1,AMO 2:13,,
ae-haraḡa,1,AMO 2:14,,
ae-haraga,1,AMO 2:15,,
heḡaeḡaelaidiamu,1,AMO 3:10,,
maurudia,1,AMO 4:3,,
haramono,1,AMO 4:3,,
udu-baubaumui,1,AMO 4:10,,
tilhoa,1,AMO 5:7,,
hetaotao,1,AMO 5:19,,
gabora,1,AMO 5:20,,
sakutu,1,AMO 5:26,,
kaiwana,1,AMO 5:26,,
hataidiamu,1,AMO 6:5,,
dahudiamu,1,AMO 6:6,,
hisihisilaiamu,1,AMO 6:6,,
ihanohodia,1,AMO 6:7,,
hagolea,1,AMO 6:10,,
karanaimi,1,AMO 6:13,,
heboga,1,AMO 7:2,,
hakaukauava,1,AMO 7:4,,
ihaheaukalaidia,1,AMO 7:10,,
sukamore,1,AMO 7:14,,
manoe,1,AMO 7:15,,
heharilaia,1,AMO 7:17,,
hegure-hegure,1,AMO 8:8,,
baiule,1,AMO 8:8,,
hariolaidia,1,AMO 8:10,,
vara-edea,1,AMO 8:10,,
ikorodla,1,AMO 9:1,,
dagwala,1,AMO 9:3,,
hadaidiamu,1,AMO 9:6,,
boilaidiamu,1,AMO 9:6,,
haruiruia,1,AMO 9:9,,
ruiruia,1,AMO 9:9,,
imoimoilaidia,1,AMO 9:13,,
iabilaina,1,OBA 1:11,,
maridia,1,OBA 1:11,,
sefarad,1,OBA 1:20,,
heroḡi,1,JON 1:4,,
saia,1,JON 1:17,,
ha-utugu,1,JON 2:3,,
alaga,1,JON 2:5,,
ihakerukeruna,1,JON 4:6,,
habadelaimw,1,MIC 1:2,,
bete-le-afra,1,MIC 1:10,,
safiri,1,MIC 1:11,,
ḡaḡaemui,1,MIC 1:11,,
hemaraimui,1,MIC 1:11,,
saanan,1,MIC 1:11,,
bet-esele,1,MIC 1:11,,
maroto,1,MIC 1:12,,
moresete-gata,1,MIC 1:14,,
ihadareremui,1,MIC 1:15,,
imodia,1,MIC 2:1,,
hekokorokumui,1,MIC 2:3,,
ehona,1,MIC 2:4,,
guimai,1,MIC 2:4,,
ihahemaraida,1,MIC 2:6,,
habuaiamu,1,MIC 2:10,,
loaeva-eva,1,MIC 2:11,,
hulumana,1,MIC 2:12,,
heloḡo-heloḡodia,1,MIC 2:12,,
ihamauruna,1,MIC 2:13,,
ḡoevaḡoevagu,1,MIC 3:8,,
ihahedinarai-henidia,1,MIC 3:8,,
hakererediamu,1,MIC 3:9,,
hevatu,1,MIC 3:11,,
haoromu,1,MIC 3:11,,
bogaragida,1,MIC 3:11,,
atai-hereana,1,MIC 4:1,,
doamu,1,MIC 4:13,,
benil,1,MIC 5:3,,
badu-ḡaraḡaragu,1,MIC 5:15,,
igarilaina,1,MIC 6:9,,
ihi-ihiraimui,1,MIC 6:16,,
vine-takona,1,MIC 7:1,,
suke-huahuana,1,MIC 7:1,,
otomu,1,MIC 7:2,,
moḡeamu,1,MIC 7:3,,
rava-maraḡi,1,MIC 7:6,,
elkoso,1,NAM 1:1,,
hadavamu,1,NAM 1:2,,
hakororodiamu,1,NAM 1:4,,
geaka-geakamu,1,NAM 1:4,,
ha-uredia,1,NAM 1:8,,
hatalaiamu,1,NAM 1:9,,
heromedia,1,NAM 1:10,,
hahealolaia,1,NAM 1:11,,
madluna,1,NAM 1:13,,
iḡuimu,1,NAM 1:13,,
hahelaria,1,NAM 1:14,,
ihamakohimu,1,NAM 2:1,,
hadihakia,1,NAM 2:2,,
hegaeḡaemu,1,NAM 2:3,,
hwuru-hururumu,1,NAM 2:3,,
ihadai-ahudia,1,NAM 2:6,,
hevalemu,1,NAM 2:7,,
haheḡagae,1,NAM 2:10,,
tabubu-tabubumu,1,NAM 2:10,,
hamarerediamu,1,NAM 2:11,,
advana,1,NAM 2:12,,
damumu,1,NAM 2:13,,
hasenudiamu,1,NAM 3:3,,
dibaḡanidiamu,1,NAM 3:4,,
ulau-idau,1,NAM 3:4,,
lagagalaimu,1,NAM 3:7,,
hamasemu,1,NAM 3:15,,
kwadidla,1,NAM 3:15,,
ihaheboudia,1,NAM 3:18,,
matahanailaia,1,HAB 1:1,,
heau-heau,1,HAB 1:6,,
bena-e,1,HAB 1:10,,
veridiamu,1,HAB 1:15,,
iḡonaḡonalaidia,1,HAB 2:5,,
kiridia,1,HAB 2:6,,
senumu,1,HAB 2:6,,
ihahetahana,1,HAB 2:7,,
mukuro,1,HAB 2:11,,
idagedaḡe,1,HAB 2:17,,
shigionoth,1,HAB 3:1,,
hamatamaia,1,HAB 3:2,,
mamadia,1,HAB 3:4,,
kusana,1,HAB 3:7,,
adai,1,HAB 3:9,,
heidodia,1,HAB 3:11,,
kimorena,1,HAB 3:11,,
igigi-rohorohogu,1,HAB 3:14,,
veverumu,1,HAB 3:16,,
olvie,1,HAB 3:17,,
harakagumu,1,HAB 3:19,,
hahegaegaea,1,ZEP 1:7,,
noho-herekwa,1,ZEP 1:12,,
odamui,1,ZEP 2:2,,
ialo-manau,1,ZEP 2:3,,
gonagonalaidia,1,ZEP 2:8,,
kirikirilaidiava,1,ZEP 2:10,,
heaḡiva,1,ZEP 2:10,,
leonadia,1,ZEP 3:3,,
hehamaoro,1,ZEP 3:5,,
raka-rakalaidiamu,1,ZEP 3:6,,
nana,1,ZEP 3:8,,
hetataro,1,ZEP 3:11,,
moale-badana,1,ZEP 3:17,,
doromu,1,HAG 1:6,,
matumatuna,1,HAG 1:6,,
udaiamu,1,HAG 1:6,,
lehosadak,1,HAG 2:4,,
hailaina,1,HAG 2:9,,
hahebubudiamu,1,HAG 2:22,,
asae,1,ZEC 1:4,,
matu-hanai,1,ZEC 1:6,,
sebata,1,ZEC 1:7,,
peroveto,1,ZEC 1:17,,
hakaroho,1,ZEC 1:19,,
hakarohoa,1,ZEC 1:21,,
dadimui,1,ZEC 2:8,,
daumui,1,ZEC 2:8,,
ḡegelaia,1,ZEC 3:5,,
haogu,1,ZEC 4:1,,
baubaudia,1,ZEC 4:12,,
seilaia,1,ZEC 4:12,,
rohona,1,ZEC 5:2,,
hubit,1,ZEC 5:2,,
ha-olea,1,ZEC 5:4,,
ha-evadia,1,ZEC 5:9,,
tlari,1,ZEC 5:10,,
ilahana,1,ZEC 5:11,,
mia-koremadia,1,ZEC 6:3,,
halagaia,1,ZEC 6:8,,
ihahelalo-unedia,1,ZEC 6:14,,
regeme-melek,1,ZEC 7:2,,
kodobedia,1,ZEC 7:11,,
lalo-hekwarahigu,1,ZEC 8:2,,
badu-garagaragu,1,ZEC 8:2,,
haheinaidia,1,ZEC 8:10,,
dekedekemu,1,ZEC 8:23,,
hadraka,1,ZEC 9:1,,
hetabiranai,1,ZEC 9:2,,
vara-hanai,1,ZEC 9:6,,
hahebolodia,1,ZEC 9:8,,
nat,1,ZEC 9:9,,
nohomui,1,ZEC 9:12,,
dapadapalaimu,1,ZEC 9:13,,
koe-hirihiridia,1,ZEC 9:14,,
lanuna,1,ZEC 9:15,,
parika-parika,1,ZEC 9:15,,
iheralaina,1,ZEC 9:16,,
nohonoho,1,ZEC 10:10,,
iduaramu,1,ZEC 11:1,,
hakorua,1,ZEC 11:3,,
hakanidiamu,1,ZEC 11:5,,
hoihoilaidiamu,1,ZEC 11:5,,
ihoihoilaidia,1,ZEC 11:7,,
regumui,1,ZEC 11:9,,
hamalalai,1,ZEC 11:10,,
hetadikaka,1,ZEC 11:14,,
raka-boioboio,1,ZEC 11:16,,
hahekekero,1,ZEC 12:2,,
manokamanoka-herea,1,ZEC 12:8,,
ḡadeḡadelaia,1,ZEC 12:10,,
hadadarimon,1,ZEC 12:11,,
hahelohilohi,1,ZEC 13:1,,
huika-huikadia,1,ZEC 13:4,,
tauhaumai,1,ZEC 13:5,,
turamai,1,ZEC 13:6,,
ihatatoidia,1,ZEC 13:9,,
hepola,1,ZEC 14:4,,
mavamavana,1,ZEC 14:6,,
diho-kahana,1,ZEC 14:10,,
hevadari,1,ZEC 14:11,,
hahisilaidiamu,1,ZEC 14:18,,
malaki,1,MAL 1:1,,
uniroa,1,MAL 1:7,,
basioa,1,MAL 1:10,,
hamatalaiamu,1,MAL 1:14,,
ha-igomui,1,MAL 2:9,,
lotona,1,MAL 2:12,,
iruru-matamui,1,MAL 2:13,,
hada,1,MAL 2:13,,
taitaimui,1,MAL 2:13,,
ḡanaḡanamui,1,MAL 2:13,,
ihaḡerena,1,MAL 2:13,,
eregabemui,1,MAL 2:14,,
hahekoho,1,MAL 2:16,,
gwaukauna,1,MAL 3:2,,
ihamanada-manadana,1,MAL 3:3,,
ihaḡoevaḡoevana,1,MAL 3:3,,
hagoevadia,1,MAL 3:3,,
rumagu,1,MAL 3:10,,
ilao-henula,1,MAL 3:14,,
taḡamu,1,MAL 3:15,,
dibaganiamu,1,MAL 3:15,,
niaurimu,1,MAL 3:15,,
helalolaiava,1,MAL 3:16,,
rohomui,1,MAL 4:2,,
hahekohoa,1,MAT 1:19,,
iabidaena,1,MAT 1:20,,
cna,1,MAT 1:21,,
ihamomokanuna,1,MAT 1:22,,
healulaidia,1,MAT 2:13,,
mil,1,MAT 2:13,,
ljnl,1,MAT 2:13,,
akelao,1,MAT 2:22,,
bapalisodiava,1,MAT 3:6,,
bapatisogu,1,MAT 3:14,,
ihaoda-henidia,1,MAT 4:19,,
tororo-tororo,1,MAT 4:24,,
momokanimul,1,MAT 5:18,,
koma,1,MAT 5:18,,
hahedibalaidia,1,MAT 5:19,,
gwauhamatalohiabada,1,MAT 5:33,,
moi-tao,1,MAT 5:35,,
ihakurokurona,1,MAT 5:36,,
ihakoremana,1,MAT 5:36,,
inoihenina,1,MAT 7:11,,
avatu,1,MAT 7:12,,
rotona,1,MAT 7:14,,
korukoru,1,MAT 7:16,,
padaia,1,MAT 8:6,,
gadarene,1,MAT 8:28,,
ihahisimai,1,MAT 8:29,,
siaimuimu,1,MAT 10:16,,
heaonega,1,MAT 10:16,,
numa,1,MAT 11:8,,
lma,1,MAT 11:20,,
benla,1,MAT 11:21,,
rahurahudia,1,MAT 11:21,,
siahukaradia,1,MAT 11:23,,
hitoloava,1,MAT 12:3,,
malamalana,1,MAT 12:4,,
busine,1,MAT 12:20,,
hereva-kava,1,MAT 12:36,,
davalai,1,MAT 12:36,,
ounu,1,MAT 12:47,,
igiḡi-rohorohona,1,MAT 13:3,,
iraudia,1,MAT 13:29,,
iḡiḡi-rohorohodia,1,MAT 13:37,,
dagwai,1,MAT 13:48,,
maraḡi-maragi,1,MAT 14:31,,
hanamolaimu,1,MAT 15:5,,
raḡa,1,MAT 15:13,,
roharohava,1,MAT 15:31,,
magadan,1,MAT 15:39,,
heudahanaina,1,MAT 16:4,,
hedavauhetani,1,MAT 16:5,,
kidia,1,MAT 16:19,,
heḡui,1,MAT 16:19,,
igogona,1,MAT 17:24,,
ihatamodia,1,MAT 18:14,,
hegui,1,MAT 18:18,,
davalla,1,MAT 18:26,,
gigia,1,MAT 18:28,,
bad,1,MAT 18:31,,
aia-ala,1,MAT 19:18,,
momokanumu,1,MAT 19:28,,
ḡavagumu,1,MAT 19:28,,
adoata,1,MAT 20:3,,
hilida,1,MAT 20:6,,
tamo-tamona,1,MAT 20:12,,
hematakauna,1,MAT 21:2,,
herou-herou,1,MAT 21:10,,
diliadika,1,MAT 21:15,,
vanahalla,1,MAT 21:20,,
abi-dadama,1,MAT 21:22,,
hamaolomui,1,MAT 21:31,,
gunalaimuimu,1,MAT 21:31,,
koholona,1,MAT 21:33,,
dika-dika,1,MAT 22:7,,
hahedibalaiamu,1,MAT 22:16,,
dibaganigumu,1,MAT 22:18,,
ihahahituna,1,MAT 22:26,,
kerere-kereremu,1,MAT 22:29,,
tohotoho,1,MAT 23:3,,
halatamu,1,MAT 23:5,,
hahenlanau,1,MAT 23:12,,
haheḡeḡe,1,MAT 23:15,,
nladai,1,MAT 23:15,,
haruamu,1,MAT 23:15,,
gokl,1,MAT 23:17,,
hamalamu,1,MAT 23:20,,
nuru,1,MAT 23:24,,
midavadia,1,MAT 23:27,,
itamuimu,1,MAT 23:28,,
barakia,1,MAT 23:35,,
uatana,1,MAT 24:6,,
hetao-tore,1,MAT 24:10,,
kuikoidia,1,MAT 24:24,,
lore,1,MAT 24:24,,
hahcdinarai,1,MAT 24:24,,
igwadana,1,MAT 24:41,,
reguva,1,MAT 25:13,,
hcsiai,1,MAT 25:23,,
ubuguva,1,MAT 25:35,,
igomu,1,MAT 25:39,,
gorereguva,1,MAT 25:43,,
nahamaoromui,1,MAT 25:45,,
ege-dihona,1,MAT 26:7,,
igwautaona,1,MAT 26:28,,
momo-kanimu,1,MAT 26:34,,
tolau,1,MAT 26:35,,
dekedekemui,1,MAT 26:55,,
tutumumu,1,MAT 26:68,,
hahedinaraimumu,1,MAT 26:73,,
hakahulaia,1,MAT 27:29,,
ladama,1,MAT 27:57,,
inuseni,1,MAT 28:7,,
vadi,1,MAT 28:10,,
mahutamai,1,MAT 28:13,,
igwautaodia,1,MRK 1:4,,
hari-ahuitano,1,MRK 1:13,,
nalalomui,1,MRK 1:15,,
ihaoda-henidiataumui,1,MRK 1:17,,
kahilaia,1,MRK 2:4,,
ḡiua,1,MRK 2:4,,
negalla,1,MRK 2:20,,
abiata,1,MRK 2:26,,
harnauria,1,MRK 3:2,,
lalohisihisina,1,MRK 3:5,,
idumea,1,MRK 3:8,,
biria,1,MRK 3:9,,
iabae,1,MRK 3:14,,
boanere,1,MRK 3:17,,
rahurahuamu,1,MRK 3:17,,
diravra,1,MRK 3:35,,
uada,1,MRK 4:1,,
iḡiḡirohorohona,1,MRK 4:3,,
giniḡini,1,MRK 4:7,,
kamonairnu,1,MRK 4:20,,
lalo-tao,1,MRK 4:22,,
ella,1,MRK 4:26,,
rohorollo,1,MRK 4:26,,
bonaaniani,1,MRK 4:32,,
ikurena,1,MRK 4:38,,
maloadamu,1,MRK 4:38,,
ḡuiava,1,MRK 5:4,,
lairo,1,MRK 5:22,,
biribiri,1,MRK 5:24,,
goreretomava,1,MRK 5:25,,
hesedehesedemu,1,MRK 5:31,,
heudeheudena,1,MRK 5:33,,
helogoheloḡova,1,MRK 5:38,,
heloḡoheloḡomu,1,MRK 5:39,,
barnona,1,MRK 5:40,,
talita,1,MRK 5:41,,
etamanudia,1,MRK 5:43,,
bavatu-atuoho,1,MRK 6:11,,
ihahelalokerehaidia,1,MRK 6:12,,
perea,1,MRK 6:14,,
magigiva,1,MRK 6:20,,
herodianatuna,1,MRK 6:22,,
dihodia,1,MRK 6:54,,
anialli,1,MRK 7:3,,
taravalu,1,MRK 7:4,,
kobana,1,MRK 7:11,,
domu,1,MRK 7:15,,
matabodaga,1,MRK 7:21,,
suro-fenise,1,MRK 7:26,,
iaese,1,MRK 7:26,,
taia-kudimabona,1,MRK 7:32,,
hetamanu,1,MRK 7:36,,
ḡoevagoevamu,1,MRK 7:37,,
hakamonaidiamu,1,MRK 7:37,,
haherevadiamu,1,MRK 7:37,,
hehenilaimu,1,MRK 8:17,,
daha-imaosiiubulaidia,1,MRK 8:19,,
bonahituosi,1,MRK 8:20,,
daha-haniosi,1,MRK 8:20,,
dekenae,1,MRK 8:22,,
taunaimana,1,MRK 8:23,,
kanudidia,1,MRK 8:23,,
uraula,1,MRK 8:34,,
baunema,1,MRK 8:38,,
idaua,1,MRK 9:1,,
hururuhururu,1,MRK 9:3,,
dabuai,1,MRK 9:3,,
hurina,1,MRK 9:3,,
lalo-hadailaiava,1,MRK 9:10,,
dckena,1,MRK 9:15,,
hekwadiraimu,1,MRK 9:18,,
halledaimu,1,MRK 9:18,,
varodamu,1,MRK 9:18,,
hekwadirai,1,MRK 9:20,,
heḡuduḡudu,1,MRK 9:20,,
gwara-gwara,1,MRK 9:20,,
helapuroro,1,MRK 9:26,,
inihetomanana,1,MRK 9:29,,
baineguna,1,MRK 9:35,,
tadika-tadika,1,MRK 9:50,,
nukahana,1,MRK 10:1,,
henimm,1,MRK 10:5,,
havaraiamatama,1,MRK 10:6,,
baune,1,MRK 10:7,,
tau-anidiana,1,MRK 10:8,,
bainedihotania,1,MRK 10:12,,
enehetomadiana,1,MRK 10:14,,
maragigu,1,MRK 10:20,,
nataḡa,1,MRK 10:22,,
gavamu,1,MRK 10:28,,
matai,1,MRK 10:32,,
boiridiasiri,1,MRK 10:32,,
ilorena,1,MRK 10:33,,
bac,1,MRK 10:33,,
natulla,1,MRK 10:35,,
seudia,1,MRK 10:40,,
batimeo,1,MRK 10:46,,
timeo,1,MRK 10:46,,
asiogari,1,MRK 10:49,,
mataguboma,1,MRK 10:51,,
dekenaela,1,MRK 11:27,,
tar,1,MRK 12:14,,
ha-ogoḡamidia,1,MRK 12:40,,
udadobi,1,MRK 12:42,,
iratana,1,MRK 13:7,,
ununa,1,MRK 13:8,,
heninlui,1,MRK 13:13,,
bainehaheauka,1,MRK 13:13,,
intaia,1,MRK 13:14,,
basinemagini,1,MRK 13:14,,
anerubaine,1,MRK 13:27,,
heteva,1,MRK 13:27,,
mahutamui,1,MRK 13:36,,
asie-hatubuaflaoana,1,MRK 14:1,,
kohia,1,MRK 14:3,,
lesutaona,1,MRK 14:10,,
asie-hatubua,1,MRK 14:12,,
hanarnoa,1,MRK 14:22,,
mallutadia,1,MRK 14:37,,
taotore,1,MRK 14:44,,
dekedekemuiai,1,MRK 14:49,,
naia,1,MRK 14:53,,
hellia,1,MRK 15:10,,
ihamarumarudia,1,MRK 15:15,,
ihamaraḡina,1,MRK 15:23,,
daellai,1,MRK 15:26,,
idahulaina,1,MRK 16:1,,
kudouhetaha,1,MRK 16:10,,
hellidia,1,MRK 16:19,,
hamomokaniva,1,MRK 16:20,,
tome,1,LUK 1:20,,
hakerukerumu,1,LUK 1:35,,
dolidia,1,LUK 1:52,,
neganla,1,LUK 1:57,,
kunumaia,1,LUK 1:62,,
helaḡada,1,LUK 1:75,,
maoromaoroda,1,LUK 1:75,,
rotoa,1,LUK 1:78,,
kurenio,1,LUK 2:2,,
rurua,1,LUK 2:21,,
iheatolaidia,1,LUK 2:32,,
fanuel,1,LUK 2:36,,
bada-oho,1,LUK 2:52,,
tiberio,1,LUK 3:1,,
iturea,1,LUK 3:1,,
trakonito,1,LUK 3:1,,
lusania,1,LUK 3:1,,
abilene,1,LUK 3:1,,
rigika-rigikadia,1,LUK 3:5,,
lalo-namomui,1,LUK 3:14,,
heli,1,LUK 3:23,,
ianai,1,LUK 3:24,,
esli,1,LUK 3:25,,
nagai,1,LUK 3:25,,
maat,1,LUK 3:26,,
semein,1,LUK 3:26,,
iosek,1,LUK 3:26,,
ioda,1,LUK 3:26,,
ioanan,1,LUK 3:27,,
resa,1,LUK 3:27,,
neri,1,LUK 3:27,,
adi,1,LUK 3:28,,
kosam,1,LUK 3:28,,
elmadam,1,LUK 3:28,,
iorim,1,LUK 3:29,,
ionam,1,LUK 3:30,,
melea,1,LUK 3:31,,
mena,1,LUK 3:31,,
admin,1,LUK 3:33,,
areni,1,LUK 3:33,,
matakunumai,1,LUK 4:5,,
hegeḡe-madai,1,LUK 4:14,,
taudiu,1,LUK 4:39,,
cenesaret,1,LUK 5:1,,
kwadava,1,LUK 5:2,,
hekalo,1,LUK 5:7,,
auruaosi,1,LUK 5:11,,
roi,1,LUK 6:1,,
rakarakava,1,LUK 6:1,,
henuida,1,LUK 6:3,,
duatua,1,LUK 6:3,,
hamaoro-lia,1,LUK 6:5,,
iava,1,LUK 6:9,,
nenenene,1,LUK 6:10,,
idau-tohona,1,LUK 6:19,,
hitolomuimu,1,LUK 6:21,,
habaimui,1,LUK 6:26,,
uduguiraimuimu,1,LUK 6:28,,
nlatana,1,LUK 6:42,,
taudiana,1,LUK 7:8,,
haina,1,LUK 7:8,,
nain,1,LUK 7:11,,
taunal,1,LUK 7:12,,
lalo-iladai,1,LUK 7:30,,
ihaloudia,1,LUK 7:42,,
dae-kaugu,1,LUK 7:45,,
hegwautao,1,LUK 7:47,,
dikadlia,1,LUK 8:2,,
kusa,1,LUK 8:3,,
susana,1,LUK 8:3,,
habubunidiamu,1,LUK 8:14,,
guiava,1,LUK 8:29,,
biribiriva,1,LUK 8:42,,
biribirimu,1,LUK 8:45,,
ilulo-ohodia,1,LUK 9:1,,
mamahuta,1,LUK 9:32,,
hedavarai,1,LUK 9:37,,
hatororo-tororoamu,1,LUK 9:39,,
hehunii,1,LUK 9:45,,
eabia,1,LUK 9:48,,
kahamuimu,1,LUK 9:50,,
isivana,1,LUK 9:62,,
siaumuimu,1,LUK 10:3,,
moaleiaia,1,LUK 10:20,,
imaluu,1,LUK 10:35,,
eddia,1,LUK 11:17,,
karevana,1,LUK 11:21,,
havaralaimu,1,LUK 11:27,,
ubulaimu,1,LUK 11:27,,
ehereaiamu,1,LUK 11:31,,
henuhenunai,1,LUK 11:33,,
hadiarilaimumu,1,LUK 11:36,,
herekwamu,1,LUK 12:6,,
nahuamui-ba,1,LUK 12:15,,
gaabuna,1,LUK 12:17,,
ihenimui,1,LUK 12:32,,
moukamouka,1,LUK 12:33,,
eua,1,LUK 12:39,,
gwautataurahaniosi,1,LUK 13:4,,
hahemouri,1,LUK 13:9,,
nadinodina,1,LUK 13:17,,
halubu,1,LUK 13:21,,
gadigadimui,1,LUK 13:28,,
hamnauridia,1,LUK 13:32,,
vavemui,1,LUK 14:8,,
aehedairike,1,LUK 14:13,,
baeme,1,LUK 14:23,,
seriseri,1,LUK 14:35,,
baribara,1,LUK 15:5,,
laurahani-ta,1,LUK 15:7,,
moak,1,LUK 15:10,,
helaoleana,1,LUK 15:16,,
bainalo,1,LUK 15:18,,
laugu,1,LUK 15:19,,
hahegagiu,1,LUK 15:20,,
iraka-henina,1,LUK 15:25,,
piupiulaimu,1,LUK 16:1,,
dudua,1,LUK 16:20,,
demariva,1,LUK 16:21,,
aineme,1,LUK 16:24,,
haḡavea,1,LUK 16:24,,
hanamoaunu,1,LUK 17:9,,
hadohadova,1,LUK 17:28,,
matauraidiava,1,LUK 18:2,,
haturiagumu,1,LUK 18:5,,
hahekwarahigu,1,LUK 18:5,,
helu,1,LUK 18:7,,
abiabirai,1,LUK 18:9,,
ha-gwautamu,1,LUK 18:12,,
heniamuu,1,LUK 19:7,,
gwautora,1,LUK 19:21,,
avabihaia,1,LUK 19:24,,
ruhaiava,1,LUK 19:33,,
ivadivadi-henimu,1,LUK 19:44,,
hododa,1,LUK 20:6,,
iteḡudia,1,LUK 20:8,,
daiguna,1,LUK 20:17,,
abramham,1,LUK 20:37,,
banaini,1,LUK 20:38,,
kallana,1,LUK 20:42,,
taunimallima,1,LUK 20:45,,
nanlodia,1,LUK 21:5,,
ihamomokanilaimui,1,LUK 21:13,,
igwau-tubumui,1,LUK 21:15,,
ilao-ahumui,1,LUK 21:15,,
hahoamui,1,LUK 21:34,,
ilalolaigu,1,LUK 22:19,,
dibaḡaniguva,1,LUK 22:28,,
tarikatarikava,1,LUK 22:28,,
tapomui,1,LUK 22:31,,
siaimuiva,1,LUK 22:35,,
komutudia,1,LUK 22:44,,
iharahuna,1,LUK 22:47,,
dapa-dapa,1,LUK 22:49,,
negan,1,LUK 22:61,,
patamu,1,LUK 22:64,,
haheloḡo-heloḡoa,1,LUK 23:5,,
haheloḡoamu,1,LUK 23:14,,
lasina,1,LUK 23:26,,
kuremai,1,LUK 23:30,,
gorumai,1,LUK 23:30,,
kleopa,1,LUK 24:18,,
tauma,1,LUK 24:21,,
hahoamai,1,LUK 24:22,,
tau-anula,1,LUK 24:23,,
tonla,1,LUK 24:26,,
ibituna,1,LUK 24:35,,
rako,1,JHN 1:34,,
kahanai,1,JHN 1:39,,
keta,1,JHN 1:42,,
hanuua,1,JHN 1:44,,
piuava,1,JHN 1:45,,
autauratoi,1,JHN 2:6,,
gallon,1,JHN 2:6,,
mia-namona,1,JHN 2:10,,
sinala,1,JHN 2:12,,
aenon,1,JHN 3:23,,
salim,1,JHN 3:23,,
gvauraimu,1,JHN 3:34,,
sukara,1,JHN 4:5,,
heboera,1,JHN 4:6,,
tu-dobi,1,JHN 4:11,,
hercaiamu,1,JHN 4:12,,
tubumai,1,JHN 4:20,,
hahule,1,JHN 4:28,,
lutuna,1,JHN 4:36,,
ihamauruina,1,JHN 4:42,,
reava,1,JHN 4:47,,
betesata,1,JHN 5:2,,
hakerukeru,1,JHN 5:2,,
ae-hedairiki,1,JHN 5:3,,
ae-heveri,1,JHN 5:3,,
ilohina,1,JHN 5:3,,
haraivaiava,1,JHN 5:4,,
siko,1,JHN 5:5,,
iato-dobigu,1,JHN 5:7,,
isunu,1,JHN 5:21,,
igwauraigu,1,JHN 5:34,,
ihamaunmui,1,JHN 5:34,,
ihabadelainlui,1,JHN 5:45,,
bonla,1,JHN 5:46,,
ihamaurilaidia,1,JHN 6:2,,
sisisisidia,1,JHN 6:7,,
dahaima,1,JHN 6:10,,
rakalani,1,JHN 6:13,,
auhidaosi,1,JHN 6:24,,
haloredia,1,JHN 6:40,,
abilaia,1,JHN 6:51,,
hahekwakwanaimui,1,JHN 6:61,,
ḡwauta-raruosi,1,JHN 6:66,,
tal-avatu,1,JHN 7:19,,
dahaika,1,JHN 7:19,,
ialagu,1,JHN 7:19,,
peritomediamu,1,JHN 7:22,,
guidiamu,1,JHN 8:34,,
gwaulaimu,1,JHN 8:38,,
bologumu,1,JHN 8:49,,
inase,1,JHN 8:52,,
imo-daigumu,1,JHN 8:54,,
inoalena,1,JHN 8:56,,
laḡanimu,1,JHN 8:57,,
matanlu,1,JHN 9:17,,
luaosi,1,JHN 9:17,,
helevana,1,JHN 9:18,,
sunana,1,JHN 9:20,,
ba-kamonai,1,JHN 9:27,,
hadibamaimu,1,JHN 9:34,,
hadaradaramai,1,JHN 10:24,,
hahedinaraigumu,1,JHN 10:25,,
bavabiabirai,1,JHN 10:38,,
hevai,1,JHN 10:39,,
bonalla,1,JHN 11:2,,
luhiabada,1,JHN 11:2,,
boi-kauna,1,JHN 11:3,,
turada,1,JHN 11:11,,
hamarumaruava,1,JHN 11:31,,
itala,1,JHN 11:34,,
hirilai,1,JHN 11:44,,
mukon,1,JHN 11:44,,
hamaaorolaidia,1,JHN 11:46,,
dairilai,1,JHN 12:3,,
udava,1,JHN 12:6,,
henaova,1,JHN 12:6,,
piugu,1,JHN 12:32,,
heimodiai,1,JHN 12:43,,
hekunumai,1,JHN 13:24,,
halokau,1,JHN 13:33,,
ḡogoeva,1,JHN 15:3,,
badinagumu,1,JHN 15:5,,
buine,1,JHN 15:6,,
hamaorodamu,1,JHN 16:17,,
hedinaraidia,1,JHN 16:25,,
tamonamu,1,JHN 17:22,,
henilaigumu,1,JHN 17:26,,
ura-henina,1,JHN 17:26,,
malako,1,JHN 18:10,,
kerudia,1,JHN 18:18,,
nanadailaiava,1,JHN 18:19,,
gabudiai,1,JHN 18:20,,
patagu,1,JHN 18:23,,
kaiata,1,JHN 18:24,,
hegore,1,JHN 18:24,,
pilatv,1,JHN 18:27,,
ralonai,1,JHN 18:28,,
hasileia,1,JHN 18:36,,
hasatauromu,1,JHN 19:10,,
gabata,1,JHN 19:13,,
ex,1,JHN 19:20,,
momokalli,1,JHN 19:24,,
klopa,1,JHN 19:25,,
gelo,1,JHN 19:30,,
iabi-heḡaeḡaena,1,JHN 19:31,,
iabiheḡaeḡaena,1,JHN 19:42,,
obo,1,JHN 20:13,,
rabouni,1,JHN 20:16,,
kiparadia,1,JHN 20:25,,
enoeno,1,JHN 21:6,,
gidana,1,JHN 21:9,,
rioava,1,JHN 21:18,,
laohaunu,1,JHN 21:18,,
evanelia,1,JHN 21:23,,
lboudiai,1,JHN 21:25,,
hahedibadia,1,ACT 1:2,,
rohemui,1,ACT 1:8,,
igwaurai-hedinaraigu,1,ACT 1:8,,
balolomeo,1,ACT 1:13,,
idabaitaona,1,ACT 1:16,,
akeledama,1,ACT 1:19,,
huna,1,ACT 2:2,,
patia,1,ACT 2:9,,
kirikuilaidia,1,ACT 2:13,,
kekekero,1,ACT 2:15,,
kamomaiamu,1,ACT 2:33,,
bitu,1,ACT 2:42,,
hedairikena,1,ACT 3:2,,
hahelaiava,1,ACT 3:2,,
asi-egu,1,ACT 3:6,,
komukomuna,1,ACT 3:7,,
hoalaiamu,1,ACT 3:12,,
iabidadamahenina,1,ACT 3:16,,
hcabi,1,ACT 3:19,,
ihamataunatadia,1,ACT 3:21,,
enaperoveta,1,ACT 3:21,,
ihaloumui,1,ACT 3:26,,
nanadaimaimu,1,ACT 4:9,,
gini-boudia,1,ACT 4:14,,
ḡurḡuri,1,ACT 4:22,,
aposelolo,1,ACT 4:36,,
sapira,1,ACT 5:1,,
some,1,ACT 5:4,,
vailani,1,ACT 5:5,,
gaunabinai,1,ACT 5:8,,
ḡaunabenai,1,ACT 5:8,,
raluosi,1,ACT 5:9,,
hatanlonaia,1,ACT 5:9,,
ae-badinai,1,ACT 5:10,,
ekelesia,1,ACT 5:11,,
imodaidiava,1,ACT 5:13,,
kurediava,1,ACT 5:15,,
ikamonai-henidia,1,ACT 5:29,,
teuda,1,ACT 5:36,,
sinahu-tlani,1,ACT 5:36,,
lalau,1,ACT 5:38,,
hahutumava,1,ACT 6:1,,
prokoro,1,ACT 6:5,,
nikanoro,1,ACT 6:5,,
timona,1,ACT 6:5,,
pamena,1,ACT 6:5,,
nikolao,1,ACT 6:5,,
alesandrea,1,ACT 6:9,,
kamaonai,1,ACT 7:12,,
hadibmaia,1,ACT 7:22,,
heatuva,1,ACT 7:26,,
kahiva,1,ACT 7:31,,
heude-heudle,1,ACT 7:32,,
iraraitaona,1,ACT 7:32,,
hamaoloa,1,ACT 7:33,,
daki,1,ACT 7:33,,
molok,1,ACT 7:43,,
refan,1,ACT 7:43,,
haheḡiri,1,ACT 7:54,,
kodobe,1,ACT 7:57,,
davana-basio,1,ACT 7:60,,
hahoadiava,1,ACT 8:9,,
hahoalaidiava,1,ACT 8:11,,
auduna,1,ACT 8:23,,
ihakaugu,1,ACT 8:31,,
ibapatisogu,1,ACT 8:36,,
ibapatisomu,1,ACT 8:37,,
olio,1,ACT 8:39,,
asoto,1,ACT 8:40,,
harololaiava,1,ACT 8:40,,
ḡosi,1,ACT 9:1,,
regeregedia,1,ACT 9:7,,
papava,1,ACT 9:9,,
una-una,1,ACT 9:18,,
ihatona,1,ACT 9:21,,
halorolaia,1,ACT 9:27,,
hapapahuahuva,1,ACT 9:29,,
turiva,1,ACT 9:39,,
nanaduva,1,ACT 10:10,,
daradaralaiava,1,ACT 10:17,,
anelu,1,ACT 11:13,,
rwna,1,ACT 11:14,,
ihamaurilaimui,1,ACT 11:14,,
heleva,1,ACT 11:15,,
christian,1,ACT 11:26,,
siailaidia,1,ACT 11:30,,
ihuadiai,1,ACT 12:6,,
ilasi-henina,1,ACT 12:10,,
roda,1,ACT 12:13,,
reḡerḡedia,1,ACT 12:17,,
blasto,1,ACT 12:20,,
nigera,1,ACT 13:1,,
lukio,1,ACT 13:1,,
manaen,1,ACT 13:1,,
seleukia,1,ACT 13:4,,
salami,1,ACT 13:5,,
bariesu,1,ACT 13:6,,
seregio,1,ACT 13:7,,
ihagagevadia,1,ACT 13:10,,
hakepulua,1,ACT 13:11,,
benal,1,ACT 13:11,,
peregaai,1,ACT 13:13,,
hedinaraaimu,1,ACT 13:31,,
ihatore-isina,1,ACT 13:33,,
haduada,1,ACT 13:47,,
ihabadelaidia,1,ACT 13:51,,
rohediava,1,ACT 13:52,,
hahepararava,1,ACT 14:4,,
heida-idadiai,1,ACT 14:11,,
daraunui,1,ACT 14:15,,
diraya,1,ACT 14:27,,
nemailaidia,1,ACT 15:17,,
haraivamui,1,ACT 15:24,,
hadaradaramui,1,ACT 15:24,,
bene,1,ACT 15:26,,
hagoadalaidia,1,ACT 15:32,,
samotrake,1,ACT 16:11,,
neapoli,1,ACT 16:11,,
hapararia,1,ACT 16:14,,
iabilaidia,1,ACT 16:19,,
guriguriva,1,ACT 16:25,,
hehekeho,1,ACT 16:27,,
amfipoli,1,ACT 17:1,,
apolonia,1,ACT 17:1,,
vaḡ,1,ACT 17:5,,
taiḡa-namo,1,ACT 17:11,,
lalo-haragadia,1,ACT 17:11,,
herevaherevava,1,ACT 17:17,,
epikuro,1,ACT 17:18,,
stoa,1,ACT 17:18,,
hepapahuahuva,1,ACT 17:18,,
maurimul,1,ACT 17:28,,
kwara-herea,1,ACT 17:29,,
korova,1,ACT 17:29,,
ihatore-isi-louna,1,ACT 17:32,,
dionusio,1,ACT 17:34,,
damari,1,ACT 17:34,,
negaula,1,ACT 18:5,,
odaraia,1,ACT 18:6,,
titio,1,ACT 18:7,,
lusto,1,ACT 18:7,,
taravaiu,1,ACT 18:13,,
dalalla,1,ACT 18:13,,
hamarodia,1,ACT 18:14,,
henana-laidia,1,ACT 18:15,,
ioale,1,ACT 18:25,,
tauddia,1,ACT 18:28,,
hahedibalaiva,1,ACT 19:8,,
turano,1,ACT 19:9,,
skeva,1,ACT 19:14,,
neg,1,ACT 19:23,,
dubudubudia,1,ACT 19:24,,
hadikadamu,1,ACT 19:27,,
lololaiava,1,ACT 19:32,,
ahuahuva,1,ACT 19:32,,
igwau-tubudia,1,ACT 19:36,,
havarahavara,1,ACT 19:36,,
helogo-helogo,1,ACT 20:1,,
sopatera,1,ACT 20:4,,
puro,1,ACT 20:4,,
sekundo,1,ACT 20:4,,
narimai,1,ACT 20:5,,
eutuko,1,ACT 20:9,,
alagana,1,ACT 20:11,,
mitulene,1,ACT 20:14,,
kioso,1,ACT 20:15,,
samo,1,ACT 20:15,,
vainanegai,1,ACT 20:15,,
heaua,1,ACT 20:16,,
mauli,1,ACT 20:24,,
isisiba-henimui,1,ACT 20:31,,
haginunui,1,ACT 20:32,,
hagagiu,1,ACT 20:37,,
lalo-metaumai,1,ACT 21:1,,
patara,1,ACT 21:1,,
nohomai,1,ACT 21:10,,
kal-adia,1,ACT 21:19,,
varavalamai,1,ACT 21:20,,
hallego,1,ACT 21:24,,
davanalai,1,ACT 21:24,,
am-taunimanima,1,ACT 21:24,,
ihahoulaidia,1,ACT 21:25,,
basieheuda-hanai,1,ACT 21:25,,
idadabana,1,ACT 21:32,,
hadibaguva,1,ACT 22:3,,
hadibalaiguva,1,ACT 22:3,,
paia,1,ACT 22:11,,
ihuri-ohodia,1,ACT 22:16,,
ibadinamu,1,ACT 22:19,,
igwauraimu,1,ACT 22:20,,
bainda,1,ACT 22:21,,
bdina,1,ACT 22:21,,
asiame,1,ACT 23:9,,
bani-tao,1,ACT 23:16,,
antipatri,1,ACT 23:31,,
haturiamu,1,ACT 24:4,,
haheloḡo-heloḡodiamu,1,ACT 24:5,,
tolona,1,ACT 24:11,,
lla,1,ACT 24:11,,
hepapahuahumai,1,ACT 24:12,,
drusila,1,ACT 24:24,,
porokio,1,ACT 24:27,,
habadeamu,1,ACT 25:16,,
negima,1,ACT 25:16,,
ḡoeva-ḡoeva,1,ACT 25:26,,
lahamu,1,ACT 26:14,,
iabiabiraigu,1,ACT 26:18,,
hadiarilaidia,1,ACT 26:23,,
hakavaia,1,ACT 26:24,,
ihaḡoigu,1,ACT 26:29,,
lulio,1,ACT 27:1,,
adramutio,1,ACT 27:2,,
iulio,1,ACT 27:3,,
mura,1,ACT 27:5,,
lukia,1,ACT 27:5,,
haguimai,1,ACT 27:6,,
kenido,1,ACT 27:7,,
salmone,1,ACT 27:7,,
idukana,1,ACT 27:7,,
ao,1,ACT 27:8,,
lasea,1,ACT 27:8,,
itarina,1,ACT 27:11,,
aona,1,ACT 27:12,,
lasirai,1,ACT 27:12,,
miriguni,1,ACT 27:14,,
haḡoḡoa,1,ACT 27:15,,
kauda,1,ACT 27:16,,
pae-tao,1,ACT 27:17,,
boe,1,ACT 27:17,,
hagogoa,1,ACT 27:17,,
sinaiana,1,ACT 27:18,,
dokova,1,ACT 27:20,,
odamaiva,1,ACT 27:20,,
tani,1,ACT 27:20,,
paul,1,ACT 27:21,,
iha-oredia,1,ACT 27:21,,
balahelli,1,ACT 27:22,,
b-na,1,ACT 27:23,,
adria,1,ACT 27:27,,
gadobadana,1,ACT 27:27,,
pautania,1,ACT 27:30,,
inege-dobidia,1,ACT 27:30,,
vagamu,1,ACT 27:33,,
tabero,1,ACT 27:39,,
idama,1,ACT 27:40,,
larana,1,ACT 27:40,,
hoho-hohona,1,ACT 27:40,,
taria,1,ACT 27:40,,
toibolo,1,ACT 27:41,,
moemoe,1,ACT 27:41,,
kunukakunuka,1,ACT 27:41,,
melita,1,ACT 28:1,,
hanamolaimai,1,ACT 28:2,,
alamaiva,1,ACT 28:2,,
gaiho-namona,1,ACT 28:7,,
kukuva,1,ACT 28:8,,
lakwamai,1,ACT 28:10,,
surakuse,1,ACT 28:12,,
regio,1,ACT 28:13,,
puteoli,1,ACT 28:13,,
apio,1,ACT 28:15,,
foro,1,ACT 28:15,,
taverono,1,ACT 28:15,,
karohodia,1,ACT 28:25,,
haahemauri,1,ACT 28:28,,
helalolai-badava,1,ACT 28:29,,
anlo,1,ROM 1:7,,
laohenimu,1,ROM 1:9,,
tomanm,1,ROM 1:12,,
hemarailaiamu,1,ROM 1:16,,
hamaurilaidiamu,1,ROM 1:16,,
dadaraiava,1,ROM 1:25,,
ilalo-hadailaina,1,ROM 1:28,,
gagevagageva,1,ROM 1:29,,
hahedikalaimu,1,ROM 2:1,,
tal-avatuna,1,ROM 2:15,,
hahemloro,1,ROM 2:16,,
ihiihiraiamu,1,ROM 2:24,,
atova,1,ROM 3:2,,
karamaoromaorodia,1,ROM 4:13,,
tutuka-tutukava,1,ROM 4:20,,
heatolaiava,1,ROM 4:20,,
gwauraunu,1,ROM 5:18,,
masetania,1,ROM 6:2,,
gurida,1,ROM 6:4,,
negeva,1,ROM 6:20,,
hemarailaimu,1,ROM 6:21,,
dunadia,1,ROM 7:1,,
tamopna,1,ROM 7:17,,
kiarana,1,ROM 7:17,,
hairaida,1,ROM 8:17,,
isedai,1,ROM 8:18,,
beiada,1,ROM 8:31,,
abihidi,1,ROM 8:33,,
dikagu,1,ROM 9:3,,
hero-hemaino,1,ROM 9:4,,
heabi-hidi,1,ROM 9:11,,
laumai,1,ROM 9:24,,
hekwakwanlai,1,ROM 9:33,,
sibo-lia,1,ROM 10:3,,
helevalaia,1,ROM 10:5,,
karanm,1,ROM 10:5,,
gwautubu,1,ROM 10:21,,
hamahuta,1,ROM 11:8,,
halaoho,1,ROM 11:10,,
todena,1,ROM 11:17,,
hirigu,1,ROM 11:19,,
hehiri,1,ROM 11:23,,
lalo-arara,1,ROM 11:33,,
heḡereḡereda,1,ROM 12:4,,
lao-heni,1,ROM 12:7,,
hadarelemui,1,ROM 12:21,,
goḡoeva-gogoeva,1,ROM 14:20,,
daradarana,1,ROM 14:20,,
henilaimu,1,ROM 15:3,,
ihadibalaida,1,ROM 15:4,,
hahonulaimui,1,ROM 15:13,,
hesisiba,1,ROM 15:14,,
ihahelalolaimui,1,ROM 15:15,,
iluriko,1,ROM 15:19,,
inikaha,1,ROM 15:23,,
foibe,1,ROM 16:1,,
epaineto,1,ROM 16:5,,
androniko,1,ROM 16:7,,
iunia,1,ROM 16:7,,
amplia,1,ROM 16:8,,
urebano,1,ROM 16:9,,
staku,1,ROM 16:9,,
apele,1,ROM 16:10,,
tutukatutukamu,1,ROM 16:10,,
aristobulo,1,ROM 16:10,,
herodion,1,ROM 16:11,,
narakiso,1,ROM 16:11,,
trufena,1,ROM 16:12,,
trufosa,1,ROM 16:12,,
peresi,1,ROM 16:12,,
heckwarahilaia,1,ROM 16:12,,
asunukrito,1,ROM 16:14,,
flegon,1,ROM 16:14,,
patroba,1,ROM 16:14,,
herema,1,ROM 16:14,,
filologo,1,ROM 16:15,,
iulia,1,ROM 16:15,,
nerea,1,ROM 16:15,,
olumupa,1,ROM 16:15,,
nahuada,1,ROM 16:17,,
ohu,1,ROM 16:17,,
aunega,1,ROM 16:19,,
sosipatro,1,ROM 16:21,,
teretio,1,ROM 16:22,,
koato,1,ROM 16:23,,
hanamua,1,ROM 16:25,,
peroveeta,1,ROM 16:26,,
ibuudiai,1,ROM 16:26,,
hataḡalaimui,1,1CO 1:5,,
kloe,1,1CO 1:11,,
sivaraimui,1,1CO 1:11,,
heai-heaimu,1,1CO 1:11,,
ibapatisodia,1,1CO 1:17,,
hedavelaimu,1,1CO 1:20,,
ubulaimuiva,1,1CO 3:2,,
nan,1,1CO 3:12,,
kurukuru,1,1CO 3:12,,
biri,1,1CO 3:12,,
lalolmai,1,1CO 4:1,,
ha-idaumu,1,1CO 4:7,,
revamai,1,1CO 4:9,,
heatolaimuimu,1,1CO 4:10,,
hitolomaimu,1,1CO 4:11,,
tutumaimu,1,1CO 4:11,,
uduguiraimaimu,1,1CO 4:12,,
igomui,1,1CO 4:13,,
ihadibamui,1,1CO 4:15,,
alonai,1,1CO 4:17,,
kwadi-kwadi,1,1CO 4:21,,
manilu,1,1CO 4:21,,
iauanina,1,1CO 5:5,,
hahemaorolaimu,1,1CO 6:4,,
ganigani,1,1CO 6:10,,
hurimui,1,1CO 6:11,,
haganidiamu,1,1CO 7:10,,
bemaa,1,1CO 7:12,,
iruha-negemu,1,1CO 7:21,,
basinia,1,1CO 7:28,,
daradaramui,1,1CO 7:35,,
hegahusi,1,1CO 7:36,,
gadara-helulu,1,1CO 9:25,,
dibagania,1,1CO 10:9,,
isisibalai-henida,1,1CO 10:11,,
hedibaganidia,1,1CO 10:13,,
hedibaḡanina,1,1CO 10:13,,
hedihaḡani,1,1CO 10:13,,
haheaukalaqia,1,1CO 10:13,,
bakiamu,1,1CO 10:16,,
hagoadada,1,1CO 10:23,,
inana,1,1CO 10:28,,
lalo-hekwakwanai,1,1CO 10:28,,
hamoalelaidia,1,1CO 10:33,,
haḡoiamu,1,1CO 11:1,,
guriḡurimu,1,1CO 11:5,,
mukoa,1,1CO 11:7,,
ihi-ihiraina,1,1CO 11:22,,
ben-a,1,1CO 11:34,,
ha-inulaida,1,1CO 12:13,,
ae-palapala,1,1CO 12:15,,
bonabona,1,1CO 12:17,,
aepalapaladia,1,1CO 12:21,,
ihatoidia,1,1CO 12:28,,
touamu,1,1CO 13:1,,
tahun,1,1CO 13:5,,
badll,1,1CO 13:5,,
ihadikal,1,1CO 13:5,,
lina,1,1CO 13:5,,
dibagumu,1,1CO 13:12,,
ihapararadia,1,1CO 14:5,,
haheḡeregere,1,1CO 14:5,,
idau-ldau,1,1CO 14:10,,
ilareba-daena,1,1CO 14:12,,
garuḡaru,1,1CO 14:20,,
kavamui,1,1CO 14:23,,
ihahegeregerena,1,1CO 14:26,,
ihapararalaidia,1,1CO 14:26,,
itlaudia,1,1CO 14:39,,
vauraidia,1,1CO 14:39,,
idiba-koikoina,1,1CO 15:15,,
mata-hekunumai,1,1CO 15:52,,
hakwalimuda,1,1CO 15:57,,
hegereḡeregu,1,1CO 16:10,,
forotunato,1,1CO 16:17,,
bonaakaiko,1,1CO 16:17,,
haheaukamui,1,2CO 1:6,,
gugubamai,1,2CO 1:8,,
oreva,1,2CO 1:8,,
hamaurimaiva,1,2CO 1:10,,
heaḡilaimai,1,2CO 1:13,,
haginida,1,2CO 1:21,,
horoda,1,2CO 1:21,,
lalodai,1,2CO 1:22,,
hahisimuimu,1,2CO 2:2,,
ihamoalegu,1,2CO 2:3,,
ihahisimui,1,2CO 2:4,,
toamui,1,2CO 2:9,,
sivalai,1,2CO 2:12,,
hakaumaimu,1,2CO 2:14,,
hoihoilaiamu,1,2CO 2:17,,
momokanimai,1,2CO 2:17,,
ha-aonegamai,1,2CO 3:6,,
hadibildamu,1,2CO 3:6,,
iruhanegedia,1,2CO 3:9,,
hururuhururuva,1,2CO 3:10,,
vanaha,1,2CO 3:11,,
duhuva,1,2CO 3:14,,
haidaudamu,1,2CO 3:18,,
ihagoina,1,2CO 4:4,,
rakatanimaimu,1,2CO 4:9,,
haketomaimu,1,2CO 4:9,,
loalaiamu,1,2CO 4:10,,
hatoremai,1,2CO 4:14,,
raraidi,1,2CO 4:18,,
davarimai,1,2CO 5:3,,
haduamaimu,1,2CO 5:14,,
lalohisihisi,1,2CO 6:4,,
heatolaimai,1,2CO 6:8,,
dikamai,1,2CO 6:8,,
koikoimai,1,2CO 6:8,,
beliara,1,2CO 6:15,,
siahu-hereadaena,1,2CO 6:18,,
ha-ogoḡamia,1,2CO 7:2,,
hahisiva,1,2CO 7:8,,
helalokerehai,1,2CO 7:10,,
heaḡilaimuiva,1,2CO 7:14,,
iura-henimai,1,2CO 8:7,,
kahamui,1,2CO 8:14,,
iura-henimui,1,2CO 8:16,,
ihapiuna,1,2CO 8:18,,
ihaharagadia,1,2CO 8:19,,
ḡaukaralaiamu,1,2CO 8:20,,
lalo-haraḡa,1,2CO 9:1,,
hamomokanimuimu,1,2CO 9:13,,
gwauraimaimu,1,2CO 10:2,,
haketodiamu,1,2CO 10:5,,
ikamonaihenina,1,2CO 10:5,,
ikure-dobimui,1,2CO 10:8,,
ilarebamui,1,2CO 10:8,,
ihagarimui,1,2CO 10:9,,
hahetohomu,1,2CO 10:12,,
iabi-vareaimui,1,2CO 10:14,,
unukahamui,1,2CO 10:16,,
gvauraia,1,2CO 10:18,,
maohenimui,1,2CO 11:2,,
hoalaidia,1,2CO 11:14,,
ihaheaukahenidia,1,2CO 11:19,,
ḡuimuimu,1,2CO 11:20,,
hahekwarahimuimu,1,2CO 11:20,,
kahira-kahirava,1,2CO 11:23,,
hitologumu,1,2CO 11:27,,
areta,1,2CO 11:32,,
totuna,1,2CO 11:32,,
udagu,1,2CO 11:33,,
tugu,1,2CO 11:33,,
itutulaigu,1,2CO 12:7,,
umuiasio,1,2CO 12:13,,
hekoramu,1,2CO 12:19,,
ihagoadamui,1,2CO 12:19,,
maoromai,1,2CO 13:7,,
kereremai,1,2CO 13:7,,
igwau-tubuna,1,2CO 13:8,,
hahetonimuimu,1,2CO 13:11,,
haturiamuimu,1,GAL 1:7,,
aposetolo-gunadia,1,GAL 1:17,,
gwauraidiava,1,GAL 2:9,,
kakava,1,GAL 3:3,,
iboloda,1,GAL 3:13,,
idat,1,GAL 3:16,,
abidadamana,1,GAL 3:23,,
maraḡida,1,GAL 4:3,,
mamoka-manokadia,1,GAL 4:9,,
luo,1,GAL 4:9,,
hekwarahilaimui,1,GAL 4:11,,
nolmuimu,1,GAL 4:12,,
sinada,1,GAL 4:26,,
gabami,1,GAL 4:27,,
natunal,1,GAL 4:27,,
tau-aninlui,1,GAL 5:13,,
loho,1,GAL 5:15,,
haheore,1,GAL 5:15,,
laumal,1,GAL 5:17,,
bonalauma,1,GAL 5:17,,
gogosi,1,GAL 5:20,,
hehua,1,GAL 6:2,,
ahulaia,1,GAL 6:6,,
tanobadl,1,GAL 6:12,,
hamareregu,1,GAL 6:17,,
kipara,1,GAL 6:17,,
hanamolaida,1,EPH 1:3,,
bebeka-bebekada,1,EPH 1:4,,
hataḡalaida,1,EPH 1:6,,
rataia,1,EPH 1:9,,
tlenimui,1,EPH 1:13,,
ladaula,1,EPH 1:21,,
hebogahisi-bada,1,EPH 2:4,,
hahelaida,1,EPH 2:6,,
gwauraimuiva,1,EPH 2:11,,
maillo,1,EPH 2:15,,
hadaimui,1,EPH 2:20,,
kwadoḡi,1,EPH 3:3,,
esevada,1,EPH 3:8,,
boga-aukada,1,EPH 3:12,,
ihahairaimui,1,EPH 3:13,,
hetuituimu,1,EPH 3:14,,
nemaina,1,EPH 3:15,,
vadaba,1,EPH 3:19,,
rohediamu,1,EPH 4:6,,
basiehakauda,1,EPH 4:14,,
halomuimu,1,EPH 4:17,,
hapararalai,1,EPH 4:29,,
abumui,1,EPH 4:30,,
auli,1,EPH 5:5,,
igwaurai-hedinaraidia,1,EPH 5:12,,
makukuna,1,EPH 5:27,,
lalo-manaumui,1,EPH 6:7,,
ihagarilaidia,1,EPH 6:9,,
koekoemui,1,EPH 6:14,,
kememui,1,EPH 6:14,,
habodo,1,EPH 6:16,,
ḡoevamui,1,PHP 1:10,,
ihapere-rohorohona,1,PHP 1:12,,
itaguva,1,PHP 1:30,,
lalo-hakeru,1,PHP 2:1,,
hetura-heheni,1,PHP 2:1,,
hekaruhia,1,PHP 2:7,,
gwau-edeedena,1,PHP 2:15,,
peritomegu,1,PHP 3:5,,
hahedinaraiava,1,PHP 3:6,,
bebeka-bebekagu,1,PHP 3:6,,
helaorealaiamu,1,PHP 3:8,,
toreisi-louna,1,PHP 3:11,,
haḡoimaimu,1,PHP 3:17,,
konkori,1,PHP 3:20,,
euodia,1,PHP 4:2,,
sunutuke,1,PHP 4:2,,
noidiamu,1,PHP 4:2,,
klemento,1,PHP 4:3,,
haguhilaia,1,PHP 4:6,,
bogakunu,1,PHP 4:12,,
ikahalaigu,1,PHP 4:15,,
kolose,1,COL 1:2,,
haḡoevada,1,COL 1:12,,
hadarodia,1,COL 1:20,,
hadaromui,1,COL 1:22,,
daromui,1,COL 1:23,,
eregunadia,1,COL 1:26,,
launimanima,1,COL 1:28,,
haheholo,1,COL 2:7,,
unu-heto,1,COL 2:8,,
idokiohona,1,COL 2:11,,
hatamonaiamu,1,COL 2:19,,
lalo-heḡani,1,COL 3:5,,
skute,1,COL 3:11,,
ihatamonada,1,COL 3:14,,
gadonamomui,1,COL 4:6,,
damenaia,1,COL 4:6,,
hieropoli,1,COL 4:13,,
numufa,1,COL 4:15,,
akipo,1,COL 4:17,,
taloiosi,1,1TH 1:1,,
maimo,1,1TH 1:1,,
hisihisimui,1,1TH 1:6,,
hadibalaimuiva,1,1TH 2:2,,
lalo-aniva,1,1TH 2:5,,
ḡaima,1,1TH 2:5,,
manauva,1,1TH 2:7,,
helaḡamai,1,1TH 2:10,,
maoromaoromai,1,1TH 2:10,,
bebeka-bebekamai,1,1TH 2:10,,
halova,1,1TH 2:11,,
gwaumai,1,1TH 2:16,,
ahulaida,1,1TH 3:3,,
lalomaimu,1,1TH 3:6,,
daradoko,1,1TH 3:7,,
matauraimui,1,1TH 4:12,,
maurimmu,1,1TH 4:17,,
hebuatari,1,1TH 5:3,,
kemeda,1,1TH 5:8,,
kwarada,1,1TH 5:8,,
nogada,1,1TH 5:10,,
mahutada,1,1TH 5:10,,
reḡumuimu,1,1TH 5:12,,
imudadia,1,1TH 5:14,,
diravilla,1,1TH 5:23,,
idoimui,1,1TH 5:23,,
iabma,1,2TH 1:10,,
haeromui,1,2TH 1:11,,
helaro-namona,1,2TH 2:16,,
halḡanimui,1,2TH 3:4,,
havara-havarava,1,2TH 3:7,,
siahudainai,1,2TH 3:9,,
manaumanau,1,2TH 3:12,,
henaodiamu,1,1TI 1:10,,
herevadi,1,1TI 1:10,,
haerogu,1,1TI 1:12,,
igamena,1,1TI 2:1,,
mainoda,1,1TI 2:2,,
manaudia,1,1TI 2:9,,
pani,1,1TI 2:9,,
goldeiava,1,1TI 2:9,,
lalo-manauna,1,1TI 2:11,,
herwa,1,1TI 5:2,,
huriva,1,1TI 5:10,,
iboudial,1,1TI 5:10,,
manadalaimu,1,1TI 5:13,,
lalo-uamona,1,1TI 6:6,,
iraka-kahikahina,1,1TI 6:16,,
laro,1,1TI 6:17,,
ihamoaleda,1,1TI 6:17,,
ilalomu,1,2TI 1:3,,
eunike,1,2TI 1:5,,
halomumu,1,2TI 1:6,,
hahururu-hururua,1,2TI 1:6,,
irua-henina,1,2TI 1:13,,
fugelo,1,2TI 1:15,,
heremogene,1,2TI 1:15,,
onesiforo,1,2TI 1:16,,
haturialai,1,2TI 2:4,,
haheaukalaimu,1,2TI 2:10,,
ḡoreda,1,2TI 2:12,,
badinada,1,2TI 2:13,,
hepapahuahulaidia,1,2TI 2:14,,
igwaurai-ḡoevana,1,2TI 2:15,,
fileto,1,2TI 2:17,,
mata-lahuidia,1,2TI 2:23,,
ihedorilaidia,1,2TI 2:23,,
habade,1,2TI 3:3,,
iane,1,2TI 3:8,,
lambre,1,2TI 3:8,,
lustra,1,2TI 3:11,,
harologu,1,2TI 3:11,,
ha-aonegamu,1,2TI 3:15,,
heuda-roha,1,2TI 3:16,,
ihahelalo-kerehaidia,1,2TI 3:16,,
ihakaulaidia,1,2TI 3:16,,
hemaihemai,1,2TI 4:3,,
raka-oho,1,2TI 4:6,,
kreske,1,2TI 4:10,,
dalamatia,1,2TI 4:10,,
kapo,1,2TI 4:13,,
lubu,1,2TI 4:15,,
kota,1,2TI 4:16,,
priska,1,2TI 4:19,,
onesitoro,1,2TI 4:19,,
eubulo,1,2TI 4:21,,
pude,1,2TI 4:21,,
lino,1,2TI 4:21,,
klaudia,1,2TI 4:21,,
hegwahi,1,TIT 1:8,,
laoahumu,1,TIT 1:9,,
nanaudia,1,TIT 1:9,,
lalo-miro,1,TIT 1:15,,
lalomase,1,TIT 1:16,,
haḡoimu,1,TIT 2:7,,
dikada,1,TIT 2:8,,
hadibadamu,1,TIT 2:12,,
haḡaeḡae,1,TIT 3:1,,
aretema,1,TIT 3:12,,
nikapoli,1,TIT 3:12,,
sena,1,TIT 3:13,,
filemona,1,PHM 1:1,,
apia,1,PHM 1:2,,
arekipo,1,PHM 1:2,,
diari-diarina,1,HEB 1:3,,
ilaohenidia,1,HEB 1:14,,
huretani,1,HEB 2:1,,
unu-badana,1,HEB 2:3,,
hahereaia,1,HEB 2:10,,
abrahamgarana,1,HEB 2:16,,
lta,1,HEB 3:6,,
tohoguva,1,HEB 3:9,,
lajodia,1,HEB 3:10,,
cwau-edeede,1,HEB 3:18,,
laḡaani,1,HEB 4:5,,
gwau-deede,1,HEB 4:11,,
hegwadamu,1,HEB 4:12,,
iauma,1,HEB 4:12,,
sib-ona,1,HEB 5:3,,
noiava,1,HEB 5:7,,
hadibaiava,1,HEB 5:8,,
karukaru,1,HEB 5:13,,
ihelalolai-kerehaidia,1,HEB 6:1,,
habeauka,1,HEB 6:12,,
ialo-hadai,1,HEB 6:17,,
koida,1,HEB 6:18,,
enle,1,HEB 6:18,,
dogona,1,HEB 6:19,,
salema,1,HEB 7:2,,
karoadiamu,1,HEB 7:8,,
gabelaia,1,HEB 7:28,,
heḡereḡedia,1,HEB 8:5,,
iato-kauna,1,HEB 9:2,,
havavaia,1,HEB 9:4,,
kibona,1,HEB 9:4,,
hakerukeruava,1,HEB 9:5,,
seu,1,HEB 9:6,,
taunimamima,1,HEB 9:11,,
maruanedia,1,HEB 9:13,,
iharidia,1,HEB 9:17,,
ihamaoromaorona,1,HEB 9:28,,
hahelaḡada,1,HEB 10:10,,
lava-daena,1,HEB 10:22,,
butuda,1,HEB 10:31,,
haheaukava,1,HEB 10:32,,
raka-kerehai,1,HEB 10:39,,
daulai,1,HEB 11:2,,
iraka-heni-kahina,1,HEB 11:6,,
hedoa-hedoava,1,HEB 11:9,,
rariana,1,HEB 11:12,,
huniava,1,HEB 11:23,,
hadarerediava,1,HEB 11:33,,
kouva,1,HEB 11:33,,
habodoava,1,HEB 11:34,,
negeava,1,HEB 11:34,,
abiava,1,HEB 11:34,,
ḡonaḡonalaidiava,1,HEB 11:36,,
kwadidiava,1,HEB 11:36,,
riova,1,HEB 11:37,,
ogoḡamiva,1,HEB 11:37,,
hametaudamu,1,HEB 12:1,,
goada-laiamu,1,HEB 12:4,,
hakaniva,1,HEB 12:10,,
haturiamui,1,HEB 12:15,,
heudeheude,1,HEB 12:21,,
tonma,1,HEB 12:25,,
haheude-heude,1,HEB 12:27,,
basaeiana,1,HEB 12:28,,
hematauraida,1,HEB 12:28,,
garida,1,HEB 12:28,,
idla,1,HEB 13:3,,
herahe-dadi,1,HEB 13:4,,
karikarimui,1,HEB 13:5,,
hasina,1,HEB 13:6,,
ba-auka,1,HEB 13:9,,
ḡanaḡanana,1,HEB 13:17,,
hamaraiamu,1,JAS 1:11,,
idibaḡanina,1,JAS 1:13,,
lalonlui,1,JAS 1:21,,
bavaabia,1,JAS 1:21,,
hamiroda,1,JAS 1:27,,
vaḡivagidia,1,JAS 2:2,,
hereadae,1,JAS 2:2,,
dabuimui,1,JAS 2:6,,
nemailaimui,1,JAS 2:7,,
tadikaka-ta,1,JAS 2:15,,
deradia,1,JAS 2:19,,
talamu,1,JAS 2:19,,
haḡuḡuruava,1,JAS 2:22,,
idogotaodia,1,JAS 3:3,,
hatatadia,1,JAS 3:3,,
odamu,1,JAS 3:4,,
iaralaina,1,JAS 3:6,,
ihamanadadia,1,JAS 3:7,,
ihamanadana,1,JAS 3:8,,
heida-idaua,1,JAS 3:9,,
lalomanada,1,JAS 3:17,,
hekise-hekisemu,1,JAS 4:2,,
petapetalai,1,JAS 4:3,,
heautanimui,1,JAS 4:7,,
hahemaaro,1,JAS 4:11,,
heaḡi-laiamu,1,JAS 4:16,,
hogohogomu,1,JAS 5:3,,
lebulebumu,1,JAS 5:5,,
hemaumau,1,JAS 5:9,,
hegbogahisi,1,JAS 5:11,,
eoiaba,1,JAS 5:12,,
tanpobada,1,JAS 5:12,,
eioava,1,JAS 5:12,,
kererekererena,1,JAS 5:20,,
nevarimui,1,1PE 1:2,,
momodaidiai,1,1PE 1:6,,
iheatolaimui,1,1PE 1:7,,
ḡahusiva,1,1PE 1:14,,
hataoa,1,1PE 2:4,,
heramui,1,1PE 3:3,,
heradia,1,1PE 3:3,,
hera,1,1PE 3:5,,
garinlu,1,1PE 3:6,,
maumauraimui,1,1PE 3:16,,
iabio-hodia,1,1PE 3:18,,
hebodohilaida,1,1PE 3:18,,
ede-edeva,1,1PE 3:20,,
iha-aukadia,1,1PE 4:1,,
kekerova,1,1PE 4:3,,
tahunimu,1,1PE 4:8,,
ahulaimui,1,1PE 4:10,,
itoholaimui,1,1PE 4:12,,
nuanai,1,1PE 4:19,,
iha-uradia,1,1PE 5:2,,
haḡoimui,1,1PE 5:3,,
hmisidia,1,1PE 5:9,,
hakwalimumui,1,1PE 5:10,,
laloparara,1,2PE 1:2,,
bavaloa,1,2PE 1:6,,
irua-henidia,1,2PE 1:7,,
haomui,1,2PE 1:13,,
iraḡana,1,2PE 1:14,,
sivaraiva,1,2PE 1:16,,
hadibalai,1,2PE 2:1,,
ihiihiraidia,1,2PE 2:10,,
kororodia,1,2PE 2:17,,
ihaodia,1,2PE 3:1,,
rege-badana,1,2PE 3:10,,
hedaro-bouboumui,1,2PE 3:14,,
kereremui,1,2PE 3:14,,
varavara-dosida,1,2PE 3:15,,
mala-lahui,1,2PE 3:16,,
besedia-idoidiai,1,1JN 2:2,,
ddirava,1,1JN 2:17,,
ḡorediamu,1,1JN 2:22,,
hadinamu,1,1JN 3:24,,
iurahenina,1,1JN 5:3,,
hebogahisl,1,2JN 1:3,,
diotrefe,1,3JN 1:9,,
tabemu,1,3JN 1:10,,
heni-dia,1,JUD 1:3,,
hakunumu,1,JUD 1:12,,
ragadiamu,1,JUD 1:12,,
bebekabebekamui,1,JUD 1:24,,
eura,1,REV 1:5,,
habouda,1,REV 1:6,,
mataa,1,REV 1:7,,
kakamui,1,REV 1:9,,
patamo,1,REV 1:9,,
ekalesiadia,1,REV 1:11,,
bogaradidiai,1,REV 2:1,,
antipa,1,REV 2:13,,
bogara-gimui,1,REV 2:14,,
iesabel,1,REV 2:20,,
irakatanidia,1,REV 2:21,,
kohikohimu,1,REV 2:27,,
herevalaimumu,1,REV 3:1,,
lorimu,1,REV 3:16,,
hereval,1,REV 4:1,,
ruahuihani,1,REV 4:4,,
heḡeḡenai,1,REV 4:6,,
lohiabdda,1,REV 4:11,,
asiotai,1,REV 5:5,,
hilu,1,REV 5:6,,
hoilaidia,1,REV 5:9,,
hamolua,1,REV 6:5,,
korema-koremana,1,REV 6:5,,
kurona,1,REV 6:8,,
raramai,1,REV 6:10,,
tadihakadia,1,REV 6:11,,
hahehuhumu,1,REV 6:13,,
karuhimai,1,REV 6:16,,
hunimai,1,REV 6:16,,
kukuro-kukuro,1,REV 7:9,,
retadia,1,REV 7:9,,
hakurokuro,1,REV 7:14,,
ehenia,1,REV 8:3,,
tanohada,1,REV 9:3,,
doadoadia,1,REV 9:3,,
hanidiareḡedia,1,REV 9:9,,
mat,1,REV 9:10,,
duridia,1,REV 9:10,,
abadon,1,REV 9:11,,
apoluon,1,REV 9:11,,
hurulu-hururuna,1,REV 9:17,,
vadaa,1,REV 9:17,,
hamaseddiamu,1,REV 9:17,,
kwatadia,1,REV 9:17,,
idoinaie,1,REV 10:6,,
bukabukana,1,REV 10:8,,
ewto,1,REV 10:11,,
his,1,REV 11:10,,
hegidu,1,REV 11:10,,
taudioa,1,REV 11:10,,
gwautosi,1,REV 11:13,,
halohiaiamu,1,REV 11:17,,
mauna,1,REV 11:19,,
bine,1,REV 12:4,,
bainereḡudia,1,REV 12:5,,
kitoa,1,REV 12:5,,
rohotania,1,REV 12:14,,
bolla,1,REV 13:5,,
boll,1,REV 13:7,,
bon,1,REV 13:7,,
gaun,1,REV 13:8,,
ibouhoudiai,1,REV 13:8,,
man-oe,1,REV 13:11,,
erella,1,REV 13:11,,
gaulla,1,REV 13:14,,
iaulauna,1,REV 13:15,,
baḡudia,1,REV 14:1,,
ilapana,1,REV 14:18,,
mulimurinai,1,REV 14:20,,
edaḡe,1,REV 15:2,,
laulaunaa,1,REV 15:2,,
kori,1,REV 16:10,,
aramagedono,1,REV 16:16,,
keherenae,1,REV 16:19,,
nallasihidia,1,REV 16:20,,
dikooana,1,REV 16:21,,
kiho,1,REV 17:1,,
auhituosl,1,REV 17:1,,
momlo,1,REV 17:1,,
negama,1,REV 17:10,,
ihataura-hanina,1,REV 17:11,,
itil,1,REV 17:15,,
silk,1,REV 18:12,,
aauri,1,REV 18:12,,
tauunimanima,1,REV 18:13,,
ḡaudioa,1,REV 18:14,,
heautanimu,1,REV 18:14,,
lulololo,1,REV 18:15,,
hadokilaiva,1,REV 18:16,,
heralaiva,1,REV 18:16,,
nadi-huro,1,REV 18:21,,
namodioa,1,REV 18:22,,
ibidina,1,REV 18:22,,
oli,1,REV 18:22,,
hahemaaoro,1,REV 19:2,,
hallaihanaimu,1,REV 19:3,,
maurio,1,REV 19:4,,
idapalaidia,1,REV 19:15,,
hidiodi,1,REV 19:21,,
hamodia,1,REV 21:3,,
bodaḡa,1,REV 21:8,,
karaiaa,1,REV 21:15,,
bonaa,1,REV 21:15,,
maaḡu,1,REV 21:15,,
ihaimana,1,REV 21:20,,
ihataaurahani-tana,1,REV 21:20,,
ihagwaautana,1,REV 21:20,,
krusoiparaso,1,REV 21:20,,
ihagwaautatana,1,REV 21:20,,
krusoparaso,1,REV 21:20,,
hanihanai,1,REV 22:5,,
z,1,REV 22:13,,
diarigu,1,REV 22:16,,
